# Textured mesh — generated by texture_pipeline
mtllib AAbattery.mtl
usemtl AAbattery

v -0.83617725 0.42135355 0.03150098
v -0.83605342 0.42126855 0.03198057
v -0.83599237 0.42173510 0.03200253
v -0.83612476 0.42173991 0.03152726
v -0.83623428 0.42175977 0.03122887
v -0.83628229 0.42139784 0.03120913
v -0.83624376 0.42095758 0.03142015
v -0.83633992 0.42105038 0.03114133
v -0.83640709 0.42071774 0.03102565
v -0.83631984 0.42057637 0.03129136
v -0.83621829 0.42037000 0.03173823
v -0.83584082 0.42044863 0.03303332
v -0.83574507 0.42030160 0.03351313
v -0.83572743 0.42041454 0.03353059
v -0.83562476 0.42095728 0.03369001
v -0.83572113 0.42026481 0.03363313
v -0.83558202 0.42092273 0.03388844
v -0.83569241 0.42022077 0.03377703
v -0.83559708 0.42092239 0.03400010
v -0.83569740 0.42020097 0.03385354
v -0.83572650 0.42019096 0.03391067
v -0.83560702 0.42092572 0.03404394
v -0.83550120 0.42166217 0.03403091
v -0.83550650 0.42167406 0.03409003
v -0.83542946 0.42241177 0.03404218
v -0.83541953 0.42240831 0.03399839
v -0.83540429 0.42239303 0.03389542
v -0.83548612 0.42166270 0.03391925
v -0.83545118 0.42237159 0.03370782
v -0.83552857 0.42166552 0.03373817
v -0.83538318 0.42307654 0.03363825
v -0.83534589 0.42311263 0.03377781
v -0.83532018 0.42380451 0.03353589
v -0.83537119 0.42372721 0.03335915
v -0.83531754 0.42445429 0.03321768
v -0.83536840 0.42436104 0.03304966
v -0.83541587 0.42304890 0.03351389
v -0.83540762 0.42316078 0.03349208
v -0.83553720 0.42293936 0.03305583
v -0.83542395 0.42292119 0.03354444
v -0.83604856 0.42255656 0.03143585
v -0.83590788 0.42266375 0.03188939
v -0.83588892 0.42310149 0.03174769
v -0.83603369 0.42293854 0.03130510
v -0.83615132 0.42283072 0.03103711
v -0.83616647 0.42248062 0.03115047
v -0.83619568 0.42212079 0.03120927
v -0.83608202 0.42215679 0.03149684
v -0.83594071 0.42220059 0.03198522
v -0.83633010 0.42177819 0.03107676
v -0.83629596 0.42211477 0.03105064
v -0.83637279 0.42211945 0.03098587
v -0.83640695 0.42178282 0.03101198
v -0.83645069 0.42146090 0.03099000
v -0.83637831 0.42143183 0.03104830
v -0.83650383 0.42113786 0.03092887
v -0.83643143 0.42110891 0.03098712
v -0.83649414 0.42080050 0.03087804
v -0.83656653 0.42082945 0.03081976
v -0.83656627 0.42049107 0.03072955
v -0.83663420 0.42054438 0.03067786
v -0.83671146 0.42027383 0.03048797
v -0.83664351 0.42022056 0.03053978
v -0.83656551 0.42010516 0.03066562
v -0.83648382 0.42039985 0.03086201
v -0.83649644 0.41989821 0.03088762
v -0.83640106 0.42023413 0.03112107
v -0.83631765 0.41996227 0.03152436
v -0.83642197 0.41957773 0.03127774
v -0.83586538 0.41964592 0.03333625
v -0.83601428 0.41901841 0.03302415
v -0.83598965 0.41891847 0.03317902
v -0.83583156 0.41956274 0.03352163
v -0.83601366 0.41886934 0.03327754
v -0.83585553 0.41951371 0.03362022
v -0.83586991 0.41949292 0.03365751
v -0.83602788 0.41883267 0.03332356
v -0.83588462 0.41950369 0.03367735
v -0.83604259 0.41884345 0.03334340
v -0.83588924 0.41949526 0.03366209
v -0.83590397 0.41950598 0.03368192
v -0.83588155 0.41961154 0.03372333
v -0.83580855 0.41988484 0.03380613
v -0.83574584 0.42019325 0.03391524
v -0.83575476 0.42014463 0.03390212
v -0.83601986 0.41950407 0.03371801
v -0.83587644 0.42020211 0.03397122
v -0.83611178 0.41950830 0.03376487
v -0.83597316 0.42021366 0.03399407
v -0.83584887 0.42094115 0.03415137
v -0.83575694 0.42093686 0.03410455
v -0.83573693 0.42024173 0.03392839
v -0.83566318 0.42080160 0.03404438
v -0.83569268 0.42051627 0.03397649
v -0.83562636 0.42092801 0.03404851
v -0.83562618 0.42091218 0.03405731
v -0.83552568 0.42166060 0.03410329
v -0.83544400 0.42240673 0.03407077
v -0.83544416 0.42242254 0.03406208
v -0.83546350 0.42242488 0.03406667
v -0.83545527 0.42253672 0.03404482
v -0.83541529 0.42281400 0.03398586
v -0.83539466 0.42309364 0.03393139
v -0.83557479 0.42243135 0.03411800
v -0.83551653 0.42316688 0.03399173
v -0.83539057 0.42314947 0.03392046
v -0.83537122 0.42314718 0.03391589
v -0.83534103 0.42386343 0.03368057
v -0.83536037 0.42386578 0.03368512
v -0.83533859 0.42452891 0.03335359
v -0.83535333 0.42453965 0.03337333
v -0.83537414 0.42517865 0.03296128
v -0.83535480 0.42517637 0.03295671
v -0.83532851 0.42450965 0.03331842
v -0.83534934 0.42514860 0.03290630
v -0.83533358 0.42508592 0.03282957
v -0.83538427 0.42497685 0.03267030
v -0.83540924 0.42555981 0.03226907
v -0.83537258 0.42565926 0.03237385
v -0.83544357 0.42614181 0.03182872
v -0.83548899 0.42597805 0.03171953
v -0.83553738 0.42655027 0.03122459
v -0.83557815 0.42639506 0.03113069
v -0.83562101 0.42554266 0.03138136
v -0.83544125 0.42546896 0.03217965
v -0.83545148 0.42554697 0.03209683
v -0.83556025 0.42513807 0.03184367
v -0.83543084 0.42537524 0.03227122
v -0.83588398 0.42352973 0.03155153
v -0.83589754 0.42392400 0.03129429
v -0.83604116 0.42365030 0.03091265
v -0.83602811 0.42330341 0.03114377
v -0.83614998 0.42315570 0.03087804
v -0.83615793 0.42346351 0.03068835
v -0.83625423 0.42307798 0.03073902
v -0.83626200 0.42336998 0.03055806
v -0.83634313 0.42333460 0.03049546
v -0.83633072 0.42305103 0.03069173
v -0.83633700 0.42274931 0.03081811
v -0.83625569 0.42276893 0.03088947
v -0.83634787 0.42243921 0.03092930
v -0.83627120 0.42245034 0.03098533
v -0.83645383 0.42243385 0.03092153
v -0.83643833 0.42275243 0.03082567
v -0.83657834 0.42276026 0.03084233
v -0.83659399 0.42245740 0.03092958
v -0.83661429 0.42214620 0.03100143
v -0.83647873 0.42211420 0.03097818
v -0.83664861 0.42182538 0.03101879
v -0.83651306 0.42179332 0.03099553
v -0.83655679 0.42147133 0.03097366
v -0.83669236 0.42150334 0.03099686
v -0.83660532 0.42115686 0.03092769
v -0.83674547 0.42118041 0.03093574
v -0.83680822 0.42087203 0.03082652
v -0.83666818 0.42086425 0.03080992
v -0.83687586 0.42058682 0.03068471
v -0.83673587 0.42057901 0.03066799
v -0.83680851 0.42031701 0.03049338
v -0.83694850 0.42032483 0.03051010
v -0.83688605 0.42007819 0.03028620
v -0.83702622 0.42010176 0.03029419
v -0.83710414 0.41989447 0.03006944
v -0.83696859 0.41986240 0.03004617
v -0.83687173 0.41983504 0.03003201
v -0.83678902 0.42003495 0.03028077
v -0.83680824 0.41975760 0.03007721
v -0.83672572 0.41997321 0.03031720
v -0.83665218 0.41983343 0.03043650
v -0.83674396 0.41960078 0.03016595
v -0.83659217 0.41959379 0.03063672
v -0.83669321 0.41934422 0.03033558
v -0.83665089 0.41894877 0.03062753
v -0.83653618 0.41923946 0.03096577
v -0.83654000 0.41794235 0.03134434
v -0.83637458 0.41789079 0.03207067
v -0.83634718 0.41797314 0.03214488
v -0.83651638 0.41748588 0.03167572
v -0.83617305 0.41843735 0.03264665
v -0.83631516 0.41806418 0.03223429
v -0.83633678 0.41787943 0.03223641
v -0.83615289 0.41831304 0.03279498
v -0.83632621 0.41776976 0.03233677
v -0.83618151 0.41825547 0.03287823
v -0.83634009 0.41770160 0.03240018
v -0.83637382 0.41768303 0.03244205
v -0.83619589 0.41823474 0.03291550
v -0.83639315 0.41768538 0.03244660
v -0.83621046 0.41822966 0.03294402
v -0.83637947 0.41772656 0.03248365
v -0.83631097 0.41793261 0.03266917
v -0.83621507 0.41822122 0.03292875
v -0.83626180 0.41814108 0.03285921
v -0.83623441 0.41822357 0.03293333
v -0.83630172 0.41794960 0.03269971
v -0.83634568 0.41823008 0.03298474
v -0.83652360 0.41767837 0.03251130
v -0.83644222 0.41822582 0.03301630
v -0.83662032 0.41768992 0.03253415
v -0.83671686 0.41768573 0.03256566
v -0.83653413 0.41823005 0.03306314
v -0.83626972 0.41884816 0.03343097
v -0.83636626 0.41884390 0.03346253
v -0.83620832 0.41950403 0.03379646
v -0.83606505 0.42021801 0.03404096
v -0.83613764 0.42021990 0.03408318
v -0.83628091 0.41950593 0.03383869
v -0.83631478 0.41950329 0.03387184
v -0.83617153 0.42021715 0.03411631
v -0.83604741 0.42096045 0.03426492
v -0.83601354 0.42096309 0.03423175
v -0.83594096 0.42096121 0.03418943
v -0.83584044 0.42170955 0.03423552
v -0.83591304 0.42171144 0.03427778
v -0.83583153 0.42247339 0.03423651
v -0.83575876 0.42245574 0.03420301
v -0.83574839 0.42168939 0.03419735
v -0.83566688 0.42245141 0.03415610
v -0.83565646 0.42168522 0.03415053
v -0.83557353 0.42128273 0.03409228
v -0.83548244 0.42203003 0.03409905
v -0.83554502 0.42166288 0.03410787
v -0.83556916 0.42167262 0.03408841
v -0.83564551 0.42091452 0.03406189
v -0.83568362 0.42054909 0.03399823
v -0.83541496 0.42278237 0.03400329
v -0.83570533 0.42319849 0.03405267
v -0.83561325 0.42317844 0.03401455
v -0.83558308 0.42389464 0.03377916
v -0.83548638 0.42388303 0.03375633
v -0.83538643 0.42320547 0.03390957
v -0.83538320 0.42374882 0.03373539
v -0.83537504 0.42346811 0.03382461
v -0.83540385 0.42387781 0.03367024
v -0.83537972 0.42386807 0.03368969
v -0.83537906 0.42380481 0.03372455
v -0.83537538 0.42349968 0.03380717
v -0.83548409 0.42456432 0.03342061
v -0.83535446 0.42419902 0.03354123
v -0.83536142 0.42486333 0.03317496
v -0.83550031 0.42521170 0.03302381
v -0.83539399 0.42522845 0.03293966
v -0.83539926 0.42528327 0.03288954
v -0.83541280 0.42572042 0.03252301
v -0.83554407 0.42579255 0.03254407
v -0.83541791 0.42575942 0.03248163
v -0.83539647 0.42550849 0.03269961
v -0.83541763 0.42519067 0.03294640
v -0.83539348 0.42518100 0.03296586
v -0.83539596 0.42546104 0.03272578
v -0.83537267 0.42454199 0.03337792
v -0.83539679 0.42455173 0.03335846
v -0.83542303 0.42579845 0.03244013
v -0.83561540 0.42630673 0.03198151
v -0.83549376 0.42620632 0.03202162
v -0.83544847 0.42597758 0.03224167
v -0.83548448 0.42626618 0.03194294
v -0.83546975 0.42625546 0.03192311
v -0.83555908 0.42668828 0.03132558
v -0.83557842 0.42669056 0.03133015
v -0.83569052 0.42704954 0.03067365
v -0.83567118 0.42704725 0.03066911
v -0.83555344 0.42664476 0.03128392
v -0.83566078 0.42699616 0.03065145
v -0.83564470 0.42690179 0.03059212
v -0.83568514 0.42671489 0.03051569
v -0.83579213 0.42703479 0.02990065
v -0.83576537 0.42718051 0.02994002
v -0.83591298 0.42732919 0.02923984
v -0.83594384 0.42712758 0.02921144
v -0.83607841 0.42738075 0.02851352
v -0.83610001 0.42719612 0.02851566
v -0.83581442 0.42691330 0.02986790
v -0.83583834 0.42695008 0.02974797
v -0.83579525 0.42688395 0.02996390
v -0.83606332 0.42396432 0.03065972
v -0.83592493 0.42429303 0.03099120
v -0.83596607 0.42462064 0.03065103
v -0.83610375 0.42422878 0.03035449
v -0.83621524 0.42398724 0.03018026
v -0.83617975 0.42374590 0.03045285
v -0.83631437 0.42387052 0.03008267
v -0.83628365 0.42363655 0.03033131
v -0.83635999 0.42359386 0.03029266
v -0.83639053 0.42381200 0.03005277
v -0.83646578 0.42357268 0.03029364
v -0.83649633 0.42379075 0.03005379
v -0.83663170 0.42380700 0.03008577
v -0.83660579 0.42358043 0.03031035
v -0.83658431 0.42332961 0.03052840
v -0.83644431 0.42332186 0.03051169
v -0.83657671 0.42305330 0.03070065
v -0.83643668 0.42304567 0.03068396
v -0.83673606 0.42306340 0.03072194
v -0.83674368 0.42333959 0.03054967
v -0.83691774 0.42336047 0.03059081
v -0.83691013 0.42308428 0.03076307
v -0.83691193 0.42280686 0.03089604
v -0.83673769 0.42277023 0.03086363
v -0.83692743 0.42248826 0.03099196
v -0.83674872 0.42247593 0.03096613
v -0.83677363 0.42215630 0.03102272
v -0.83694771 0.42217718 0.03106383
v -0.83680796 0.42183548 0.03104009
v -0.83698203 0.42185630 0.03108121
v -0.83702578 0.42153432 0.03105928
v -0.83685170 0.42151344 0.03101815
v -0.83707908 0.42122709 0.03098940
v -0.83690501 0.42120621 0.03094827
v -0.83696310 0.42090637 0.03085438
v -0.83713718 0.42092719 0.03089551
v -0.83703077 0.42062117 0.03071252
v -0.83720485 0.42064199 0.03075365
v -0.83727746 0.42037998 0.03057909
v -0.83710338 0.42035916 0.03053800
v -0.83735522 0.42015695 0.03036304
v -0.83718095 0.42012029 0.03033074
v -0.83725903 0.41992881 0.03009731
v -0.83743776 0.41994122 0.03012302
v -0.83734207 0.41976060 0.02983107
v -0.83751614 0.41978148 0.02987220
v -0.83759951 0.41964489 0.02958859
v -0.83742542 0.41962407 0.02954747
v -0.83727053 0.41958972 0.02951966
v -0.83718716 0.41972624 0.02980332
v -0.83713498 0.41955766 0.02949639
v -0.83705162 0.41969425 0.02978000
v -0.83695459 0.41965101 0.02977458
v -0.83704275 0.41952175 0.02946695
v -0.83689590 0.41958083 0.02979574
v -0.83698390 0.41943569 0.02949685
v -0.83692881 0.41926216 0.02955516
v -0.83683621 0.41941575 0.02986926
v -0.83690119 0.41896320 0.02964838
v -0.83679455 0.41912632 0.03001708
v -0.83677073 0.41869696 0.03024796
v -0.83689122 0.41850848 0.02983347
v -0.83669629 0.41712407 0.03109762
v -0.83669447 0.41695004 0.03119351
v -0.83650992 0.41732039 0.03178695
v -0.83673215 0.41685978 0.03125498
v -0.83654316 0.41725439 0.03185494
v -0.83656200 0.41720922 0.03188568
v -0.83675114 0.41683048 0.03127705
v -0.83658134 0.41721157 0.03189024
v -0.83677033 0.41681696 0.03129031
v -0.83662480 0.41722358 0.03187544
v -0.83660068 0.41721386 0.03189481
v -0.83681381 0.41682898 0.03127543
v -0.83678967 0.41681931 0.03129486
v -0.83648496 0.41745262 0.03217598
v -0.83656849 0.41728908 0.03199295
v -0.83658220 0.41724772 0.03195587
v -0.83671179 0.41720456 0.03195493
v -0.83647570 0.41746959 0.03220658
v -0.83640686 0.41764415 0.03240949
v -0.83680848 0.41721617 0.03197779
v -0.83700210 0.41681313 0.03136257
v -0.83690554 0.41681739 0.03133104
v -0.83710000 0.41649344 0.03067216
v -0.83719671 0.41650499 0.03069501
v -0.83729325 0.41650080 0.03072652
v -0.83709863 0.41680893 0.03139415
v -0.83690502 0.41721191 0.03200935
v -0.83698206 0.41718954 0.03204509
v -0.83717567 0.41678656 0.03142988
v -0.83721418 0.41677539 0.03144769
v -0.83702040 0.41716261 0.03207165
v -0.83679389 0.41766336 0.03260140
v -0.83682778 0.41766061 0.03263453
v -0.83664505 0.41820492 0.03313206
v -0.83661132 0.41822348 0.03309025
v -0.83647259 0.41882724 0.03354657
v -0.83643887 0.41884580 0.03350476
v -0.83648699 0.41880639 0.03358385
v -0.83665944 0.41818414 0.03316932
v -0.83667365 0.41814747 0.03321534
v -0.83649656 0.41877820 0.03364519
v -0.83633415 0.41946270 0.03398566
v -0.83632456 0.41949088 0.03392437
v -0.83619105 0.42019236 0.03422151
v -0.83618130 0.42020479 0.03416886
v -0.83605719 0.42094798 0.03431745
v -0.83606232 0.42094412 0.03438526
v -0.83595225 0.42172058 0.03437000
v -0.83595738 0.42171672 0.03443781
v -0.83587604 0.42249448 0.03438786
v -0.83587072 0.42248258 0.03432880
v -0.83586079 0.42247919 0.03428495
v -0.83594231 0.42171725 0.03432616
v -0.83577345 0.42322474 0.03410149
v -0.83580733 0.42322199 0.03413465
v -0.83577271 0.42396249 0.03390584
v -0.83574328 0.42394087 0.03386615
v -0.83567515 0.42391475 0.03381729
v -0.83557618 0.42458444 0.03345871
v -0.83566826 0.42460448 0.03349683
v -0.83568909 0.42524336 0.03308475
v -0.83559701 0.42522332 0.03304664
v -0.83573303 0.42584003 0.03259631
v -0.83564079 0.42580410 0.03256692
v -0.83570749 0.42632677 0.03201963
v -0.83579957 0.42634683 0.03205772
v -0.83580145 0.42675117 0.03140678
v -0.83589369 0.42678703 0.03143618
v -0.83600581 0.42714583 0.03077968
v -0.83591355 0.42711001 0.03075035
v -0.83582148 0.42708985 0.03071221
v -0.83570937 0.42673107 0.03136865
v -0.83552903 0.42647483 0.03164857
v -0.83563209 0.42686630 0.03101388
v -0.83559776 0.42669292 0.03133470
v -0.83570987 0.42705183 0.03067822
v -0.83562190 0.42670265 0.03131528
v -0.83573402 0.42706144 0.03065878
v -0.83572441 0.42708966 0.03059756
v -0.83575805 0.42719984 0.03031166
v -0.83582047 0.42731115 0.02999099
v -0.83581089 0.42729651 0.03003896
v -0.83582064 0.42732697 0.02998224
v -0.83597301 0.42748315 0.02925814
v -0.83583003 0.42732591 0.02994303
v -0.83588733 0.42739819 0.02966386
v -0.83596397 0.42747289 0.02938922
v -0.83598774 0.42749387 0.02927797
v -0.83613396 0.42755908 0.02853835
v -0.83596839 0.42749158 0.02927340
v -0.83589674 0.42739714 0.02962459
v -0.83595351 0.42746499 0.02926227
v -0.83580113 0.42730880 0.02998644
v -0.83593846 0.42742251 0.02925991
v -0.83577152 0.42727148 0.02995548
v -0.83610406 0.42748990 0.02852478
v -0.83611909 0.42753235 0.02852726
v -0.83629324 0.42751966 0.02779654
v -0.83627820 0.42747725 0.02779413
v -0.83624793 0.42737655 0.02779807
v -0.83626460 0.42716867 0.02783289
v -0.83643380 0.42713278 0.02713486
v -0.83642588 0.42727623 0.02709567
v -0.83661192 0.42704821 0.02642377
v -0.83661457 0.42684987 0.02651313
v -0.83679697 0.42672530 0.02580422
v -0.83679531 0.42656715 0.02589137
v -0.83644187 0.42700508 0.02716541
v -0.83646979 0.42697006 0.02706500
v -0.83640920 0.42703273 0.02728971
v -0.83628406 0.42480134 0.02930102
v -0.83617544 0.42526881 0.02943619
v -0.83627069 0.42536840 0.02898255
v -0.83636511 0.42489471 0.02891062
v -0.83644769 0.42459317 0.02888916
v -0.83637605 0.42449874 0.02924030
v -0.83631348 0.42437151 0.02956963
v -0.83621193 0.42465934 0.02967831
v -0.83609371 0.42511229 0.02986153
v -0.83625981 0.42419577 0.02988588
v -0.83635416 0.42407167 0.02981223
v -0.83640749 0.42421577 0.02951348
v -0.83647889 0.42414982 0.02950751
v -0.83643017 0.42399728 0.02979106
v -0.83658465 0.42412875 0.02950856
v -0.83653594 0.42397621 0.02979211
v -0.83667132 0.42399246 0.02982409
v -0.83672005 0.42414494 0.02954053
v -0.83683070 0.42400245 0.02984531
v -0.83687923 0.42413923 0.02957051
v -0.83705330 0.42416010 0.02961165
v -0.83700460 0.42400744 0.02989518
v -0.83696498 0.42382211 0.03015687
v -0.83679105 0.42381710 0.03010706
v -0.83693921 0.42361135 0.03037276
v -0.83676051 0.42359896 0.03034690
v -0.83707441 0.42361177 0.03041351
v -0.83710497 0.42382992 0.03017359
v -0.83722565 0.42383526 0.03018577
v -0.83719509 0.42361724 0.03042563
v -0.83717378 0.42338217 0.03063499
v -0.83705775 0.42336821 0.03060755
v -0.83716618 0.42310592 0.03080724
v -0.83705012 0.42309202 0.03077981
v -0.83705193 0.42281467 0.03091279
v -0.83716797 0.42282857 0.03094022
v -0.83706282 0.42250445 0.03102396
v -0.83718348 0.42250997 0.03103614
v -0.83720856 0.42220609 0.03108397
v -0.83708772 0.42218481 0.03108055
v -0.83723826 0.42189370 0.03111665
v -0.83712205 0.42186399 0.03109791
v -0.83716595 0.42155789 0.03106725
v -0.83728199 0.42157184 0.03109469
v -0.83721447 0.42124328 0.03102137
v -0.83733529 0.42126455 0.03102486
v -0.83739339 0.42096472 0.03093091
v -0.83727733 0.42095082 0.03090351
v -0.83746106 0.42067951 0.03078911
v -0.83734038 0.42067404 0.03077697
v -0.83741302 0.42041199 0.03060235
v -0.83753385 0.42043326 0.03060580
v -0.83749059 0.42017319 0.03039505
v -0.83760680 0.42020290 0.03041376
v -0.83768933 0.41998716 0.03017381
v -0.83757327 0.41997326 0.03014640
v -0.83776776 0.41982739 0.02992283
v -0.83765170 0.41981349 0.02989543
v -0.83773504 0.41967695 0.02961189
v -0.83785111 0.41969079 0.02963928
v -0.83781411 0.41958042 0.02932611
v -0.83793033 0.41961013 0.02934482
v -0.83800991 0.41956106 0.02903287
v -0.83789369 0.41953134 0.02901415
v -0.83775813 0.41949934 0.02899092
v -0.83768335 0.41955574 0.02927886
v -0.83758868 0.41947002 0.02893453
v -0.83750910 0.41951910 0.02924648
v -0.83735438 0.41950057 0.02920993
v -0.83743380 0.41943568 0.02890666
v -0.83721884 0.41946852 0.02918661
v -0.83729841 0.41941950 0.02887466
v -0.83720601 0.41936771 0.02885395
v -0.83712644 0.41941679 0.02916591
v -0.83715657 0.41928053 0.02884464
v -0.83707237 0.41933817 0.02917181
v -0.83702192 0.41915611 0.02921479
v -0.83711092 0.41910586 0.02886354
v -0.83700353 0.41884020 0.02927753
v -0.83710192 0.41878884 0.02888707
v -0.83712910 0.41828221 0.02894131
v -0.83701223 0.41836738 0.02939283
v -0.83705435 0.41667765 0.02980831
v -0.83702629 0.41714817 0.02968853
v -0.83708237 0.41665854 0.02969935
v -0.83722685 0.41650668 0.02916478
v -0.83688149 0.41681703 0.03046934
v -0.83702166 0.41670529 0.02993267
v -0.83686354 0.41734960 0.03027534
v -0.83706241 0.41655006 0.02983888
v -0.83688429 0.41663450 0.03055001
v -0.83707032 0.41640660 0.02987813
v -0.83692678 0.41655151 0.03058743
v -0.83709347 0.41632127 0.02991096
v -0.83713642 0.41628583 0.02992231
v -0.83694560 0.41650653 0.03061818
v -0.83715576 0.41628817 0.02992690
v -0.83696494 0.41650882 0.03062275
v -0.83707191 0.41637733 0.03023662
v -0.83700844 0.41652072 0.03060785
v -0.83698428 0.41651117 0.03062730
v -0.83701217 0.41647613 0.03052700
v -0.83705805 0.41640269 0.03028242
v -0.83714175 0.41629767 0.02998137
v -0.83729083 0.41627274 0.02997630
v -0.83716979 0.41627857 0.02987235
v -0.83731904 0.41617697 0.02920458
v -0.83723997 0.41623054 0.02959966
v -0.83747804 0.41615543 0.02924333
v -0.83733410 0.41617657 0.02931623
v -0.83734349 0.41617550 0.02927702
v -0.83733819 0.41616349 0.02921790
v -0.83765218 0.41614273 0.02851267
v -0.83742286 0.41615355 0.02886453
v -0.83751236 0.41615074 0.02848717
v -0.83759274 0.41618086 0.02813163
v -0.83767793 0.41621824 0.02775213
v -0.83781778 0.41621012 0.02777754
v -0.83774872 0.41613846 0.02854423
v -0.83791432 0.41620585 0.02780910
v -0.83801546 0.41619321 0.02782544
v -0.83784989 0.41612577 0.02856050
v -0.83767113 0.41614697 0.02930644
v -0.83757457 0.41615122 0.02927496
v -0.83738753 0.41628435 0.02999916
v -0.83748870 0.41627159 0.03001542
v -0.83756574 0.41624923 0.03005113
v -0.83775293 0.41613197 0.02931826
v -0.83779590 0.41609642 0.02932956
v -0.83760425 0.41623804 0.03006902
v -0.83741326 0.41644287 0.03077362
v -0.83737030 0.41647830 0.03076230
v -0.83723305 0.41673011 0.03147842
v -0.83743229 0.41641353 0.03079559
v -0.83745111 0.41636842 0.03082635
v -0.83725188 0.41668501 0.03150914
v -0.83705362 0.41709672 0.03213966
v -0.83703942 0.41713327 0.03209365
v -0.83686085 0.41757878 0.03271126
v -0.83684661 0.41761550 0.03266531
v -0.83685077 0.41751669 0.03278541
v -0.83666360 0.41808527 0.03328941
v -0.83664872 0.41801579 0.03338762
v -0.83646719 0.41867077 0.03382400
v -0.83648664 0.41873192 0.03371066
v -0.83631962 0.41942487 0.03406633
v -0.83630015 0.41936370 0.03417978
v -0.83617190 0.42016296 0.03431743
v -0.83614798 0.42012617 0.03443737
v -0.83601496 0.42091798 0.03459901
v -0.83604334 0.42093052 0.03447250
v -0.83591016 0.42170652 0.03464290
v -0.83593856 0.42171894 0.03451637
v -0.83585258 0.42250526 0.03448169
v -0.83582437 0.42250853 0.03459946
v -0.83579468 0.42327231 0.03433791
v -0.83581811 0.42326164 0.03424416
v -0.83578813 0.42399361 0.03399998
v -0.83578280 0.42398184 0.03394091
v -0.83581282 0.42324970 0.03418503
v -0.83577591 0.42467150 0.03362050
v -0.83578139 0.42469921 0.03367084
v -0.83580238 0.42535390 0.03325008
v -0.83579690 0.42532633 0.03319967
v -0.83578681 0.42530699 0.03316458
v -0.83577043 0.42464380 0.03357006
v -0.83575721 0.42526962 0.03313358
v -0.83573638 0.42463074 0.03354565
v -0.83580116 0.42586615 0.03264517
v -0.83583519 0.42587934 0.03266960
v -0.83590210 0.42641773 0.03211345
v -0.83587250 0.42638034 0.03208254
v -0.83599621 0.42685799 0.03149193
v -0.83596659 0.42682054 0.03146107
v -0.83607871 0.42717945 0.03080458
v -0.83611293 0.42720833 0.03082028
v -0.83621344 0.42744844 0.03009792
v -0.83624764 0.42747744 0.03011363
v -0.83640019 0.42764932 0.02938076
v -0.83636597 0.42762044 0.02936507
v -0.83629291 0.42757099 0.02934891
v -0.83614052 0.42741493 0.03007309
v -0.83619603 0.42754362 0.02933484
v -0.83604826 0.42737913 0.03004370
v -0.83595156 0.42736751 0.03002084
v -0.83610394 0.42752357 0.02929672
v -0.83636162 0.42761099 0.02859977
v -0.83626953 0.42759095 0.02856165
v -0.83604878 0.42752170 0.02891786
v -0.83621864 0.42754900 0.02818502
v -0.83630814 0.42754621 0.02780760
v -0.83644368 0.42757826 0.02783092
v -0.83636017 0.42752091 0.02768782
v -0.83640156 0.42747169 0.02744993
v -0.83649515 0.42741319 0.02708345
v -0.83633210 0.42754012 0.02779692
v -0.83631259 0.42752195 0.02780108
v -0.83648113 0.42742267 0.02713798
v -0.83662609 0.42745362 0.02712200
v -0.83681692 0.42723299 0.02642609
v -0.83650919 0.42740359 0.02702891
v -0.83668601 0.42719244 0.02638753
v -0.83657900 0.42732404 0.02677373
v -0.83668208 0.42722132 0.02647716
v -0.83672948 0.42720439 0.02637269
v -0.83670536 0.42719473 0.02639207
v -0.83658826 0.42730705 0.02674319
v -0.83689519 0.42687920 0.02574851
v -0.83687583 0.42687691 0.02574397
v -0.83708896 0.42649196 0.02512464
v -0.83706960 0.42648968 0.02512007
v -0.83716138 0.42625702 0.02484952
v -0.83725780 0.42601589 0.02456364
v -0.83710728 0.42644230 0.02507226
v -0.83717062 0.42624016 0.02481894
v -0.83724409 0.42605712 0.02460076
v -0.83711308 0.42650170 0.02510518
v -0.83687598 0.42689278 0.02573529
v -0.83685649 0.42687456 0.02573938
v -0.83705026 0.42648733 0.02511551
v -0.83683666 0.42682483 0.02576102
v -0.83703044 0.42643761 0.02513706
v -0.83698629 0.42636232 0.02518683
v -0.83697970 0.42618098 0.02530668
v -0.83715945 0.42580330 0.02473726
v -0.83717001 0.42591289 0.02463700
v -0.83734332 0.42536967 0.02417880
v -0.83731840 0.42523800 0.02435102
v -0.83714903 0.42570957 0.02482890
v -0.83717643 0.42562710 0.02475472
v -0.83711236 0.42535752 0.02516258
v -0.83695143 0.42573292 0.02565343
v -0.83711683 0.42578465 0.02492714
v -0.83664723 0.42484529 0.02774149
v -0.83660001 0.42532936 0.02760834
v -0.83671641 0.42519664 0.02718292
v -0.83674976 0.42473806 0.02736189
v -0.83679470 0.42444102 0.02749746
v -0.83670160 0.42454716 0.02783773
v -0.83661279 0.42461310 0.02818027
v -0.83654903 0.42491230 0.02812318
v -0.83648300 0.42539853 0.02806858
v -0.83652809 0.42462317 0.02853360
v -0.83645029 0.42493209 0.02853111
v -0.83637485 0.42541936 0.02851580
v -0.83660772 0.42444552 0.02854944
v -0.83668778 0.42444388 0.02821137
v -0.83675440 0.42437055 0.02822942
v -0.83667433 0.42437219 0.02856749
v -0.83660335 0.42434102 0.02888376
v -0.83653214 0.42442273 0.02888097
v -0.83653665 0.42426978 0.02920226
v -0.83646543 0.42435150 0.02919941
v -0.83663782 0.42425703 0.02921849
v -0.83670453 0.42432828 0.02889999
v -0.83684435 0.42432020 0.02892551
v -0.83677766 0.42424897 0.02924395
v -0.83699909 0.42433873 0.02896206
v -0.83693700 0.42425906 0.02926524
v -0.83711106 0.42427994 0.02930637
v -0.83717299 0.42434380 0.02901188
v -0.83724630 0.42428032 0.02934703
v -0.83731300 0.42435155 0.02902859
v -0.83742888 0.42434963 0.02906476
v -0.83736698 0.42428566 0.02935918
v -0.83730937 0.42418162 0.02965583
v -0.83719332 0.42416773 0.02962839
v -0.83726065 0.42402909 0.02993932
v -0.83736181 0.42401646 0.02995560
v -0.83741052 0.42416899 0.02967211
v -0.83747746 0.42412729 0.02967272
v -0.83742889 0.42399056 0.02994758
v -0.83739406 0.42381268 0.03018522
v -0.83732698 0.42383838 0.03019333
v -0.83736351 0.42359453 0.03042512
v -0.83729643 0.42362031 0.03043317
v -0.83727974 0.42337687 0.03062723
v -0.83734682 0.42335102 0.03061922
v -0.83727213 0.42310055 0.03079953
v -0.83733938 0.42309060 0.03078273
v -0.83734119 0.42281325 0.03091565
v -0.83727393 0.42282327 0.03093246
v -0.83735224 0.42251890 0.03101814
v -0.83728497 0.42252891 0.03103495
v -0.83730991 0.42220910 0.03109151
v -0.83737732 0.42221502 0.03106597
v -0.83733959 0.42189682 0.03112421
v -0.83740719 0.42191845 0.03108991
v -0.83745091 0.42159658 0.03106800
v -0.83738347 0.42159078 0.03109356
v -0.83749961 0.42129773 0.03101338
v -0.83743681 0.42128343 0.03102366
v -0.83749489 0.42098359 0.03092977
v -0.83755785 0.42101370 0.03091080
v -0.83755794 0.42070689 0.03080318
v -0.83762553 0.42072850 0.03076894
v -0.83769371 0.42049069 0.03060090
v -0.83763073 0.42046070 0.03061989
v -0.83776665 0.42026044 0.03040888
v -0.83770831 0.42022177 0.03041259
v -0.83778638 0.42003035 0.03017916
v -0.83784474 0.42006890 0.03017543
v -0.83786480 0.41987057 0.02992825
v -0.83792312 0.41990930 0.02992454
v -0.83800187 0.41978101 0.02965623
v -0.83794813 0.41973403 0.02964470
v -0.83808095 0.41968456 0.02937040
v -0.83802722 0.41963752 0.02935887
v -0.83810678 0.41958849 0.02904698
v -0.83816050 0.41963546 0.02905856
v -0.83817727 0.41957221 0.02875688
v -0.83823100 0.41961919 0.02876841
v -0.83829739 0.41965881 0.02846734
v -0.83824825 0.41960338 0.02844061
v -0.83815602 0.41956739 0.02841122
v -0.83808501 0.41953634 0.02872751
v -0.83803996 0.41955349 0.02838381
v -0.83810186 0.41961747 0.02808934
v -0.83821808 0.41964718 0.02810805
v -0.83827109 0.41975966 0.02782667
v -0.83815965 0.41973732 0.02778401
v -0.83802409 0.41970532 0.02776072
v -0.83797111 0.41959273 0.02804209
v -0.83790441 0.41952149 0.02836053
v -0.83773034 0.41950062 0.02831939
v -0.83779704 0.41957185 0.02800095
v -0.83764214 0.41953750 0.02797314
v -0.83758005 0.41945783 0.02827632
v -0.83766397 0.41946101 0.02862040
v -0.83750908 0.41942667 0.02859254
v -0.83744467 0.41944165 0.02824432
v -0.83737370 0.41941049 0.02856054
v -0.83728128 0.41935888 0.02853986
v -0.83735226 0.41939004 0.02822359
v -0.83723647 0.41926308 0.02851525
v -0.83730759 0.41931018 0.02819031
v -0.83727597 0.41912590 0.02815473
v -0.83719557 0.41909590 0.02851029
v -0.83728583 0.41880667 0.02809964
v -0.83719602 0.41877773 0.02849441
v -0.83723741 0.41827719 0.02848539
v -0.83734139 0.41831239 0.02802740
v -0.83739620 0.41648665 0.02845813
v -0.83741782 0.41630197 0.02846026
v -0.83724829 0.41630623 0.02917566
v -0.83746954 0.41620211 0.02846716
v -0.83729539 0.41621480 0.02919788
v -0.83749301 0.41614839 0.02848262
v -0.83738168 0.41617545 0.02920301
v -0.83735755 0.41616578 0.02922245
v -0.83755583 0.41616276 0.02847229
v -0.83753171 0.41615303 0.02849175
v -0.83769727 0.41622058 0.02775671
v -0.83775405 0.41628830 0.02739440
v -0.83783032 0.41637430 0.02702794
v -0.83771627 0.41623405 0.02766945
v -0.83775900 0.41631150 0.02736170
v -0.83772142 0.41623014 0.02773722
v -0.83782568 0.41638272 0.02704332
v -0.83781610 0.41636808 0.02709129
v -0.83797013 0.41636628 0.02705349
v -0.83783526 0.41639750 0.02699525
v -0.83810026 0.41664366 0.02636202
v -0.83819677 0.41663956 0.02639367
v -0.83806685 0.41637784 0.02707631
v -0.83816802 0.41636509 0.02709257
v -0.83829809 0.41664268 0.02640126
v -0.83824984 0.41635010 0.02710434
v -0.83838458 0.41661903 0.02639766
v -0.83842769 0.41659948 0.02640024
v -0.83829296 0.41633048 0.02710691
v -0.83814042 0.41615849 0.02783976
v -0.83809728 0.41617822 0.02783721
v -0.83797470 0.41607518 0.02858350
v -0.83793171 0.41611073 0.02857225
v -0.83799832 0.41603753 0.02859023
v -0.83816408 0.41612072 0.02784647
v -0.83819216 0.41605863 0.02784663
v -0.83802177 0.41598386 0.02860576
v -0.83784302 0.41600500 0.02935168
v -0.83781489 0.41606726 0.02935156
v -0.83765118 0.41613079 0.03009995
v -0.83762773 0.41618446 0.03008442
v -0.83765498 0.41604329 0.03012824
v -0.83745491 0.41628079 0.03085467
v -0.83745837 0.41616165 0.03090045
v -0.83724991 0.41649524 0.03161373
v -0.83724839 0.41635294 0.03169230
v -0.83704703 0.41691525 0.03225955
v -0.83704817 0.41702608 0.03219853
v -0.83684499 0.41741435 0.03286176
v -0.83703628 0.41678990 0.03236862
v -0.83682980 0.41731326 0.03297728
v -0.83663354 0.41791470 0.03350315
v -0.83644736 0.41857809 0.03395490
v -0.83661835 0.41781346 0.03361877
v -0.83681905 0.41718790 0.03308635
v -0.83680850 0.41707826 0.03318660
v -0.83703017 0.41665592 0.03246239
v -0.83702421 0.41653796 0.03254739
v -0.83724689 0.41621060 0.03177082
v -0.83724557 0.41608395 0.03184058
v -0.83724425 0.41595744 0.03191030
v -0.83746793 0.41572497 0.03108135
v -0.83747139 0.41560583 0.03112712
v -0.83722407 0.41587606 0.03194940
v -0.83745569 0.41550011 0.03115956
v -0.83742076 0.41540801 0.03117885
v -0.83718456 0.41579236 0.03198382
v -0.83695397 0.41626324 0.03272119
v -0.83699349 0.41634682 0.03268674
v -0.83701844 0.41643569 0.03262369
v -0.83679809 0.41698441 0.03327821
v -0.83676849 0.41690421 0.03335657
v -0.83655410 0.41757102 0.03392602
v -0.83658351 0.41763558 0.03385641
v -0.83659854 0.41772081 0.03374956
v -0.83638378 0.41835615 0.03433656
v -0.83640329 0.41841708 0.03422306
v -0.83622289 0.41918288 0.03459848
v -0.83642292 0.41849399 0.03410097
v -0.83624714 0.41925129 0.03446112
v -0.83606179 0.41999390 0.03486923
v -0.83609051 0.42003807 0.03472529
v -0.83595305 0.42085414 0.03489345
v -0.83598623 0.42087393 0.03474297
v -0.83587251 0.42171096 0.03479995
v -0.83583472 0.42169960 0.03496569
v -0.83574942 0.42254919 0.03489610
v -0.83578687 0.42252891 0.03474785
v -0.83568277 0.42338061 0.03475670
v -0.83572470 0.42333597 0.03460185
v -0.83569055 0.42412410 0.03434691
v -0.83576216 0.42331570 0.03445358
v -0.83573249 0.42407947 0.03419200
v -0.83568432 0.42487703 0.03399157
v -0.83572593 0.42480077 0.03385410
v -0.83574725 0.42548723 0.03341587
v -0.83577944 0.42541214 0.03331769
v -0.83575828 0.42474149 0.03374723
v -0.83576485 0.42402020 0.03408507
v -0.83582354 0.42602455 0.03282054
v -0.83579152 0.42611546 0.03290998
v -0.83586782 0.42665279 0.03231463
v -0.83583149 0.42678381 0.03240196
v -0.83593075 0.42726298 0.03173893
v -0.83579503 0.42689897 0.03249792
v -0.83589443 0.42739400 0.03182627
v -0.83602585 0.42779808 0.03106510
v -0.83599433 0.42793636 0.03112841
v -0.83614820 0.42823489 0.03032578
v -0.83596727 0.42805048 0.03118510
v -0.83612130 0.42836481 0.03037379
v -0.83629762 0.42855765 0.02952973
v -0.83626525 0.42865981 0.02952735
v -0.83608414 0.42845957 0.03039547
v -0.83603226 0.42854362 0.03039723
v -0.83621336 0.42874385 0.02952917
v -0.83645939 0.42875555 0.02865702
v -0.83641213 0.42883102 0.02864362
v -0.83662376 0.42879802 0.02776452
v -0.83667101 0.42872246 0.02777803
v -0.83669879 0.42862869 0.02779561
v -0.83649177 0.42865326 0.02865944
v -0.83631990 0.42843616 0.02949699
v -0.83650906 0.42850881 0.02865943
v -0.83652642 0.42836414 0.02865933
v -0.83634183 0.42828316 0.02948169
v -0.83617494 0.42808915 0.03028647
v -0.83636379 0.42813012 0.02946633
v -0.83620168 0.42794348 0.03024716
v -0.83605720 0.42764390 0.03101058
v -0.83622841 0.42779774 0.03020790
v -0.83608412 0.42751399 0.03096252
v -0.83596705 0.42713201 0.03165166
v -0.83611118 0.42739994 0.03090578
v -0.83599411 0.42701789 0.03159497
v -0.83589523 0.42657031 0.03224045
v -0.83601230 0.42695230 0.03155125
v -0.83591799 0.42649639 0.03218155
v -0.83584648 0.42596645 0.03275290
v -0.83591221 0.42643694 0.03214856
v -0.83584085 0.42592280 0.03271125
v -0.83600648 0.42689296 0.03151834
v -0.83612901 0.42730271 0.03087956
v -0.83612319 0.42724348 0.03084666
v -0.83626852 0.42757920 0.03014891
v -0.83625810 0.42752824 0.03013124
v -0.83641062 0.42770022 0.02939845
v -0.83642107 0.42775108 0.02941603
v -0.83658084 0.42775917 0.02864806
v -0.83659141 0.42782595 0.02865704
v -0.83677500 0.42781203 0.02788702
v -0.83675962 0.42773792 0.02790212
v -0.83674456 0.42769551 0.02789970
v -0.83656577 0.42771681 0.02864572
v -0.83671034 0.42766663 0.02788401
v -0.83653156 0.42768781 0.02863000
v -0.83645864 0.42765430 0.02860517
v -0.83663264 0.42762574 0.02788313
v -0.83654040 0.42758981 0.02785377
v -0.83672296 0.42748105 0.02713612
v -0.83691379 0.42726042 0.02644020
v -0.83681983 0.42750842 0.02715025
v -0.83701067 0.42728779 0.02645434
v -0.83710825 0.42693640 0.02578138
v -0.83720527 0.42697964 0.02578680
v -0.83739890 0.42657648 0.02517157
v -0.83730202 0.42654910 0.02515746
v -0.83720516 0.42652168 0.02514332
v -0.83701136 0.42690902 0.02576730
v -0.83677860 0.42703898 0.02607339
v -0.83697270 0.42668338 0.02543206
v -0.83669131 0.42720445 0.02644664
v -0.83739334 0.42604788 0.02458695
v -0.83749021 0.42607543 0.02460106
v -0.83767277 0.42551517 0.02411230
v -0.83757606 0.42550361 0.02408949
v -0.83727148 0.42597476 0.02452660
v -0.83733536 0.42577707 0.02435643
v -0.83743570 0.42546435 0.02409023
v -0.83742783 0.42556480 0.02416024
v -0.83745521 0.42548245 0.02408608
v -0.83760374 0.42486625 0.02368214
v -0.83743586 0.42548015 0.02408154
v -0.83758421 0.42484813 0.02368637
v -0.83741636 0.42546200 0.02408564
v -0.83723844 0.42601359 0.02455910
v -0.83739208 0.42543652 0.02411377
v -0.83719462 0.42597006 0.02459146
v -0.83755994 0.42482259 0.02371448
v -0.83750655 0.42476430 0.02379474
v -0.83766006 0.42412843 0.02346732
v -0.83771327 0.42417090 0.02339581
v -0.83779901 0.42345470 0.02322069
v -0.83783750 0.42348638 0.02312934
v -0.83797173 0.42276236 0.02301584
v -0.83791405 0.42274413 0.02309395
v -0.83777029 0.42341053 0.02336463
v -0.83787128 0.42270968 0.02329246
v -0.83762619 0.42404535 0.02365278
v -0.83774635 0.42337386 0.02348458
v -0.83772870 0.42348680 0.02350204
v -0.83748197 0.42466426 0.02394953
v -0.83719014 0.42410301 0.02573212
v -0.83715451 0.42380305 0.02612265
v -0.83705859 0.42409164 0.02638236
v -0.83715818 0.42361392 0.02637821
v -0.83707136 0.42386971 0.02661606
v -0.83697957 0.42410236 0.02688660
v -0.83695773 0.42435703 0.02667475
v -0.83695672 0.42475640 0.02638893
v -0.83688746 0.42430331 0.02717463
v -0.83685160 0.42456761 0.02701721
v -0.83683690 0.42500822 0.02676844
v -0.83694381 0.42415214 0.02727555
v -0.83703149 0.42397538 0.02699403
v -0.83708867 0.42390327 0.02705143
v -0.83700105 0.42407987 0.02733280
v -0.83691766 0.42421658 0.02761643
v -0.83685586 0.42429711 0.02757435
v -0.83683396 0.42432153 0.02791753
v -0.83677200 0.42438625 0.02788414
v -0.83693034 0.42430146 0.02795778
v -0.83701405 0.42419651 0.02765668
v -0.83714925 0.42419693 0.02769740
v -0.83707018 0.42429346 0.02798318
v -0.83699062 0.42434248 0.02829513
v -0.83685078 0.42435054 0.02826967
v -0.83691535 0.42435138 0.02860917
v -0.83677549 0.42435956 0.02858380
v -0.83707008 0.42436991 0.02864573
v -0.83714534 0.42436101 0.02833168
v -0.83731924 0.42436606 0.02838156
v -0.83724397 0.42437496 0.02869567
v -0.83745462 0.42438225 0.02841353
v -0.83737936 0.42439115 0.02872764
v -0.83749989 0.42438068 0.02874847
v -0.83757515 0.42437179 0.02843437
v -0.83759640 0.42437660 0.02878003
v -0.83767169 0.42436759 0.02846591
v -0.83773400 0.42433444 0.02848180
v -0.83766335 0.42433490 0.02878065
v -0.83759252 0.42431954 0.02908823
v -0.83753005 0.42433688 0.02908103
v -0.83753044 0.42423988 0.02939135
v -0.83746813 0.42427303 0.02937546
v -0.83758268 0.42418734 0.02937214
v -0.83764459 0.42425132 0.02907767
v -0.83769629 0.42415145 0.02908459
v -0.83763918 0.42409486 0.02935506
v -0.83758632 0.42399826 0.02962771
v -0.83752967 0.42407493 0.02965348
v -0.83754243 0.42385300 0.02988717
v -0.83748577 0.42392966 0.02991300
v -0.83744627 0.42376025 0.03016603
v -0.83750774 0.42369086 0.03011617
v -0.83742052 0.42354949 0.03038192
v -0.83748213 0.42349596 0.03032339
v -0.83746563 0.42326823 0.03050868
v -0.83740400 0.42332181 0.03056722
v -0.83745836 0.42302361 0.03066350
v -0.83739658 0.42306127 0.03073071
v -0.83739854 0.42279985 0.03085496
v -0.83746031 0.42276206 0.03078779
v -0.83740959 0.42250544 0.03095744
v -0.83747169 0.42249948 0.03087276
v -0.83749232 0.42221985 0.03092717
v -0.83743006 0.42221006 0.03102055
v -0.83752219 0.42192327 0.03095110
v -0.83746453 0.42190505 0.03102922
v -0.83750398 0.42162318 0.03100517
v -0.83756162 0.42164146 0.03092706
v -0.83755264 0.42132451 0.03095057
v -0.83761047 0.42135842 0.03086374
v -0.83766409 0.42108296 0.03077639
v -0.83761091 0.42104036 0.03084798
v -0.83772271 0.42083045 0.03065631
v -0.83766950 0.42078790 0.03072797
v -0.83773751 0.42053433 0.03056862
v -0.83779089 0.42059264 0.03048827
v -0.83781061 0.42031990 0.03036791
v -0.83785936 0.42038662 0.03030288
v -0.83792820 0.42021207 0.03009997
v -0.83788870 0.42012836 0.03013446
v -0.83800197 0.42006090 0.02986435
v -0.83796249 0.41997707 0.02989881
v -0.83804124 0.41984891 0.02963046
v -0.83807610 0.41994118 0.02961126
v -0.83811567 0.41976087 0.02936001
v -0.83815056 0.41985309 0.02934074
v -0.83822070 0.41980517 0.02906813
v -0.83819045 0.41970454 0.02907203
v -0.83828657 0.41979738 0.02879331
v -0.83826111 0.41970408 0.02877318
v -0.83832731 0.41972787 0.02848092
v -0.83835277 0.41982117 0.02850101
v -0.83838920 0.41979183 0.02818650
v -0.83841006 0.41989359 0.02822177
v -0.83845828 0.41999867 0.02796445
v -0.83844221 0.41990431 0.02790512
v -0.83841689 0.41982681 0.02787634
v -0.83835927 0.41972277 0.02817292
v -0.83836333 0.41979551 0.02785610
v -0.83831031 0.41968303 0.02813749
v -0.83841187 0.41993230 0.02758125
v -0.83846097 0.41998790 0.02760806
v -0.83850044 0.42015736 0.02735511
v -0.83845151 0.42011764 0.02731956
v -0.83835942 0.42009765 0.02728145
v -0.83831980 0.41991220 0.02754312
v -0.83824784 0.42005939 0.02724745
v -0.83820818 0.41987403 0.02750926
v -0.83807279 0.41985784 0.02747729
v -0.83811245 0.42004314 0.02721547
v -0.83790336 0.41982855 0.02742078
v -0.83794298 0.42001388 0.02715914
v -0.83778825 0.41999534 0.02712259
v -0.83774864 0.41981002 0.02738422
v -0.83769991 0.41965748 0.02766777
v -0.83785465 0.41967601 0.02770433
v -0.83751121 0.41949707 0.02793457
v -0.83756899 0.41961692 0.02762924
v -0.83747676 0.41958107 0.02759981
v -0.83741895 0.41946126 0.02790520
v -0.83743670 0.41949284 0.02755122
v -0.83737892 0.41937299 0.02785655
v -0.83734747 0.41920452 0.02781228
v -0.83741467 0.41932320 0.02746766
v -0.83736687 0.41890005 0.02770924
v -0.83743903 0.41904192 0.02733193
v -0.83751394 0.41859283 0.02715489
v -0.83743203 0.41842042 0.02758896
v -0.83767701 0.41676210 0.02712983
v -0.83759252 0.41723931 0.02724555
v -0.83770098 0.41679878 0.02700982
v -0.83781092 0.41695202 0.02646677
v -0.83765787 0.41673257 0.02722580
v -0.83746392 0.41710410 0.02785847
v -0.83754776 0.41656365 0.02777755
v -0.83769930 0.41664068 0.02709704
v -0.83757862 0.41636197 0.02774914
v -0.83772603 0.41649494 0.02705778
v -0.83763035 0.41626210 0.02775610
v -0.83776339 0.41641581 0.02702739
v -0.83780633 0.41638042 0.02703878
v -0.83765857 0.41621594 0.02774758
v -0.83784981 0.41639245 0.02702390
v -0.83796040 0.41665184 0.02633661
v -0.83788809 0.41649414 0.02672267
v -0.83796027 0.41659309 0.02645460
v -0.83797960 0.41663832 0.02634987
v -0.83789289 0.41650141 0.02669864
v -0.83796024 0.41663603 0.02634530
v -0.83809170 0.41699715 0.02569347
v -0.83811582 0.41700682 0.02567403
v -0.83807235 0.41699480 0.02568891
v -0.83818581 0.41743736 0.02507194
v -0.83816185 0.41744350 0.02508265
v -0.83819605 0.41751540 0.02498900
v -0.83823303 0.41794182 0.02452870
v -0.83819735 0.41768479 0.02481000
v -0.83816630 0.41741926 0.02507608
v -0.83811694 0.41720334 0.02539447
v -0.83801392 0.41681177 0.02602906
v -0.83821234 0.41700261 0.02570566
v -0.83830890 0.41699836 0.02573717
v -0.83830631 0.41742701 0.02509279
v -0.83840301 0.41743862 0.02511565
v -0.83850418 0.41742580 0.02513196
v -0.83841485 0.41699298 0.02572948
v -0.83859079 0.41741821 0.02511965
v -0.83849668 0.41697800 0.02574119
v -0.83853979 0.41695838 0.02574382
v -0.83863393 0.41739847 0.02512227
v -0.83856823 0.41692793 0.02572652
v -0.83866234 0.41736814 0.02510498
v -0.83870002 0.41732070 0.02505716
v -0.83860109 0.41687315 0.02570277
v -0.83848420 0.41650700 0.02638316
v -0.83845596 0.41655327 0.02639170
v -0.83834947 0.41623787 0.02708987
v -0.83832124 0.41628416 0.02709834
v -0.83836731 0.41614077 0.02706360
v -0.83820997 0.41596151 0.02782048
v -0.83822744 0.41583281 0.02781177
v -0.83805247 0.41576644 0.02858604
v -0.83806964 0.41560601 0.02859469
v -0.83785967 0.41579724 0.02938653
v -0.83787681 0.41563685 0.02939524
v -0.83766305 0.41591559 0.03015879
v -0.83767097 0.41577214 0.03019798
v -0.83746150 0.41601082 0.03096364
v -0.83768335 0.41560438 0.03023064
v -0.83746461 0.41586004 0.03102691
v -0.83769126 0.41546087 0.03026988
v -0.83788934 0.41548496 0.02941923
v -0.83790191 0.41533291 0.02944313
v -0.83791462 0.41519678 0.02945836
v -0.83769934 0.41533323 0.03030039
v -0.83790369 0.41509842 0.02946688
v -0.83768365 0.41522744 0.03033284
v -0.83764891 0.41515124 0.03034331
v -0.83787342 0.41499785 0.02947075
v -0.83755632 0.41508367 0.03033141
v -0.83778083 0.41493029 0.02945885
v -0.83763039 0.41487169 0.02942447
v -0.83740589 0.41502509 0.03029697
v -0.83716853 0.41529868 0.03116297
v -0.83732359 0.41534884 0.03118209
v -0.83693215 0.41566727 0.03197669
v -0.83708721 0.41571743 0.03199581
v -0.83685214 0.41621261 0.03273980
v -0.83669708 0.41616244 0.03272067
v -0.83662271 0.41679419 0.03341613
v -0.83646765 0.41674403 0.03339700
v -0.83624383 0.41741200 0.03400577
v -0.83640350 0.41745373 0.03400963
v -0.83650536 0.41750418 0.03399102
v -0.83672453 0.41684475 0.03339757
v -0.83634977 0.41830003 0.03442137
v -0.83630118 0.41824913 0.03447765
v -0.83611171 0.41904762 0.03487485
v -0.83616475 0.41907427 0.03481205
v -0.83619876 0.41913038 0.03472724
v -0.83603307 0.41994986 0.03501313
v -0.83599457 0.41991809 0.03510459
v -0.83584836 0.42079860 0.03527712
v -0.83589131 0.42080598 0.03517918
v -0.83591985 0.42083433 0.03504398
v -0.83577330 0.42168319 0.03523401
v -0.83580170 0.42169561 0.03510748
v -0.83571178 0.42255363 0.03505315
v -0.83567893 0.42256547 0.03518619
v -0.83564545 0.42341680 0.03489634
v -0.83561278 0.42344433 0.03502068
v -0.83557913 0.42427985 0.03473955
v -0.83561165 0.42423639 0.03462393
v -0.83556877 0.42508878 0.03437332
v -0.83560576 0.42502102 0.03425112
v -0.83562757 0.42575485 0.03378676
v -0.83564271 0.42495329 0.03412904
v -0.83566440 0.42567120 0.03367330
v -0.83564880 0.42418450 0.03449300
v -0.83570583 0.42557926 0.03354453
v -0.83571377 0.42633856 0.03312602
v -0.83567715 0.42643792 0.03323067
v -0.83575855 0.42701426 0.03259390
v -0.83572668 0.42712096 0.03267471
v -0.83583569 0.42763060 0.03195496
v -0.83579373 0.42771804 0.03200059
v -0.83568459 0.42719255 0.03272900
v -0.83562311 0.42726194 0.03277885
v -0.83573704 0.42779482 0.03202644
v -0.83587342 0.42822202 0.03123263
v -0.83592548 0.42815379 0.03122207
v -0.83592664 0.42858063 0.03038748
v -0.83576317 0.42826753 0.03123810
v -0.83559939 0.42828169 0.03122333
v -0.83576281 0.42859489 0.03037279
v -0.83594872 0.42880239 0.02948070
v -0.83610790 0.42879668 0.02951067
v -0.83614767 0.42890539 0.02858635
v -0.83630667 0.42888385 0.02862513
v -0.83652309 0.42885816 0.02772207
v -0.83636389 0.42886399 0.02769212
v -0.83674761 0.42870471 0.02684950
v -0.83659319 0.42871793 0.02679554
v -0.83682595 0.42845272 0.02594480
v -0.83698034 0.42843962 0.02599878
v -0.83708116 0.42839528 0.02603257
v -0.83684843 0.42866044 0.02688328
v -0.83711903 0.42832072 0.02608528
v -0.83689090 0.42857757 0.02692071
v -0.83691850 0.42846804 0.02694707
v -0.83714199 0.42821974 0.02612692
v -0.83692657 0.42834033 0.02697763
v -0.83671148 0.42849255 0.02781090
v -0.83672864 0.42833223 0.02781957
v -0.83654820 0.42819526 0.02865277
v -0.83674119 0.42818018 0.02784346
v -0.83675372 0.42802829 0.02786745
v -0.83656553 0.42805058 0.02865272
v -0.83639037 0.42796856 0.02943576
v -0.83640788 0.42783970 0.02942697
v -0.83625069 0.42767625 0.03017516
v -0.83658299 0.42792201 0.02864397
v -0.83676641 0.42789228 0.02788270
v -0.83695823 0.42776647 0.02713449
v -0.83695478 0.42788561 0.02708871
v -0.83715963 0.42765550 0.02633828
v -0.83715170 0.42779900 0.02629910
v -0.83736482 0.42745688 0.02557042
v -0.83714858 0.42794971 0.02623588
v -0.83736629 0.42759921 0.02549201
v -0.83714546 0.42810061 0.02617264
v -0.83736781 0.42774155 0.02541348
v -0.83736895 0.42785231 0.02535249
v -0.83758916 0.42728768 0.02470660
v -0.83759494 0.42738988 0.02463035
v -0.83780936 0.42672297 0.02406079
v -0.83758304 0.42715377 0.02480039
v -0.83779880 0.42661331 0.02416110
v -0.83799966 0.42600355 0.02361999
v -0.83798445 0.42590244 0.02373564
v -0.83817046 0.42522310 0.02329264
v -0.83796465 0.42580978 0.02386643
v -0.83777283 0.42638691 0.02438576
v -0.83778359 0.42651227 0.02427669
v -0.83757692 0.42701986 0.02489417
v -0.83757097 0.42690183 0.02497917
v -0.83736350 0.42733023 0.02564024
v -0.83756518 0.42679955 0.02505552
v -0.83776243 0.42629306 0.02447738
v -0.83755975 0.42672892 0.02511433
v -0.83736149 0.42714050 0.02574489
v -0.83736234 0.42721952 0.02570127
v -0.83715847 0.42754472 0.02639936
v -0.83716225 0.42745721 0.02642768
v -0.83734150 0.42707490 0.02577517
v -0.83714688 0.42738304 0.02644273
v -0.83696682 0.42768628 0.02713882
v -0.83695143 0.42761224 0.02715387
v -0.83693177 0.42757820 0.02716676
v -0.83712720 0.42734913 0.02645562
v -0.83689737 0.42753350 0.02715981
v -0.83708820 0.42731287 0.02646390
v -0.83732182 0.42704098 0.02578806
v -0.83728280 0.42700471 0.02579639
v -0.83747643 0.42660155 0.02518116
v -0.83752006 0.42662937 0.02515762
v -0.83766924 0.42611939 0.02460948
v -0.83770823 0.42615570 0.02460121
v -0.83789540 0.42558706 0.02409721
v -0.83785195 0.42557506 0.02411200
v -0.83776963 0.42554260 0.02412641
v -0.83759170 0.42609430 0.02459995
v -0.83784060 0.42490141 0.02371305
v -0.83794228 0.42493612 0.02370311
v -0.83810006 0.42426010 0.02337797
v -0.83799859 0.42424118 0.02337904
v -0.83790187 0.42422956 0.02335621
v -0.83774388 0.42488985 0.02369023
v -0.83751739 0.42516953 0.02389387
v -0.83768032 0.42453243 0.02352716
v -0.83776168 0.42420610 0.02334826
v -0.83762308 0.42486860 0.02368669
v -0.83778102 0.42420839 0.02335284
v -0.83764719 0.42487824 0.02366737
v -0.83780517 0.42421801 0.02333336
v -0.83783776 0.42382484 0.02321947
v -0.83789141 0.42354925 0.02313210
v -0.83779903 0.42412698 0.02331787
v -0.83790512 0.42350802 0.02309498
v -0.83785575 0.42374354 0.02318452
v -0.83804528 0.42353158 0.02310300
v -0.83790922 0.42345213 0.02310595
v -0.83790031 0.42350076 0.02311901
v -0.83781104 0.42397052 0.02325872
v -0.83792446 0.42351031 0.02309955
v -0.83774215 0.42418800 0.02335244
v -0.83788097 0.42349841 0.02311442
v -0.83800063 0.42277934 0.02297244
v -0.83802460 0.42277319 0.02296176
v -0.83810113 0.42203099 0.02292641
v -0.83812510 0.42202484 0.02291572
v -0.83820677 0.42127871 0.02294825
v -0.83818283 0.42128481 0.02295887
v -0.83807239 0.42202981 0.02296112
v -0.83815406 0.42128368 0.02299365
v -0.83809191 0.42128981 0.02307836
v -0.83801007 0.42202014 0.02305452
v -0.83804027 0.42130382 0.02328989
v -0.83796765 0.42201720 0.02323558
v -0.83765537 0.42323420 0.02394048
v -0.83776879 0.42326818 0.02344319
v -0.83740717 0.42274367 0.02559018
v -0.83747880 0.42288104 0.02512975
v -0.83755422 0.42243652 0.02503581
v -0.83747368 0.42234776 0.02550936
v -0.83744584 0.42229698 0.02582821
v -0.83738363 0.42265270 0.02591118
v -0.83731661 0.42300115 0.02601824
v -0.83733110 0.42312481 0.02571896
v -0.83739382 0.42331074 0.02527163
v -0.83723985 0.42331922 0.02618188
v -0.83724528 0.42347550 0.02590446
v -0.83729461 0.42373435 0.02547682
v -0.83727793 0.42321755 0.02633509
v -0.83734558 0.42293247 0.02619325
v -0.83738908 0.42290148 0.02628769
v -0.83732142 0.42318669 0.02642949
v -0.83724896 0.42346450 0.02659535
v -0.83720083 0.42350391 0.02651623
v -0.83717136 0.42370348 0.02680269
v -0.83711863 0.42375121 0.02673881
v -0.83726313 0.42369184 0.02685820
v -0.83734069 0.42345297 0.02665094
v -0.83747593 0.42345329 0.02669162
v -0.83739833 0.42369227 0.02689892
v -0.83731566 0.42389207 0.02714760
v -0.83718043 0.42389169 0.02710695
v -0.83723280 0.42407605 0.02740503
v -0.83709757 0.42407567 0.02736437
v -0.83738736 0.42407876 0.02745033
v -0.83747038 0.42391060 0.02718416
v -0.83764428 0.42391566 0.02723403
v -0.83756125 0.42408382 0.02750020
v -0.83748252 0.42421191 0.02776854
v -0.83730398 0.42421547 0.02773396
v -0.83739883 0.42431687 0.02806959
v -0.83722475 0.42429605 0.02802846
v -0.83753405 0.42431731 0.02811025
v -0.83761790 0.42422815 0.02780055
v -0.83773379 0.42422624 0.02783667
v -0.83765011 0.42433114 0.02813770
v -0.83783032 0.42422204 0.02786824
v -0.83775127 0.42431851 0.02815395
v -0.83780878 0.42427804 0.02819386
v -0.83788801 0.42419732 0.02789940
v -0.83785159 0.42422679 0.02821390
v -0.83793066 0.42413027 0.02792812
v -0.83796835 0.42403989 0.02798958
v -0.83789852 0.42411955 0.02824477
v -0.83782835 0.42416745 0.02851750
v -0.83777666 0.42426733 0.02851052
v -0.83775784 0.42418385 0.02880761
v -0.83770614 0.42428371 0.02880069
v -0.83777534 0.42405497 0.02879888
v -0.83783644 0.42403975 0.02854799
v -0.83785343 0.42386363 0.02856534
v -0.83779697 0.42387036 0.02880096
v -0.83774034 0.42386121 0.02904525
v -0.83771376 0.42402275 0.02907589
v -0.83769247 0.42378763 0.02928518
v -0.83766129 0.42395762 0.02933101
v -0.83761324 0.42386835 0.02957965
v -0.83764923 0.42370569 0.02950980
v -0.83757428 0.42374627 0.02980648
v -0.83761042 0.42359942 0.02972794
v -0.83758069 0.42346048 0.02992419
v -0.83753958 0.42358418 0.03003549
v -0.83755989 0.42327293 0.03010733
v -0.83751877 0.42339662 0.03021869
v -0.83750242 0.42318469 0.03039529
v -0.83754387 0.42309262 0.03026650
v -0.83749532 0.42295583 0.03054136
v -0.83753692 0.42287970 0.03040391
v -0.83753940 0.42266555 0.03050195
v -0.83749746 0.42271018 0.03065686
v -0.83755094 0.42241877 0.03057823
v -0.83750902 0.42246328 0.03073312
v -0.83752499 0.42219218 0.03080292
v -0.83756728 0.42217920 0.03063047
v -0.83755521 0.42192726 0.03080931
v -0.83759300 0.42193862 0.03064358
v -0.83762799 0.42168107 0.03062605
v -0.83759000 0.42165400 0.03080055
v -0.83766794 0.42144666 0.03057579
v -0.83763441 0.42139521 0.03074381
v -0.83768359 0.42114387 0.03066302
v -0.83771265 0.42121968 0.03050159
v -0.83774234 0.42090735 0.03053422
v -0.83776678 0.42099146 0.03038815
v -0.83782125 0.42079495 0.03025717
v -0.83780129 0.42068647 0.03039671
v -0.83788069 0.42062158 0.03009350
v -0.83786994 0.42049622 0.03020257
v -0.83793415 0.42033016 0.03001493
v -0.83794489 0.42045564 0.02990588
v -0.83800330 0.42018735 0.02979461
v -0.83800481 0.42032970 0.02971609
v -0.83806968 0.42022696 0.02949360
v -0.83807280 0.42007626 0.02955676
v -0.83813026 0.42016435 0.02926890
v -0.83814263 0.41999659 0.02930156
v -0.83820800 0.41994130 0.02905290
v -0.83819564 0.42010907 0.02902018
v -0.83827388 0.41993347 0.02877801
v -0.83825208 0.42010239 0.02878463
v -0.83830426 0.42013579 0.02854685
v -0.83833065 0.41995842 0.02852503
v -0.83835197 0.42019342 0.02831571
v -0.83838316 0.42002345 0.02826982
v -0.83843119 0.42011284 0.02802121
v -0.83839983 0.42026700 0.02807579
v -0.83847495 0.42024217 0.02777041
v -0.83843418 0.42039752 0.02786422
v -0.83846390 0.42053658 0.02766793
v -0.83850484 0.42039706 0.02756537
v -0.83853685 0.42030614 0.02747599
v -0.83850203 0.42012808 0.02771360
v -0.83852080 0.42021165 0.02741664
v -0.83848595 0.42003376 0.02765434
v -0.83855118 0.42041398 0.02718549
v -0.83856246 0.42050110 0.02726873
v -0.83857883 0.42071285 0.02709210
v -0.83856787 0.42065742 0.02699144
v -0.83854751 0.42060312 0.02692990
v -0.83852620 0.42036811 0.02713921
v -0.83849873 0.42057928 0.02688562
v -0.83848204 0.42033577 0.02707972
v -0.83838980 0.42029992 0.02705028
v -0.83840666 0.42055918 0.02684749
v -0.83827374 0.42028601 0.02702288
v -0.83829522 0.42053684 0.02680482
v -0.83815985 0.42052060 0.02677281
v -0.83814297 0.42026126 0.02697569
v -0.83799021 0.42047552 0.02672520
v -0.83796890 0.42024038 0.02693455
v -0.83781879 0.42021348 0.02688275
v -0.83783548 0.42045699 0.02668865
v -0.83768787 0.42017299 0.02684416
v -0.83770470 0.42043237 0.02664139
v -0.83761727 0.42040378 0.02658793
v -0.83760041 0.42014445 0.02679077
v -0.83756988 0.41992632 0.02703061
v -0.83765732 0.41995485 0.02708406
v -0.83752546 0.41973360 0.02731631
v -0.83761768 0.41976957 0.02734576
v -0.83748558 0.41966119 0.02725898
v -0.83752999 0.41985391 0.02697328
v -0.83751290 0.41970746 0.02685703
v -0.83746833 0.41949893 0.02715142
v -0.83754720 0.41947241 0.02665583
v -0.83749747 0.41922504 0.02699168
v -0.83758690 0.41881378 0.02673397
v -0.83764154 0.41908452 0.02636546
v -0.83791808 0.41728773 0.02584298
v -0.83795883 0.41713245 0.02574918
v -0.83785134 0.41676510 0.02639041
v -0.83802015 0.41704723 0.02570811
v -0.83790803 0.41668844 0.02636461
v -0.83793645 0.41665793 0.02634730
v -0.83804856 0.41701677 0.02569086
v -0.83814250 0.41744116 0.02507807
v -0.83821370 0.41793948 0.02452412
v -0.83825744 0.41852038 0.02404443
v -0.83827679 0.41852273 0.02404898
v -0.83823813 0.41798082 0.02448732
v -0.83837286 0.41793375 0.02455416
v -0.83822791 0.41790281 0.02457014
v -0.83820230 0.41770799 0.02477731
v -0.83841664 0.41851454 0.02407444
v -0.83851797 0.41851773 0.02408198
v -0.83847419 0.41793693 0.02456175
v -0.83857554 0.41793995 0.02456923
v -0.83861929 0.41852085 0.02408954
v -0.83865752 0.41794077 0.02457228
v -0.83870130 0.41852156 0.02409256
v -0.83874921 0.41850919 0.02407120
v -0.83870524 0.41791270 0.02455971
v -0.83877778 0.41849467 0.02404526
v -0.83873385 0.41789808 0.02453366
v -0.83877151 0.41785069 0.02448585
v -0.83881546 0.41844729 0.02399742
v -0.83878967 0.41778515 0.02444220
v -0.83871816 0.41725520 0.02501359
v -0.83875002 0.41714848 0.02493283
v -0.83865094 0.41668521 0.02558702
v -0.83868262 0.41656266 0.02551507
v -0.83852927 0.41631160 0.02629147
v -0.83856063 0.41615736 0.02623694
v -0.83838959 0.41601934 0.02703087
v -0.83841633 0.41587361 0.02699156
v -0.83824960 0.41569541 0.02778764
v -0.83844307 0.41572788 0.02695224
v -0.83827615 0.41553397 0.02775709
v -0.83808680 0.41544562 0.02860341
v -0.83829809 0.41538091 0.02774179
v -0.83810875 0.41529250 0.02858809
v -0.83812161 0.41517225 0.02859459
v -0.83831561 0.41525205 0.02773299
v -0.83811531 0.41506540 0.02858784
v -0.83831391 0.41513683 0.02771099
v -0.83828861 0.41505934 0.02768215
v -0.83808985 0.41497203 0.02856773
v -0.83820064 0.41498335 0.02765493
v -0.83799723 0.41490466 0.02855581
v -0.83784681 0.41484600 0.02852142
v -0.83805021 0.41492475 0.02762055
v -0.83767719 0.41480087 0.02847373
v -0.83788075 0.41489543 0.02756418
v -0.83766783 0.41485417 0.02752265
v -0.83746445 0.41477543 0.02842346
v -0.83724804 0.41480100 0.02932649
v -0.83746079 0.41482645 0.02937674
v -0.83701873 0.41494713 0.03022302
v -0.83723164 0.41498845 0.03026459
v -0.83699888 0.41525359 0.03111538
v -0.83678599 0.41521227 0.03107381
v -0.83675788 0.41563062 0.03194437
v -0.83654514 0.41560511 0.03189411
v -0.83630991 0.41608454 0.03264676
v -0.83652284 0.41612581 0.03268826
v -0.83607586 0.41667448 0.03333840
v -0.83629341 0.41670733 0.03336461
v -0.83606960 0.41737531 0.03397332
v -0.83585685 0.41734986 0.03392307
v -0.83586079 0.41812862 0.03447532
v -0.83564805 0.41810311 0.03442506
v -0.83545396 0.41891016 0.03483748
v -0.83566688 0.41895143 0.03487898
v -0.83584557 0.41896388 0.03490485
v -0.83603505 0.41816527 0.03450764
v -0.83600524 0.41900560 0.03490871
v -0.83619473 0.41820700 0.03451150
v -0.83583524 0.41986512 0.03519255
v -0.83567094 0.41983195 0.03520397
v -0.83552027 0.42073669 0.03538308
v -0.83568442 0.42075406 0.03538034
v -0.83579531 0.42077194 0.03533995
v -0.83594155 0.41989132 0.03516740
v -0.83573037 0.42167569 0.03533193
v -0.83567288 0.42167329 0.03540127
v -0.83557403 0.42257992 0.03536011
v -0.83563615 0.42257389 0.03527545
v -0.83550803 0.42347459 0.03518589
v -0.83556536 0.42346118 0.03512523
v -0.83553191 0.42431241 0.03483533
v -0.83547012 0.42435019 0.03490252
v -0.83552632 0.42512878 0.03444514
v -0.83546454 0.42516657 0.03451230
v -0.83548685 0.42594771 0.03402181
v -0.83554848 0.42589425 0.03396329
v -0.83559538 0.42582994 0.03388495
v -0.83564512 0.42652876 0.03332015
v -0.83559821 0.42659313 0.03339848
v -0.83554120 0.42663816 0.03344173
v -0.83543080 0.42666779 0.03345596
v -0.83537630 0.42596160 0.03404468
v -0.83521231 0.42596006 0.03403867
v -0.83526700 0.42668194 0.03344125
v -0.83534892 0.42730572 0.03277831
v -0.83551270 0.42729156 0.03279308
v -0.83546284 0.42783860 0.03202593
v -0.83562665 0.42782445 0.03204064
v -0.83528431 0.42784202 0.03199138
v -0.83517037 0.42730921 0.03274377
v -0.83495761 0.42728375 0.03269352
v -0.83507156 0.42781651 0.03194112
v -0.83520809 0.42825971 0.03113854
v -0.83542548 0.42827662 0.03117350
v -0.83537154 0.42857281 0.03028798
v -0.83558429 0.42859826 0.03033823
v -0.83577019 0.42880575 0.02944614
v -0.83555744 0.42878030 0.02939589
v -0.83597375 0.42890038 0.02853654
v -0.83576101 0.42887487 0.02848628
v -0.83597739 0.42884929 0.02758330
v -0.83618999 0.42885893 0.02764224
v -0.83620192 0.42869584 0.02671073
v -0.83641928 0.42871292 0.02674573
v -0.83665205 0.42844766 0.02589492
v -0.83643930 0.42842220 0.02584470
v -0.83688826 0.42806324 0.02508997
v -0.83667551 0.42803779 0.02503972
v -0.83691534 0.42755005 0.02427177
v -0.83712809 0.42757556 0.02432203
v -0.83729739 0.42758900 0.02438713
v -0.83706218 0.42806831 0.02513976
v -0.83745178 0.42757590 0.02444114
v -0.83721657 0.42805522 0.02519374
v -0.83731276 0.42801930 0.02524285
v -0.83754797 0.42754006 0.02449018
v -0.83735062 0.42794487 0.02529552
v -0.83758122 0.42747407 0.02455811
v -0.83781975 0.42681680 0.02396923
v -0.83780602 0.42690097 0.02389711
v -0.83802061 0.42624980 0.02331888
v -0.83802987 0.42619006 0.02339759
v -0.83801484 0.42610465 0.02350446
v -0.83822958 0.42546948 0.02291753
v -0.83821456 0.42538419 0.02302437
v -0.83839511 0.42463420 0.02264026
v -0.83819027 0.42531577 0.02316179
v -0.83837085 0.42456579 0.02277763
v -0.83855621 0.42382318 0.02236952
v -0.83852747 0.42377913 0.02251348
v -0.83866494 0.42296293 0.02234535
v -0.83863160 0.42292732 0.02250457
v -0.83874085 0.42211454 0.02245411
v -0.83859841 0.42290752 0.02265505
v -0.83847001 0.42369090 0.02280144
v -0.83849875 0.42373495 0.02265747
v -0.83834197 0.42450580 0.02293031
v -0.83831768 0.42443749 0.02306775
v -0.83815083 0.42514625 0.02341474
v -0.83829821 0.42437646 0.02318111
v -0.83844609 0.42365412 0.02292137
v -0.83827904 0.42434704 0.02327716
v -0.83812128 0.42502300 0.02360228
v -0.83813134 0.42508521 0.02352816
v -0.83795425 0.42571601 0.02395799
v -0.83794434 0.42566961 0.02402344
v -0.83775716 0.42623824 0.02452750
v -0.83791508 0.42562098 0.02408435
v -0.83773254 0.42618112 0.02457308
v -0.83753972 0.42666335 0.02514474
v -0.83809218 0.42499026 0.02365443
v -0.83806789 0.42496478 0.02368255
v -0.83822585 0.42430446 0.02334865
v -0.83825015 0.42433000 0.02332054
v -0.83836910 0.42359067 0.02310413
v -0.83839801 0.42360778 0.02306076
v -0.83852198 0.42284860 0.02292088
v -0.83849320 0.42284748 0.02295559
v -0.83832566 0.42357867 0.02311892
v -0.83844974 0.42283546 0.02297048
v -0.83836295 0.42282736 0.02299149
v -0.83824350 0.42356201 0.02312468
v -0.83818238 0.42429256 0.02336352
v -0.83826148 0.42280838 0.02299258
v -0.83814199 0.42354320 0.02312586
v -0.83816477 0.42279682 0.02296973
v -0.83836196 0.42206001 0.02294660
v -0.83826526 0.42204846 0.02292376
v -0.83807245 0.42239532 0.02295074
v -0.83816353 0.42164814 0.02294400
v -0.83834694 0.42130227 0.02295627
v -0.83823437 0.42116918 0.02297458
v -0.83823120 0.42091150 0.02303099
v -0.83826040 0.42055173 0.02308980
v -0.83822612 0.42128099 0.02295282
v -0.83820217 0.42128715 0.02296345
v -0.83823546 0.42087155 0.02303324
v -0.83825625 0.42060772 0.02307897
v -0.83840039 0.42055954 0.02310652
v -0.83826453 0.42049586 0.02310066
v -0.83827573 0.42021732 0.02319440
v -0.83830596 0.41990958 0.02331012
v -0.83829056 0.41983547 0.02332518
v -0.83833402 0.41984747 0.02331039
v -0.83830992 0.41983775 0.02332975
v -0.83827540 0.42018570 0.02321183
v -0.83831219 0.41915652 0.02366549
v -0.83829285 0.41915417 0.02366091
v -0.83829614 0.41852502 0.02405355
v -0.83825483 0.41822434 0.02429322
v -0.83829070 0.41845424 0.02411246
v -0.83832027 0.41853463 0.02403411
v -0.83825450 0.41819271 0.02431066
v -0.83829747 0.41914574 0.02364564
v -0.83827349 0.41915188 0.02365636
v -0.83827123 0.41983312 0.02332060
v -0.83824105 0.42054945 0.02308523
v -0.83823802 0.41985624 0.02336192
v -0.83818832 0.42055441 0.02313065
v -0.83815033 0.42057010 0.02319591
v -0.83817603 0.41987820 0.02343789
v -0.83811302 0.42060617 0.02333553
v -0.83812041 0.41996395 0.02362983
v -0.83808033 0.42063382 0.02345989
v -0.83807209 0.42074570 0.02343809
v -0.83761990 0.42196153 0.02499859
v -0.83766693 0.42150459 0.02503119
v -0.83756889 0.42154457 0.02551351
v -0.83752601 0.42194553 0.02549175
v -0.83749385 0.42193492 0.02580851
v -0.83753247 0.42157392 0.02582802
v -0.83750963 0.42195473 0.02599449
v -0.83754838 0.42160965 0.02600536
v -0.83758761 0.42161887 0.02609751
v -0.83754866 0.42194811 0.02609547
v -0.83750494 0.42227011 0.02611734
v -0.83746589 0.42227678 0.02601637
v -0.83745182 0.42259303 0.02617845
v -0.83741292 0.42261564 0.02606882
v -0.83754370 0.42259737 0.02622536
v -0.83759685 0.42227434 0.02616417
v -0.83772762 0.42229895 0.02621143
v -0.83767430 0.42260617 0.02628137
v -0.83761622 0.42290608 0.02637521
v -0.83748100 0.42290578 0.02633447
v -0.83754854 0.42319128 0.02651707
v -0.83741333 0.42319085 0.02647637
v -0.83770328 0.42320981 0.02655362
v -0.83776631 0.42293317 0.02642704
v -0.83794021 0.42293816 0.02647691
v -0.83787256 0.42322337 0.02661874
v -0.83779994 0.42348538 0.02679329
v -0.83763066 0.42347182 0.02672817
v -0.83772698 0.42371581 0.02698529
v -0.83755289 0.42369499 0.02694419
v -0.83785756 0.42372467 0.02704130
v -0.83793531 0.42350162 0.02682530
v -0.83805120 0.42349971 0.02686142
v -0.83797363 0.42373851 0.02706872
v -0.83789554 0.42392992 0.02730221
v -0.83777966 0.42393184 0.02726604
v -0.83781252 0.42409821 0.02756834
v -0.83769664 0.42410000 0.02753221
v -0.83790905 0.42409400 0.02759992
v -0.83799210 0.42392567 0.02733372
v -0.83804516 0.42390945 0.02738014
v -0.83796673 0.42406922 0.02763112
v -0.83808319 0.42385081 0.02742419
v -0.83800478 0.42401054 0.02767510
v -0.83804262 0.42393617 0.02772777
v -0.83811625 0.42376900 0.02750086
v -0.83804131 0.42380952 0.02779753
v -0.83811046 0.42366671 0.02757722
v -0.83810418 0.42351707 0.02767964
v -0.83803980 0.42366717 0.02787606
v -0.83797938 0.42374566 0.02809203
v -0.83797179 0.42392080 0.02803536
v -0.83791417 0.42381676 0.02833200
v -0.83790659 0.42399185 0.02827532
v -0.83792605 0.42360156 0.02839084
v -0.83787473 0.42364726 0.02858489
v -0.83789551 0.42338342 0.02863068
v -0.83785342 0.42341211 0.02879431
v -0.83787949 0.42320318 0.02878986
v -0.83781528 0.42336924 0.02897749
v -0.83777565 0.42363528 0.02901032
v -0.83782305 0.42366131 0.02879649
v -0.83773257 0.42356909 0.02922624
v -0.83778178 0.42331770 0.02914538
v -0.83786413 0.42308627 0.02891413
v -0.83783953 0.42298622 0.02906898
v -0.83791099 0.42261350 0.02895547
v -0.83779709 0.42298340 0.02925006
v -0.83785041 0.42267618 0.02918012
v -0.83802220 0.42199061 0.02880048
v -0.83786210 0.42244514 0.02924776
v -0.83776771 0.42287597 0.02942886
v -0.83775979 0.42301947 0.02938968
v -0.83769443 0.42307478 0.02963829
v -0.83771457 0.42319900 0.02949006
v -0.83774362 0.42327481 0.02932863
v -0.83769426 0.42351040 0.02941818
v -0.83765561 0.42341994 0.02962758
v -0.83763534 0.42327972 0.02978452
v -0.83761486 0.42312379 0.02995023
v -0.83768352 0.42293348 0.02975608
v -0.83766801 0.42280076 0.02988904
v -0.83774146 0.42261783 0.02967088
v -0.83771255 0.42255796 0.02982358
v -0.83781885 0.42236314 0.02947237
v -0.83773928 0.42241222 0.02978432
v -0.83766468 0.42248438 0.03006351
v -0.83767690 0.42230081 0.03010486
v -0.83760688 0.42236465 0.03036886
v -0.83768447 0.42212573 0.03016154
v -0.83762356 0.42215671 0.03040367
v -0.83770145 0.42194952 0.03017899
v -0.83764022 0.42194881 0.03043855
v -0.83767552 0.42172301 0.03040361
v -0.83772785 0.42177222 0.03015715
v -0.83771100 0.42151284 0.03035992
v -0.83776367 0.42159368 0.03009603
v -0.83779470 0.42140788 0.03005888
v -0.83775128 0.42131006 0.03029223
v -0.83783069 0.42124523 0.02998897
v -0.83779617 0.42109890 0.03020929
v -0.83784634 0.42094244 0.03007620
v -0.83787163 0.42110570 0.02988642
v -0.83789653 0.42078606 0.02994307
v -0.83791750 0.42098943 0.02975119
v -0.83796323 0.42085729 0.02962463
v -0.83795149 0.42063691 0.02978603
v -0.83800912 0.42074096 0.02948938
v -0.83800678 0.42051960 0.02961147
v -0.83806241 0.42043373 0.02941950
v -0.83805568 0.42068790 0.02931916
v -0.83801109 0.42093087 0.02938470
v -0.83804445 0.42096649 0.02922548
v -0.83801492 0.42129456 0.02918415
v -0.83806263 0.42135220 0.02895295
v -0.83812222 0.42119469 0.02878060
v -0.83813310 0.42088460 0.02889173
v -0.83816975 0.42078514 0.02878701
v -0.83814891 0.42059775 0.02897024
v -0.83819581 0.42057633 0.02878258
v -0.83817451 0.42034119 0.02899193
v -0.83811838 0.42037962 0.02921007
v -0.83810238 0.42065069 0.02914038
v -0.83822601 0.42031139 0.02878903
v -0.83827356 0.42035322 0.02856657
v -0.83823377 0.42060351 0.02860810
v -0.83831186 0.42041203 0.02837466
v -0.83826746 0.42067076 0.02843139
v -0.83818034 0.42089481 0.02868665
v -0.83820492 0.42099485 0.02853185
v -0.83813824 0.42137493 0.02862142
v -0.83824735 0.42099766 0.02835083
v -0.83819882 0.42131239 0.02839673
v -0.83818249 0.42155185 0.02834440
v -0.83827691 0.42112092 0.02816323
v -0.83828944 0.42096897 0.02818720
v -0.83835003 0.42090630 0.02796249
v -0.83833466 0.42078943 0.02808683
v -0.83830098 0.42072219 0.02826348
v -0.83835495 0.42047823 0.02815868
v -0.83838898 0.42057705 0.02796459
v -0.83841390 0.42070873 0.02779230
v -0.83842957 0.42085739 0.02765062
v -0.83836092 0.42104757 0.02784481
v -0.83838107 0.42117188 0.02769648
v -0.83830777 0.42137068 0.02790596
v -0.83833650 0.42141473 0.02776200
v -0.83823019 0.42160948 0.02811326
v -0.83830995 0.42157622 0.02779256
v -0.83838438 0.42148824 0.02752212
v -0.83836756 0.42168025 0.02749598
v -0.83843755 0.42161654 0.02723199
v -0.83835995 0.42185551 0.02743933
v -0.83842568 0.42183174 0.02717316
v -0.83834778 0.42203891 0.02739789
v -0.83840439 0.42204806 0.02715360
v -0.83837368 0.42226560 0.02717334
v -0.83845161 0.42205825 0.02694857
v -0.83842106 0.42229161 0.02695956
v -0.83833341 0.42246833 0.02724102
v -0.83837650 0.42253453 0.02702504
v -0.83833194 0.42277739 0.02709053
v -0.83836085 0.42283719 0.02693788
v -0.83841001 0.42258596 0.02685713
v -0.83845443 0.42232724 0.02680029
v -0.83843874 0.42263001 0.02671317
v -0.83848297 0.42235559 0.02666509
v -0.83849403 0.42206119 0.02676751
v -0.83852226 0.42205779 0.02664973
v -0.83855228 0.42177716 0.02666494
v -0.83851943 0.42178899 0.02679799
v -0.83847734 0.42181768 0.02696162
v -0.83849352 0.42156236 0.02702255
v -0.83854022 0.42152509 0.02684376
v -0.83855161 0.42126245 0.02692872
v -0.83850523 0.42133134 0.02709014
v -0.83844942 0.42140139 0.02729084
v -0.83851213 0.42109292 0.02718172
v -0.83845667 0.42119462 0.02736494
v -0.83844544 0.42102169 0.02750017
v -0.83839196 0.42131317 0.02757874
v -0.83850074 0.42090425 0.02732564
v -0.83848456 0.42070827 0.02749346
v -0.83854663 0.42078793 0.02719034
v -0.83853043 0.42059200 0.02735823
v -0.83855371 0.42101684 0.02704428
v -0.83859071 0.42094902 0.02692207
v -0.83858413 0.42121899 0.02681310
v -0.83857289 0.42149757 0.02671942
v -0.83856212 0.42145791 0.02660995
v -0.83857333 0.42117951 0.02670366
v -0.83855313 0.42114103 0.02663338
v -0.83853748 0.42144368 0.02654624
v -0.83850454 0.42113288 0.02658038
v -0.83849351 0.42142710 0.02647796
v -0.83840141 0.42140711 0.02643988
v -0.83841247 0.42111278 0.02654226
v -0.83850616 0.42083969 0.02672216
v -0.83841409 0.42081966 0.02668399
v -0.83830103 0.42109044 0.02649959
v -0.83830267 0.42079720 0.02664130
v -0.83816728 0.42078102 0.02660930
v -0.83816565 0.42107420 0.02646758
v -0.83799783 0.42075170 0.02655294
v -0.83799617 0.42104493 0.02641128
v -0.83784145 0.42102640 0.02637473
v -0.83784771 0.42072474 0.02650112
v -0.83771069 0.42100172 0.02632746
v -0.83771695 0.42070012 0.02645386
v -0.83762489 0.42067996 0.02641572
v -0.83762340 0.42098900 0.02626532
v -0.83758995 0.42063075 0.02632564
v -0.83758849 0.42093967 0.02617528
v -0.83757223 0.42087237 0.02601538
v -0.83757816 0.42053901 0.02615925
v -0.83756559 0.42023975 0.02636423
v -0.83758219 0.42033863 0.02650663
v -0.83754378 0.41995716 0.02659976
v -0.83756071 0.42008780 0.02672469
v -0.83758300 0.41974536 0.02636587
v -0.83760977 0.42005096 0.02609762
v -0.83771456 0.41975674 0.02571563
v -0.83768731 0.41940372 0.02600994
v -0.83805496 0.41821376 0.02479414
v -0.83793596 0.41854465 0.02513011
v -0.83806059 0.41830023 0.02472646
v -0.83810734 0.41871431 0.02431868
v -0.83800245 0.41769742 0.02527816
v -0.83804459 0.41811993 0.02488564
v -0.83808699 0.41812286 0.02470464
v -0.83805262 0.41754103 0.02514508
v -0.83812362 0.41802357 0.02459995
v -0.83811408 0.41747168 0.02509533
v -0.83816130 0.41797607 0.02455212
v -0.83822427 0.41854340 0.02408564
v -0.83816261 0.41859691 0.02414423
v -0.83824030 0.41917496 0.02369759
v -0.83817387 0.41922116 0.02378013
v -0.83812766 0.41930586 0.02393281
v -0.83795900 0.42074335 0.02391795
v -0.83808380 0.42051469 0.02350561
v -0.83772318 0.42057932 0.02526217
v -0.83761722 0.42076282 0.02570526
v -0.83759777 0.42115312 0.02558974
v -0.83755707 0.42122260 0.02590204
v -0.83772812 0.42015108 0.02545833
v -0.83761804 0.42039052 0.02589051
v -0.83757316 0.42127409 0.02607062
v -0.83761254 0.42129905 0.02615413
v -0.83769981 0.42131182 0.02621627
v -0.83767492 0.42163147 0.02615962
v -0.83780567 0.42165621 0.02620688
v -0.83783057 0.42133656 0.02626352
v -0.83796040 0.42167475 0.02624343
v -0.83798068 0.42136353 0.02631537
v -0.83815476 0.42138441 0.02635648
v -0.83812967 0.42168823 0.02630863
v -0.83792606 0.42199561 0.02622614
v -0.83809536 0.42200906 0.02629121
v -0.83805162 0.42233098 0.02631312
v -0.83788218 0.42230167 0.02625673
v -0.83777133 0.42197708 0.02618958
v -0.83800310 0.42264558 0.02635906
v -0.83782903 0.42262470 0.02631792
v -0.83813370 0.42265451 0.02641500
v -0.83818702 0.42234717 0.02634510
v -0.83829845 0.42236950 0.02638779
v -0.83824975 0.42266841 0.02644243
v -0.83819150 0.42295244 0.02654500
v -0.83807560 0.42295441 0.02650889
v -0.83812382 0.42323757 0.02668691
v -0.83800793 0.42323961 0.02665075
v -0.83821575 0.42324187 0.02673369
v -0.83828341 0.42295667 0.02659183
v -0.83833202 0.42296477 0.02664478
v -0.83826881 0.42322565 0.02678012
v -0.83820080 0.42347921 0.02693947
v -0.83814772 0.42349549 0.02689305
v -0.83812307 0.42370222 0.02715540
v -0.83807016 0.42373430 0.02710029
v -0.83815663 0.42366789 0.02720603
v -0.83822959 0.42343746 0.02701398
v -0.83825819 0.42338001 0.02709725
v -0.83818969 0.42358607 0.02728270
v -0.83824316 0.42329465 0.02720414
v -0.83817927 0.42349234 0.02737434
v -0.83816376 0.42335949 0.02750734
v -0.83822780 0.42317774 0.02732841
v -0.83814789 0.42319519 0.02765779
v -0.83820287 0.42304606 0.02750069
v -0.83817282 0.42287536 0.02771441
v -0.83821855 0.42274322 0.02758785
v -0.83818914 0.42263597 0.02776668
v -0.83825435 0.42256487 0.02752671
v -0.83819689 0.42247664 0.02781467
v -0.83813500 0.42241267 0.02810908
v -0.83814669 0.42218171 0.02817664
v -0.83820628 0.42202414 0.02800428
v -0.83818565 0.42185227 0.02817877
v -0.83828536 0.42192762 0.02771850
v -0.83830054 0.42202871 0.02760297
v -0.83825928 0.42213661 0.02772296
v -0.83831673 0.42222483 0.02743506
v -0.83828554 0.42239482 0.02748089
v -0.83829794 0.42267838 0.02728465
v -0.83821851 0.42229195 0.02781677
v -0.83828352 0.42175370 0.02781447
v -0.83807424 0.42245952 0.02834254
v -0.83815168 0.42265617 0.02791504
v -0.83810085 0.42274931 0.02808298
v -0.83812694 0.42299169 0.02784966
v -0.83806486 0.42291203 0.02815284
v -0.83808138 0.42313966 0.02796747
v -0.83809293 0.42334426 0.02781489
v -0.83803549 0.42325605 0.02810272
v -0.83803782 0.42347746 0.02798065
v -0.83798203 0.42354732 0.02818139
v -0.83798894 0.42330898 0.02827293
v -0.83803349 0.42306618 0.02820747
v -0.83800478 0.42302202 0.02835135
v -0.83802967 0.42270243 0.02840801
v -0.83798642 0.42262042 0.02863268
v -0.83792702 0.42279369 0.02879628
v -0.83791596 0.42308803 0.02869384
v -0.83796217 0.42300338 0.02854118
v -0.83794205 0.42333042 0.02846052
v -0.83825288 0.42287372 0.02737634
v -0.83828227 0.42298116 0.02719748
v -0.83830686 0.42308120 0.02704269
v -0.83832174 0.42315069 0.02694447
v -0.83838495 0.42288979 0.02680920
v -0.83841924 0.42265479 0.02660804
v -0.83836098 0.42293888 0.02671062
v -0.83839013 0.42266480 0.02655094
v -0.83844342 0.42235757 0.02648106
v -0.83846792 0.42235600 0.02655345
v -0.83848269 0.42205995 0.02646573
v -0.83850718 0.42205837 0.02653812
v -0.83853707 0.42176175 0.02656199
v -0.83851719 0.42175489 0.02647433
v -0.83843410 0.42205181 0.02641271
v -0.83846858 0.42174693 0.02642134
v -0.83837648 0.42172688 0.02638325
v -0.83834218 0.42204763 0.02636588
v -0.83826506 0.42170441 0.02634063
v -0.83823074 0.42202530 0.02632322
v -0.83828535 0.42139321 0.02641248
v -0.83839038 0.42237380 0.02643457
v -0.83834166 0.42267264 0.02648926
v -0.83829775 0.42319983 0.02684596
v -0.83764059 0.42195229 0.02614226
v -0.83855496 0.42086349 0.02676638
v -0.83857514 0.42090209 0.02683662
v -0.83827855 0.42127919 0.02807604
v -0.83808226 0.42097773 0.02905972
v -0.83797481 0.42151316 0.02924310
v -0.83791423 0.42157577 0.02946780
v -0.83789738 0.42131645 0.02967059
v -0.83786006 0.42135266 0.02981017
v -0.83784753 0.42150454 0.02978625
v -0.83790253 0.42180680 0.02940022
v -0.83782590 0.42168928 0.02978413
v -0.83778515 0.42184451 0.02987791
v -0.83784292 0.42196448 0.02957261
v -0.83785896 0.42214461 0.02941337
v -0.83775927 0.42206927 0.02987359
v -0.83774867 0.42195972 0.02997394
v -0.83776090 0.42222754 0.02978639
v -0.83794362 0.42123177 0.02951780
v -0.83798436 0.42107660 0.02942402
v -0.83759500 0.42257985 0.03031002
v -0.83765709 0.42265952 0.03000684
v -0.83759239 0.42277801 0.03022063
v -0.83759900 0.42295936 0.03010073
v -0.83776588 0.42270207 0.02952477
v -0.83790423 0.42135957 0.02383739
v -0.83829103 0.41848600 0.02409499
v -0.83843284 0.41916198 0.02367765
v -0.83828473 0.41883054 0.02385934
v -0.83829171 0.41949486 0.02349302
v -0.83843057 0.41984321 0.02334192
v -0.83853419 0.41916511 0.02368518
v -0.83853189 0.41984639 0.02334952
v -0.83863323 0.41984939 0.02335705
v -0.83864014 0.41915974 0.02367747
v -0.83871522 0.41985022 0.02336010
v -0.83872211 0.41916056 0.02368051
v -0.83877004 0.41914821 0.02365909
v -0.83876329 0.41985387 0.02332996
v -0.83879860 0.41913367 0.02363321
v -0.83879189 0.41983917 0.02330396
v -0.83882972 0.41980767 0.02324742
v -0.83883646 0.41910200 0.02357661
v -0.83883841 0.41838913 0.02392977
v -0.83885955 0.41905970 0.02350028
v -0.83885301 0.41978108 0.02316233
v -0.83889191 0.41900044 0.02339335
v -0.83888551 0.41973760 0.02304677
v -0.83881853 0.42053739 0.02292483
v -0.83885120 0.42050987 0.02280050
v -0.83879347 0.42129273 0.02264803
v -0.83883110 0.42128828 0.02249098
v -0.83886859 0.42126790 0.02234265
v -0.83893061 0.42044491 0.02249727
v -0.83889315 0.42046524 0.02264559
v -0.83892265 0.41968571 0.02291589
v -0.83896443 0.41962527 0.02276968
v -0.83892889 0.41893266 0.02327121
v -0.83897050 0.41885640 0.02313373
v -0.83894881 0.41813842 0.02358950
v -0.83890741 0.41823040 0.02371812
v -0.83887075 0.41832985 0.02382290
v -0.83882185 0.41771005 0.02434408
v -0.83886297 0.41758635 0.02423272
v -0.83878651 0.41703321 0.02483680
v -0.83889960 0.41748707 0.02412803
v -0.83882297 0.41691804 0.02474084
v -0.83871879 0.41641576 0.02543646
v -0.83859216 0.41601901 0.02617361
v -0.83862368 0.41588067 0.02611029
v -0.83846979 0.41558219 0.02691299
v -0.83864594 0.41575936 0.02607758
v -0.83849190 0.41544501 0.02688895
v -0.83864922 0.41566714 0.02602285
v -0.83849039 0.41534549 0.02685819
v -0.83846970 0.41525955 0.02681414
v -0.83862854 0.41558116 0.02597874
v -0.83838188 0.41519950 0.02677820
v -0.83854537 0.41551250 0.02592751
v -0.83839511 0.41546972 0.02588438
v -0.83823148 0.41514080 0.02674374
v -0.83822545 0.41542463 0.02583683
v -0.83806186 0.41509554 0.02669610
v -0.83784912 0.41507009 0.02664582
v -0.83801271 0.41539912 0.02578654
v -0.83765571 0.41504693 0.02660012
v -0.83747442 0.41483100 0.02747695
v -0.83730035 0.41481012 0.02743581
v -0.83709697 0.41473139 0.02833662
v -0.83727103 0.41475226 0.02837775
v -0.83705463 0.41477784 0.02928079
v -0.83688056 0.41475702 0.02923966
v -0.83682533 0.41492397 0.03017732
v -0.83665125 0.41490315 0.03013619
v -0.83641851 0.41516829 0.03098698
v -0.83659259 0.41518911 0.03102811
v -0.83617767 0.41556113 0.03180728
v -0.83635174 0.41558195 0.03184841
v -0.83611651 0.41606138 0.03260106
v -0.83594244 0.41604050 0.03255992
v -0.83588246 0.41665132 0.03329270
v -0.83570838 0.41663050 0.03325157
v -0.83548936 0.41730587 0.03383627
v -0.83566344 0.41732669 0.03387740
v -0.83528056 0.41805912 0.03433826
v -0.83545464 0.41807994 0.03437938
v -0.83526055 0.41888699 0.03479180
v -0.83508647 0.41886617 0.03475068
v -0.83508592 0.41975507 0.03509089
v -0.83527933 0.41977823 0.03513657
v -0.83512867 0.42068298 0.03531568
v -0.83534604 0.42070001 0.03535063
v -0.83549209 0.41980368 0.03518684
v -0.83521912 0.42162571 0.03541861
v -0.83500637 0.42160026 0.03536833
v -0.83490771 0.42252266 0.03531836
v -0.83512045 0.42254817 0.03536864
v -0.83529916 0.42256044 0.03539446
v -0.83539782 0.42163816 0.03544442
v -0.83546328 0.42257790 0.03539183
v -0.83556196 0.42165546 0.03544174
v -0.83539730 0.42347258 0.03521758
v -0.83523331 0.42347104 0.03521157
v -0.83519541 0.42434658 0.03492819
v -0.83535936 0.42434824 0.03493422
v -0.83518538 0.42518714 0.03454451
v -0.83534933 0.42518880 0.03455057
v -0.83500669 0.42517469 0.03451866
v -0.83501670 0.42433425 0.03490234
v -0.83479933 0.42431723 0.03486736
v -0.83479393 0.42514924 0.03446841
v -0.83481640 0.42594646 0.03396916
v -0.83503379 0.42596342 0.03400414
v -0.83487093 0.42665259 0.03338044
v -0.83508828 0.42666967 0.03341540
v -0.83467752 0.42662943 0.03333473
v -0.83476420 0.42726058 0.03264785
v -0.83459013 0.42723977 0.03260672
v -0.83470409 0.42777246 0.03185431
v -0.83453002 0.42775165 0.03181319
v -0.83484062 0.42821567 0.03105173
v -0.83501469 0.42823649 0.03109285
v -0.83487816 0.42779334 0.03189545
v -0.83517813 0.42854964 0.03024231
v -0.83500405 0.42852882 0.03020118
v -0.83466654 0.42819485 0.03101060
v -0.83482999 0.42850794 0.03016005
v -0.83461723 0.42848249 0.03010977
v -0.83501589 0.42871544 0.02926796
v -0.83480314 0.42868999 0.02921768
v -0.83521946 0.42881001 0.02835835
v -0.83500670 0.42878456 0.02830807
v -0.83522310 0.42875891 0.02740508
v -0.83543585 0.42878442 0.02745537
v -0.83560992 0.42880524 0.02749649
v -0.83539353 0.42883088 0.02839948
v -0.83578398 0.42882612 0.02753763
v -0.83556760 0.42885170 0.02844061
v -0.83536403 0.42875713 0.02935022
v -0.83518996 0.42873631 0.02930909
v -0.83600850 0.42867273 0.02666507
v -0.83583443 0.42865185 0.02662393
v -0.83607181 0.42837816 0.02575786
v -0.83624589 0.42839898 0.02579898
v -0.83630803 0.42799374 0.02495288
v -0.83648210 0.42801462 0.02499402
v -0.83672194 0.42752689 0.02422607
v -0.83654786 0.42750607 0.02418494
v -0.83613396 0.42797293 0.02491176
v -0.83637380 0.42748519 0.02414381
v -0.83616104 0.42745974 0.02409356
v -0.83592120 0.42794747 0.02486151
v -0.83661430 0.42621006 0.02280847
v -0.83682706 0.42623558 0.02285870
v -0.83639046 0.42687816 0.02341723
v -0.83660322 0.42690367 0.02346749
v -0.83677729 0.42692449 0.02350861
v -0.83700113 0.42625640 0.02289982
v -0.83695136 0.42694537 0.02354975
v -0.83717520 0.42627727 0.02294096
v -0.83736860 0.42630044 0.02298666
v -0.83714476 0.42696853 0.02359545
v -0.83758120 0.42631008 0.02304560
v -0.83735752 0.42699398 0.02364570
v -0.83753143 0.42699905 0.02369552
v -0.83775047 0.42632369 0.02311076
v -0.83768119 0.42699438 0.02376482
v -0.83790041 0.42633485 0.02317126
v -0.83799182 0.42629156 0.02324435
v -0.83777281 0.42696693 0.02382905
v -0.83822494 0.42552078 0.02282353
v -0.83820080 0.42555400 0.02273366
v -0.83839028 0.42475552 0.02233640
v -0.83841441 0.42472230 0.02242634
v -0.83841443 0.42467942 0.02253559
v -0.83858013 0.42385997 0.02224958
v -0.83857995 0.42388702 0.02214908
v -0.83872636 0.42302223 0.02196772
v -0.83872190 0.42300372 0.02208357
v -0.83869812 0.42298287 0.02219478
v -0.83884452 0.42211806 0.02201354
v -0.83881167 0.42212989 0.02214659
v -0.83890606 0.42124764 0.02219428
v -0.83877849 0.42211010 0.02229706
v -0.83896792 0.42040884 0.02235765
v -0.83893891 0.42123581 0.02206124
v -0.83900060 0.42038119 0.02223335
v -0.83903871 0.41952142 0.02250791
v -0.83900617 0.41956500 0.02262355
v -0.83904444 0.41872098 0.02288941
v -0.83901209 0.41878026 0.02299628
v -0.83899027 0.41804636 0.02346071
v -0.83902243 0.41797131 0.02336260
v -0.83893624 0.41738773 0.02402327
v -0.83896825 0.41729681 0.02393389
v -0.83889114 0.41668029 0.02457280
v -0.83889457 0.41660409 0.02450931
v -0.83897632 0.41721206 0.02385508
v -0.83896060 0.41714921 0.02377830
v -0.83887405 0.41653385 0.02445656
v -0.83878542 0.41607859 0.02523774
v -0.83876489 0.41600847 0.02518495
v -0.83879567 0.41647263 0.02438133
v -0.83868173 0.41593988 0.02513367
v -0.83853610 0.41588855 0.02507526
v -0.83864540 0.41642985 0.02433820
v -0.83836665 0.41585924 0.02501887
v -0.83847595 0.41640054 0.02428181
v -0.83826783 0.41636653 0.02421628
v -0.83815389 0.41583379 0.02496862
v -0.83781931 0.41537596 0.02574084
v -0.83796048 0.41581062 0.02492291
v -0.83807441 0.41634337 0.02417057
v -0.83778641 0.41578975 0.02488178
v -0.83790035 0.41632249 0.02412944
v -0.83815631 0.41696727 0.02350765
v -0.83798224 0.41694640 0.02346651
v -0.83803693 0.41766835 0.02286905
v -0.83821101 0.41768917 0.02291017
v -0.83805925 0.41844963 0.02237852
v -0.83823331 0.41847050 0.02241965
v -0.83822807 0.41931845 0.02201199
v -0.83805399 0.41929763 0.02197086
v -0.83819016 0.42019392 0.02172866
v -0.83801608 0.42017310 0.02168754
v -0.83795025 0.42108372 0.02150453
v -0.83812434 0.42110454 0.02154566
v -0.83785158 0.42200604 0.02145467
v -0.83802566 0.42202686 0.02149576
v -0.83789876 0.42295259 0.02156362
v -0.83772469 0.42293171 0.02152248
v -0.83774791 0.42384150 0.02175153
v -0.83757384 0.42382062 0.02171040
v -0.83740386 0.42468028 0.02199414
v -0.83722978 0.42465946 0.02195301
v -0.83739977 0.42379980 0.02166927
v -0.83718702 0.42377429 0.02161901
v -0.83701703 0.42463395 0.02190275
v -0.79275832 0.41091614 0.01346479
v -0.79284021 0.41154004 0.01280187
v -0.79258878 0.41150997 0.01274244
v -0.79250688 0.41088606 0.01340536
v -0.83712628 0.41478930 0.02739472
v -0.83709481 0.41497972 0.02646763
v -0.83691353 0.41476379 0.02734446
v -0.83692289 0.41471056 0.02829552
v -0.83748164 0.41502605 0.02655898
v -0.83730757 0.41500523 0.02651789
v -0.83747115 0.41533432 0.02565861
v -0.83764523 0.41535514 0.02569971
v -0.83761235 0.41576893 0.02484066
v -0.83725840 0.41530880 0.02560836
v -0.83671014 0.41468505 0.02824527
v -0.83649373 0.41471068 0.02914831
v -0.83670650 0.41473614 0.02919853
v -0.83626443 0.41485681 0.03004484
v -0.83647720 0.41488227 0.03009506
v -0.83624444 0.41514741 0.03094585
v -0.83603168 0.41512196 0.03089560
v -0.83600360 0.41554025 0.03176615
v -0.83579084 0.41551480 0.03171590
v -0.83555562 0.41599417 0.03246854
v -0.83576838 0.41601968 0.03251880
v -0.83532156 0.41658417 0.03316019
v -0.83553432 0.41660963 0.03321044
v -0.83531531 0.41728500 0.03379514
v -0.83510255 0.41725955 0.03374486
v -0.83510650 0.41803824 0.03429713
v -0.83489375 0.41801279 0.03424685
v -0.83469966 0.41881985 0.03465927
v -0.83491242 0.41884530 0.03470955
v -0.83452503 0.41968792 0.03495838
v -0.83473778 0.41971337 0.03500866
v -0.83458711 0.42061811 0.03518777
v -0.83491184 0.41973424 0.03504980
v -0.83476119 0.42063894 0.03522887
v -0.83493526 0.42065982 0.03527000
v -0.83463889 0.42155621 0.03528152
v -0.83446482 0.42153540 0.03524040
v -0.83454023 0.42247868 0.03523153
v -0.83471430 0.42249956 0.03527266
v -0.83481297 0.42157710 0.03532263
v -0.83464369 0.42340266 0.03511370
v -0.83483711 0.42342577 0.03515939
v -0.83460593 0.42429407 0.03482165
v -0.83443186 0.42427319 0.03478052
v -0.83442645 0.42510526 0.03438159
v -0.83425240 0.42508438 0.03434045
v -0.83444893 0.42590248 0.03388233
v -0.83462300 0.42592330 0.03392346
v -0.83460054 0.42512608 0.03442271
v -0.83450346 0.42660855 0.03329360
v -0.83427486 0.42588166 0.03384121
v -0.83432938 0.42658773 0.03325248
v -0.83411662 0.42656228 0.03320223
v -0.83441607 0.42721889 0.03256559
v -0.83420331 0.42719344 0.03251531
v -0.83445379 0.42816934 0.03096032
v -0.83431726 0.42772620 0.03176291
v -0.78850120 0.42247409 0.02001822
v -0.78867218 0.42260282 0.02010534
v -0.78853580 0.42217561 0.02089920
v -0.78836483 0.42204690 0.02081203
v -0.78829417 0.42186915 0.02067555
v -0.78842559 0.42227329 0.01991440
v -0.78866005 0.42279570 0.01918282
v -0.78857963 0.42258763 0.01910302
v -0.78875131 0.42278889 0.01827428
v -0.78884097 0.42298011 0.01832350
v -0.78901689 0.42313202 0.01837798
v -0.78894515 0.42285288 0.01742137
v -0.78903512 0.42307585 0.01745318
v -0.78921564 0.42321931 0.01749245
v -0.78924674 0.42304276 0.01657419
v -0.78914751 0.42283684 0.01657293
v -0.78946663 0.42289794 0.01571685
v -0.78936278 0.42270046 0.01573086
v -0.78958612 0.42243635 0.01491939
v -0.78969477 0.42264103 0.01488141
v -0.78988933 0.42277503 0.01486604
v -0.78965658 0.42304017 0.01571683
v -0.78943190 0.42317781 0.01659809
v -0.83568500 0.42833183 0.02566648
v -0.83589775 0.42835734 0.02571674
v -0.83544761 0.42860553 0.02653252
v -0.83566037 0.42863098 0.02658280
v -0.79044098 0.42321536 0.01589985
v -0.79069240 0.42324551 0.01595926
v -0.79046789 0.42339889 0.01683182
v -0.79015695 0.42179437 0.01335426
v -0.79035614 0.42191981 0.01332364
v -0.79012093 0.42239905 0.01407632
v -0.78992635 0.42226524 0.01409166
v -0.78980848 0.42207724 0.01416020
v -0.79003446 0.42161493 0.01343805
v -0.79038175 0.42122127 0.01269326
v -0.79025019 0.42107465 0.01279879
v -0.79046016 0.42043199 0.01223581
v -0.79060095 0.42056173 0.01209976
v -0.79080461 0.42066294 0.01206250
v -0.79058556 0.42133829 0.01264732
v -0.79116048 0.41821459 0.01092120
v -0.79137302 0.41826735 0.01087092
v -0.79120303 0.41912688 0.01115470
v -0.79099014 0.41904260 0.01122249
v -0.79084040 0.41896152 0.01137173
v -0.79100613 0.41814195 0.01108570
v -0.79114789 0.41728582 0.01091967
v -0.79130208 0.41734259 0.01076389
v -0.79152387 0.41737830 0.01068308
v -0.79164632 0.41647682 0.01062180
v -0.79142450 0.41644123 0.01070262
v -0.79151889 0.41555898 0.01075032
v -0.79174038 0.41556294 0.01068693
v -0.83415340 0.42243234 0.03514018
v -0.83425207 0.42150988 0.03519014
v -0.83437436 0.42059267 0.03513749
v -0.83436616 0.42245786 0.03519044
v -0.83408279 0.42333545 0.03498121
v -0.83429555 0.42336097 0.03503144
v -0.83446963 0.42338179 0.03507257
v -0.83425779 0.42425238 0.03473939
v -0.83404504 0.42422686 0.03468913
v -0.83406211 0.42585615 0.03379095
v -0.83403964 0.42505893 0.03429020
v -0.78842185 0.42164285 0.02165160
v -0.78833994 0.42101907 0.02231455
v -0.78817395 0.42091344 0.02219460
v -0.78825586 0.42153710 0.02153170
v -0.78818981 0.42135105 0.02137992
v -0.78810824 0.42075883 0.02202542
v -0.78818644 0.42116331 0.02122654
v -0.78810979 0.42059441 0.02183937
v -0.78818858 0.42042333 0.02168024
v -0.78826038 0.42098507 0.02109151
v -0.78829044 0.42164997 0.02053961
v -0.78835946 0.42144835 0.02043727
v -0.78848132 0.42183772 0.01972407
v -0.78841709 0.42204660 0.01980244
v -0.78862560 0.42212159 0.01896947
v -0.78856153 0.42234628 0.01903915
v -0.78873306 0.42253174 0.01821904
v -0.78878757 0.42229230 0.01819731
v -0.78891762 0.42261283 0.01739675
v -0.78896273 0.42237444 0.01741429
v -0.78915556 0.42234353 0.01661373
v -0.78911062 0.42259775 0.01658745
v -0.78935216 0.42222516 0.01584158
v -0.78932110 0.42245396 0.01576943
v -0.78953521 0.42220673 0.01498846
v -0.78955683 0.42197923 0.01509988
v -0.78974829 0.42186472 0.01425989
v -0.78976533 0.42164554 0.01438649
v -0.78997281 0.42121708 0.01372544
v -0.78996502 0.42141934 0.01356828
v -0.79017483 0.42071802 0.01312336
v -0.79017614 0.42088743 0.01294427
v -0.79037702 0.42027755 0.01240317
v -0.79037110 0.42011659 0.01259744
v -0.79056766 0.41958971 0.01194493
v -0.79055265 0.41946156 0.01216102
v -0.79072412 0.41874436 0.01179878
v -0.79074360 0.41884829 0.01157605
v -0.79065984 0.41971151 0.01175580
v -0.79087646 0.41799777 0.01153246
v -0.79090023 0.41806151 0.01131188
v -0.79103769 0.41724543 0.01114378
v -0.79100486 0.41721439 0.01138607
v -0.79115139 0.41640840 0.01108680
v -0.79111412 0.41640155 0.01133567
v -0.79119992 0.41559954 0.01137904
v -0.79124150 0.41556622 0.01113233
v -0.79135582 0.41555059 0.01091918
v -0.79126141 0.41643296 0.01087150
v -0.79158489 0.41466418 0.01092458
v -0.79142214 0.41468754 0.01107598
v -0.79145592 0.41386788 0.01134849
v -0.79162298 0.41380453 0.01119916
v -0.79184890 0.41378423 0.01112925
v -0.79181097 0.41465982 0.01084595
v -0.79185433 0.41295205 0.01152816
v -0.79162857 0.41298817 0.01158933
v -0.79160639 0.41222268 0.01207126
v -0.79183216 0.41218658 0.01201000
v -0.79155205 0.41153237 0.01265124
v -0.79177764 0.41148043 0.01259879
v -0.79169113 0.41086511 0.01327687
v -0.79147031 0.41092440 0.01330543
v -0.79158181 0.41032378 0.01401405
v -0.79136115 0.41039890 0.01403387
v -0.79122494 0.40998751 0.01481899
v -0.79144542 0.40989658 0.01480792
v -0.79107075 0.40965737 0.01563899
v -0.79128180 0.40956759 0.01566727
v -0.79110071 0.40936737 0.01653533
v -0.79088964 0.40945713 0.01650712
v -0.79090194 0.40928020 0.01742088
v -0.79069087 0.40936996 0.01739266
v -0.79048387 0.40939449 0.01825643
v -0.79068554 0.40930584 0.01832386
v -0.78811960 0.42022299 0.02277468
v -0.78828544 0.42031282 0.02290325
v -0.78826311 0.41953153 0.02339384
v -0.78809743 0.41945751 0.02325655
v -0.78803223 0.41935049 0.02306113
v -0.78805883 0.42009178 0.02257272
v -0.78803891 0.41922502 0.02283363
v -0.78806057 0.41994311 0.02237791
v -0.78813966 0.41980371 0.02220142
v -0.78811833 0.41911725 0.02263967
v -0.78824837 0.41970163 0.02205582
v -0.78822721 0.41903098 0.02248536
v -0.78835624 0.41898343 0.02240137
v -0.78837726 0.41963808 0.02198054
v -0.78829692 0.42028971 0.02155221
v -0.78842120 0.42023468 0.02149209
v -0.78849256 0.42074882 0.02092942
v -0.78836859 0.42083560 0.02097210
v -0.78858666 0.42118908 0.02030790
v -0.78846288 0.42129150 0.02034186
v -0.78857977 0.42165772 0.01966142
v -0.78869892 0.42156379 0.01964279
v -0.78871927 0.42193422 0.01893077
v -0.78883829 0.42182430 0.01892079
v -0.78899083 0.42199617 0.01818798
v -0.78887645 0.42209766 0.01818264
v -0.78915656 0.42207954 0.01744420
v -0.78904698 0.42218823 0.01741488
v -0.78923039 0.42215849 0.01665361
v -0.78933534 0.42205822 0.01669824
v -0.78942221 0.42203275 0.01590540
v -0.78952716 0.42193261 0.01595000
v -0.78972262 0.42170335 0.01523886
v -0.78962227 0.42179525 0.01517897
v -0.78991722 0.42139526 0.01457133
v -0.78982151 0.42147854 0.01449618
v -0.79002439 0.42105852 0.01385037
v -0.79011548 0.42098368 0.01394078
v -0.79021716 0.42057633 0.01327881
v -0.79030827 0.42050143 0.01336921
v -0.79049082 0.41994136 0.01288042
v -0.79040897 0.41999921 0.01275947
v -0.79066330 0.41931899 0.01246585
v -0.79058608 0.41936849 0.01232955
v -0.79074832 0.41866824 0.01199778
v -0.79082571 0.41863449 0.01212538
v -0.79089621 0.41794576 0.01173805
v -0.79096896 0.41792071 0.01188086
v -0.79109309 0.41717733 0.01173229
v -0.79102014 0.41718675 0.01159826
v -0.79119803 0.41640473 0.01167975
v -0.79112971 0.41640559 0.01153043
v -0.79121103 0.41562794 0.01158043
v -0.79127954 0.41564277 0.01172101
v -0.79126879 0.41484496 0.01173288
v -0.79133761 0.41489162 0.01185600
v -0.79136762 0.41415947 0.01210012
v -0.79129881 0.41411289 0.01197695
v -0.79129178 0.41402865 0.01178654
v -0.79126213 0.41479225 0.01152496
v -0.79133749 0.41393946 0.01155068
v -0.79130353 0.41474323 0.01128695
v -0.79134355 0.41317064 0.01191478
v -0.79129819 0.41329149 0.01213312
v -0.79127686 0.41260509 0.01257136
v -0.79132207 0.41246838 0.01236169
v -0.79143984 0.41233361 0.01219435
v -0.79146165 0.41306750 0.01173000
v -0.79139027 0.41165060 0.01275043
v -0.79127283 0.41181700 0.01290034
v -0.79119605 0.41123224 0.01352178
v -0.79130871 0.41105847 0.01339582
v -0.79109219 0.41076145 0.01420007
v -0.79119989 0.41056459 0.01410682
v -0.79107293 0.41013616 0.01486139
v -0.79096554 0.41036476 0.01493723
v -0.79091906 0.40983777 0.01566398
v -0.79081631 0.41005781 0.01572455
v -0.79064957 0.40987961 0.01652063
v -0.79074274 0.40964485 0.01650809
v -0.79046500 0.40979865 0.01734294
v -0.79055339 0.40955657 0.01735436
v -0.79034653 0.40959696 0.01820945
v -0.79026738 0.40982217 0.01816751
v -0.79013128 0.40973336 0.01905147
v -0.79006156 0.40995741 0.01897018
v -0.78984745 0.41020464 0.01975112
v -0.78991254 0.40998902 0.01984773
v -0.79025937 0.40954781 0.01912898
v -0.79003122 0.40980464 0.01996453
v -0.79022828 0.40972437 0.02004722
v -0.79046102 0.40945921 0.01919648
v -0.78826869 0.41871528 0.02378402
v -0.78830661 0.41783969 0.02406738
v -0.78814109 0.41778155 0.02392136
v -0.78810301 0.41864121 0.02364672
v -0.78804276 0.41855738 0.02341861
v -0.78807639 0.41772197 0.02369976
v -0.78804515 0.41847197 0.02318894
v -0.78807911 0.41766820 0.02345264
v -0.78815903 0.41760793 0.02323255
v -0.78812475 0.41837995 0.02298629
v -0.78826841 0.41756912 0.02305206
v -0.78823395 0.41832544 0.02281451
v -0.78836317 0.41829359 0.02272175
v -0.78839316 0.41756157 0.02296589
v -0.78849307 0.41828205 0.02270344
v -0.78852323 0.41756592 0.02293878
v -0.78864391 0.41757133 0.02295091
v -0.78861373 0.41828752 0.02271558
v -0.78848617 0.41897186 0.02238293
v -0.78861146 0.41896883 0.02237979
v -0.78862767 0.41961621 0.02198299
v -0.78850701 0.41961074 0.02197085
v -0.78867162 0.42021281 0.02149454
v -0.78855094 0.42020733 0.02148246
v -0.78862230 0.42072147 0.02091979
v -0.78874278 0.42071111 0.02094070
v -0.78871640 0.42116166 0.02029831
v -0.78883689 0.42115138 0.02031918
v -0.78894902 0.42151017 0.01966268
v -0.78882850 0.42152064 0.01964184
v -0.78908372 0.42177927 0.01895609
v -0.78896323 0.42178963 0.01893518
v -0.78911559 0.42194580 0.01821107
v -0.78923164 0.42195970 0.01823850
v -0.78928135 0.42202900 0.01746726
v -0.78939723 0.42202708 0.01750343
v -0.78957600 0.42200589 0.01675744
v -0.78946013 0.42200782 0.01672126
v -0.78976305 0.42187277 0.01603318
v -0.78964716 0.42187468 0.01599707
v -0.78983799 0.42165405 0.01530119
v -0.78995387 0.42165213 0.01533733
v -0.79003259 0.42134589 0.01463368
v -0.79014848 0.42134399 0.01466977
v -0.79034211 0.42094082 0.01405453
v -0.79022622 0.42094273 0.01401845
v -0.79053492 0.42045860 0.01348285
v -0.79041903 0.42046051 0.01344676
v -0.79060174 0.41991624 0.01294929
v -0.79071298 0.41992287 0.01300072
v -0.79077423 0.41929388 0.01253468
v -0.79088549 0.41930047 0.01258604
v -0.79104344 0.41864027 0.01225216
v -0.79093200 0.41861793 0.01220950
v -0.79118671 0.41792637 0.01200762
v -0.79107545 0.41791985 0.01195621
v -0.79119492 0.41718508 0.01182300
v -0.79131081 0.41718311 0.01185910
v -0.79130004 0.41642823 0.01176169
v -0.79141130 0.41643474 0.01181313
v -0.79149282 0.41567280 0.01185434
v -0.79138154 0.41566628 0.01180296
v -0.79154642 0.41494588 0.01199593
v -0.79143499 0.41492355 0.01195324
v -0.79146501 0.41419141 0.01219736
v -0.79157644 0.41421374 0.01224005
v -0.79147190 0.41350175 0.01251777
v -0.79158333 0.41352408 0.01256046
v -0.79156250 0.41288519 0.01297253
v -0.79145109 0.41286274 0.01292982
v -0.79135352 0.41281498 0.01284139
v -0.79137433 0.41345398 0.01242934
v -0.79128439 0.41273678 0.01273559
v -0.79130537 0.41339153 0.01231484
v -0.79124027 0.41212435 0.01323279
v -0.79130958 0.41221838 0.01332979
v -0.79123807 0.41168844 0.01390114
v -0.79116876 0.41159441 0.01380411
v -0.79115630 0.41143954 0.01367254
v -0.79123259 0.41197686 0.01307724
v -0.79105706 0.41096031 0.01433557
v -0.79107448 0.41113839 0.01443439
v -0.79095298 0.41078061 0.01513003
v -0.79093537 0.41058683 0.01503998
v -0.79081807 0.41049585 0.01584545
v -0.79079570 0.41029451 0.01577938
v -0.79063358 0.41010788 0.01656020
v -0.79066073 0.41031659 0.01660233
v -0.79045380 0.41003429 0.01735851
v -0.79049036 0.41024177 0.01736140
v -0.79030695 0.41027151 0.01812267
v -0.79026560 0.41005665 0.01814379
v -0.79011054 0.41040557 0.01888611
v -0.79006455 0.41019926 0.01892251
v -0.78985971 0.41042939 0.01967289
v -0.78991494 0.41061884 0.01960591
v -0.78965122 0.41076308 0.02038625
v -0.78971104 0.41094408 0.02030410
v -0.78951282 0.41135555 0.02093457
v -0.78944374 0.41119155 0.02104727
v -0.78962970 0.41055519 0.02049509
v -0.78941761 0.41099209 0.02117137
v -0.78946422 0.41081045 0.02132901
v -0.78968542 0.41034064 0.02063085
v -0.78956904 0.41065144 0.02149158
v -0.78979963 0.41018056 0.02075424
v -0.78999206 0.41010878 0.02085220
v -0.78934424 0.41122453 0.02215263
v -0.78924388 0.41135918 0.02198347
v -0.78903393 0.41200173 0.02254644
v -0.78912964 0.41187556 0.02273093
v -0.78931283 0.41182071 0.02285945
v -0.78953201 0.41116122 0.02226601
v -0.78976145 0.41057970 0.02158963
v -0.78820724 0.41690269 0.02408687
v -0.78837261 0.41694489 0.02424162
v -0.78847128 0.41602256 0.02429154
v -0.78830145 0.41600461 0.02414337
v -0.78823263 0.41600084 0.02391091
v -0.78814271 0.41685886 0.02385658
v -0.78823122 0.41600307 0.02365292
v -0.78814097 0.41682933 0.02361606
v -0.78821677 0.41682501 0.02338503
v -0.78830240 0.41600718 0.02343716
v -0.78832630 0.41680212 0.02319585
v -0.78840767 0.41602418 0.02324578
v -0.78853258 0.41603251 0.02315090
v -0.78845107 0.41679446 0.02310963
v -0.78866284 0.41605263 0.02311501
v -0.78858132 0.41681457 0.02307380
v -0.78870199 0.41682004 0.02308593
v -0.78878350 0.41605810 0.02312714
v -0.78879868 0.41683164 0.02310882
v -0.78874061 0.41758294 0.02297377
v -0.78885671 0.41683857 0.02312249
v -0.78879864 0.41758986 0.02298746
v -0.78876846 0.41830605 0.02275213
v -0.78871043 0.41829913 0.02273843
v -0.78876619 0.41898736 0.02241635
v -0.78870817 0.41898038 0.02240264
v -0.78872438 0.41962783 0.02200582
v -0.78878240 0.41963474 0.02201955
v -0.78876832 0.42022443 0.02151736
v -0.78882635 0.42023135 0.02153109
v -0.78889751 0.42072964 0.02097725
v -0.78883949 0.42072273 0.02096353
v -0.78899162 0.42116991 0.02035573
v -0.78893360 0.42116293 0.02034200
v -0.78904572 0.42152179 0.01968550
v -0.78910375 0.42152870 0.01969923
v -0.78918043 0.42179083 0.01897891
v -0.78923845 0.42179780 0.01899264
v -0.78938638 0.42197817 0.01827504
v -0.78932835 0.42197126 0.01826132
v -0.78955196 0.42204561 0.01753998
v -0.78949394 0.42203863 0.01752625
v -0.78967271 0.42201751 0.01678027
v -0.78973073 0.42202442 0.01679399
v -0.78985976 0.42188433 0.01605600
v -0.78991778 0.42189130 0.01606974
v -0.79010859 0.42167066 0.01537389
v -0.79005058 0.42166369 0.01536015
v -0.79030321 0.42136252 0.01470632
v -0.79024519 0.42135554 0.01469259
v -0.79043881 0.42095244 0.01407739
v -0.79049684 0.42095936 0.01409109
v -0.79063162 0.42047021 0.01350570
v -0.79068965 0.42047713 0.01351940
v -0.79086772 0.41994141 0.01303727
v -0.79080969 0.41993443 0.01302356
v -0.79104023 0.41931894 0.01262258
v -0.79098220 0.41931202 0.01260889
v -0.79114013 0.41865187 0.01227505
v -0.79119817 0.41865880 0.01228871
v -0.79128341 0.41793791 0.01203049
v -0.79134143 0.41794489 0.01204420
v -0.79146554 0.41720164 0.01189566
v -0.79148023 0.41721253 0.01191555
v -0.79136078 0.41794719 0.01204874
v -0.79137054 0.41793489 0.01210130
v -0.79149479 0.41720750 0.01194408
v -0.79158536 0.41645562 0.01185426
v -0.79159529 0.41645908 0.01189809
v -0.79167696 0.41571294 0.01193065
v -0.79166225 0.41570217 0.01191075
v -0.79164754 0.41569134 0.01189089
v -0.79156603 0.41645328 0.01184968
v -0.79140751 0.41719472 0.01188196
v -0.79150800 0.41644636 0.01183599
v -0.79158953 0.41568435 0.01187719
v -0.79164314 0.41495744 0.01201875
v -0.79170115 0.41496441 0.01203249
v -0.79173116 0.41423227 0.01227660
v -0.79175050 0.41423462 0.01228115
v -0.79172033 0.41495088 0.01204577
v -0.79173042 0.41497022 0.01208090
v -0.79176060 0.41425389 0.01231627
v -0.79175741 0.41354490 0.01260159
v -0.79176750 0.41356423 0.01263668
v -0.79174683 0.41294103 0.01304008
v -0.79173657 0.41290601 0.01301366
v -0.79171723 0.41290373 0.01300909
v -0.79173806 0.41354261 0.01259701
v -0.79167314 0.41422535 0.01226288
v -0.79168005 0.41353564 0.01258328
v -0.79165921 0.41289675 0.01299535
v -0.79161545 0.41231591 0.01347506
v -0.79151874 0.41230429 0.01345223
v -0.79145201 0.41178173 0.01399960
v -0.79134058 0.41175939 0.01395694
v -0.79140731 0.41228195 0.01340957
v -0.79124646 0.41131918 0.01457847
v -0.79135789 0.41134152 0.01462114
v -0.79124578 0.41098267 0.01527763
v -0.79112973 0.41096876 0.01525023
v -0.79102722 0.41089782 0.01519443
v -0.79114396 0.41124823 0.01452267
v -0.79089251 0.41062878 0.01590102
v -0.79099963 0.41069122 0.01594161
v -0.79084708 0.41051934 0.01667448
v -0.79073979 0.41044108 0.01664264
v -0.79068152 0.41045186 0.01740947
v -0.79056958 0.41038214 0.01739297
v -0.79039081 0.41040326 0.01813895
v -0.79050271 0.41047315 0.01815554
v -0.79020361 0.41052057 0.01887189
v -0.79031554 0.41059035 0.01888841
v -0.79012009 0.41081942 0.01959958
v -0.79000815 0.41074970 0.01958307
v -0.78992546 0.41112775 0.02026714
v -0.78980894 0.41106629 0.02026581
v -0.78961530 0.41146951 0.02088105
v -0.78973185 0.41153073 0.02088235
v -0.78942251 0.41195162 0.02145272
v -0.78954368 0.41200454 0.02143866
v -0.78936112 0.41256461 0.02192750
v -0.78923534 0.41252026 0.02195673
v -0.78931557 0.41186205 0.02151272
v -0.78912839 0.41243068 0.02201678
v -0.78905005 0.41228364 0.02216008
v -0.78924186 0.41170652 0.02164074
v -0.78900100 0.41214230 0.02235174
v -0.78920652 0.41152395 0.02179529
v -0.78881499 0.41282165 0.02279471
v -0.78886388 0.41294718 0.02261174
v -0.78869703 0.41365581 0.02295876
v -0.78863906 0.41356309 0.02316353
v -0.78865364 0.41347236 0.02341064
v -0.78883867 0.41269806 0.02301995
v -0.78874047 0.41339464 0.02360815
v -0.78892532 0.41260459 0.02322622
v -0.78910403 0.41257409 0.02336133
v -0.78857029 0.41423845 0.02390076
v -0.78849256 0.41428331 0.02368137
v -0.78835062 0.41512375 0.02385610
v -0.78842408 0.41511896 0.02407329
v -0.78859374 0.41512110 0.02423014
v -0.78873978 0.41422477 0.02406638
v -0.78891456 0.41337257 0.02375859
v -0.78834495 0.41516592 0.02359593
v -0.78847764 0.41434248 0.02345171
v -0.78854484 0.41441827 0.02321640
v -0.78841181 0.41521020 0.02337807
v -0.78864117 0.41448400 0.02303819
v -0.78851261 0.41525157 0.02319326
v -0.78863309 0.41528417 0.02310481
v -0.78876181 0.41453241 0.02294105
v -0.78876334 0.41530421 0.02306902
v -0.78888745 0.41456103 0.02292043
v -0.78900826 0.41458229 0.02292391
v -0.78888398 0.41530973 0.02308120
v -0.78910496 0.41459391 0.02294677
v -0.78898069 0.41532128 0.02310405
v -0.78888021 0.41606964 0.02315002
v -0.78893823 0.41607663 0.02316370
v -0.78903871 0.41532826 0.02311775
v -0.78895773 0.41609472 0.02315958
v -0.78887606 0.41684086 0.02312706
v -0.78890482 0.41684203 0.02309235
v -0.78898171 0.41608852 0.02314888
v -0.78891883 0.41683255 0.02303782
v -0.78899589 0.41609485 0.02308561
v -0.78901949 0.41610001 0.02298311
v -0.78894228 0.41682177 0.02294405
v -0.78902378 0.41610270 0.02287600
v -0.78895118 0.41681610 0.02282163
v -0.78888867 0.41754875 0.02280243
v -0.78889722 0.41751137 0.02269756
v -0.78886671 0.41819607 0.02247962
v -0.78885832 0.41824920 0.02257580
v -0.78886059 0.41756796 0.02291153
v -0.78883042 0.41828422 0.02267615
v -0.78881654 0.41830963 0.02272201
v -0.78884673 0.41759338 0.02295734
v -0.78879242 0.41829998 0.02274139
v -0.78882261 0.41758365 0.02297676
v -0.78878554 0.41898965 0.02242092
v -0.78881413 0.41897494 0.02239495
v -0.78883033 0.41962238 0.02199816
v -0.78880637 0.41962853 0.02200885
v -0.78887411 0.42020317 0.02151844
v -0.78885013 0.42020943 0.02152915
v -0.78891685 0.42073199 0.02098184
v -0.78894543 0.42071740 0.02095588
v -0.78901096 0.42117219 0.02036030
v -0.78903476 0.42115024 0.02035830
v -0.78915151 0.42150053 0.01968655
v -0.78916042 0.42145204 0.01967343
v -0.78929035 0.42171377 0.01899076
v -0.78917840 0.42137073 0.01963854
v -0.78930815 0.42161664 0.01896465
v -0.78945593 0.42178114 0.01825572
v -0.78945423 0.42166591 0.01823375
v -0.78931128 0.42150869 0.01891853
v -0.78932894 0.42139563 0.01890111
v -0.78947189 0.42155298 0.01821623
v -0.78961041 0.42173446 0.01753791
v -0.78962344 0.42162996 0.01753571
v -0.78978803 0.42160251 0.01685294
v -0.78977978 0.42171433 0.01683119
v -0.78978625 0.42183699 0.01682922
v -0.78961687 0.42185706 0.01753599
v -0.78944272 0.42186981 0.01826670
v -0.78960368 0.42194575 0.01754688
v -0.78959495 0.42201006 0.01755126
v -0.78943398 0.42193426 0.01827100
v -0.78928143 0.42176239 0.01900388
v -0.78941019 0.42195616 0.01827303
v -0.78925779 0.42180009 0.01899721
v -0.78912308 0.42153105 0.01970381
v -0.78957592 0.42203946 0.01752929
v -0.78977372 0.42198887 0.01680529
v -0.78974991 0.42201096 0.01680726
v -0.78996074 0.42185587 0.01608106
v -0.78993712 0.42189359 0.01607431
v -0.79012794 0.42167295 0.01537846
v -0.79015156 0.42163523 0.01538521
v -0.79032255 0.42136480 0.01471089
v -0.79034156 0.42133552 0.01473290
v -0.79053519 0.42093236 0.01411767
v -0.79051617 0.42096170 0.01409567
v -0.79072337 0.42045856 0.01356130
v -0.79070434 0.42048802 0.01353932
v -0.79088692 0.41992776 0.01305051
v -0.79090608 0.41991429 0.01306383
v -0.79105957 0.41932129 0.01262717
v -0.79107395 0.41930050 0.01266445
v -0.79123190 0.41864024 0.01233056
v -0.79121733 0.41864533 0.01230204
v -0.79136093 0.41792023 0.01214939
v -0.79122215 0.41860978 0.01238728
v -0.79120761 0.41857193 0.01246800
v -0.79134179 0.41789083 0.01224532
v -0.79116895 0.41852443 0.01256810
v -0.79130330 0.41785907 0.01233672
v -0.79141851 0.41716439 0.01220122
v -0.79146160 0.41718770 0.01209461
v -0.79151471 0.41645608 0.01215311
v -0.79156228 0.41645511 0.01203983
v -0.79148059 0.41720129 0.01200737
v -0.79158127 0.41646870 0.01195259
v -0.79166276 0.41570674 0.01199388
v -0.79163933 0.41571739 0.01208767
v -0.79171639 0.41497976 0.01213544
v -0.79169312 0.41500623 0.01222051
v -0.79159194 0.41573427 0.01219210
v -0.79164571 0.41502317 0.01232498
v -0.79167623 0.41433847 0.01254292
v -0.79172348 0.41430580 0.01244709
v -0.79167882 0.41368886 0.01286125
v -0.79173053 0.41363188 0.01275886
v -0.79174673 0.41427932 0.01236207
v -0.79175362 0.41358965 0.01268254
v -0.79173297 0.41296646 0.01308588
v -0.79171004 0.41302450 0.01315348
v -0.79168919 0.41238567 0.01356559
v -0.79166640 0.41245970 0.01362457
v -0.79159986 0.41195278 0.01416317
v -0.79155328 0.41204878 0.01422409
v -0.79161952 0.41252390 0.01370283
v -0.79159210 0.41260637 0.01377707
v -0.79152588 0.41213127 0.01429821
v -0.79146413 0.41163172 0.01481286
v -0.79144151 0.41172158 0.01486304
v -0.79133452 0.41140168 0.01547808
v -0.79135698 0.41129601 0.01543660
v -0.79139875 0.41119280 0.01539971
v -0.79151071 0.41153578 0.01475195
v -0.79162265 0.41187881 0.01410420
v -0.79152870 0.41145448 0.01471700
v -0.79154221 0.41139748 0.01468870
v -0.79163633 0.41183769 0.01406716
v -0.79170306 0.41236025 0.01351979
v -0.79162146 0.41181097 0.01405605
v -0.79169280 0.41232517 0.01349336
v -0.79167347 0.41232282 0.01348878
v -0.79160674 0.41180026 0.01403615
v -0.79154872 0.41179328 0.01402242
v -0.79151262 0.41136005 0.01465769
v -0.79153213 0.41137815 0.01465357
v -0.79140051 0.41100120 0.01531418
v -0.79141537 0.41102791 0.01532536
v -0.79126597 0.41074791 0.01601208
v -0.79128530 0.41075025 0.01601666
v -0.79113275 0.41057838 0.01674953
v -0.79111340 0.41057609 0.01674496
v -0.79120793 0.41074099 0.01599839
v -0.79105538 0.41056911 0.01673126
v -0.79095867 0.41055756 0.01670841
v -0.79111124 0.41072938 0.01597553
v -0.79134248 0.41099428 0.01530049
v -0.79079309 0.41049012 0.01744347
v -0.79061433 0.41051132 0.01818940
v -0.79071105 0.41052288 0.01821222
v -0.79088979 0.41050173 0.01746633
v -0.79094782 0.41050865 0.01748002
v -0.79076906 0.41052985 0.01822596
v -0.79096716 0.41051100 0.01748460
v -0.79078840 0.41053214 0.01823053
v -0.79058648 0.41063860 0.01894367
v -0.79060137 0.41066520 0.01895477
v -0.79041053 0.41088596 0.01965064
v -0.79039101 0.41086778 0.01965486
v -0.79052845 0.41063168 0.01892995
v -0.79033299 0.41086087 0.01964114
v -0.79023627 0.41084931 0.01961832
v -0.79043175 0.41062006 0.01890712
v -0.79004184 0.41117321 0.02027713
v -0.78984807 0.41156045 0.02090103
v -0.78994477 0.41157206 0.02092386
v -0.79013854 0.41118483 0.02029996
v -0.79019657 0.41119175 0.02031368
v -0.79000280 0.41157898 0.02093758
v -0.79021590 0.41119409 0.02031827
v -0.79002229 0.41159713 0.02093348
v -0.78981461 0.41205278 0.02149395
v -0.78983413 0.41207089 0.02148978
v -0.78965142 0.41261522 0.02198723
v -0.78963208 0.41261287 0.02198268
v -0.78975660 0.41204581 0.02148022
v -0.78957405 0.41260595 0.02196895
v -0.78947735 0.41259434 0.02194612
v -0.78965988 0.41203425 0.02145740
v -0.78918865 0.41318698 0.02234202
v -0.78930486 0.41321669 0.02236076
v -0.78914691 0.41387681 0.02269469
v -0.78903070 0.41384711 0.02267595
v -0.78890490 0.41380275 0.02270527
v -0.78906285 0.41314262 0.02237134
v -0.78878888 0.41374598 0.02278709
v -0.78895128 0.41306153 0.02244666
v -0.78924361 0.41388843 0.02271755
v -0.78940156 0.41322824 0.02238361
v -0.78945958 0.41323521 0.02239734
v -0.78930163 0.41389535 0.02273124
v -0.78948356 0.41322908 0.02238656
v -0.78932560 0.41388927 0.02272051
v -0.78916299 0.41460083 0.02296046
v -0.78918233 0.41460318 0.02296502
v -0.78905825 0.41534639 0.02311349
v -0.78920648 0.41461273 0.02294556
v -0.78908699 0.41534748 0.02307889
v -0.78921604 0.41462749 0.02289761
v -0.78909657 0.41536226 0.02303082
v -0.78911556 0.41537585 0.02294358
v -0.78923520 0.41465690 0.02280162
v -0.78911999 0.41539441 0.02282780
v -0.78923980 0.41469128 0.02267710
v -0.78925892 0.41472080 0.02258119
v -0.78914837 0.41540695 0.02270129
v -0.78905201 0.41609930 0.02275822
v -0.78897922 0.41679700 0.02271261
v -0.78898335 0.41678388 0.02261419
v -0.78905626 0.41610217 0.02265114
v -0.78905574 0.41609766 0.02256805
v -0.78898281 0.41677936 0.02253115
v -0.78893401 0.41747079 0.02247481
v -0.78893333 0.41745041 0.02240042
v -0.78890247 0.41810346 0.02219997
v -0.78890315 0.41812385 0.02227436
v -0.78889924 0.41815262 0.02236394
v -0.78892530 0.41749216 0.02258846
v -0.78885950 0.41885411 0.02217657
v -0.78889184 0.41879490 0.02206965
v -0.78891216 0.41938645 0.02168378
v -0.78887998 0.41946148 0.02178195
v -0.78887174 0.41953048 0.02186946
v -0.78885108 0.41890729 0.02227282
v -0.78884420 0.41959696 0.02195235
v -0.78882798 0.41894971 0.02234911
v -0.78888778 0.42016204 0.02148140
v -0.78891536 0.42009539 0.02139848
v -0.78898174 0.42058637 0.02086860
v -0.78898982 0.42050156 0.02078978
v -0.78892343 0.42001064 0.02131967
v -0.78895099 0.41994397 0.02123681
v -0.78901705 0.42040334 0.02072430
v -0.78907436 0.42092700 0.02021626
v -0.78910140 0.42081307 0.02015955
v -0.78920858 0.42114867 0.01953573
v -0.78918151 0.42126278 0.01959248
v -0.78907106 0.42101919 0.02027108
v -0.78895896 0.42066042 0.02092746
v -0.78904845 0.42110905 0.02032125
v -0.78932742 0.42129624 0.01887027
v -0.78920706 0.42104927 0.01950496
v -0.78920587 0.42098137 0.01945679
v -0.78932145 0.42122108 0.01884607
v -0.78945961 0.42137105 0.01818520
v -0.78946558 0.42144620 0.01820946
v -0.78960638 0.42144065 0.01752869
v -0.78961714 0.42152319 0.01752888
v -0.78977712 0.42150410 0.01686143
v -0.78976634 0.42142169 0.01686119
v -0.78995010 0.42138070 0.01619174
v -0.78993472 0.42130660 0.01620681
v -0.79010688 0.42110412 0.01558073
v -0.79012228 0.42117811 0.01556564
v -0.79013800 0.42128372 0.01553318
v -0.78996119 0.42149486 0.01617456
v -0.79013453 0.42140298 0.01548743
v -0.78995296 0.42160663 0.01615274
v -0.78996866 0.42171236 0.01612030
v -0.79015486 0.42150015 0.01543971
v -0.78996026 0.42180830 0.01610721
v -0.78977784 0.42193300 0.01681615
v -0.79015107 0.42158779 0.01541132
v -0.79034024 0.42120901 0.01480263
v -0.79034107 0.42128795 0.01475906
v -0.79053469 0.42088491 0.01414385
v -0.79052925 0.42081428 0.01420265
v -0.79071823 0.42041972 0.01360277
v -0.79071278 0.42034908 0.01366164
v -0.79050428 0.42072552 0.01426575
v -0.79068323 0.42026872 0.01373987
v -0.79085668 0.41974137 0.01327299
v -0.79088627 0.41982162 0.01319468
v -0.79102010 0.41915176 0.01288017
v -0.79105431 0.41922352 0.01278659
v -0.79089633 0.41988383 0.01312055
v -0.79106882 0.41926147 0.01270594
v -0.79084184 0.41967184 0.01337108
v -0.79100078 0.41910654 0.01298485
v -0.79114963 0.41847920 0.01267283
v -0.79127936 0.41782235 0.01245666
v -0.79124088 0.41779060 0.01254804
v -0.79111098 0.41843163 0.01277292
v -0.79108191 0.41839877 0.01282502
v -0.79120718 0.41776623 0.01261544
v -0.79131807 0.41711171 0.01247785
v -0.79135162 0.41712021 0.01241912
v -0.79139472 0.41714353 0.01231249
v -0.79149093 0.41643524 0.01226432
v -0.79144816 0.41644354 0.01235355
v -0.79152092 0.41574604 0.01239913
v -0.79156369 0.41573766 0.01230994
v -0.79161780 0.41505818 0.01242539
v -0.79157041 0.41507493 0.01252986
v -0.79164371 0.41438193 0.01265853
v -0.79159646 0.41441461 0.01275433
v -0.79165110 0.41373964 0.01295285
v -0.79160401 0.41378819 0.01303994
v -0.79158387 0.41321246 0.01341708
v -0.79163077 0.41314815 0.01333873
v -0.79166295 0.41307305 0.01324061
v -0.79154538 0.41268651 0.01384661
v -0.79154621 0.41325978 0.01346487
v -0.79150772 0.41273383 0.01389441
v -0.79144628 0.41226610 0.01439160
v -0.79148375 0.41220295 0.01435261
v -0.79136205 0.41187228 0.01494775
v -0.79139956 0.41180902 0.01490868
v -0.79129259 0.41148908 0.01552365
v -0.79125986 0.41155971 0.01553878
v -0.79117222 0.41124211 0.01615834
v -0.79113950 0.41131268 0.01617346
v -0.79100609 0.41117021 0.01681040
v -0.79103404 0.41109226 0.01681923
v -0.79107119 0.41099749 0.01679761
v -0.79120937 0.41114733 0.01613678
v -0.79108869 0.41086861 0.01678887
v -0.79123184 0.41104167 0.01609523
v -0.79126882 0.41093108 0.01608235
v -0.79112568 0.41075802 0.01677599
v -0.79128666 0.41083385 0.01605613
v -0.79141674 0.41111151 0.01536476
v -0.79143030 0.41105434 0.01533637
v -0.79129555 0.41078534 0.01604309
v -0.79114782 0.41062074 0.01675188
v -0.79113890 0.41066935 0.01676499
v -0.79098205 0.41053753 0.01749575
v -0.79097794 0.41059342 0.01748478
v -0.79079931 0.41063054 0.01822210
v -0.79096489 0.41069791 0.01748703
v -0.79079092 0.41072650 0.01820896
v -0.79061675 0.41073930 0.01893970
v -0.79061310 0.41084274 0.01890269
v -0.79042691 0.41105482 0.01958332
v -0.79040394 0.41115593 0.01954167
v -0.79058553 0.41095215 0.01887634
v -0.79058188 0.41105559 0.01883933
v -0.79040047 0.41127506 0.01949595
v -0.79021858 0.41144708 0.02017869
v -0.79021972 0.41155791 0.02011768
v -0.79003998 0.41193554 0.02068703
v -0.79003419 0.41183326 0.02076338
v -0.79005255 0.41174072 0.02082023
v -0.79023692 0.41135454 0.02023557
v -0.79043055 0.41095138 0.01962033
v -0.79023609 0.41127547 0.02027917
v -0.79004692 0.41165425 0.02088790
v -0.79023559 0.41122802 0.02030535
v -0.79004643 0.41160681 0.02091402
v -0.79043003 0.41090405 0.01964653
v -0.79062085 0.41068341 0.01895068
v -0.79080807 0.41056611 0.01821768
v -0.78985874 0.41212806 0.02144421
v -0.78985824 0.41208061 0.02147038
v -0.78967571 0.41264070 0.02195911
v -0.78950305 0.41324723 0.02238246
v -0.78934989 0.41391475 0.02269236
v -0.78935948 0.41392940 0.02264438
v -0.78951280 0.41327769 0.02232574
v -0.78952748 0.41333147 0.02223635
v -0.78937400 0.41396723 0.02256372
v -0.78952285 0.41338279 0.02214230
v -0.78937399 0.41401011 0.02245443
v -0.78939347 0.41407115 0.02234102
v -0.78953771 0.41345225 0.02204420
v -0.78938863 0.41410682 0.02225580
v -0.78953307 0.41350356 0.02195021
v -0.78952361 0.41354766 0.02188029
v -0.78938383 0.41414231 0.02217052
v -0.78925876 0.41474774 0.02248063
v -0.78925377 0.41476761 0.02240404
v -0.78914767 0.41542938 0.02251767
v -0.78914801 0.41541825 0.02260951
v -0.78902664 0.41610761 0.02251094
v -0.78911855 0.41543950 0.02246059
v -0.78906993 0.41543154 0.02240760
v -0.78897802 0.41609964 0.02245795
v -0.78890954 0.41675716 0.02241449
v -0.78895816 0.41676512 0.02246748
v -0.78885990 0.41741226 0.02229250
v -0.78890850 0.41742041 0.02234550
v -0.78887767 0.41807329 0.02214502
v -0.78883349 0.41804106 0.02208554
v -0.78887454 0.41867562 0.02185292
v -0.78883038 0.41864328 0.02179342
v -0.78884579 0.41921147 0.02144015
v -0.78889010 0.41925969 0.02149097
v -0.78891492 0.41928975 0.02154590
v -0.78889938 0.41870556 0.02190783
v -0.78891577 0.41932588 0.02161159
v -0.78890023 0.41874170 0.02197352
v -0.78895906 0.41985922 0.02115800
v -0.78895803 0.41980727 0.02110105
v -0.78901948 0.42027500 0.02060385
v -0.78902048 0.42032707 0.02066082
v -0.78910353 0.42065300 0.02005645
v -0.78910487 0.42073670 0.02009599
v -0.78907389 0.42061573 0.02002558
v -0.78899432 0.42021344 0.02056635
v -0.78894552 0.42018951 0.02052220
v -0.78902496 0.42057594 0.01999005
v -0.78912699 0.42087271 0.01940771
v -0.78917611 0.42092825 0.01943449
v -0.78924256 0.42111235 0.01879704
v -0.78929630 0.42115940 0.01880854
v -0.78942985 0.42131780 0.01816294
v -0.78937611 0.42127075 0.01815143
v -0.78957644 0.42137171 0.01751513
v -0.78952271 0.42132460 0.01750361
v -0.78967803 0.42131405 0.01685149
v -0.78973180 0.42136106 0.01686293
v -0.78984181 0.42120748 0.01621226
v -0.78989555 0.42125453 0.01622377
v -0.79006771 0.42105198 0.01559774
v -0.79000936 0.42101331 0.01560149
v -0.79023922 0.42078613 0.01500653
v -0.79018071 0.42073164 0.01501899
v -0.79035140 0.42038671 0.01447136
v -0.79041437 0.42041682 0.01445236
v -0.79045354 0.42046896 0.01443538
v -0.79027841 0.42083821 0.01498948
v -0.79047352 0.42053462 0.01440511
v -0.79029840 0.42090381 0.01495920
v -0.79031875 0.42100100 0.01491142
v -0.79049851 0.42062326 0.01434199
v -0.79031974 0.42109588 0.01485913
v -0.79067760 0.42018224 0.01380754
v -0.79064801 0.42010206 0.01388580
v -0.79081241 0.41960740 0.01344070
v -0.79078779 0.41955029 0.01348626
v -0.79062340 0.42004489 0.01393135
v -0.79073937 0.41951508 0.01353383
v -0.79057957 0.42000129 0.01396373
v -0.79052123 0.41996268 0.01396745
v -0.79068101 0.41947653 0.01353757
v -0.79089369 0.41895820 0.01316289
v -0.79083071 0.41892821 0.01318188
v -0.79096606 0.41835775 0.01289815
v -0.79103363 0.41837949 0.01286393
v -0.79093750 0.41900185 0.01313057
v -0.79109132 0.41772526 0.01268858
v -0.79115890 0.41774701 0.01265430
v -0.79126982 0.41709232 0.01251668
v -0.79120222 0.41707076 0.01255093
v -0.79135712 0.41643257 0.01248164
v -0.79128967 0.41642683 0.01250720
v -0.79136280 0.41576077 0.01253532
v -0.79143005 0.41575089 0.01251847
v -0.79148293 0.41576173 0.01246439
v -0.79140980 0.41642778 0.01243627
v -0.79153243 0.41509069 0.01259504
v -0.79155862 0.41444617 0.01281089
v -0.79150608 0.41446696 0.01284754
v -0.79147971 0.41509567 0.01264043
v -0.79141244 0.41510567 0.01265727
v -0.79143866 0.41446103 0.01287310
v -0.79151365 0.41384050 0.01313308
v -0.79144176 0.41385887 0.01316523
v -0.79142638 0.41329064 0.01351838
v -0.79149365 0.41328056 0.01350159
v -0.79156619 0.41381971 0.01309643
v -0.79138805 0.41278050 0.01393922
v -0.79145516 0.41275461 0.01393112
v -0.79139389 0.41230270 0.01441957
v -0.79132678 0.41232845 0.01442774
v -0.79130984 0.41192470 0.01496697
v -0.79124274 0.41195040 0.01497513
v -0.79114516 0.41162946 0.01555085
v -0.79121227 0.41160371 0.01554268
v -0.79102499 0.41139819 0.01617677
v -0.79109207 0.41137242 0.01616872
v -0.79095853 0.41121403 0.01681427
v -0.79089158 0.41125572 0.01681372
v -0.79081175 0.41114442 0.01747084
v -0.79074945 0.41117757 0.01745495
v -0.79059426 0.41120397 0.01809845
v -0.79065197 0.41117921 0.01812953
v -0.79069937 0.41111951 0.01813440
v -0.79085472 0.41110899 0.01748216
v -0.79072268 0.41105004 0.01815856
v -0.79088726 0.41102265 0.01747580
v -0.79091502 0.41092893 0.01749345
v -0.79075046 0.41095627 0.01817614
v -0.79093252 0.41080007 0.01748465
v -0.79076331 0.41083601 0.01818269
v -0.79055432 0.41116502 0.01881292
v -0.79053101 0.41123448 0.01878876
v -0.79035868 0.41142121 0.01942354
v -0.79037735 0.41136036 0.01946299
v -0.79018272 0.41171145 0.02002125
v -0.79020137 0.41165051 0.02006081
v -0.79002608 0.41200382 0.02062364
v -0.79001202 0.41205636 0.02056894
v -0.78985641 0.41244366 0.02111886
v -0.78984236 0.41249614 0.02106416
v -0.78967795 0.41299079 0.02150932
v -0.78968737 0.41294686 0.02157930
v -0.78969666 0.41288695 0.02165797
v -0.78986549 0.41236810 0.02120634
v -0.78968644 0.41280893 0.02174079
v -0.78985526 0.41229007 0.02128921
v -0.78986899 0.41220596 0.02136137
v -0.78969090 0.41274180 0.02184352
v -0.78968082 0.41267971 0.02191767
v -0.78949451 0.41355780 0.02182312
v -0.78964440 0.41302518 0.02145867
v -0.78959131 0.41304146 0.02141228
v -0.78944144 0.41357402 0.02177669
v -0.78930165 0.41416860 0.02206698
v -0.78935473 0.41415232 0.02211340
v -0.78917623 0.41478528 0.02228524
v -0.78922945 0.41478500 0.02232294
v -0.78912778 0.41479313 0.02222353
v -0.78925319 0.41417637 0.02200535
v -0.78916609 0.41417949 0.02193438
v -0.78904066 0.41479616 0.02215270
v -0.78893437 0.41544230 0.02227504
v -0.78902149 0.41543920 0.02234592
v -0.78884689 0.41608627 0.02231889
v -0.78893403 0.41608312 0.02238970
v -0.78886094 0.41674901 0.02236150
v -0.78877827 0.41672785 0.02228410
v -0.78881127 0.41740428 0.02223957
v -0.78872860 0.41738306 0.02216219
v -0.78870206 0.41799595 0.02196383
v -0.78878490 0.41803292 0.02203252
v -0.78869878 0.41858235 0.02168046
v -0.78878163 0.41861933 0.02174908
v -0.78879700 0.41918769 0.02139590
v -0.78871415 0.41915064 0.02132732
v -0.78883531 0.41969782 0.02097511
v -0.78875230 0.41964503 0.02091517
v -0.78881340 0.42008125 0.02043543
v -0.78889660 0.42014974 0.02048660
v -0.78888425 0.41973760 0.02101064
v -0.78889284 0.42046768 0.01990329
v -0.78898047 0.42051198 0.01994795
v -0.78907804 0.42083291 0.01937223
v -0.78899024 0.42077287 0.01933626
v -0.78919363 0.42107264 0.01876146
v -0.78910563 0.42099675 0.01873435
v -0.78923904 0.42113923 0.01809741
v -0.78932700 0.42121521 0.01812465
v -0.78938101 0.42120157 0.01746486
v -0.78946899 0.42127743 0.01749208
v -0.78962417 0.42125109 0.01684860
v -0.78953158 0.42118366 0.01683663
v -0.78978792 0.42114456 0.01620943
v -0.78969533 0.42107706 0.01619752
v -0.78985825 0.42089144 0.01560202
v -0.78995546 0.42095052 0.01559862
v -0.79002498 0.42061821 0.01503479
v -0.79012235 0.42069302 0.01502275
v -0.79029286 0.42033233 0.01448387
v -0.79019566 0.42027328 0.01448716
v -0.79045810 0.41991676 0.01399511
v -0.79035626 0.41986625 0.01401373
v -0.79051141 0.41938852 0.01359917
v -0.79061786 0.41943052 0.01356533
v -0.79066128 0.41885602 0.01323473
v -0.79076310 0.41890665 0.01321613
v -0.79090308 0.41832764 0.01291714
v -0.79079663 0.41828556 0.01295100
v -0.79102852 0.41771091 0.01269882
v -0.79091745 0.41767733 0.01274795
v -0.79102389 0.41704707 0.01261688
v -0.79113477 0.41706494 0.01257657
v -0.79111134 0.41640314 0.01257315
v -0.79122207 0.41640514 0.01254149
v -0.79129070 0.41576357 0.01257622
v -0.79117983 0.41574564 0.01261655
v -0.79134038 0.41510830 0.01269812
v -0.79122966 0.41510623 0.01272977
v -0.79125621 0.41449336 0.01292810
v -0.79136677 0.41447954 0.01290515
v -0.79125932 0.41389114 0.01322022
v -0.79137449 0.41386888 0.01318207
v -0.79135465 0.41332489 0.01354179
v -0.79124408 0.41333876 0.01356475
v -0.79131633 0.41281475 0.01396263
v -0.79120593 0.41284438 0.01397684
v -0.79114467 0.41239234 0.01446532
v -0.79125506 0.41236271 0.01445112
v -0.79106540 0.41202173 0.01498872
v -0.79117565 0.41197623 0.01498320
v -0.79107823 0.41167110 0.01555023
v -0.79096797 0.41171652 0.01555583
v -0.79096267 0.41143140 0.01616089
v -0.79085240 0.41147688 0.01616650
v -0.79072364 0.41132586 0.01678811
v -0.79082928 0.41128880 0.01679781
v -0.79058168 0.41126347 0.01742064
v -0.79068267 0.41123502 0.01744564
v -0.79053195 0.41123712 0.01808256
v -0.79042648 0.41128993 0.01806415
v -0.79036821 0.41134366 0.01872166
v -0.79026737 0.41138798 0.01868796
v -0.79010444 0.41157358 0.01928351
v -0.79020065 0.41153776 0.01933249
v -0.79025835 0.41151305 0.01936361
v -0.79043052 0.41131045 0.01873754
v -0.79032047 0.41146413 0.01938829
v -0.79048822 0.41128574 0.01876870
v -0.79014453 0.41175425 0.01998598
v -0.79008701 0.41179472 0.01994610
v -0.78991633 0.41213966 0.02049368
v -0.78997385 0.41209919 0.02053356
v -0.78975109 0.41255523 0.02098244
v -0.78980416 0.41253908 0.02102885
v -0.78969802 0.41257144 0.02093604
v -0.78986325 0.41215593 0.02044729
v -0.78976704 0.41219176 0.02039832
v -0.78960644 0.41259892 0.02087170
v -0.78944667 0.41308495 0.02130157
v -0.78953824 0.41305767 0.02136588
v -0.78930144 0.41360903 0.02165065
v -0.78938854 0.41360598 0.02172157
v -0.78923396 0.41364615 0.02156702
v -0.78937920 0.41312208 0.02121791
v -0.78929257 0.41317274 0.02112087
v -0.78914717 0.41368080 0.02147876
v -0.78901644 0.41424283 0.02174720
v -0.78909861 0.41421661 0.02185075
v -0.78890007 0.41482688 0.02194369
v -0.78897765 0.41480891 0.02206247
v -0.78887582 0.41543080 0.02217826
v -0.78879810 0.41543278 0.02206817
v -0.78878835 0.41607465 0.02222210
v -0.78871047 0.41606088 0.02212069
v -0.78864646 0.41669396 0.02207069
v -0.78871970 0.41671634 0.02218738
v -0.78860107 0.41730917 0.02195096
v -0.78866989 0.41735576 0.02207411
v -0.78864336 0.41796865 0.02187572
v -0.78857436 0.41790623 0.02176135
v -0.78863989 0.41853922 0.02160115
v -0.78857092 0.41847682 0.02148666
v -0.78858597 0.41901350 0.02115090
v -0.78865512 0.41909165 0.02125663
v -0.78862411 0.41950788 0.02073881
v -0.78869327 0.41958610 0.02084449
v -0.78875438 0.42002220 0.02036473
v -0.78868044 0.41993672 0.02028301
v -0.78883362 0.42039292 0.01984141
v -0.78875491 0.42029995 0.01978362
v -0.78885217 0.42058934 0.01922522
v -0.78893104 0.42069812 0.01927432
v -0.78896293 0.42082178 0.01863859
v -0.78904165 0.42091463 0.01869636
v -0.78917043 0.42106566 0.01807469
v -0.78908691 0.42096541 0.01804099
v -0.78931239 0.42112799 0.01744221
v -0.78922409 0.42102036 0.01743245
v -0.78937468 0.42100234 0.01680420
v -0.78946297 0.42110996 0.01681396
v -0.78952901 0.42089691 0.01620438
v -0.78962194 0.42099605 0.01619880
v -0.78978485 0.42081043 0.01560331
v -0.78968733 0.42071975 0.01562403
v -0.78994695 0.42054568 0.01505140
v -0.78984942 0.42045505 0.01507213
v -0.79001086 0.42012698 0.01455508
v -0.79011302 0.42020918 0.01451903
v -0.79017145 0.41971995 0.01408166
v -0.79027363 0.41980217 0.01404555
v -0.79042893 0.41934024 0.01362233
v -0.79032216 0.41926648 0.01367361
v -0.79057417 0.41881617 0.01327321
v -0.79046277 0.41875096 0.01333978
v -0.79059367 0.41820476 0.01306256
v -0.79070952 0.41824584 0.01298945
v -0.79071463 0.41761245 0.01285084
v -0.79082572 0.41764604 0.01280165
v -0.79093231 0.41703157 0.01266198
v -0.79081647 0.41699057 0.01273502
v -0.79101978 0.41638766 0.01261814
v -0.79089949 0.41637090 0.01269775
v -0.79096827 0.41574520 0.01272378
v -0.79108843 0.41574597 0.01265285
v -0.79101366 0.41512998 0.01284357
v -0.79113363 0.41511512 0.01278135
v -0.79116019 0.41450213 0.01297963
v -0.79104020 0.41451717 0.01304188
v -0.79116347 0.41391572 0.01326307
v -0.79104364 0.41394658 0.01331657
v -0.79102859 0.41340983 0.01365238
v -0.79114841 0.41337910 0.01359884
v -0.79099058 0.41293145 0.01405578
v -0.79111025 0.41288478 0.01401094
v -0.79105377 0.41244013 0.01447542
v -0.79093428 0.41250255 0.01451151
v -0.79097450 0.41206952 0.01499882
v -0.79085502 0.41213181 0.01503495
v -0.79076239 0.41183407 0.01557798
v -0.79087708 0.41176432 0.01556590
v -0.79065177 0.41161756 0.01615594
v -0.79076168 0.41154042 0.01616788
v -0.79063771 0.41139680 0.01676541
v -0.79052317 0.41148235 0.01676886
v -0.79049574 0.41133446 0.01739796
v -0.79038582 0.41141159 0.01738609
v -0.79024005 0.41143681 0.01799036
v -0.79034518 0.41135237 0.01802619
v -0.79008571 0.41154224 0.01859018
v -0.79018603 0.41145052 0.01865010
v -0.79002310 0.41163613 0.01924565
v -0.78992279 0.41172784 0.01918574
v -0.78985638 0.41190937 0.01981283
v -0.78976067 0.41199265 0.01973768
v -0.78959925 0.41232060 0.02025471
v -0.78969496 0.41223733 0.02032986
v -0.78993311 0.41185527 0.01986595
v -0.78944326 0.41271931 0.02071289
v -0.78953435 0.41264447 0.02080330
v -0.78939549 0.41279031 0.02061624
v -0.78954702 0.41241590 0.02016465
v -0.78951445 0.41254517 0.02006176
v -0.78936753 0.41291108 0.02049815
v -0.78922609 0.41334765 0.02087555
v -0.78924942 0.41323524 0.02100901
v -0.78909439 0.41381454 0.02119633
v -0.78910876 0.41375085 0.02134298
v -0.78898235 0.41427270 0.02161354
v -0.78896811 0.41435225 0.02145827
v -0.78886600 0.41485656 0.02181006
v -0.78885605 0.41489599 0.02165694
v -0.78876312 0.41546938 0.02175962
v -0.78876400 0.41546265 0.02193454
v -0.78867996 0.41607305 0.02180560
v -0.78868547 0.41605789 0.02196520
v -0.78861665 0.41668376 0.02193923
v -0.78862006 0.41665031 0.02176652
v -0.78857112 0.41728298 0.02182816
v -0.78857435 0.41723390 0.02166416
v -0.78855196 0.41779072 0.02147666
v -0.78854888 0.41785581 0.02163194
v -0.78854818 0.41832974 0.02121941
v -0.78854526 0.41841058 0.02136600
v -0.78856015 0.41893150 0.02103893
v -0.78856289 0.41883478 0.02090114
v -0.78859351 0.41941844 0.02065083
v -0.78859592 0.41929014 0.02053048
v -0.78865207 0.41970317 0.02008343
v -0.78864965 0.41983152 0.02020379
v -0.78872159 0.42004333 0.01961669
v -0.78872876 0.42018633 0.01968908
v -0.78881661 0.42047669 0.01917006
v -0.78881388 0.42030951 0.01909110
v -0.78892720 0.42069331 0.01859211
v -0.78891510 0.42052706 0.01855241
v -0.78903428 0.42066344 0.01797878
v -0.78905101 0.42082113 0.01800326
v -0.78916667 0.42071114 0.01739420
v -0.78918359 0.42088453 0.01740992
v -0.78932937 0.42085930 0.01680565
v -0.78930322 0.42070272 0.01682051
v -0.78947907 0.42076243 0.01622111
v -0.78944814 0.42059847 0.01625991
v -0.78959721 0.42043816 0.01571020
v -0.78963277 0.42059356 0.01565611
v -0.78975007 0.42019034 0.01518877
v -0.78979023 0.42033743 0.01511945
v -0.78994705 0.42001780 0.01461766
v -0.78990224 0.41987937 0.01470234
v -0.79010304 0.41961920 0.01415950
v -0.79004900 0.41949752 0.01427468
v -0.79019523 0.41906848 0.01387321
v -0.79024910 0.41917420 0.01376680
v -0.79032676 0.41858564 0.01356121
v -0.79038991 0.41867440 0.01342415
v -0.79051614 0.41813691 0.01316231
v -0.79044858 0.41807230 0.01330581
v -0.79063268 0.41756868 0.01295707
v -0.79056047 0.41751261 0.01311592
v -0.79065803 0.41693079 0.01299792
v -0.79073004 0.41697122 0.01284786
v -0.79073673 0.41635137 0.01295852
v -0.79081322 0.41636737 0.01280187
v -0.79087741 0.41574992 0.01284316
v -0.79080125 0.41576568 0.01298234
v -0.79092294 0.41515070 0.01295423
v -0.79084216 0.41517482 0.01310872
v -0.79086921 0.41460947 0.01328079
v -0.79094965 0.41455364 0.01314385
v -0.79087298 0.41407051 0.01353805
v -0.79095326 0.41399887 0.01340979
v -0.79093837 0.41347807 0.01373682
v -0.79085825 0.41356552 0.01385639
v -0.79090054 0.41301538 0.01413149
v -0.79082058 0.41311864 0.01424238
v -0.79076925 0.41271282 0.01466539
v -0.79084439 0.41260236 0.01457854
v -0.79069510 0.41238122 0.01514736
v -0.79076994 0.41223895 0.01507790
v -0.79067747 0.41195701 0.01561224
v -0.79060727 0.41209067 0.01566641
v -0.79057148 0.41173194 0.01617499
v -0.79050144 0.41188161 0.01622038
v -0.79038241 0.41176117 0.01678528
v -0.79044748 0.41158843 0.01677261
v -0.79025448 0.41168917 0.01736327
v -0.79031510 0.41154074 0.01735712
v -0.79016916 0.41155021 0.01797009
v -0.79011812 0.41171328 0.01792826
v -0.79001945 0.41164715 0.01855464
v -0.78996838 0.41181026 0.01851288
v -0.78981950 0.41198627 0.01905389
v -0.78986131 0.41184014 0.01912619
v -0.78966665 0.41223410 0.01957520
v -0.78970382 0.41209645 0.01966289
v -0.78964931 0.41242154 0.01946598
v -0.78979288 0.41219081 0.01897523
v -0.78978649 0.41247656 0.01885745
v -0.78965211 0.41269052 0.01931775
v -0.78951839 0.41296773 0.01974325
v -0.78950634 0.41271574 0.01992202
v -0.78938997 0.41329979 0.02011851
v -0.78936407 0.41307311 0.02034306
v -0.78923169 0.41347686 0.02069872
v -0.78926207 0.41367918 0.02046757
v -0.78910459 0.41393543 0.02100426
v -0.78914388 0.41408914 0.02076000
v -0.78903578 0.41456131 0.02097823
v -0.78898741 0.41444028 0.02124433
v -0.78894204 0.41505544 0.02112454
v -0.78887981 0.41495985 0.02143639
v -0.78879133 0.41550886 0.02153258
v -0.78885310 0.41555691 0.02124677
v -0.78871245 0.41607252 0.02158074
v -0.78877847 0.41608062 0.02129718
v -0.78872733 0.41659345 0.02125367
v -0.78865239 0.41663397 0.02155035
v -0.78869039 0.41711248 0.02114693
v -0.78861098 0.41717738 0.02145014
v -0.78858838 0.41771849 0.02127149
v -0.78866729 0.41760621 0.02099440
v -0.78858428 0.41822582 0.02103166
v -0.78866285 0.41808191 0.02077207
v -0.78867690 0.41852362 0.02048864
v -0.78859867 0.41869916 0.02073081
v -0.78870944 0.41893161 0.02014411
v -0.78863153 0.41913885 0.02036883
v -0.78868273 0.41952868 0.01995447
v -0.78875552 0.41928249 0.01977117
v -0.78875211 0.41985291 0.01949646
v -0.78881547 0.41960789 0.01935245
v -0.78889785 0.41982779 0.01889226
v -0.78883959 0.42011181 0.01899489
v -0.78899395 0.42000640 0.01839495
v -0.78893585 0.42030630 0.01848885
v -0.78905027 0.42043518 0.01793920
v -0.78909432 0.42014487 0.01789992
v -0.78917341 0.42049974 0.01738521
v -0.78920789 0.42019479 0.01739390
v -0.78933007 0.42016441 0.01689213
v -0.78930500 0.42046824 0.01684423
v -0.78946096 0.42006963 0.01638612
v -0.78944069 0.42038086 0.01631416
v -0.78958495 0.42021328 0.01578847
v -0.78959154 0.41994331 0.01589744
v -0.78972872 0.41999826 0.01528893
v -0.78972591 0.41972941 0.01543712
v -0.78985962 0.41945205 0.01501172
v -0.78987151 0.41968822 0.01484169
v -0.78999247 0.41909586 0.01462996
v -0.79001379 0.41933087 0.01442059
v -0.79015078 0.41891869 0.01404967
v -0.79011577 0.41872492 0.01429610
v -0.79027805 0.41847592 0.01373544
v -0.79023859 0.41830641 0.01398839
v -0.79034222 0.41785866 0.01377670
v -0.79039522 0.41797113 0.01349538
v -0.79044060 0.41735591 0.01361516
v -0.79049806 0.41744414 0.01332720
v -0.79059130 0.41690249 0.01320712
v -0.79052939 0.41683864 0.01350156
v -0.79067018 0.41633883 0.01315896
v -0.79059953 0.41633929 0.01345780
v -0.79065051 0.41581065 0.01351000
v -0.79072563 0.41578582 0.01320462
v -0.79068763 0.41530738 0.01360798
v -0.79076688 0.41522667 0.01331346
v -0.79078944 0.41468560 0.01349224
v -0.79071516 0.41478938 0.01375405
v -0.79079818 0.41416971 0.01371679
v -0.79071962 0.41431370 0.01397633
v -0.79070556 0.41387191 0.01425980
v -0.79077918 0.41370480 0.01403290
v -0.79066856 0.41348830 0.01461087
v -0.79074629 0.41326530 0.01439488
v -0.79069527 0.41289123 0.01480048
v -0.79062232 0.41312167 0.01499248
v -0.79063053 0.41255845 0.01524325
v -0.79056254 0.41281204 0.01540245
v -0.79048461 0.41256795 0.01585607
v -0.79054304 0.41229954 0.01574481
v -0.79038869 0.41240510 0.01634462
v -0.79044198 0.41209785 0.01627483
v -0.79033237 0.41197624 0.01680045
v -0.79028369 0.41227504 0.01685504
v -0.79020922 0.41191169 0.01735444
v -0.79017456 0.41220087 0.01735454
v -0.79004780 0.41223957 0.01787149
v -0.79007749 0.41192732 0.01790410
v -0.78992151 0.41232591 0.01836229
v -0.78993718 0.41202313 0.01844946
v -0.78989297 0.41274899 0.01826863
v -0.78977642 0.41286592 0.01870268
v -0.78976292 0.41337417 0.01850216
v -0.78966040 0.41348140 0.01888177
v -0.78965576 0.41303852 0.01912590
v -0.78954072 0.41329759 0.01948151
v -0.78956418 0.41373825 0.01915882
v -0.78942155 0.41361266 0.01982623
v -0.78946365 0.41403535 0.01943374
v -0.78936262 0.41428492 0.01973488
v -0.78930714 0.41393516 0.02014701
v -0.78926675 0.41457341 0.01999444
v -0.78919806 0.41431226 0.02041757
v -0.78910347 0.41472743 0.02060750
v -0.78919526 0.41494623 0.02010804
v -0.78902344 0.41518034 0.02071663
v -0.78912875 0.41534213 0.02018886
v -0.78905267 0.41572327 0.02031770
v -0.78893861 0.41562591 0.02084983
v -0.78898600 0.41610337 0.02040721
v -0.78887275 0.41608520 0.02089581
v -0.78882589 0.41655796 0.02085448
v -0.78895712 0.41649488 0.02033099
v -0.78908983 0.41612270 0.01995789
v -0.78911593 0.41636509 0.01972457
v -0.78929255 0.41613824 0.01909195
v -0.78917220 0.41589129 0.01972658
v -0.79036835 0.41495730 0.01513694
v -0.79014186 0.41537222 0.01588527
v -0.79030609 0.41486181 0.01544887
v -0.79046193 0.41444729 0.01499937
v -0.79048388 0.41474561 0.01475520
v -0.79059991 0.41412999 0.01457616
v -0.79061792 0.41450001 0.01431233
v -0.79060836 0.41493669 0.01413143
v -0.79046907 0.41512734 0.01462441
v -0.79058016 0.41539142 0.01402028
v -0.79044019 0.41551880 0.01454818
v -0.78900951 0.41744675 0.01962666
v -0.78923597 0.41703188 0.01887840
v -0.78907651 0.41754972 0.01929087
v -0.78892073 0.41796409 0.01974022
v -0.78889395 0.41765849 0.02000847
v -0.78878271 0.41828142 0.02016356
v -0.78876455 0.41789553 0.02043606
v -0.78877427 0.41747466 0.02060827
v -0.78891358 0.41728402 0.02011524
v -0.78907206 0.41712260 0.01952625
v -0.78894228 0.41687674 0.02020021
v -0.78879768 0.41701268 0.02074339
v -0.78895654 0.41823704 0.01945026
v -0.78881460 0.41862604 0.01985387
v -0.78911421 0.41844794 0.01867595
v -0.78897885 0.41856695 0.01918859
v -0.78913417 0.41810509 0.01876529
v -0.78930882 0.41768834 0.01823730
v -0.78919823 0.41837460 0.01835748
v -0.78908666 0.41896591 0.01853000
v -0.78901452 0.41882405 0.01890725
v -0.78897873 0.41945391 0.01873946
v -0.78890610 0.41926447 0.01914293
v -0.78885125 0.41897801 0.01952029
v -0.78916774 0.41905918 0.01813952
v -0.78906969 0.41959356 0.01828365
v -0.78923990 0.41920100 0.01776220
v -0.78931615 0.41928712 0.01739576
v -0.78915606 0.41974159 0.01784304
v -0.78941436 0.41922005 0.01701407
v -0.78936819 0.41975596 0.01693782
v -0.78951689 0.41911276 0.01663445
v -0.78948488 0.41965497 0.01649507
v -0.78961972 0.41903726 0.01623749
v -0.78971744 0.41892269 0.01588190
v -0.78960622 0.41954558 0.01603692
v -0.78972227 0.41938128 0.01562900
v -0.78984194 0.41911379 0.01525807
v -0.78981846 0.41867311 0.01558082
v -0.78995632 0.41879133 0.01493736
v -0.78991437 0.41838451 0.01532117
v -0.79001984 0.41811061 0.01501357
v -0.79007532 0.41846044 0.01460139
v -0.79011112 0.41783058 0.01476915
v -0.79018458 0.41809910 0.01432208
v -0.79027454 0.41769241 0.01414747
v -0.79018738 0.41746514 0.01463160
v -0.79035921 0.41723103 0.01402296
v -0.79025387 0.41706935 0.01455080
v -0.79032996 0.41668808 0.01442200
v -0.79044386 0.41676963 0.01389856
v -0.79039186 0.41630061 0.01435644
v -0.79050989 0.41632616 0.01384389
v -0.79055212 0.41586195 0.01390045
v -0.79042089 0.41592496 0.01442398
v -0.79029280 0.41628865 0.01478181
v -0.79026655 0.41603045 0.01502382
v -0.79020583 0.41652864 0.01502829
v -0.79008991 0.41625729 0.01565649
v -0.79005217 0.41760009 0.01513552
v -0.79007214 0.41725718 0.01522485
v -0.78992950 0.41713159 0.01589226
v -0.78996351 0.41768190 0.01546932
v -0.78971330 0.41852725 0.01609992
v -0.78977585 0.41820303 0.01599950
v -0.78970519 0.41775211 0.01652720
v -0.78965106 0.41843164 0.01641182
v -0.78937274 0.41884486 0.01738045
v -0.78945513 0.41861327 0.01714911
v -0.78947655 0.41796144 0.01738886
v -0.78934649 0.41858666 0.01762246
v -0.78925558 0.41980117 0.01739158
v -0.79031057 0.41528888 0.01521342
v -0.79042593 0.41415850 0.01529813
v -0.79056327 0.41377795 0.01490972
v -0.79039916 0.41385290 0.01556638
v -0.79026843 0.41396343 0.01606369
v -0.79024828 0.41429063 0.01598313
v -0.79007366 0.41470727 0.01651104
v -0.79017976 0.41404530 0.01639751
v -0.79029597 0.41344544 0.01620970
v -0.79036333 0.41358006 0.01585636
v -0.79040373 0.41294183 0.01600887
v -0.79052674 0.41344190 0.01523469
v -0.79047655 0.41314683 0.01559674
v -0.79021491 0.41335218 0.01660013
v -0.79031294 0.41281786 0.01645603
v -0.79014275 0.41321037 0.01697745
v -0.79006170 0.41311699 0.01736785
v -0.79022197 0.41267820 0.01691189
v -0.79012704 0.41261037 0.01734812
v -0.78996810 0.41317561 0.01773434
v -0.79001428 0.41263965 0.01781055
v -0.78973157 0.41397971 0.01832788
v -0.78966454 0.41387685 0.01866375
v -0.78967269 0.41465188 0.01823639
v -0.78960677 0.41420838 0.01874022
v -0.79000987 0.41356667 0.01735928
v -0.78992291 0.41380653 0.01760579
v -0.78990144 0.41445852 0.01736613
v -0.79003599 0.41380888 0.01712593
v -0.78933046 0.41481134 0.01960413
v -0.78941448 0.41473801 0.01928566
v -0.78944852 0.41528821 0.01886264
v -0.78931034 0.41513836 0.01952353
v -0.78986115 0.41330705 0.01812040
v -0.79002931 0.41181943 0.01991498
v -0.79097135 0.41904215 0.01305448
v -0.78893304 0.41976139 0.02105489
v -0.79145461 0.41135308 0.01464395
v -0.79080067 0.41984109 0.01161969
v -0.79101357 0.41992537 0.01155190
v -0.78883098 0.42292452 0.01927007
v -0.83739959 0.41574341 0.02479043
v -0.83751352 0.41627615 0.02403808
v -0.83772628 0.41630167 0.02408831
v -0.83759542 0.41690006 0.02337513
v -0.83780817 0.41692558 0.02342539
v -0.83786286 0.41764753 0.02282793
v -0.83765011 0.41762202 0.02277767
v -0.83788518 0.41842881 0.02233740
v -0.83767242 0.41840329 0.02228714
v -0.83766717 0.41925130 0.02187948
v -0.83787993 0.41927675 0.02192973
v -0.83762926 0.42012677 0.02159613
v -0.83784202 0.42015222 0.02164641
v -0.83777620 0.42106285 0.02146340
v -0.83756344 0.42103740 0.02141312
v -0.83767751 0.42198516 0.02141353
v -0.83746476 0.42195971 0.02136325
v -0.83733786 0.42288544 0.02143111
v -0.83755062 0.42291088 0.02148139
v -0.83703585 0.42548232 0.02235681
v -0.83682309 0.42545680 0.02230655
v -0.83720992 0.42550314 0.02239790
v -0.83757793 0.42470117 0.02203524
v -0.83738399 0.42552402 0.02243903
v -0.83757739 0.42554718 0.02248474
v -0.83777134 0.42472433 0.02208095
v -0.83779014 0.42557263 0.02253502
v -0.83798409 0.42474978 0.02213122
v -0.83815336 0.42476327 0.02219636
v -0.83795944 0.42558613 0.02260013
v -0.83830329 0.42477453 0.02225694
v -0.83810921 0.42558146 0.02266937
v -0.83847328 0.42391489 0.02197314
v -0.83832335 0.42390374 0.02191259
v -0.83847419 0.42301481 0.02172473
v -0.83862412 0.42302596 0.02178529
v -0.83870665 0.42303131 0.02187135
v -0.83856042 0.42391180 0.02204394
v -0.83884877 0.42212093 0.02190647
v -0.83882908 0.42212983 0.02181009
v -0.83892315 0.42121595 0.02187522
v -0.83894301 0.42122287 0.02196285
v -0.83899376 0.42031271 0.02203422
v -0.83900918 0.42034382 0.02212842
v -0.83904725 0.41948416 0.02240303
v -0.83903185 0.41945293 0.02230881
v -0.83905283 0.41866786 0.02279320
v -0.83903725 0.41862093 0.02270775
v -0.83901509 0.41785546 0.02318959
v -0.83903068 0.41790231 0.02327509
v -0.83887757 0.41709641 0.02371839
v -0.83893210 0.41780261 0.02312962
v -0.83878661 0.41776722 0.02306251
v -0.83873208 0.41706101 0.02365131
v -0.83861716 0.41773784 0.02300614
v -0.83856263 0.41703170 0.02359492
v -0.83834972 0.41699044 0.02355336
v -0.83840442 0.41771233 0.02295588
v -0.83863948 0.41851912 0.02251561
v -0.83842672 0.41849367 0.02246536
v -0.83842148 0.41934161 0.02205770
v -0.83863423 0.41936713 0.02210792
v -0.83838358 0.42021709 0.02177434
v -0.83859631 0.42024260 0.02182460
v -0.83852586 0.42116165 0.02165691
v -0.83831775 0.42112771 0.02159133
v -0.83843182 0.42207554 0.02159172
v -0.83821907 0.42205002 0.02154147
v -0.83809218 0.42297575 0.02160930
v -0.83830491 0.42300126 0.02165958
v -0.83794132 0.42386467 0.02179721
v -0.83815407 0.42389012 0.02184748
v -0.83860111 0.42208897 0.02165685
v -0.83869517 0.42117509 0.02172198
v -0.83884507 0.42118634 0.02178262
v -0.83874641 0.42210867 0.02173269
v -0.83891108 0.42029155 0.02195682
v -0.83876578 0.42027185 0.02188099
v -0.83880353 0.41938057 0.02217299
v -0.83894901 0.41941596 0.02224013
v -0.83880895 0.41854845 0.02257192
v -0.83895441 0.41858396 0.02263907
v -0.83878215 0.41617074 0.02529246
v -0.83885929 0.41678702 0.02465350
v -0.83875045 0.41629327 0.02536452
v -0.79021645 0.42336881 0.01677242
v -0.83505462 0.42345865 0.03518570
v -0.83870783 0.42211055 0.02259590
v -0.83876079 0.42132031 0.02277238
v -0.83867943 0.42209813 0.02272243
v -0.83857001 0.42289510 0.02278158
v -0.83855086 0.42286570 0.02287750
v -0.83865583 0.42209298 0.02282494
v -0.83862246 0.42210023 0.02287490
v -0.83842694 0.42362472 0.02301730
v -0.83874198 0.42132254 0.02285088
v -0.83870381 0.42132247 0.02292486
v -0.83867522 0.42133711 0.02295082
v -0.83859370 0.42209906 0.02290961
v -0.83863176 0.42132509 0.02296571
v -0.83855024 0.42208711 0.02292445
v -0.83846808 0.42207045 0.02293017
v -0.83854496 0.42131699 0.02298671
v -0.83844364 0.42131387 0.02297916
v -0.83850171 0.42056265 0.02311414
v -0.83860322 0.42058154 0.02311294
v -0.83868520 0.42058236 0.02311598
v -0.83873313 0.42057001 0.02309456
v -0.83876189 0.42057125 0.02305984
v -0.83879986 0.42055555 0.02299467
v -0.83830562 0.41987794 0.02332760
v -0.83816856 0.42203684 0.02290093
v -0.83814444 0.42202719 0.02292031
v -0.83804393 0.42277554 0.02296634
v -0.83796254 0.42314485 0.02303600
v -0.83803073 0.42286422 0.02297728
v -0.83803501 0.42282415 0.02297945
v -0.83795824 0.42318504 0.02303385
v -0.83806806 0.42278521 0.02294690
v -0.83802444 0.42495270 0.02369740
v -0.83850218 0.41642569 0.02634827
v -0.83862389 0.41679912 0.02564380
v -0.83734442 0.42574438 0.02433465
v -0.83693450 0.42819690 0.02701676
v -0.83694242 0.42805338 0.02705599
v -0.83586291 0.42753236 0.03188953
v -0.83575489 0.42621487 0.03301467
v -0.83785141 0.41590911 0.02936478
v -0.83803498 0.41589518 0.02859482
v -0.83753425 0.42381069 0.02416091
v -0.83611925 0.42008212 0.03458133
v -0.83627141 0.41931965 0.03432374
v -0.83725105 0.41660593 0.03155275
v -0.83783340 0.41949044 0.02867682
v -0.83796896 0.41952244 0.02870011
v -0.83714460 0.42401526 0.02991190
v -0.83666666 0.42719009 0.02638294
v -0.83664680 0.42714046 0.02640466
v -0.83647582 0.42741084 0.02707887
v -0.83644127 0.42735028 0.02708060
v -0.83641097 0.42747064 0.02741066
v -0.83617744 0.42757096 0.02852354
v -0.83615331 0.42756136 0.02854292
v -0.83589212 0.42740558 0.02963985
v -0.83686756 0.41665502 0.03096085
v -0.83667345 0.41701055 0.03160226
v -0.83615329 0.42446053 0.03002730
v -0.83602534 0.42488290 0.03026719
v -0.83646993 0.42653455 0.02728519
v -0.83662789 0.42632573 0.02672244
v -0.83584461 0.42732082 0.02997155
v -0.83571484 0.42707490 0.03064551
v -0.83575328 0.42719247 0.03033561
v -0.83550382 0.42626853 0.03194749
v -0.83552796 0.42627820 0.03192806
v -0.83549871 0.42622951 0.03198893
v -0.83590368 0.42644353 0.02972819
v -0.83602749 0.42657134 0.02913934
v -0.83545951 0.42622031 0.03189670
v -0.83539857 0.42575714 0.03247706
v -0.83536897 0.42571970 0.03244608
v -0.83617783 0.41884383 0.03338406
v -0.83596123 0.41916989 0.03352232
v -0.83612412 0.41853288 0.03315574
v -0.83606194 0.41884573 0.03334797
v -0.83608607 0.41885540 0.03332854
v -0.83581284 0.41984478 0.03380829
v -0.83638384 0.41832526 0.03181121
v -0.83533557 0.42383574 0.03363014
v -0.83534195 0.42314150 0.03386747
v -0.83576753 0.42019593 0.03347165
v -0.83595719 0.41986458 0.03283683
v -0.83714903 0.42570957 0.02482890
v -0.83711236 0.42535752 0.02516258
v -0.83695143 0.42573292 0.02565343
v -0.83694663 0.42523146 0.02601559
v -0.83708431 0.42488241 0.02560978
v -0.83721204 0.42448721 0.02526940
v -0.83725810 0.42488097 0.02478724
v -0.83733454 0.42403708 0.02497913
v -0.83740336 0.42435691 0.02443807
v -0.83753425 0.42381069 0.02416091
v -0.83745204 0.42356385 0.02472162
v -0.83765537 0.42323420 0.02394048
v -0.83755505 0.42305267 0.02454477
v -0.83764366 0.42251965 0.02443992
v -0.83775259 0.42262074 0.02383998
v -0.83771330 0.42197284 0.02442234
v -0.83783560 0.42200114 0.02380266
v -0.83790423 0.42135957 0.02383739
v -0.83777353 0.42142722 0.02444396
v -0.83795900 0.42074335 0.02391795
v -0.83781510 0.42089962 0.02453548
v -0.83783786 0.42037425 0.02470549
v -0.83797631 0.42014734 0.02414683
v -0.83783733 0.41987555 0.02496049
v -0.83797977 0.41957676 0.02442146
v -0.83796470 0.41904014 0.02475729
v -0.83782774 0.41940939 0.02523743
v -0.83793596 0.41854465 0.02513011
v -0.83779502 0.41898571 0.02559069
v -0.83774400 0.41861171 0.02599625
v -0.83787040 0.41813280 0.02561639
v -0.83767481 0.41830311 0.02644555
v -0.83779130 0.41777794 0.02613109
v -0.83769852 0.41746426 0.02668284
v -0.83759671 0.41804321 0.02690791
v -0.83759252 0.41723931 0.02724555
v -0.83750046 0.41784872 0.02741390
v -0.83739083 0.41772710 0.02793957
v -0.83746392 0.41710410 0.02785847
v -0.83726785 0.41767849 0.02848484
v -0.83732690 0.41706497 0.02845826
v -0.83717617 0.41706706 0.02909523
v -0.83714091 0.41770144 0.02901048
v -0.83702629 0.41714817 0.02968853
v -0.83700967 0.41776451 0.02953403
v -0.83687020 0.41793940 0.03003576
v -0.83686354 0.41734960 0.03027534
v -0.83672657 0.41817035 0.03052663
v -0.83670159 0.41763022 0.03081857
v -0.83654000 0.41794235 0.03134434
v -0.83658825 0.41845602 0.03096728
v -0.83638384 0.41832526 0.03181121
v -0.83645041 0.41878912 0.03138186
v -0.83631823 0.41920870 0.03172872
v -0.83623332 0.41879449 0.03221051
v -0.83619556 0.41964302 0.03202774
v -0.83609286 0.41932581 0.03253568
v -0.83595719 0.41986458 0.03283683
v -0.83608285 0.42012350 0.03226128
v -0.83584082 0.42044863 0.03303332
v -0.83597987 0.42063463 0.03243804
v -0.83589125 0.42116785 0.03254286
v -0.83573885 0.42105453 0.03315780
v -0.83581682 0.42170714 0.03258448
v -0.83566063 0.42168146 0.03317107
v -0.83558721 0.42231578 0.03316031
v -0.83576122 0.42224427 0.03254756
v -0.83553720 0.42293936 0.03305583
v -0.83571518 0.42279623 0.03246264
v -0.83569705 0.42331304 0.03227740
v -0.83551511 0.42352799 0.03285095
v -0.83569278 0.42380455 0.03204632
v -0.83551629 0.42409014 0.03256101
v -0.83552671 0.42463531 0.03224051
v -0.83570716 0.42427790 0.03174546
v -0.83556025 0.42513807 0.03184367
v -0.83573523 0.42471019 0.03140752
v -0.83579074 0.42505984 0.03099531
v -0.83562101 0.42554266 0.03138136
v -0.83585529 0.42537678 0.03056138
v -0.83570491 0.42590472 0.03084268
v -0.83579290 0.42621107 0.03031494
v -0.83593817 0.42564427 0.03007499
v -0.83590368 0.42644353 0.02972819
v -0.83603442 0.42583862 0.02956904
v -0.83614405 0.42596024 0.02904336
v -0.83602749 0.42657134 0.02913934
v -0.83626224 0.42600160 0.02852206
v -0.83616932 0.42661776 0.02851546
v -0.83631525 0.42660827 0.02790255
v -0.83638935 0.42599447 0.02798767
v -0.83646993 0.42653455 0.02728519
v -0.83652508 0.42590698 0.02745752
v -0.83666472 0.42574783 0.02694709
v -0.83662789 0.42632573 0.02672244
v -0.83680351 0.42550973 0.02648029
v -0.83679000 0.42606099 0.02617048
v -0.83592493 0.42429303 0.03099120
v -0.83596607 0.42462064 0.03065103
v -0.83602534 0.42488290 0.03026719
v -0.83609371 0.42511229 0.02986153
v -0.83617544 0.42526881 0.02943619
v -0.83627069 0.42536840 0.02898255
v -0.83637485 0.42541936 0.02851580
v -0.83648300 0.42539853 0.02806858
v -0.83660001 0.42532936 0.02760834
v -0.83671641 0.42519664 0.02718292
v -0.83683690 0.42500822 0.02676844
v -0.83695672 0.42475640 0.02638893
v -0.83707608 0.42445716 0.02603541
v -0.83719014 0.42410301 0.02573212
v -0.83729461 0.42373435 0.02547682
v -0.83739382 0.42331074 0.02527163
v -0.83747880 0.42288104 0.02512975
v -0.83755422 0.42243652 0.02503581
v -0.83761990 0.42196153 0.02499859
v -0.83766693 0.42150459 0.02503119
v -0.83770439 0.42103288 0.02511173
v -0.83772318 0.42057932 0.02526217
v -0.83772812 0.42015108 0.02545833
v -0.83771456 0.41975674 0.02571563
v -0.83768731 0.41940372 0.02600994
v -0.83764154 0.41908452 0.02636546
v -0.83758690 0.41881378 0.02673397
v -0.83751394 0.41859283 0.02715489
v -0.83743203 0.41842042 0.02758896
v -0.83734139 0.41831239 0.02802740
v -0.83723741 0.41827719 0.02848539
v -0.83712910 0.41828221 0.02894131
v -0.83701223 0.41836738 0.02939283
v -0.83689122 0.41850848 0.02983347
v -0.83677073 0.41869696 0.03024796
v -0.83665089 0.41894877 0.03062753
v -0.83653618 0.41923946 0.03096577
v -0.83642197 0.41957773 0.03127774
v -0.83631765 0.41996227 0.03152436
v -0.83621829 0.42037000 0.03173823
v -0.83612865 0.42080831 0.03189546
v -0.83605342 0.42126855 0.03198057
v -0.83599237 0.42173510 0.03200253
v -0.83594071 0.42220059 0.03198522
v -0.83590788 0.42266375 0.03188939
v -0.83588892 0.42310149 0.03174769
v -0.83588398 0.42352973 0.03155153
v -0.83589754 0.42392400 0.03129429
v -0.83812041 0.41996395 0.02362983
v -0.83808380 0.42051469 0.02350561
v -0.83806059 0.41830023 0.02472646
v -0.83810734 0.41871431 0.02431868
v -0.83812766 0.41930586 0.02393281
v -0.83781092 0.41695202 0.02646677
v -0.83791808 0.41728773 0.02584298
v -0.83800245 0.41769742 0.02527816
v -0.83804459 0.41811993 0.02488564
v -0.83770098 0.41679878 0.02700982
v -0.83537119 0.42372721 0.03335915
v -0.83540762 0.42316078 0.03349208
v -0.83543084 0.42537524 0.03227122
v -0.83538427 0.42497685 0.03267030
v -0.83536840 0.42436104 0.03304966
v -0.83542395 0.42292119 0.03354444
v -0.83572743 0.42041454 0.03353059
v -0.83562476 0.42095728 0.03369001
v -0.83552857 0.42166552 0.03373817
v -0.83545118 0.42237159 0.03370782
v -0.83705435 0.41667765 0.02980831
v -0.83767701 0.41676210 0.02712983
v -0.83634718 0.41797314 0.03214488
v -0.83774635 0.42337386 0.02348458
v -0.83544125 0.42546896 0.03217965
v -0.83644187 0.42700508 0.02716541
v -0.83808033 0.42063382 0.02345989
v -0.83574507 0.42030160 0.03351313
v -0.83581442 0.42691330 0.02986790
v -0.83640920 0.42703273 0.02728971
v -0.83626460 0.42716867 0.02783289
v -0.83610001 0.42719612 0.02851566
v -0.83594384 0.42712758 0.02921144
v -0.83583834 0.42695008 0.02974797
v -0.83586538 0.41964592 0.03333625
v -0.83601428 0.41901841 0.03302415
v -0.83617305 0.41843735 0.03264665
v -0.83631516 0.41806418 0.03223429
v -0.83576753 0.42019593 0.03347165
v -0.83579525 0.42688395 0.02996390
v -0.83568514 0.42671489 0.03051569
v -0.83557815 0.42639506 0.03113069
v -0.83548899 0.42597805 0.03171953
v -0.83545148 0.42554697 0.03209683
v -0.83787128 0.42270968 0.02329246
v -0.83776879 0.42326818 0.02344319
v -0.83804027 0.42130382 0.02328989
v -0.83807209 0.42074570 0.02343809
v -0.83796765 0.42201720 0.02323558
v -0.83762619 0.42404535 0.02365278
v -0.83748197 0.42466426 0.02394953
v -0.83731840 0.42523800 0.02435102
v -0.83717643 0.42562710 0.02475472
v -0.83772870 0.42348680 0.02350204
v -0.83722685 0.41650668 0.02916478
v -0.83739620 0.41648665 0.02845813
v -0.83754776 0.41656365 0.02777755
v -0.83765787 0.41673257 0.02722580
v -0.83708237 0.41665854 0.02969935
v -0.83697970 0.42618098 0.02530668
v -0.83679531 0.42656715 0.02589137
v -0.83661457 0.42684987 0.02651313
v -0.83646979 0.42697006 0.02706500
v -0.83711683 0.42578465 0.02492714
v -0.83688149 0.41681703 0.03046934
v -0.83702166 0.41670529 0.02993267
v -0.83651638 0.41748588 0.03167572
v -0.83637458 0.41789079 0.03207067
v -0.83669629 0.41712407 0.03109762
v -0.83624376 0.42095758 0.03142015
v -0.83705859 0.42409164 0.02638236
v -0.83759777 0.42115312 0.02558974
v -0.83664723 0.42484529 0.02774149
v -0.83758300 0.41974536 0.02636587
v -0.81124247 0.41782229 0.02967262
v -0.80331263 0.41687257 0.02779923
v -0.81112017 0.41873956 0.02972528
v -0.80346330 0.41596782 0.02762012
v -0.81923032 0.41877892 0.03155974
v -0.81910802 0.41969620 0.03161240
v -0.81938099 0.41787417 0.03138063
v -0.81900935 0.42061865 0.03156243
v -0.81102150 0.41966202 0.02967532
v -0.81893875 0.42152176 0.03140347
v -0.81095089 0.42056513 0.02951635
v -0.82568877 0.42233020 0.03299814
v -0.81890099 0.42241317 0.03111142
v -0.80319035 0.41778986 0.02785183
v -0.79667864 0.41607809 0.02623200
v -0.79655637 0.41699532 0.02628459
v -0.79249475 0.41650891 0.02532501
v -0.80302106 0.41961541 0.02764296
v -0.81139313 0.41691754 0.02949352
v -0.82613101 0.41868260 0.03297534
v -0.81091313 0.42145654 0.02922430
v -0.80298329 0.42050682 0.02735091
v -0.81090774 0.42228854 0.02882536
v -0.80297790 0.42133883 0.02695197
v -0.79634933 0.41971229 0.02578361
v -0.79634392 0.42054436 0.02538468
v -0.79636639 0.42134158 0.02488543
v -0.79638708 0.41882088 0.02607569
v -0.81889559 0.42324518 0.03071248
v -0.81891806 0.42404246 0.03021321
v -0.81093020 0.42308582 0.02832612
v -0.81156776 0.41604946 0.02919443
v -0.80363792 0.41509981 0.02732102
v -0.81955562 0.41700610 0.03108151
v -0.82630564 0.41781453 0.03267622
v -0.81974969 0.41619911 0.03066910
v -0.82649973 0.41700748 0.03226380
v -0.83077410 0.41751940 0.03327360
v -0.80309166 0.41871230 0.02780193
v -0.82565102 0.42322161 0.03270607
v -0.82564562 0.42405362 0.03230712
v -0.81176184 0.41524241 0.02878201
v -0.81995850 0.41544580 0.03016714
v -0.81197065 0.41448917 0.02828002
v -0.82017752 0.41477043 0.02958244
v -0.82692755 0.41557886 0.03117711
v -0.82041157 0.41418048 0.02889080
v -0.81218966 0.41381379 0.02769535
v -0.80404081 0.41353951 0.02640664
v -0.81242371 0.41322384 0.02700371
v -0.80383200 0.41429276 0.02690860
v -0.82716160 0.41498892 0.03048547
v -0.79261703 0.41559163 0.02527241
v -0.80425984 0.41286408 0.02582193
v -0.80449388 0.41227413 0.02513029
v -0.82670853 0.41625423 0.03176181
v -0.79228769 0.41922587 0.02482409
v -0.79036722 0.41625416 0.02482241
v -0.80300037 0.42213611 0.02645270
v -0.79232546 0.41833447 0.02511614
v -0.79016018 0.41897112 0.02432146
v -0.79019794 0.41807971 0.02461351
v -0.79645769 0.41791777 0.02623465
v -0.78932759 0.41797544 0.02440792
v -0.78928983 0.41886684 0.02411587
v -0.78907616 0.41794536 0.02434849
v -0.78903840 0.41883676 0.02405644
v -0.78939820 0.41707233 0.02456688
v -0.82575938 0.42142709 0.03315711
v -0.82585805 0.42050463 0.03320707
v -0.83013242 0.42101655 0.03421690
v -0.83143598 0.41550078 0.03149526
v -0.83120192 0.41609079 0.03218691
v -0.79682931 0.41517334 0.02605289
v -0.82566809 0.42485084 0.03180787
v -0.79228230 0.42005788 0.02442515
v -0.79230476 0.42085516 0.02392591
v -0.83058001 0.41832646 0.03368602
v -0.83040538 0.41919453 0.03398514
v -0.83293963 0.41860902 0.03424345
v -0.83025472 0.42009927 0.03416424
v -0.83261433 0.42038183 0.03472168
v -0.83249204 0.42129911 0.03477434
v -0.83369743 0.42051156 0.03497755
v -0.83384810 0.41960681 0.03479844
v -0.83357513 0.42142884 0.03503020
v -0.83347647 0.42235130 0.03498024
v -0.83408425 0.42055789 0.03506896
v -0.83396195 0.42147516 0.03512161
v -0.83425207 0.42150988 0.03519014
v -0.83276500 0.41947709 0.03454257
v -0.83239336 0.42222157 0.03472437
v -0.79276770 0.41468688 0.02509331
v -0.79294231 0.41381886 0.02479423
v -0.79081480 0.41356404 0.02429161
v -0.79064017 0.41443211 0.02459073
v -0.79100889 0.41275699 0.02387919
v -0.78994445 0.41345983 0.02408597
v -0.79013854 0.41265278 0.02367355
v -0.79313640 0.41301181 0.02438181
v -0.79334520 0.41225856 0.02387982
v -0.79121769 0.41200374 0.02337721
v -0.79356423 0.41158313 0.02329514
v -0.79143671 0.41132837 0.02279251
v -0.79056637 0.41122410 0.02258688
v -0.79167076 0.41073843 0.02210087
v -0.79379828 0.41099318 0.02260350
v -0.79048952 0.41533688 0.02476975
v -0.83379558 0.41578339 0.03205274
v -0.83356153 0.41637334 0.03274438
v -0.83334252 0.41704871 0.03332908
v -0.83464462 0.41650306 0.03300027
v -0.83487868 0.41591312 0.03230863
v -0.78914676 0.41704224 0.02450748
v -0.78949688 0.41614988 0.02461679
v -0.83423491 0.41965314 0.03488985
v -0.83437436 0.42059267 0.03513749
v -0.83452503 0.41968792 0.03495838
v -0.79026854 0.41717660 0.02477250
v -0.79034734 0.41189953 0.02317160
v -0.78969302 0.41342968 0.02402659
v -0.78988711 0.41262263 0.02361417
v -0.78961633 0.41259020 0.02355019
v -0.83442562 0.41717844 0.03358495
v -0.82991999 0.42456554 0.03331695
v -0.82994246 0.42536276 0.03281767
v -0.83227961 0.42484810 0.03387439
v -0.83230207 0.42564537 0.03337515
v -0.83338517 0.42577504 0.03363104
v -0.83336270 0.42497782 0.03413029
v -0.83377200 0.42582137 0.03372239
v -0.83336809 0.42414581 0.03452923
v -0.83375492 0.42419214 0.03462061
v -0.83379268 0.42330073 0.03491266
v -0.83404504 0.42422686 0.03468913
v -0.83403964 0.42505893 0.03429020
v -0.83228500 0.42401608 0.03427336
v -0.83408279 0.42333545 0.03498121
v -0.83340585 0.42325440 0.03482128
v -0.83386328 0.42239763 0.03507162
v -0.78961918 0.41523260 0.02456413
v -0.83503146 0.41654940 0.03309163
v -0.78976982 0.41432790 0.02438509
v -0.82598034 0.41958735 0.03315444
v -0.79031493 0.41119401 0.02252748
v -0.78942224 0.41339726 0.02396261
v -0.78934575 0.41257361 0.02347740
v -0.78982513 0.41183695 0.02304823
v -0.78915626 0.41337221 0.02387462
v -0.78891456 0.41337257 0.02375859
v -0.78910403 0.41257409 0.02336133
v -0.78931283 0.41182071 0.02285945
v -0.78873978 0.41422477 0.02406638
v -0.78898163 0.41424028 0.02417374
v -0.78883096 0.41514503 0.02435285
v -0.78859374 0.41512110 0.02423014
v -0.83374953 0.42502415 0.03422164
v -0.83003375 0.42193895 0.03416693
v -0.78955452 0.41182033 0.02297557
v -0.79700394 0.41430527 0.02575377
v -0.79719803 0.41349822 0.02534135
v -0.78887598 0.41700981 0.02444350
v -0.78880538 0.41791292 0.02428453
v -0.79080042 0.41063415 0.02189524
v -0.79740683 0.41274497 0.02483937
v -0.78924544 0.41611980 0.02455739
v -0.79239606 0.41743136 0.02527511
v -0.83469966 0.41881985 0.03465927
v -0.83440955 0.41878507 0.03459073
v -0.83489375 0.41801279 0.03424685
v -0.83460363 0.41797801 0.03417831
v -0.83421682 0.41793168 0.03408693
v -0.83098290 0.41676616 0.03277161
v -0.78870851 0.41604650 0.02441419
v -0.78847128 0.41602256 0.02429154
v -0.78909696 0.41517009 0.02444075
v -0.83481243 0.41722477 0.03367633
v -0.78860984 0.41696883 0.02436426
v -0.78853938 0.41788786 0.02419663
v -0.78850609 0.41875491 0.02389799
v -0.78830661 0.41783969 0.02406738
v -0.83526551 0.41595945 0.03239999
v -0.83555562 0.41599417 0.03246854
v -0.83532156 0.41658417 0.03316019
v -0.79009591 0.41186939 0.02311219
v -0.82996316 0.42284206 0.03400794
v -0.79762585 0.41206960 0.02425467
v -0.79785991 0.41147960 0.02356301
v -0.78928442 0.41969891 0.02371694
v -0.78936773 0.41520251 0.02450476
v -0.79054898 0.41060407 0.02183584
v -0.79027820 0.41057163 0.02177189
v -0.78876762 0.41880433 0.02399249
v -0.79015478 0.41980313 0.02392252
v -0.79017725 0.42060035 0.02342327
v -0.83415340 0.42243234 0.03514018
v -0.78903300 0.41966877 0.02365750
v -0.82992538 0.42373353 0.03371589
v -0.78897467 0.41608737 0.02449340
v -0.78930690 0.42049613 0.02321766
v -0.78924762 0.41426533 0.02426173
v -0.83232276 0.42312468 0.03456541
v -0.83313372 0.41780196 0.03383103
v -0.78905546 0.42046605 0.02315826
v -0.83402273 0.41873874 0.03449935
v -0.83510255 0.41725955 0.03374486
v -0.78837261 0.41694489 0.02424162
v -0.78826869 0.41871528 0.02378402
v -0.78951839 0.41429775 0.02432571
v -0.78876222 0.41963634 0.02359355
v -0.78878469 0.42043355 0.02309429
v -0.78849607 0.41959547 0.02351430
v -0.78852316 0.42038420 0.02299978
v -0.78828544 0.42031282 0.02290325
v -0.78826311 0.41953153 0.02339384
v -0.79004415 0.41116158 0.02246353
v -0.79000776 0.41057083 0.02169048
v -0.78977817 0.41113654 0.02237554
v -0.78953201 0.41116122 0.02226601
v -0.78976145 0.41057970 0.02158963
v -0.78949688 0.41614988 0.02461679
v -0.79036722 0.41625416 0.02482241
v -0.78961918 0.41523260 0.02456413
v -0.78936773 0.41520251 0.02450476
v -0.78939820 0.41707233 0.02456688
v -0.79026854 0.41717660 0.02477250
v -0.79239606 0.41743136 0.02527511
v -0.78951839 0.41429775 0.02432571
v -0.78909696 0.41517009 0.02444075
v -0.78897467 0.41608737 0.02449340
v -0.83013242 0.42101655 0.03421690
v -0.83249204 0.42129911 0.03477434
v -0.83025472 0.42009927 0.03416424
v -0.82598034 0.41958735 0.03315444
v -0.83003375 0.42193895 0.03416693
v -0.78887598 0.41700981 0.02444350
v -0.78897467 0.41608737 0.02449340
v -0.78870851 0.41604650 0.02441419
v -0.78860984 0.41696883 0.02436426
v -0.78837261 0.41694489 0.02424162
v -0.83386328 0.42239763 0.03507162
v -0.83347647 0.42235130 0.03498024
v -0.83379268 0.42330073 0.03491266
v -0.83415340 0.42243234 0.03514018
v -0.83340585 0.42325440 0.03482128
v -0.83232276 0.42312468 0.03456541
v -0.82996316 0.42284206 0.03400794
v -0.83228500 0.42401608 0.03427336
v -0.82992538 0.42373353 0.03371589
v -0.83293963 0.41860902 0.03424345
v -0.83384810 0.41960681 0.03479844
v -0.83402273 0.41873874 0.03449935
v -0.83276500 0.41947709 0.03454257
v -0.83313372 0.41780196 0.03383103
v -0.83402273 0.41873874 0.03449935
v -0.83421682 0.41793168 0.03408693
v -0.83442562 0.41717844 0.03358495
v -0.83481243 0.41722477 0.03367633
v -0.79009591 0.41186939 0.02311219
v -0.79031493 0.41119401 0.02252748
v -0.78982513 0.41183695 0.02304823
v -0.79004415 0.41116158 0.02246353
v -0.83377200 0.42582137 0.03372239
v -0.83403964 0.42505893 0.03429020
v -0.83374953 0.42502415 0.03422164
v -0.83406211 0.42585615 0.03379095
v -0.81433287 0.41918933 0.01589841
v -0.81420597 0.42011506 0.01596625
v -0.80627614 0.41916534 0.01409285
v -0.80612528 0.42005426 0.01428076
v -0.81405512 0.42100397 0.01615416
v -0.82204298 0.42196061 0.01804127
v -0.81388513 0.42186363 0.01643790
v -0.82219382 0.42107175 0.01785337
v -0.82232072 0.42014603 0.01778551
v -0.80595529 0.42091391 0.01456450
v -0.81369119 0.42268648 0.01684169
v -0.80576135 0.42173677 0.01496830
v -0.82241940 0.41922371 0.01783538
v -0.81443155 0.41826701 0.01594828
v -0.82879299 0.42276904 0.01963597
v -0.80650171 0.41731736 0.01407487
v -0.82894385 0.42188012 0.01944806
v -0.82907074 0.42095440 0.01938020
v -0.80640304 0.41823962 0.01402499
v -0.79932131 0.42011944 0.01299724
v -0.80555256 0.42249002 0.01547022
v -0.81348240 0.42343974 0.01734361
v -0.80532872 0.42315811 0.01607901
v -0.81325856 0.42410783 0.01795240
v -0.82124642 0.42506446 0.01983952
v -0.79891858 0.42169555 0.01390296
v -0.80656752 0.41640673 0.01425791
v -0.79993355 0.41561220 0.01269063
v -0.80660545 0.41553120 0.01454122
v -0.79997146 0.41473673 0.01297396
v -0.80661069 0.41468326 0.01494889
v -0.81454052 0.41563297 0.01682231
v -0.79997670 0.41388878 0.01338162
v -0.80658837 0.41390197 0.01543944
v -0.81451820 0.41485169 0.01731284
v -0.82250606 0.41580832 0.01919995
v -0.82245137 0.41508637 0.01979742
v -0.82920140 0.41589482 0.02139206
v -0.82925610 0.41661671 0.02079459
v -0.83353047 0.41712863 0.02180442
v -0.80653368 0.41318002 0.01603691
v -0.79989970 0.41238555 0.01446962
v -0.82252838 0.41658961 0.01870939
v -0.82252313 0.41743761 0.01830174
v -0.82927840 0.41739805 0.02030407
v -0.82927316 0.41824599 0.01989640
v -0.82923525 0.41912146 0.01961308
v -0.81453528 0.41648092 0.01641464
v -0.79590983 0.41425031 0.01201444
v -0.82147026 0.42439637 0.01923073
v -0.82167904 0.42364311 0.01872880
v -0.82822028 0.42520481 0.02082540
v -0.82842908 0.42445149 0.02032347
v -0.82862301 0.42362870 0.01991968
v -0.81302914 0.42468936 0.01862872
v -0.82101698 0.42564605 0.02051585
v -0.80509930 0.42373970 0.01675531
v -0.81449737 0.41735639 0.01613129
v -0.79587192 0.41512579 0.01173109
v -0.82916942 0.42003208 0.01943007
v -0.83354754 0.41875791 0.02090621
v -0.82187299 0.42282026 0.01832501
v -0.81446351 0.41412974 0.01791030
v -0.79591508 0.41340231 0.01242210
v -0.83347577 0.41640673 0.02240190
v -0.83589007 0.41741124 0.02236186
v -0.83583538 0.41668929 0.02295936
v -0.83691848 0.41681901 0.02321523
v -0.83697317 0.41754096 0.02261776
v -0.83350963 0.41963338 0.02062288
v -0.83590713 0.41904053 0.02146368
v -0.83586923 0.41991600 0.02118033
v -0.83580340 0.42082662 0.02099732
v -0.83591239 0.41819252 0.02187133
v -0.83270345 0.42496341 0.02133330
v -0.83289739 0.42414056 0.02092951
v -0.83249467 0.42571667 0.02183520
v -0.79580610 0.41603641 0.01154808
v -0.79367858 0.41578159 0.01104547
v -0.79357990 0.41670391 0.01099560
v -0.79570742 0.41695873 0.01149821
v -0.79558053 0.41788446 0.01156605
v -0.79280824 0.41567738 0.01083983
v -0.79287405 0.41476675 0.01102286
v -0.79345300 0.41762963 0.01106346
v -0.79270956 0.41659970 0.01078996
v -0.79542967 0.41877337 0.01175396
v -0.79330216 0.41851855 0.01125134
v -0.79243182 0.41841428 0.01104572
v -0.79258267 0.41752536 0.01085781
v -0.79313217 0.41937821 0.01153508
v -0.79869475 0.42236365 0.01451172
v -0.79846532 0.42294517 0.01518804
v -0.79440369 0.42245875 0.01422852
v -0.79912737 0.42094229 0.01340103
v -0.83334512 0.42146632 0.02039001
v -0.79378232 0.41399550 0.01151180
v -0.79374441 0.41487097 0.01122847
v -0.79525970 0.41963297 0.01203769
v -0.79995440 0.41310744 0.01387214
v -0.83344381 0.42054401 0.02043987
v -0.83695232 0.42004572 0.02143622
v -0.83688650 0.42095635 0.02125321
v -0.83733916 0.42009199 0.02152760
v -0.83727334 0.42100262 0.02134459
v -0.83678782 0.42187860 0.02120334
v -0.83756344 0.42103740 0.02141312
v -0.83699023 0.41917019 0.02171957
v -0.83506305 0.42524603 0.02189074
v -0.79485697 0.42120909 0.01294334
v -0.83746476 0.42195971 0.02136325
v -0.79233123 0.41749527 0.01079844
v -0.79226183 0.41927394 0.01132946
v -0.83762926 0.42012677 0.02159613
v -0.79949129 0.41925977 0.01271353
v -0.79293824 0.42020100 0.01193886
v -0.79206789 0.42009679 0.01173325
v -0.79201039 0.41924385 0.01127006
v -0.79185911 0.42085006 0.01223512
v -0.79160768 0.42081998 0.01217569
v -0.79138383 0.42148806 0.01278453
v -0.79133690 0.42078754 0.01211174
v -0.79154568 0.42003427 0.01160987
v -0.79272947 0.42095428 0.01244070
v -0.79111305 0.42145562 0.01272058
v -0.83485426 0.42599928 0.02239267
v -0.83593736 0.42612901 0.02264854
v -0.83614616 0.42537576 0.02214661
v -0.83634009 0.42455290 0.02174282
v -0.83730531 0.41686535 0.02330661
v -0.83736001 0.41758724 0.02270910
v -0.83765011 0.41762202 0.02277767
v -0.83759542 0.41690006 0.02337513
v -0.79463312 0.42187723 0.01355220
v -0.79127011 0.41999445 0.01156992
v -0.79173962 0.41921142 0.01120608
v -0.79146405 0.41917160 0.01116613
v -0.79255681 0.41564723 0.01078044
v -0.83571352 0.42679710 0.02325732
v -0.83610035 0.42684344 0.02334871
v -0.83548409 0.42737869 0.02393365
v -0.83440100 0.42724897 0.02367776
v -0.83463043 0.42666738 0.02300145
v -0.83587093 0.42742503 0.02402501
v -0.83616104 0.42745974 0.02409356
v -0.83639046 0.42687816 0.02341723
v -0.83661430 0.42621006 0.02280847
v -0.82248521 0.41831308 0.01801841
v -0.83525700 0.42442318 0.02148695
v -0.83651008 0.42369325 0.02145908
v -0.83542698 0.42356352 0.02120321
v -0.83557784 0.42267460 0.02101530
v -0.83666094 0.42280433 0.02127117
v -0.83306738 0.42328090 0.02064577
v -0.79986772 0.41652282 0.01250762
v -0.83699548 0.41832224 0.02212723
v -0.83227082 0.42638483 0.02244399
v -0.79976904 0.41744514 0.01245776
v -0.79088363 0.42203715 0.01339690
v -0.79115440 0.42206958 0.01346085
v -0.79061268 0.42198890 0.01334166
v -0.79245813 0.41656955 0.01073058
v -0.83717466 0.42192493 0.02129472
v -0.79084211 0.42140738 0.01266531
v -0.83689691 0.42373957 0.02155049
v -0.83204139 0.42696635 0.02312031
v -0.79106133 0.42074772 0.01207179
v -0.83738231 0.41836858 0.02221858
v -0.79163526 0.42151814 0.01284396
v -0.83672691 0.42459923 0.02183423
v -0.83653298 0.42542209 0.02223799
v -0.83682309 0.42545680 0.02230655
v -0.79227618 0.42220394 0.01372588
v -0.79964214 0.41837086 0.01252562
v -0.79181645 0.42006670 0.01167385
v -0.83701703 0.42463395 0.02190275
v -0.83718702 0.42377429 0.02161901
v -0.83321823 0.42239205 0.02045787
v -0.79218735 0.41653712 0.01066660
v -0.79228603 0.41561481 0.01071646
v -0.79206046 0.41746284 0.01073446
v -0.79191179 0.41649730 0.01062662
v -0.83766717 0.41925130 0.02187948
v -0.83632419 0.42617534 0.02273992
v -0.83767242 0.41840329 0.02228714
v -0.79218038 0.41838419 0.01098632
v -0.83733786 0.42288544 0.02143111
v -0.83355278 0.41790997 0.02131387
v -0.79120303 0.41912688 0.01115470
v -0.79137302 0.41826735 0.01087092
v -0.79163883 0.41831933 0.01085838
v -0.79101357 0.41992537 0.01155190
v -0.79262263 0.41473661 0.01096345
v -0.79235185 0.41470417 0.01089950
v -0.79250560 0.42162242 0.01304956
v -0.79589276 0.41262103 0.01291263
v -0.79583808 0.41189908 0.01351010
v -0.79376525 0.41236621 0.01240998
v -0.79371056 0.41164432 0.01300746
v -0.79284021 0.41154004 0.01280187
v -0.79289490 0.41226200 0.01220440
v -0.79378756 0.41314755 0.01191946
v -0.79190961 0.41835176 0.01092234
v -0.79258878 0.41150997 0.01274244
v -0.79264346 0.41223192 0.01214497
v -0.79237270 0.41219942 0.01208101
v -0.79231800 0.41147753 0.01267849
v -0.79209728 0.41217561 0.01203232
v -0.79211963 0.41295678 0.01154171
v -0.79183216 0.41218658 0.01201000
v -0.79177764 0.41148043 0.01259879
v -0.79185433 0.41295205 0.01152816
v -0.79184890 0.41378423 0.01112925
v -0.79211438 0.41380471 0.01113410
v -0.79181097 0.41465982 0.01084595
v -0.79207646 0.41468018 0.01085078
v -0.79204277 0.41146934 0.01262111
v -0.79239501 0.41298076 0.01159049
v -0.79506575 0.42045582 0.01244148
v -0.82799645 0.42587291 0.02143416
v -0.82776702 0.42645443 0.02211048
v -0.83704776 0.42285066 0.02136258
v -0.83570472 0.42174894 0.02094745
v -0.79291197 0.41389129 0.01130619
v -0.79266054 0.41386114 0.01124678
v -0.79291722 0.41304328 0.01171384
v -0.83737707 0.41921653 0.02181092
v -0.79140583 0.42209972 0.01352027
v -0.79266579 0.41301320 0.01165444
v -0.79201047 0.41557499 0.01067649
v -0.79058556 0.42133829 0.01264732
v -0.79035614 0.42191981 0.01332364
v -0.79080461 0.42066294 0.01206250
v -0.79238977 0.41382871 0.01118283
v -0.79174038 0.41556294 0.01068693
v -0.79164632 0.41647682 0.01062180
v -0.79152387 0.41737830 0.01068308
v -0.79178488 0.41742315 0.01069450
v -0.83746476 0.42195971 0.02136325
v -0.83733786 0.42288544 0.02143111
v -0.83704776 0.42285066 0.02136258
v -0.83666094 0.42280433 0.02127117
v -0.83678782 0.42187860 0.02120334
v -0.83704776 0.42285066 0.02136258
v -0.83570472 0.42174894 0.02094745
v -0.83321823 0.42239205 0.02045787
v -0.83306738 0.42328090 0.02064577
v -0.82879299 0.42276904 0.01963597
v -0.83289739 0.42414056 0.02092951
v -0.82862301 0.42362870 0.01991968
v -0.82187299 0.42282026 0.01832501
v -0.79137302 0.41826735 0.01087092
v -0.79152387 0.41737830 0.01068308
v -0.79178488 0.41742315 0.01069450
v -0.79190961 0.41835176 0.01092234
v -0.79218038 0.41838419 0.01098632
v -0.79173962 0.41921142 0.01120608
v -0.79201039 0.41924385 0.01127006
v -0.79154568 0.42003427 0.01160987
v -0.79181645 0.42006670 0.01167385
v -0.79932131 0.42011944 0.01299724
v -0.79525970 0.41963297 0.01203769
v -0.79949129 0.41925977 0.01271353
v -0.79506575 0.42045582 0.01244148
v -0.83661430 0.42621006 0.02280847
v -0.83632419 0.42617534 0.02273992
v -0.83682309 0.42545680 0.02230655
v -0.79293824 0.42020100 0.01193886
v -0.79506575 0.42045582 0.01244148
v -0.79485697 0.42120909 0.01294334
v -0.79272947 0.42095428 0.01244070
v -0.79463312 0.42187723 0.01355220
v -0.79250560 0.42162242 0.01304956
v -0.82916942 0.42003208 0.01943007
v -0.82923525 0.41912146 0.01961308
v -0.83344381 0.42054401 0.02043987
v -0.82241940 0.41922371 0.01783538
v -0.82248521 0.41831308 0.01801841
v -0.79201047 0.41557499 0.01067649
v -0.79207646 0.41468018 0.01085078
v -0.79235185 0.41470417 0.01089950
v -0.79211438 0.41380471 0.01113410
v -0.79238977 0.41382871 0.01118283
v -0.79378232 0.41399550 0.01151180
v -0.79374441 0.41487097 0.01122847
v -0.79287405 0.41476675 0.01102286
v -0.79291197 0.41389129 0.01130619
v -0.79266579 0.41301320 0.01165444
v -0.79266054 0.41386114 0.01124678
v -0.79239501 0.41298076 0.01159049
v -0.79238977 0.41382871 0.01118283
v -0.83767242 0.41840329 0.02228714
v -0.83766717 0.41925130 0.02187948
v -0.83737707 0.41921653 0.02181092
v -0.79227618 0.42220394 0.01372588
v -0.79140583 0.42209972 0.01352027
v -0.79163526 0.42151814 0.01284396
v -0.79250560 0.42162242 0.01304956
v -0.81148534 0.42571211 0.02464493
v -0.80355550 0.42476246 0.02277152
v -0.81167124 0.42591960 0.02375284
v -0.81132189 0.42539902 0.02549549
v -0.80374140 0.42496995 0.02187943
v -0.81947319 0.42666874 0.02653205
v -0.81965909 0.42687624 0.02563995
v -0.81187480 0.42601423 0.02284324
v -0.80339206 0.42444930 0.02362210
v -0.81118537 0.42495583 0.02629801
v -0.81930974 0.42635565 0.02738260
v -0.81917321 0.42591251 0.02818519
v -0.80394496 0.42506452 0.02096985
v -0.81986265 0.42697087 0.02473035
v -0.82605978 0.42716403 0.02897727
v -0.82592324 0.42672088 0.02977986
v -0.83019762 0.42723281 0.03078966
v -0.80416136 0.42503887 0.02006686
v -0.82007905 0.42694522 0.02382737
v -0.79752738 0.42424440 0.01849960
v -0.79731099 0.42426998 0.01940257
v -0.79710742 0.42417541 0.02031218
v -0.80325554 0.42400611 0.02442462
v -0.80314158 0.42347334 0.02517708
v -0.81107141 0.42442305 0.02705050
v -0.79650760 0.42267886 0.02360981
v -0.79662156 0.42321163 0.02285736
v -0.79255993 0.42272522 0.02189781
v -0.79244598 0.42219239 0.02265026
v -0.80305489 0.42284218 0.02586397
v -0.81098472 0.42379189 0.02773739
v -0.81897257 0.42474859 0.02962448
v -0.79775190 0.42409095 0.01762703
v -0.81209120 0.42598859 0.02194025
v -0.82682908 0.42775366 0.02542204
v -0.82661268 0.42777924 0.02632502
v -0.82705358 0.42760027 0.02454948
v -0.79642091 0.42204771 0.02429670
v -0.79235927 0.42156129 0.02333719
v -0.79230476 0.42085516 0.02392591
v -0.80438587 0.42488549 0.01919430
v -0.81231570 0.42583520 0.02106772
v -0.81255309 0.42556150 0.02020165
v -0.83033415 0.42767595 0.02998707
v -0.83255722 0.42751542 0.03134713
v -0.79043241 0.42247040 0.02139520
v -0.80300037 0.42213611 0.02645270
v -0.79346576 0.42375793 0.01754004
v -0.80462326 0.42461179 0.01832823
v -0.81278930 0.42517709 0.01939667
v -0.80485947 0.42422738 0.01752325
v -0.79798927 0.42381732 0.01676096
v -0.79822548 0.42343290 0.01595598
v -0.79846532 0.42294517 0.01518804
v -0.82054095 0.42651814 0.02208873
v -0.82077716 0.42613373 0.02128376
v -0.82101698 0.42564605 0.02051585
v -0.79416386 0.42294643 0.01499646
v -0.81302914 0.42468936 0.01862872
v -0.79269645 0.42316836 0.02109528
v -0.81905927 0.42537969 0.02893759
v -0.81093020 0.42308582 0.02832612
v -0.81891806 0.42404246 0.03021321
v -0.83088706 0.42829117 0.02733482
v -0.83008367 0.42670005 0.03154206
v -0.79692152 0.42396792 0.02120428
v -0.80509930 0.42373970 0.01675531
v -0.79056894 0.42291354 0.02059266
v -0.79285989 0.42348151 0.02024473
v -0.79073238 0.42322669 0.01974212
v -0.78986202 0.42312247 0.01953651
v -0.82640912 0.42768467 0.02723463
v -0.79031845 0.42193764 0.02214766
v -0.79023177 0.42130648 0.02283454
v -0.78936143 0.42120220 0.02262892
v -0.83244328 0.42698260 0.03209953
v -0.82999699 0.42606889 0.03222895
v -0.83235658 0.42635150 0.03278642
v -0.83343969 0.42648116 0.03304231
v -0.83352638 0.42711233 0.03235539
v -0.83364033 0.42764509 0.03160299
v -0.83391320 0.42715866 0.03244678
v -0.82030356 0.42679184 0.02295481
v -0.79369027 0.42360454 0.01666748
v -0.79133824 0.42350311 0.01703743
v -0.79156276 0.42334972 0.01616487
v -0.79069240 0.42324551 0.01595926
v -0.79046789 0.42339889 0.01683182
v -0.79112185 0.42352875 0.01794041
v -0.83269376 0.42795857 0.03054451
v -0.79675808 0.42365477 0.02205482
v -0.82729098 0.42732652 0.02368340
v -0.82752718 0.42694216 0.02287843
v -0.83180157 0.42745409 0.02388823
v -0.82776702 0.42645443 0.02211048
v -0.83204139 0.42696635 0.02312031
v -0.83416118 0.42773664 0.02444570
v -0.83440100 0.42724897 0.02367776
v -0.79440369 0.42245875 0.01422852
v -0.79203634 0.42269167 0.01449382
v -0.79091828 0.42343418 0.01885003
v -0.79004793 0.42332997 0.01864438
v -0.83377686 0.42808823 0.03080040
v -0.83394030 0.42840138 0.02994986
v -0.83432713 0.42844772 0.03004124
v -0.83285720 0.42827166 0.02969396
v -0.83304311 0.42847916 0.02880186
v -0.83156537 0.42783844 0.02469320
v -0.83392496 0.42812105 0.02525067
v -0.83132797 0.42811214 0.02555927
v -0.83368757 0.42839475 0.02611675
v -0.83346307 0.42854814 0.02698928
v -0.83477067 0.42852448 0.02637262
v -0.82580930 0.42618813 0.03053226
v -0.79227618 0.42220394 0.01372588
v -0.79140583 0.42209972 0.01352027
v -0.83454616 0.42867786 0.02724518
v -0.83515749 0.42857081 0.02646400
v -0.83493298 0.42872419 0.02733656
v -0.83522310 0.42875891 0.02740508
v -0.83500670 0.42878456 0.02830807
v -0.83544761 0.42860553 0.02653252
v -0.83568500 0.42833183 0.02566648
v -0.83539488 0.42829711 0.02559793
v -0.83592120 0.42794747 0.02486151
v -0.83432977 0.42870345 0.02814815
v -0.83563110 0.42791270 0.02479295
v -0.79636639 0.42134158 0.02488543
v -0.78969859 0.42280932 0.02038705
v -0.83587093 0.42742503 0.02402501
v -0.83616104 0.42745974 0.02409356
v -0.78944810 0.42183342 0.02194204
v -0.78910999 0.42117212 0.02256952
v -0.78930690 0.42049613 0.02321766
v -0.78905546 0.42046605 0.02315826
v -0.83049759 0.42798910 0.02913652
v -0.78878469 0.42043355 0.02309429
v -0.78883921 0.42113968 0.02250557
v -0.78852316 0.42038420 0.02299978
v -0.83230207 0.42564537 0.03337515
v -0.82994246 0.42536276 0.03281767
v -0.79017725 0.42060035 0.02342327
v -0.83500805 0.42825078 0.02550657
v -0.79116600 0.42258740 0.01428820
v -0.79092979 0.42297181 0.01509318
v -0.79067835 0.42294173 0.01503378
v -0.79044098 0.42321536 0.01589985
v -0.83068350 0.42819660 0.02824443
v -0.78857306 0.42109882 0.02242633
v -0.83338517 0.42577504 0.03363104
v -0.83110346 0.42826552 0.02643183
v -0.83548409 0.42737869 0.02393365
v -0.78919667 0.42180328 0.02188263
v -0.83402715 0.42769142 0.03169438
v -0.83431726 0.42772620 0.03176291
v -0.79025149 0.42342454 0.01773480
v -0.79021645 0.42336881 0.01677242
v -0.79040759 0.42290923 0.01496982
v -0.79017019 0.42318299 0.01583590
v -0.79013664 0.42286106 0.01491453
v -0.78990387 0.42312632 0.01576535
v -0.78967475 0.42328814 0.01665317
v -0.79000007 0.42339439 0.01767539
v -0.78979650 0.42329982 0.01858500
v -0.78972929 0.42336196 0.01761144
v -0.78952572 0.42326739 0.01852105
v -0.78994568 0.42333638 0.01670846
v -0.79180014 0.42307603 0.01529879
v -0.83420331 0.42719344 0.03251531
v -0.83416369 0.42813456 0.03089178
v -0.78865960 0.42171405 0.02174810
v -0.79037285 0.42247664 0.01410955
v -0.78965658 0.42304017 0.01571683
v -0.82572261 0.42555697 0.03121915
v -0.82566809 0.42485084 0.03180787
v -0.83471659 0.42874978 0.02823953
v -0.78892589 0.42177084 0.02181868
v -0.83412620 0.42860888 0.02905776
v -0.79064396 0.42254070 0.01415611
v -0.83382652 0.42652750 0.03313367
v -0.83411662 0.42656228 0.03320223
v -0.83406211 0.42585615 0.03379095
v -0.79324936 0.42378357 0.01844303
v -0.78956207 0.42236613 0.02118957
v -0.78931063 0.42233605 0.02113017
v -0.83377200 0.42582137 0.03372239
v -0.78833994 0.42101907 0.02231455
v -0.78961060 0.42309233 0.01947709
v -0.83445379 0.42816934 0.03096032
v -0.83461723 0.42848249 0.03010977
v -0.83480314 0.42868999 0.02921768
v -0.79115440 0.42206958 0.01346085
v -0.83324668 0.42857373 0.02789225
v -0.82622322 0.42747718 0.02812672
v -0.79392765 0.42333084 0.01580144
v -0.78944715 0.42277924 0.02032765
v -0.78917638 0.42274675 0.02026369
v -0.79304580 0.42368894 0.01935263
v -0.83451303 0.42865521 0.02914915
v -0.83524427 0.42786636 0.02470159
v -0.78933981 0.42305990 0.01941314
v -0.78891008 0.42269002 0.02019309
v -0.78907368 0.42301905 0.01933381
v -0.78883098 0.42292452 0.01927007
v -0.78867218 0.42260282 0.02010534
v -0.78925941 0.42321072 0.01845046
v -0.79091456 0.42255732 0.01422880
v -0.78943190 0.42317781 0.01659809
v -0.78988933 0.42277503 0.01486604
v -0.79012093 0.42239905 0.01407632
v -0.79035614 0.42191981 0.01332364
v -0.79061268 0.42198890 0.01334166
v -0.78828544 0.42031282 0.02290325
v -0.78842185 0.42164285 0.02165160
v -0.78901689 0.42313202 0.01837798
v -0.78903985 0.42230361 0.02106622
v -0.79088363 0.42203715 0.01339690
v -0.78877353 0.42224693 0.02099572
v -0.78853580 0.42217561 0.02089920
v -0.78945835 0.42331379 0.01755613
v -0.78921564 0.42321931 0.01749245
v -0.79692152 0.42396792 0.02120428
v -0.79285989 0.42348151 0.02024473
v -0.79304580 0.42368894 0.01935263
v -0.79269645 0.42316836 0.02109528
v -0.79675808 0.42365477 0.02205482
v -0.78979650 0.42329982 0.01858500
v -0.79004793 0.42332997 0.01864438
v -0.78961060 0.42309233 0.01947709
v -0.79025149 0.42342454 0.01773480
v -0.79112185 0.42352875 0.01794041
v -0.79091828 0.42343418 0.01885003
v -0.79304580 0.42368894 0.01935263
v -0.83480314 0.42868999 0.02921768
v -0.83451303 0.42865521 0.02914915
v -0.83500670 0.42878456 0.02830807
v -0.83451303 0.42865521 0.02914915
v -0.83412620 0.42860888 0.02905776
v -0.83432977 0.42870345 0.02814815
v -0.83324668 0.42857373 0.02789225
v -0.82705358 0.42760027 0.02454948
v -0.83132797 0.42811214 0.02555927
v -0.83110346 0.42826552 0.02643183
v -0.83156537 0.42783844 0.02469320
v -0.82729098 0.42732652 0.02368340
v -0.82054095 0.42651814 0.02208873
v -0.82030356 0.42679184 0.02295481
v -0.79021645 0.42336881 0.01677242
v -0.78994568 0.42333638 0.01670846
v -0.79044098 0.42321536 0.01589985
v -0.79092979 0.42297181 0.01509318
v -0.79180014 0.42307603 0.01529879
v -0.79069240 0.42324551 0.01595926
v -0.79044098 0.42321536 0.01589985
v -0.83548409 0.42737869 0.02393365
v -0.83587093 0.42742503 0.02402501
v -0.83524427 0.42786636 0.02470159
v -0.79091456 0.42255732 0.01422880
v -0.79064396 0.42254070 0.01415611
v -0.79115440 0.42206958 0.01346085
v -0.79088363 0.42203715 0.01339690
v -0.81378162 0.41199347 0.02187960
v -0.80603308 0.41125968 0.01912938
v -0.80585179 0.41104375 0.02000621
v -0.81396291 0.41220940 0.02100277
v -0.81357824 0.41191473 0.02278041
v -0.80564841 0.41096501 0.02090702
v -0.81412650 0.41253849 0.02014350
v -0.80619666 0.41158877 0.01827011
v -0.79921780 0.41024928 0.01843894
v -0.79901442 0.41017054 0.01933975
v -0.80543199 0.41099065 0.02181006
v -0.81336184 0.41194030 0.02368344
v -0.80520269 0.41113678 0.02270659
v -0.82195077 0.41316603 0.02288989
v -0.82211436 0.41349512 0.02203061
v -0.82870079 0.41397447 0.02448456
v -0.82886439 0.41430350 0.02362528
v -0.83313877 0.41481542 0.02463508
v -0.82225554 0.41392972 0.02121268
v -0.83297519 0.41448633 0.02549435
v -0.81313254 0.41208644 0.02457997
v -0.81289977 0.41235164 0.02543077
v -0.83279390 0.41427040 0.02637118
v -0.82851950 0.41375854 0.02536139
v -0.83259051 0.41419167 0.02727199
v -0.82831613 0.41367974 0.02626219
v -0.82809972 0.41370537 0.02716523
v -0.82156610 0.41287136 0.02466752
v -0.83237409 0.41421730 0.02817503
v -0.80496994 0.41140192 0.02355738
v -0.81265894 0.41274441 0.02625106
v -0.82088763 0.41330827 0.02731789
v -0.82064678 0.41370110 0.02813819
v -0.82041157 0.41418048 0.02889080
v -0.81242371 0.41322384 0.02700371
v -0.80449388 0.41227413 0.02513029
v -0.82716160 0.41498892 0.03048547
v -0.82739683 0.41450949 0.02973282
v -0.79939909 0.41046520 0.01756211
v -0.83515349 0.41455301 0.02692866
v -0.83533478 0.41476894 0.02605183
v -0.83327995 0.41525009 0.02381716
v -0.83167120 0.41502141 0.03074265
v -0.81426769 0.41297309 0.01932557
v -0.80633785 0.41202337 0.01745218
v -0.80645179 0.41255612 0.01669983
v -0.81438162 0.41350584 0.01857323
v -0.82236948 0.41446247 0.02046034
v -0.82245137 0.41508637 0.01979742
v -0.82920140 0.41589482 0.02139206
v -0.79981780 0.41176164 0.01513257
v -0.81446351 0.41412974 0.01791030
v -0.79495280 0.40968407 0.01838020
v -0.82911951 0.41527091 0.02205499
v -0.79989970 0.41238555 0.01446962
v -0.79575618 0.41127523 0.01417303
v -0.79564225 0.41074243 0.01492536
v -0.82787041 0.41385150 0.02806176
v -0.80472911 0.41179470 0.02437767
v -0.82763767 0.41411665 0.02891252
v -0.83563955 0.41553264 0.02437462
v -0.83641788 0.41489867 0.02630769
v -0.83623659 0.41468274 0.02718452
v -0.83680471 0.41494500 0.02639908
v -0.79351473 0.41048767 0.01442272
v -0.79550107 0.41030782 0.01574329
v -0.79362866 0.41102042 0.01367038
v -0.79275832 0.41091614 0.01346479
v -0.79284021 0.41154004 0.01280187
v -0.79856871 0.41034224 0.02113931
v -0.83143598 0.41550078 0.03149526
v -0.82900556 0.41473816 0.02280736
v -0.83214479 0.41436343 0.02907156
v -0.83473371 0.41449985 0.02873250
v -0.83450440 0.41464604 0.02962904
v -0.83558749 0.41477577 0.02988490
v -0.83581680 0.41462958 0.02898836
v -0.79970386 0.41122890 0.01588491
v -0.82134969 0.41289694 0.02557056
v -0.79956269 0.41079423 0.01670283
v -0.79583808 0.41189908 0.01351010
v -0.83549836 0.41509803 0.02519255
v -0.80653368 0.41318002 0.01603691
v -0.83662342 0.41472907 0.02727591
v -0.83603320 0.41460400 0.02808533
v -0.83691353 0.41476379 0.02734446
v -0.83671014 0.41468505 0.02824527
v -0.79371056 0.41164432 0.01300746
v -0.79879802 0.41019611 0.02024279
v -0.83191204 0.41462857 0.02992235
v -0.82176948 0.41295010 0.02376672
v -0.79337355 0.41005301 0.01524064
v -0.79250320 0.40994879 0.01503506
v -0.79233961 0.40961970 0.01589433
v -0.79208817 0.40958962 0.01583493
v -0.79225177 0.40991865 0.01497565
v -0.79320996 0.40972398 0.01609993
v -0.79302867 0.40950805 0.01697676
v -0.82112038 0.41304313 0.02646710
v -0.79533748 0.40997873 0.01660256
v -0.79198100 0.40988622 0.01491167
v -0.83709481 0.41497972 0.02646763
v -0.83597431 0.41482210 0.02997629
v -0.83620363 0.41467591 0.02907975
v -0.83649373 0.41471068 0.02914831
v -0.83626443 0.41485681 0.03004484
v -0.83603168 0.41512196 0.03089560
v -0.83574157 0.41508718 0.03082707
v -0.83642004 0.41465034 0.02817672
v -0.79833597 0.41060739 0.02199008
v -0.79809513 0.41100023 0.02281038
v -0.79403350 0.41051381 0.02185086
v -0.79427434 0.41012097 0.02103056
v -0.79450709 0.40985583 0.02017977
v -0.79214683 0.40986616 0.02052792
v -0.79237958 0.40960102 0.01967713
v -0.79260888 0.40945489 0.01878060
v -0.79150922 0.40949680 0.01947154
v -0.79173853 0.40935067 0.01857502
v -0.79127647 0.40976194 0.02032234
v -0.79282530 0.40942926 0.01787755
v -0.79195494 0.40932503 0.01767197
v -0.79148710 0.40932053 0.01851557
v -0.79170350 0.40929495 0.01761257
v -0.79181740 0.40955719 0.01577095
v -0.79170578 0.40987811 0.01485419
v -0.79184678 0.41029688 0.01404506
v -0.79144542 0.40989658 0.01480792
v -0.79158181 0.41032378 0.01401405
v -0.79169113 0.41086511 0.01327687
v -0.79196070 0.41082975 0.01329274
v -0.79154679 0.40954057 0.01569825
v -0.83495011 0.41447428 0.02782946
v -0.79190688 0.40937369 0.01671176
v -0.79264438 0.41038340 0.01421713
v -0.79239295 0.41035332 0.01415770
v -0.79785991 0.41147960 0.02356301
v -0.79379828 0.41099318 0.02260350
v -0.83725840 0.41530880 0.02560836
v -0.79143273 0.40926252 0.01754859
v -0.79121633 0.40928809 0.01845162
v -0.79115749 0.40925433 0.01749121
v -0.79094107 0.40928002 0.01839427
v -0.79068554 0.40930584 0.01832386
v -0.79090194 0.40928020 0.01742088
v -0.83696830 0.41527403 0.02553980
v -0.79515619 0.40976281 0.01747939
v -0.79215832 0.40940377 0.01677116
v -0.79046102 0.40945921 0.01919648
v -0.83535475 0.41504085 0.03073569
v -0.83739959 0.41574341 0.02479043
v -0.79098702 0.40943423 0.01934815
v -0.79223611 0.41085363 0.01334141
v -0.79250688 0.41088606 0.01340536
v -0.79177764 0.41148043 0.01259879
v -0.79128180 0.40956759 0.01566727
v -0.83710948 0.41570870 0.02472187
v -0.83722341 0.41624144 0.02396953
v -0.83751352 0.41627615 0.02403808
v -0.83579084 0.41551480 0.03171590
v -0.83658146 0.41522776 0.02544842
v -0.83339388 0.41578283 0.02306482
v -0.83347577 0.41640673 0.02240190
v -0.83575349 0.41606538 0.02362228
v -0.83583538 0.41668929 0.02295936
v -0.83691848 0.41681901 0.02321523
v -0.83683658 0.41619511 0.02387815
v -0.79204277 0.41146934 0.01262111
v -0.79212217 0.41032088 0.01409375
v -0.79163611 0.40934126 0.01664778
v -0.83730531 0.41686535 0.02330661
v -0.83759542 0.41690006 0.02337513
v -0.79473639 0.40970970 0.01928324
v -0.83550073 0.41548002 0.03164737
v -0.83526551 0.41595945 0.03239999
v -0.83555562 0.41599417 0.03246854
v -0.79071640 0.40941760 0.01927551
v -0.79110071 0.40936737 0.01653533
v -0.79231800 0.41147753 0.01267849
v -0.79125780 0.40946666 0.01941210
v -0.79102505 0.40973180 0.02026290
v -0.79103564 0.41015472 0.02114263
v -0.79078421 0.41012464 0.02108319
v -0.79051343 0.41009220 0.02101924
v -0.79054898 0.41060407 0.02183584
v -0.79027820 0.41057163 0.02177189
v -0.79080042 0.41063415 0.02189524
v -0.79024284 0.41007560 0.02094649
v -0.79000776 0.41057083 0.02169048
v -0.78976145 0.41057970 0.02158963
v -0.78999206 0.41010878 0.02085220
v -0.79022828 0.40972437 0.02004722
v -0.83672265 0.41566236 0.02463049
v -0.79190599 0.41025900 0.02134822
v -0.83427164 0.41491118 0.03047983
v -0.83403081 0.41530396 0.03130009
v -0.83379558 0.41578339 0.03205274
v -0.83487868 0.41591312 0.03230863
v -0.83511391 0.41543369 0.03155598
v -0.79167076 0.41073843 0.02210087
v -0.79258878 0.41150997 0.01274244
v -0.79136089 0.40933308 0.01659035
v -0.79048384 0.40969857 0.02011750
v -0.79075427 0.40969937 0.02019894
v -0.79533748 0.40997873 0.01660256
v -0.79515619 0.40976281 0.01747939
v -0.79939909 0.41046520 0.01756211
v -0.79550107 0.41030782 0.01574329
v -0.79956269 0.41079423 0.01670283
v -0.79215832 0.40940377 0.01677116
v -0.79208817 0.40958962 0.01583493
v -0.79190688 0.40937369 0.01671176
v -0.79163611 0.40934126 0.01664778
v -0.79128180 0.40956759 0.01566727
v -0.79110071 0.40936737 0.01653533
v -0.79136089 0.40933308 0.01659035
v -0.82911951 0.41527091 0.02205499
v -0.82900556 0.41473816 0.02280736
v -0.83327995 0.41525009 0.02381716
v -0.83339388 0.41578283 0.02306482
v -0.79223611 0.41085363 0.01334141
v -0.79212217 0.41032088 0.01409375
v -0.79250688 0.41088606 0.01340536
v -0.79258878 0.41150997 0.01274244
v -0.83683658 0.41619511 0.02387815
v -0.83672265 0.41566236 0.02463049
v -0.83722341 0.41624144 0.02396953
v -0.83730531 0.41686535 0.02330661
v -0.79215832 0.40940377 0.01677116
v -0.79282530 0.40942926 0.01787755
v -0.79302867 0.40950805 0.01697676
v -0.79515619 0.40976281 0.01747939
v -0.79495280 0.40968407 0.01838020
v -0.79473639 0.40970970 0.01928324
v -0.82156610 0.41287136 0.02466752
v -0.82176948 0.41295010 0.02376672
v -0.81357824 0.41191473 0.02278041
v -0.82134969 0.41289694 0.02557056
v -0.83603320 0.41460400 0.02808533
v -0.83620363 0.41467591 0.02907975
v -0.83642004 0.41465034 0.02817672
v -0.83671014 0.41468505 0.02824527
v -0.83649373 0.41471068 0.02914831
v -0.83581680 0.41462958 0.02898836
v -0.83495011 0.41447428 0.02782946
v -0.83191204 0.41462857 0.02992235
v -0.82787041 0.41385150 0.02806176
v -0.82763767 0.41411665 0.02891252
v -0.82088763 0.41330827 0.02731789
v -0.82112038 0.41304313 0.02646710
v -0.79046102 0.40945921 0.01919648
v -0.79022828 0.40972437 0.02004722
v -0.79048384 0.40969857 0.02011750
v -0.83526551 0.41595945 0.03239999
v -0.83511391 0.41543369 0.03155598
v -0.83487868 0.41591312 0.03230863
v -0.78977642 0.41286592 0.01870268
v -0.78989297 0.41274899 0.01826863
v -0.78976292 0.41337417 0.01850216
v -0.78956418 0.41373825 0.01915882
v -0.78942155 0.41361266 0.01982623
v -0.78954072 0.41329759 0.01948151
v -0.78946365 0.41403535 0.01943374
v -0.78960677 0.41420838 0.01874022
v -0.78952079 0.41454326 0.01893440
v -0.78941448 0.41473801 0.01928566
v -0.78936262 0.41428492 0.01973488
v -0.78958388 0.41516926 0.01835001
v -0.78944852 0.41528821 0.01886264
v -0.78968891 0.41620207 0.01738187
v -0.78942081 0.41579038 0.01872538
v -0.78931034 0.41513836 0.01952353
v -0.78926281 0.41554786 0.01951712
v -0.78912875 0.41534213 0.02018886
v -0.78917220 0.41589129 0.01972658
v -0.78905267 0.41572327 0.02031770
v -0.78919526 0.41494623 0.02010804
v -0.78929255 0.41613824 0.01909195
v -0.78933435 0.41652912 0.01871686
v -0.78911593 0.41636509 0.01972457
v -0.78911973 0.41672897 0.01952399
v -0.78894228 0.41687674 0.02020021
v -0.78895712 0.41649488 0.02033099
v -0.78907206 0.41712260 0.01952625
v -0.78891358 0.41728402 0.02011524
v -0.78879768 0.41701268 0.02074339
v -0.78877427 0.41747466 0.02060827
v -0.78923597 0.41703188 0.01887840
v -0.78934115 0.41717774 0.01835930
v -0.78907651 0.41754972 0.01929087
v -0.78913053 0.41775704 0.01895712
v -0.78895654 0.41823704 0.01945026
v -0.78892073 0.41796409 0.01974022
v -0.78913417 0.41810509 0.01876529
v -0.78897885 0.41856695 0.01918859
v -0.78881460 0.41862604 0.01985387
v -0.78885125 0.41897801 0.01952029
v -0.78930882 0.41768834 0.01823730
v -0.78943939 0.41756195 0.01774866
v -0.78947655 0.41796144 0.01738886
v -0.78960925 0.41758938 0.01701578
v -0.78945513 0.41861327 0.01714911
v -0.78956140 0.41841863 0.01679793
v -0.78951689 0.41911276 0.01663445
v -0.78965106 0.41843164 0.01641182
v -0.78961972 0.41903726 0.01623749
v -0.78941436 0.41922005 0.01701407
v -0.78970519 0.41775211 0.01652720
v -0.78979875 0.41724215 0.01638970
v -0.78977585 0.41820303 0.01599950
v -0.78986185 0.41786811 0.01580525
v -0.78991437 0.41838451 0.01532117
v -0.78996351 0.41768190 0.01546932
v -0.79001984 0.41811061 0.01501357
v -0.78981846 0.41867311 0.01558082
v -0.78992950 0.41713159 0.01589226
v -0.78995705 0.41661360 0.01603827
v -0.79007214 0.41725718 0.01522485
v -0.79011982 0.41686350 0.01522259
v -0.79025387 0.41706935 0.01455080
v -0.79020583 0.41652864 0.01502829
v -0.79032996 0.41668808 0.01442200
v -0.79018738 0.41746514 0.01463160
v -0.79008991 0.41625729 0.01565649
v -0.79004828 0.41588223 0.01602284
v -0.79026655 0.41603045 0.01502382
v -0.79026287 0.41568256 0.01521574
v -0.79044019 0.41551880 0.01454818
v -0.79042089 0.41592496 0.01442398
v -0.79031057 0.41528888 0.01521342
v -0.79046907 0.41512734 0.01462441
v -0.79014186 0.41537222 0.01588527
v -0.79004150 0.41523362 0.01638034
v -0.79030609 0.41486181 0.01544887
v -0.79025211 0.41465433 0.01578252
v -0.79042593 0.41415850 0.01529813
v -0.79046193 0.41444729 0.01499937
v -0.79024828 0.41429063 0.01598313
v -0.79039916 0.41385290 0.01556638
v -0.79007366 0.41470727 0.01651104
v -0.78993847 0.41484203 0.01701499
v -0.78990144 0.41445852 0.01736613
v -0.78977337 0.41482209 0.01772394
v -0.78992291 0.41380653 0.01760579
v -0.78982121 0.41399284 0.01794179
v -0.78986115 0.41330705 0.01812040
v -0.78973157 0.41397971 0.01832788
v -0.78976292 0.41337417 0.01850216
v -0.78996810 0.41317561 0.01773434
v -0.78989297 0.41274899 0.01826863
v -0.79001428 0.41263965 0.01781055
v -0.78967269 0.41465188 0.01823639
v -0.79003599 0.41380888 0.01712593
v -0.79009014 0.41403218 0.01678353
v -0.79017976 0.41404530 0.01639751
v -0.79021491 0.41335218 0.01660013
v -0.79029597 0.41344544 0.01620970
v -0.79014275 0.41321037 0.01697745
v -0.78934649 0.41858666 0.01762246
v -0.78929249 0.41837930 0.01795613
v -0.78919823 0.41837460 0.01835748
v -0.78916774 0.41905918 0.01813952
v -0.78908666 0.41896591 0.01853000
v -0.78923990 0.41920100 0.01776220
v -0.78936262 0.41428492 0.01973488
v -0.78930714 0.41393516 0.02014701
v -0.78942155 0.41361266 0.01982623
v -0.78919526 0.41494623 0.02010804
v -0.78902344 0.41518034 0.02071663
v -0.78910347 0.41472743 0.02060750
v -0.78905267 0.41572327 0.02031770
v -0.78893861 0.41562591 0.02084983
v -0.78902344 0.41518034 0.02071663
v -0.79048388 0.41474561 0.01475520
v -0.79061792 0.41450001 0.01431233
v -0.79060836 0.41493669 0.01413143
v -0.79046907 0.41512734 0.01462441
v -0.79060836 0.41493669 0.01413143
v -0.79058016 0.41539142 0.01402028
v -0.78881460 0.41862604 0.01985387
v -0.78878271 0.41828142 0.02016356
v -0.78892073 0.41796409 0.01974022
v -0.78885125 0.41897801 0.01952029
v -0.78901452 0.41882405 0.01890725
v -0.78890610 0.41926447 0.01914293
v -0.78906969 0.41959356 0.01828365
v -0.78897873 0.41945391 0.01873946
v -0.78908666 0.41896591 0.01853000
v -0.78915606 0.41974159 0.01784304
v -0.78906969 0.41959356 0.01828365
v -0.78923990 0.41920100 0.01776220
v -0.78925558 0.41980117 0.01739158
v -0.78915606 0.41974159 0.01784304
v -0.78931615 0.41928712 0.01739576
v -0.78936819 0.41975596 0.01693782
v -0.78948488 0.41965497 0.01649507
v -0.78936819 0.41975596 0.01693782
v -0.78941436 0.41922005 0.01701407
v -0.78960622 0.41954558 0.01603692
v -0.78948488 0.41965497 0.01649507
v -0.78961972 0.41903726 0.01623749
v -0.78971744 0.41892269 0.01588190
v -0.78984194 0.41911379 0.01525807
v -0.78972227 0.41938128 0.01562900
v -0.78981846 0.41867311 0.01558082
v -0.78995632 0.41879133 0.01493736
v -0.78984194 0.41911379 0.01525807
v -0.79001984 0.41811061 0.01501357
v -0.79007532 0.41846044 0.01460139
v -0.78995632 0.41879133 0.01493736
v -0.79011112 0.41783058 0.01476915
v -0.79018458 0.41809910 0.01432208
v -0.79007532 0.41846044 0.01460139
v -0.79018738 0.41746514 0.01463160
v -0.79035921 0.41723103 0.01402296
v -0.79027454 0.41769241 0.01414747
v -0.79032996 0.41668808 0.01442200
v -0.79044386 0.41676963 0.01389856
v -0.79035921 0.41723103 0.01402296
v -0.79050989 0.41632616 0.01384389
v -0.79039186 0.41630061 0.01435644
v -0.79055212 0.41586195 0.01390045
v -0.79055212 0.41586195 0.01390045
v -0.79042089 0.41592496 0.01442398
v -0.79058016 0.41539142 0.01402028
v -0.79056327 0.41377795 0.01490972
v -0.79059991 0.41412999 0.01457616
v -0.79046193 0.41444729 0.01499937
v -0.79040373 0.41294183 0.01600887
v -0.79047655 0.41314683 0.01559674
v -0.79036333 0.41358006 0.01585636
v -0.79052674 0.41344190 0.01523469
v -0.79031294 0.41281786 0.01645603
v -0.79040373 0.41294183 0.01600887
v -0.79029597 0.41344544 0.01620970
v -0.79022197 0.41267820 0.01691189
v -0.79031294 0.41281786 0.01645603
v -0.79014275 0.41321037 0.01697745
v -0.79001428 0.41263965 0.01781055
v -0.79012704 0.41261037 0.01734812
v -0.79006170 0.41311699 0.01736785
v -0.79056327 0.41377795 0.01490972
v -0.79039916 0.41385290 0.01556638
v -0.79052674 0.41344190 0.01523469
v -0.78882589 0.41655796 0.02085448
v -0.78895712 0.41649488 0.02033099
v -0.78879768 0.41701268 0.02074339
vt 0.00000000 1.00000000
vt 0.00000000 1.00000000
vt 0.00000000 1.00000000
vt 0.00000000 1.00000000
vt 0.00000000 1.00000000
vt 0.00000000 1.00000000
vt 0.00000000 1.00000000
vt 0.00000000 1.00000000
vt 0.00000000 1.00000000
vt 0.00000000 1.00000000
vt 0.00000000 1.00000000
vt 0.00000000 1.00000000
vt 0.00000000 1.00000000
vt 0.00000000 1.00000000
vt 0.00000000 1.00000000
vt 0.00000000 1.00000000
vt 0.00000000 1.00000000
vt 0.00000000 1.00000000
vt 0.00000000 1.00000000
vt 0.00000000 1.00000000
vt 0.00000000 1.00000000
vt 0.00000000 1.00000000
vt 0.00000000 1.00000000
vt 0.00000000 1.00000000
vt 0.00000000 1.00000000
vt 0.00000000 1.00000000
vt 0.00000000 1.00000000
vt 0.00000000 1.00000000
vt 0.00000000 1.00000000
vt 0.00000000 1.00000000
vt 0.00000000 1.00000000
vt 0.00000000 1.00000000
vt 0.00000000 1.00000000
vt 0.00000000 1.00000000
vt 0.00000000 1.00000000
vt 0.00000000 1.00000000
vt 0.00000000 1.00000000
vt 0.00000000 1.00000000
vt 0.00000000 1.00000000
vt 0.00000000 1.00000000
vt 0.00000000 1.00000000
vt 0.00000000 1.00000000
vt 0.00000000 1.00000000
vt 0.00000000 1.00000000
vt 0.00000000 1.00000000
vt 0.00000000 1.00000000
vt 0.00000000 1.00000000
vt 0.00000000 1.00000000
vt 0.00000000 1.00000000
vt 0.00000000 1.00000000
vt 0.00000000 1.00000000
vt 0.00000000 1.00000000
vt 0.00000000 1.00000000
vt 0.00000000 1.00000000
vt 0.00000000 1.00000000
vt 0.00000000 1.00000000
vt 0.00000000 1.00000000
vt 0.00000000 1.00000000
vt 0.00000000 1.00000000
vt 0.00000000 1.00000000
vt 0.00000000 1.00000000
vt 0.00000000 1.00000000
vt 0.00000000 1.00000000
vt 0.00000000 1.00000000
vt 0.00000000 1.00000000
vt 0.00000000 1.00000000
vt 0.00000000 1.00000000
vt 0.00000000 1.00000000
vt 0.00000000 1.00000000
vt 0.00000000 1.00000000
vt 0.00000000 1.00000000
vt 0.00000000 1.00000000
vt 0.00000000 1.00000000
vt 0.00000000 1.00000000
vt 0.00000000 1.00000000
vt 0.00000000 1.00000000
vt 0.00000000 1.00000000
vt 0.00000000 1.00000000
vt 0.00000000 1.00000000
vt 0.00000000 1.00000000
vt 0.00000000 1.00000000
vt 0.00000000 1.00000000
vt 0.00000000 1.00000000
vt 0.00000000 1.00000000
vt 0.00000000 1.00000000
vt 0.00000000 1.00000000
vt 0.00000000 1.00000000
vt 0.00000000 1.00000000
vt 0.00000000 1.00000000
vt 0.00000000 1.00000000
vt 0.00000000 1.00000000
vt 0.00000000 1.00000000
vt 0.00000000 1.00000000
vt 0.00000000 1.00000000
vt 0.00000000 1.00000000
vt 0.00000000 1.00000000
vt 0.00000000 1.00000000
vt 0.00000000 1.00000000
vt 0.00000000 1.00000000
vt 0.00000000 1.00000000
vt 0.00000000 1.00000000
vt 0.00000000 1.00000000
vt 0.00000000 1.00000000
vt 0.00000000 1.00000000
vt 0.00000000 1.00000000
vt 0.00000000 1.00000000
vt 0.00000000 1.00000000
vt 0.00000000 1.00000000
vt 0.00000000 1.00000000
vt 0.00000000 1.00000000
vt 0.00000000 1.00000000
vt 0.00000000 1.00000000
vt 0.00000000 1.00000000
vt 0.00000000 1.00000000
vt 0.00000000 1.00000000
vt 0.00000000 1.00000000
vt 0.00000000 1.00000000
vt 0.00000000 1.00000000
vt 0.00000000 1.00000000
vt 0.00000000 1.00000000
vt 0.00000000 1.00000000
vt 0.00000000 1.00000000
vt 0.00000000 1.00000000
vt 0.00000000 1.00000000
vt 0.00000000 1.00000000
vt 0.00000000 1.00000000
vt 0.00000000 1.00000000
vt 0.00000000 1.00000000
vt 0.00000000 1.00000000
vt 0.00000000 1.00000000
vt 0.00000000 1.00000000
vt 0.00000000 1.00000000
vt 0.00000000 1.00000000
vt 0.00000000 1.00000000
vt 0.00000000 1.00000000
vt 0.00000000 1.00000000
vt 0.00000000 1.00000000
vt 0.00000000 1.00000000
vt 0.00000000 1.00000000
vt 0.00000000 1.00000000
vt 0.00000000 1.00000000
vt 0.00000000 1.00000000
vt 0.00000000 1.00000000
vt 0.00000000 1.00000000
vt 0.00000000 1.00000000
vt 0.00000000 1.00000000
vt 0.00000000 1.00000000
vt 0.00000000 1.00000000
vt 0.00000000 1.00000000
vt 0.00000000 1.00000000
vt 0.00000000 1.00000000
vt 0.00000000 1.00000000
vt 0.00000000 1.00000000
vt 0.00000000 1.00000000
vt 0.00000000 1.00000000
vt 0.00000000 1.00000000
vt 0.00000000 1.00000000
vt 0.00000000 1.00000000
vt 0.00000000 1.00000000
vt 0.00000000 1.00000000
vt 0.00000000 1.00000000
vt 0.00000000 1.00000000
vt 0.00000000 1.00000000
vt 0.00000000 1.00000000
vt 0.00000000 1.00000000
vt 0.00000000 1.00000000
vt 0.00000000 1.00000000
vt 0.00000000 1.00000000
vt 0.00000000 1.00000000
vt 0.00000000 1.00000000
vt 0.00000000 1.00000000
vt 0.00000000 1.00000000
vt 0.00000000 1.00000000
vt 0.00000000 1.00000000
vt 0.00000000 1.00000000
vt 0.00000000 1.00000000
vt 0.00000000 1.00000000
vt 0.00000000 1.00000000
vt 0.00000000 1.00000000
vt 0.00000000 1.00000000
vt 0.00000000 1.00000000
vt 0.00000000 1.00000000
vt 0.00000000 1.00000000
vt 0.00000000 1.00000000
vt 0.00000000 1.00000000
vt 0.00000000 1.00000000
vt 0.00000000 1.00000000
vt 0.00000000 1.00000000
vt 0.00000000 1.00000000
vt 0.00000000 1.00000000
vt 0.00000000 1.00000000
vt 0.00000000 1.00000000
vt 0.00000000 1.00000000
vt 0.00000000 1.00000000
vt 0.00000000 1.00000000
vt 0.00000000 1.00000000
vt 0.00000000 1.00000000
vt 0.00000000 1.00000000
vt 0.00000000 1.00000000
vt 0.00000000 1.00000000
vt 0.00000000 1.00000000
vt 0.00000000 1.00000000
vt 0.00000000 1.00000000
vt 0.00000000 1.00000000
vt 0.00000000 1.00000000
vt 0.00000000 1.00000000
vt 0.00000000 1.00000000
vt 0.00000000 1.00000000
vt 0.00000000 1.00000000
vt 0.00000000 1.00000000
vt 0.00000000 1.00000000
vt 0.00000000 1.00000000
vt 0.00000000 1.00000000
vt 0.00000000 1.00000000
vt 0.00000000 1.00000000
vt 0.00000000 1.00000000
vt 0.00000000 1.00000000
vt 0.00000000 1.00000000
vt 0.00000000 1.00000000
vt 0.00000000 1.00000000
vt 0.00000000 1.00000000
vt 0.00000000 1.00000000
vt 0.00000000 1.00000000
vt 0.00000000 1.00000000
vt 0.00000000 1.00000000
vt 0.00000000 1.00000000
vt 0.00000000 1.00000000
vt 0.00000000 1.00000000
vt 0.00000000 1.00000000
vt 0.00000000 1.00000000
vt 0.00000000 1.00000000
vt 0.00000000 1.00000000
vt 0.00000000 1.00000000
vt 0.00000000 1.00000000
vt 0.00000000 1.00000000
vt 0.00000000 1.00000000
vt 0.00000000 1.00000000
vt 0.00000000 1.00000000
vt 0.00000000 1.00000000
vt 0.00000000 1.00000000
vt 0.00000000 1.00000000
vt 0.00000000 1.00000000
vt 0.00000000 1.00000000
vt 0.00000000 1.00000000
vt 0.00000000 1.00000000
vt 0.00000000 1.00000000
vt 0.00000000 1.00000000
vt 0.00000000 1.00000000
vt 0.00000000 1.00000000
vt 0.00000000 1.00000000
vt 0.00000000 1.00000000
vt 0.00000000 1.00000000
vt 0.00000000 1.00000000
vt 0.00000000 1.00000000
vt 0.00000000 1.00000000
vt 0.00000000 1.00000000
vt 0.00000000 1.00000000
vt 0.00000000 1.00000000
vt 0.00000000 1.00000000
vt 0.00000000 1.00000000
vt 0.00000000 1.00000000
vt 0.00000000 1.00000000
vt 0.00000000 1.00000000
vt 0.00000000 1.00000000
vt 0.00000000 1.00000000
vt 0.00000000 1.00000000
vt 0.00000000 1.00000000
vt 0.00000000 1.00000000
vt 0.00000000 1.00000000
vt 0.00000000 1.00000000
vt 0.00000000 1.00000000
vt 0.00000000 1.00000000
vt 0.00000000 1.00000000
vt 0.00000000 1.00000000
vt 0.00000000 1.00000000
vt 0.00000000 1.00000000
vt 0.00000000 1.00000000
vt 0.00000000 1.00000000
vt 0.00000000 1.00000000
vt 0.00000000 1.00000000
vt 0.00000000 1.00000000
vt 0.00000000 1.00000000
vt 0.00000000 1.00000000
vt 0.00000000 1.00000000
vt 0.00000000 1.00000000
vt 0.00000000 1.00000000
vt 0.00000000 1.00000000
vt 0.00000000 1.00000000
vt 0.00000000 1.00000000
vt 0.00000000 1.00000000
vt 0.00000000 1.00000000
vt 0.00000000 1.00000000
vt 0.00000000 1.00000000
vt 0.00000000 1.00000000
vt 0.00000000 1.00000000
vt 0.00000000 1.00000000
vt 0.00000000 1.00000000
vt 0.00000000 1.00000000
vt 0.00000000 1.00000000
vt 0.00000000 1.00000000
vt 0.00000000 1.00000000
vt 0.00000000 1.00000000
vt 0.00000000 1.00000000
vt 0.00000000 1.00000000
vt 0.00000000 1.00000000
vt 0.00000000 1.00000000
vt 0.00000000 1.00000000
vt 0.00000000 1.00000000
vt 0.00000000 1.00000000
vt 0.00000000 1.00000000
vt 0.00000000 1.00000000
vt 0.00000000 1.00000000
vt 0.00000000 1.00000000
vt 0.00000000 1.00000000
vt 0.00000000 1.00000000
vt 0.00000000 1.00000000
vt 0.00000000 1.00000000
vt 0.00000000 1.00000000
vt 0.00000000 1.00000000
vt 0.00000000 1.00000000
vt 0.00000000 1.00000000
vt 0.00000000 1.00000000
vt 0.00000000 1.00000000
vt 0.00000000 1.00000000
vt 0.00000000 1.00000000
vt 0.00000000 1.00000000
vt 0.00000000 1.00000000
vt 0.00000000 1.00000000
vt 0.00000000 1.00000000
vt 0.00000000 1.00000000
vt 0.00000000 1.00000000
vt 0.00000000 1.00000000
vt 0.00000000 1.00000000
vt 0.00000000 1.00000000
vt 0.00000000 1.00000000
vt 0.00000000 1.00000000
vt 0.00000000 1.00000000
vt 0.00000000 1.00000000
vt 0.00000000 1.00000000
vt 0.00000000 1.00000000
vt 0.00000000 1.00000000
vt 0.00000000 1.00000000
vt 0.00000000 1.00000000
vt 0.00000000 1.00000000
vt 0.00000000 1.00000000
vt 0.00000000 1.00000000
vt 0.00000000 1.00000000
vt 0.00000000 1.00000000
vt 0.00000000 1.00000000
vt 0.00000000 1.00000000
vt 0.00000000 1.00000000
vt 0.00000000 1.00000000
vt 0.00000000 1.00000000
vt 0.00000000 1.00000000
vt 0.00000000 1.00000000
vt 0.00000000 1.00000000
vt 0.00000000 1.00000000
vt 0.00000000 1.00000000
vt 0.00000000 1.00000000
vt 0.00000000 1.00000000
vt 0.00000000 1.00000000
vt 0.00000000 1.00000000
vt 0.00000000 1.00000000
vt 0.00000000 1.00000000
vt 0.00000000 1.00000000
vt 0.00000000 1.00000000
vt 0.00000000 1.00000000
vt 0.00000000 1.00000000
vt 0.00000000 1.00000000
vt 0.00000000 1.00000000
vt 0.00000000 1.00000000
vt 0.00000000 1.00000000
vt 0.00000000 1.00000000
vt 0.00000000 1.00000000
vt 0.00000000 1.00000000
vt 0.00000000 1.00000000
vt 0.00000000 1.00000000
vt 0.00000000 1.00000000
vt 0.00000000 1.00000000
vt 0.00000000 1.00000000
vt 0.00000000 1.00000000
vt 0.00000000 1.00000000
vt 0.00000000 1.00000000
vt 0.00000000 1.00000000
vt 0.00000000 1.00000000
vt 0.00000000 1.00000000
vt 0.00000000 1.00000000
vt 0.00000000 1.00000000
vt 0.00000000 1.00000000
vt 0.00000000 1.00000000
vt 0.00000000 1.00000000
vt 0.00000000 1.00000000
vt 0.00000000 1.00000000
vt 0.00000000 1.00000000
vt 0.00000000 1.00000000
vt 0.00000000 1.00000000
vt 0.00000000 1.00000000
vt 0.00000000 1.00000000
vt 0.00000000 1.00000000
vt 0.00000000 1.00000000
vt 0.00000000 1.00000000
vt 0.00000000 1.00000000
vt 0.00000000 1.00000000
vt 0.00000000 1.00000000
vt 0.00000000 1.00000000
vt 0.00000000 1.00000000
vt 0.00000000 1.00000000
vt 0.00000000 1.00000000
vt 0.00000000 1.00000000
vt 0.00000000 1.00000000
vt 0.00000000 1.00000000
vt 0.00000000 1.00000000
vt 0.00000000 1.00000000
vt 0.00000000 1.00000000
vt 0.00000000 1.00000000
vt 0.00000000 1.00000000
vt 0.00000000 1.00000000
vt 0.00000000 1.00000000
vt 0.00000000 1.00000000
vt 0.00000000 1.00000000
vt 0.00000000 1.00000000
vt 0.00000000 1.00000000
vt 0.00000000 1.00000000
vt 0.00000000 1.00000000
vt 0.00000000 1.00000000
vt 0.00000000 1.00000000
vt 0.00000000 1.00000000
vt 0.00000000 1.00000000
vt 0.00000000 1.00000000
vt 0.00000000 1.00000000
vt 0.00000000 1.00000000
vt 0.00000000 1.00000000
vt 0.00000000 1.00000000
vt 0.00000000 1.00000000
vt 0.00000000 1.00000000
vt 0.00000000 1.00000000
vt 0.00000000 1.00000000
vt 0.00000000 1.00000000
vt 0.00000000 1.00000000
vt 0.00000000 1.00000000
vt 0.00000000 1.00000000
vt 0.00000000 1.00000000
vt 0.00000000 1.00000000
vt 0.00000000 1.00000000
vt 0.00000000 1.00000000
vt 0.00000000 1.00000000
vt 0.00000000 1.00000000
vt 0.00000000 1.00000000
vt 0.00000000 1.00000000
vt 0.00000000 1.00000000
vt 0.00000000 1.00000000
vt 0.00000000 1.00000000
vt 0.00000000 1.00000000
vt 0.00000000 1.00000000
vt 0.00000000 1.00000000
vt 0.00000000 1.00000000
vt 0.00000000 1.00000000
vt 0.00000000 1.00000000
vt 0.00000000 1.00000000
vt 0.00000000 1.00000000
vt 0.00000000 1.00000000
vt 0.00000000 1.00000000
vt 0.00000000 1.00000000
vt 0.00000000 1.00000000
vt 0.00000000 1.00000000
vt 0.00000000 1.00000000
vt 0.00000000 1.00000000
vt 0.00000000 1.00000000
vt 0.00000000 1.00000000
vt 0.00000000 1.00000000
vt 0.00000000 1.00000000
vt 0.00000000 1.00000000
vt 0.00000000 1.00000000
vt 0.00000000 1.00000000
vt 0.00000000 1.00000000
vt 0.00000000 1.00000000
vt 0.00000000 1.00000000
vt 0.00000000 1.00000000
vt 0.00000000 1.00000000
vt 0.00000000 1.00000000
vt 0.00000000 1.00000000
vt 0.00000000 1.00000000
vt 0.00000000 1.00000000
vt 0.00000000 1.00000000
vt 0.00000000 1.00000000
vt 0.00000000 1.00000000
vt 0.00000000 1.00000000
vt 0.00000000 1.00000000
vt 0.00000000 1.00000000
vt 0.00000000 1.00000000
vt 0.00000000 1.00000000
vt 0.00000000 1.00000000
vt 0.00000000 1.00000000
vt 0.00000000 1.00000000
vt 0.00000000 1.00000000
vt 0.00000000 1.00000000
vt 0.00000000 1.00000000
vt 0.00000000 1.00000000
vt 0.00000000 1.00000000
vt 0.00000000 1.00000000
vt 0.00000000 1.00000000
vt 0.00000000 1.00000000
vt 0.00000000 1.00000000
vt 0.00000000 1.00000000
vt 0.00000000 1.00000000
vt 0.00000000 1.00000000
vt 0.00000000 1.00000000
vt 0.00000000 1.00000000
vt 0.00000000 1.00000000
vt 0.00000000 1.00000000
vt 0.00000000 1.00000000
vt 0.00000000 1.00000000
vt 0.00000000 1.00000000
vt 0.00000000 1.00000000
vt 0.00000000 1.00000000
vt 0.00000000 1.00000000
vt 0.00000000 1.00000000
vt 0.00000000 1.00000000
vt 0.00000000 1.00000000
vt 0.00000000 1.00000000
vt 0.00000000 1.00000000
vt 0.00000000 1.00000000
vt 0.00000000 1.00000000
vt 0.00000000 1.00000000
vt 0.00000000 1.00000000
vt 0.00000000 1.00000000
vt 0.00000000 1.00000000
vt 0.00000000 1.00000000
vt 0.00000000 1.00000000
vt 0.00000000 1.00000000
vt 0.00000000 1.00000000
vt 0.00000000 1.00000000
vt 0.00000000 1.00000000
vt 0.00000000 1.00000000
vt 0.00000000 1.00000000
vt 0.00000000 1.00000000
vt 0.00000000 1.00000000
vt 0.00000000 1.00000000
vt 0.00000000 1.00000000
vt 0.00000000 1.00000000
vt 0.00000000 1.00000000
vt 0.00000000 1.00000000
vt 0.00000000 1.00000000
vt 0.00000000 1.00000000
vt 0.00000000 1.00000000
vt 0.00000000 1.00000000
vt 0.00000000 1.00000000
vt 0.00000000 1.00000000
vt 0.00000000 1.00000000
vt 0.00000000 1.00000000
vt 0.00000000 1.00000000
vt 0.00000000 1.00000000
vt 0.00000000 1.00000000
vt 0.00000000 1.00000000
vt 0.00000000 1.00000000
vt 0.00000000 1.00000000
vt 0.00000000 1.00000000
vt 0.00000000 1.00000000
vt 0.00000000 1.00000000
vt 0.00000000 1.00000000
vt 0.00000000 1.00000000
vt 0.00000000 1.00000000
vt 0.00000000 1.00000000
vt 0.00000000 1.00000000
vt 0.00000000 1.00000000
vt 0.00000000 1.00000000
vt 0.00000000 1.00000000
vt 0.00000000 1.00000000
vt 0.00000000 1.00000000
vt 0.00000000 1.00000000
vt 0.00000000 1.00000000
vt 0.00000000 1.00000000
vt 0.00000000 1.00000000
vt 0.00000000 1.00000000
vt 0.00000000 1.00000000
vt 0.00000000 1.00000000
vt 0.00000000 1.00000000
vt 0.00000000 1.00000000
vt 0.00000000 1.00000000
vt 0.00000000 1.00000000
vt 0.00000000 1.00000000
vt 0.00000000 1.00000000
vt 0.00000000 1.00000000
vt 0.00000000 1.00000000
vt 0.00000000 1.00000000
vt 0.00000000 1.00000000
vt 0.00000000 1.00000000
vt 0.00000000 1.00000000
vt 0.00000000 1.00000000
vt 0.00000000 1.00000000
vt 0.00000000 1.00000000
vt 0.00000000 1.00000000
vt 0.00000000 1.00000000
vt 0.00000000 1.00000000
vt 0.00000000 1.00000000
vt 0.00000000 1.00000000
vt 0.00000000 1.00000000
vt 0.00000000 1.00000000
vt 0.00000000 1.00000000
vt 0.00000000 1.00000000
vt 0.00000000 1.00000000
vt 0.00000000 1.00000000
vt 0.00000000 1.00000000
vt 0.00000000 1.00000000
vt 0.00000000 1.00000000
vt 0.00000000 1.00000000
vt 0.00000000 1.00000000
vt 0.00000000 1.00000000
vt 0.00000000 1.00000000
vt 0.00000000 1.00000000
vt 0.00000000 1.00000000
vt 0.00000000 1.00000000
vt 0.00000000 1.00000000
vt 0.00000000 1.00000000
vt 0.00000000 1.00000000
vt 0.00000000 1.00000000
vt 0.00000000 1.00000000
vt 0.00000000 1.00000000
vt 0.00000000 1.00000000
vt 0.00000000 1.00000000
vt 0.00000000 1.00000000
vt 0.00000000 1.00000000
vt 0.00000000 1.00000000
vt 0.00000000 1.00000000
vt 0.00000000 1.00000000
vt 0.00000000 1.00000000
vt 0.00000000 1.00000000
vt 0.00000000 1.00000000
vt 0.00000000 1.00000000
vt 0.00000000 1.00000000
vt 0.00000000 1.00000000
vt 0.00000000 1.00000000
vt 0.00000000 1.00000000
vt 0.00000000 1.00000000
vt 0.00000000 1.00000000
vt 0.00000000 1.00000000
vt 0.00000000 1.00000000
vt 0.00000000 1.00000000
vt 0.00000000 1.00000000
vt 0.00000000 1.00000000
vt 0.00000000 1.00000000
vt 0.00000000 1.00000000
vt 0.00000000 1.00000000
vt 0.00000000 1.00000000
vt 0.00000000 1.00000000
vt 0.00000000 1.00000000
vt 0.00000000 1.00000000
vt 0.00000000 1.00000000
vt 0.00000000 1.00000000
vt 0.00000000 1.00000000
vt 0.00000000 1.00000000
vt 0.00000000 1.00000000
vt 0.00000000 1.00000000
vt 0.00000000 1.00000000
vt 0.00000000 1.00000000
vt 0.00000000 1.00000000
vt 0.00000000 1.00000000
vt 0.00000000 1.00000000
vt 0.00000000 1.00000000
vt 0.00000000 1.00000000
vt 0.00000000 1.00000000
vt 0.00000000 1.00000000
vt 0.00000000 1.00000000
vt 0.00000000 1.00000000
vt 0.00000000 1.00000000
vt 0.00000000 1.00000000
vt 0.00000000 1.00000000
vt 0.00000000 1.00000000
vt 0.00000000 1.00000000
vt 0.00000000 1.00000000
vt 0.00000000 1.00000000
vt 0.00000000 1.00000000
vt 0.00000000 1.00000000
vt 0.00000000 1.00000000
vt 0.00000000 1.00000000
vt 0.00000000 1.00000000
vt 0.00000000 1.00000000
vt 0.00000000 1.00000000
vt 0.00000000 1.00000000
vt 0.00000000 1.00000000
vt 0.00000000 1.00000000
vt 0.00000000 1.00000000
vt 0.00000000 1.00000000
vt 0.00000000 1.00000000
vt 0.00000000 1.00000000
vt 0.00000000 1.00000000
vt 0.00000000 1.00000000
vt 0.00000000 1.00000000
vt 0.00000000 1.00000000
vt 0.00000000 1.00000000
vt 0.00000000 1.00000000
vt 0.00000000 1.00000000
vt 0.00000000 1.00000000
vt 0.00000000 1.00000000
vt 0.00000000 1.00000000
vt 0.00000000 1.00000000
vt 0.00000000 1.00000000
vt 0.00000000 1.00000000
vt 0.00000000 1.00000000
vt 0.00000000 1.00000000
vt 0.00000000 1.00000000
vt 0.00000000 1.00000000
vt 0.00000000 1.00000000
vt 0.00000000 1.00000000
vt 0.00000000 1.00000000
vt 0.00000000 1.00000000
vt 0.00000000 1.00000000
vt 0.00000000 1.00000000
vt 0.00000000 1.00000000
vt 0.00000000 1.00000000
vt 0.00000000 1.00000000
vt 0.00000000 1.00000000
vt 0.00000000 1.00000000
vt 0.00000000 1.00000000
vt 0.00000000 1.00000000
vt 0.00000000 1.00000000
vt 0.00000000 1.00000000
vt 0.00000000 1.00000000
vt 0.00000000 1.00000000
vt 0.00000000 1.00000000
vt 0.00000000 1.00000000
vt 0.00000000 1.00000000
vt 0.00000000 1.00000000
vt 0.00000000 1.00000000
vt 0.00000000 1.00000000
vt 0.00000000 1.00000000
vt 0.00000000 1.00000000
vt 0.00000000 1.00000000
vt 0.00000000 1.00000000
vt 0.00000000 1.00000000
vt 0.00000000 1.00000000
vt 0.00000000 1.00000000
vt 0.00000000 1.00000000
vt 0.00000000 1.00000000
vt 0.00000000 1.00000000
vt 0.00000000 1.00000000
vt 0.00000000 1.00000000
vt 0.00000000 1.00000000
vt 0.00000000 1.00000000
vt 0.00000000 1.00000000
vt 0.00000000 1.00000000
vt 0.00000000 1.00000000
vt 0.00000000 1.00000000
vt 0.00000000 1.00000000
vt 0.00000000 1.00000000
vt 0.00000000 1.00000000
vt 0.00000000 1.00000000
vt 0.00000000 1.00000000
vt 0.00000000 1.00000000
vt 0.00000000 1.00000000
vt 0.00000000 1.00000000
vt 0.00000000 1.00000000
vt 0.00000000 1.00000000
vt 0.00000000 1.00000000
vt 0.00000000 1.00000000
vt 0.00000000 1.00000000
vt 0.00000000 1.00000000
vt 0.00000000 1.00000000
vt 0.00000000 1.00000000
vt 0.00000000 1.00000000
vt 0.00000000 1.00000000
vt 0.00000000 1.00000000
vt 0.00000000 1.00000000
vt 0.00000000 1.00000000
vt 0.00000000 1.00000000
vt 0.00000000 1.00000000
vt 0.00000000 1.00000000
vt 0.00000000 1.00000000
vt 0.00000000 1.00000000
vt 0.00000000 1.00000000
vt 0.00000000 1.00000000
vt 0.00000000 1.00000000
vt 0.00000000 1.00000000
vt 0.00000000 1.00000000
vt 0.00000000 1.00000000
vt 0.00000000 1.00000000
vt 0.00000000 1.00000000
vt 0.00000000 1.00000000
vt 0.00000000 1.00000000
vt 0.00000000 1.00000000
vt 0.00000000 1.00000000
vt 0.00000000 1.00000000
vt 0.00000000 1.00000000
vt 0.00000000 1.00000000
vt 0.00000000 1.00000000
vt 0.00000000 1.00000000
vt 0.00000000 1.00000000
vt 0.00000000 1.00000000
vt 0.00000000 1.00000000
vt 0.00000000 1.00000000
vt 0.00000000 1.00000000
vt 0.00000000 1.00000000
vt 0.00000000 1.00000000
vt 0.00000000 1.00000000
vt 0.00000000 1.00000000
vt 0.00000000 1.00000000
vt 0.00000000 1.00000000
vt 0.00000000 1.00000000
vt 0.00000000 1.00000000
vt 0.00000000 1.00000000
vt 0.00000000 1.00000000
vt 0.00000000 1.00000000
vt 0.00000000 1.00000000
vt 0.00000000 1.00000000
vt 0.00000000 1.00000000
vt 0.00000000 1.00000000
vt 0.00000000 1.00000000
vt 0.00000000 1.00000000
vt 0.00000000 1.00000000
vt 0.00000000 1.00000000
vt 0.00000000 1.00000000
vt 0.00000000 1.00000000
vt 0.00000000 1.00000000
vt 0.00000000 1.00000000
vt 0.00000000 1.00000000
vt 0.00000000 1.00000000
vt 0.00000000 1.00000000
vt 0.00000000 1.00000000
vt 0.00000000 1.00000000
vt 0.00000000 1.00000000
vt 0.00000000 1.00000000
vt 0.00000000 1.00000000
vt 0.00000000 1.00000000
vt 0.00000000 1.00000000
vt 0.00000000 1.00000000
vt 0.00000000 1.00000000
vt 0.00000000 1.00000000
vt 0.00000000 1.00000000
vt 0.00000000 1.00000000
vt 0.00000000 1.00000000
vt 0.00000000 1.00000000
vt 0.00000000 1.00000000
vt 0.00000000 1.00000000
vt 0.00000000 1.00000000
vt 0.00000000 1.00000000
vt 0.00000000 1.00000000
vt 0.00000000 1.00000000
vt 0.00000000 1.00000000
vt 0.00000000 1.00000000
vt 0.00000000 1.00000000
vt 0.00000000 1.00000000
vt 0.00000000 1.00000000
vt 0.00000000 1.00000000
vt 0.00000000 1.00000000
vt 0.00000000 1.00000000
vt 0.00000000 1.00000000
vt 0.00000000 1.00000000
vt 0.00000000 1.00000000
vt 0.00000000 1.00000000
vt 0.00000000 1.00000000
vt 0.00000000 1.00000000
vt 0.00000000 1.00000000
vt 0.00000000 1.00000000
vt 0.00000000 1.00000000
vt 0.00000000 1.00000000
vt 0.00000000 1.00000000
vt 0.00000000 1.00000000
vt 0.00000000 1.00000000
vt 0.00000000 1.00000000
vt 0.00000000 1.00000000
vt 0.00000000 1.00000000
vt 0.00000000 1.00000000
vt 0.00000000 1.00000000
vt 0.00000000 1.00000000
vt 0.00000000 1.00000000
vt 0.00000000 1.00000000
vt 0.00000000 1.00000000
vt 0.00000000 1.00000000
vt 0.00000000 1.00000000
vt 0.00000000 1.00000000
vt 0.00000000 1.00000000
vt 0.00000000 1.00000000
vt 0.00000000 1.00000000
vt 0.00000000 1.00000000
vt 0.00000000 1.00000000
vt 0.00000000 1.00000000
vt 0.00000000 1.00000000
vt 0.00000000 1.00000000
vt 0.00000000 1.00000000
vt 0.00000000 1.00000000
vt 0.00000000 1.00000000
vt 0.00000000 1.00000000
vt 0.00000000 1.00000000
vt 0.00000000 1.00000000
vt 0.00000000 1.00000000
vt 0.00000000 1.00000000
vt 0.00000000 1.00000000
vt 0.00000000 1.00000000
vt 0.00000000 1.00000000
vt 0.00000000 1.00000000
vt 0.00000000 1.00000000
vt 0.00000000 1.00000000
vt 0.00000000 1.00000000
vt 0.00000000 1.00000000
vt 0.00000000 1.00000000
vt 0.00000000 1.00000000
vt 0.00000000 1.00000000
vt 0.00000000 1.00000000
vt 0.00000000 1.00000000
vt 0.00000000 1.00000000
vt 0.00000000 1.00000000
vt 0.00000000 1.00000000
vt 0.00000000 1.00000000
vt 0.00000000 1.00000000
vt 0.00000000 1.00000000
vt 0.00000000 1.00000000
vt 0.00000000 1.00000000
vt 0.00000000 1.00000000
vt 0.00000000 1.00000000
vt 0.00000000 1.00000000
vt 0.00000000 1.00000000
vt 0.00000000 1.00000000
vt 0.00000000 1.00000000
vt 0.00000000 1.00000000
vt 0.00000000 1.00000000
vt 0.00000000 1.00000000
vt 0.00000000 1.00000000
vt 0.00000000 1.00000000
vt 0.00000000 1.00000000
vt 0.00000000 1.00000000
vt 0.00000000 1.00000000
vt 0.00000000 1.00000000
vt 0.00000000 1.00000000
vt 0.00000000 1.00000000
vt 0.00000000 1.00000000
vt 0.00000000 1.00000000
vt 0.00000000 1.00000000
vt 0.00000000 1.00000000
vt 0.00000000 1.00000000
vt 0.00000000 1.00000000
vt 0.00000000 1.00000000
vt 0.00000000 1.00000000
vt 0.00000000 1.00000000
vt 0.00000000 1.00000000
vt 0.00000000 1.00000000
vt 0.00000000 1.00000000
vt 0.00000000 1.00000000
vt 0.00000000 1.00000000
vt 0.00000000 1.00000000
vt 0.00000000 1.00000000
vt 0.00000000 1.00000000
vt 0.00000000 1.00000000
vt 0.00000000 1.00000000
vt 0.00000000 1.00000000
vt 0.00000000 1.00000000
vt 0.00000000 1.00000000
vt 0.00000000 1.00000000
vt 0.00000000 1.00000000
vt 0.00000000 1.00000000
vt 0.00000000 1.00000000
vt 0.00000000 1.00000000
vt 0.00000000 1.00000000
vt 0.00000000 1.00000000
vt 0.00000000 1.00000000
vt 0.00000000 1.00000000
vt 0.00000000 1.00000000
vt 0.00000000 1.00000000
vt 0.00000000 1.00000000
vt 0.00000000 1.00000000
vt 0.00000000 1.00000000
vt 0.00000000 1.00000000
vt 0.00000000 1.00000000
vt 0.00000000 1.00000000
vt 0.00000000 1.00000000
vt 0.00000000 1.00000000
vt 0.00000000 1.00000000
vt 0.00000000 1.00000000
vt 0.00000000 1.00000000
vt 0.00000000 1.00000000
vt 0.00000000 1.00000000
vt 0.00000000 1.00000000
vt 0.00000000 1.00000000
vt 0.00000000 1.00000000
vt 0.00000000 1.00000000
vt 0.00000000 1.00000000
vt 0.00000000 1.00000000
vt 0.00000000 1.00000000
vt 0.00000000 1.00000000
vt 0.00000000 1.00000000
vt 0.00000000 1.00000000
vt 0.00000000 1.00000000
vt 0.00000000 1.00000000
vt 0.00000000 1.00000000
vt 0.00000000 1.00000000
vt 0.00000000 1.00000000
vt 0.00000000 1.00000000
vt 0.00000000 1.00000000
vt 0.00000000 1.00000000
vt 0.00000000 1.00000000
vt 0.00000000 1.00000000
vt 0.00000000 1.00000000
vt 0.00000000 1.00000000
vt 0.00000000 1.00000000
vt 0.00000000 1.00000000
vt 0.00000000 1.00000000
vt 0.00000000 1.00000000
vt 0.00000000 1.00000000
vt 0.00000000 1.00000000
vt 0.00000000 1.00000000
vt 0.00000000 1.00000000
vt 0.00000000 1.00000000
vt 0.00000000 1.00000000
vt 0.00000000 1.00000000
vt 0.00000000 1.00000000
vt 0.00000000 1.00000000
vt 0.00000000 1.00000000
vt 0.00000000 1.00000000
vt 0.00000000 1.00000000
vt 0.00000000 1.00000000
vt 0.00000000 1.00000000
vt 0.00000000 1.00000000
vt 0.00000000 1.00000000
vt 0.00000000 1.00000000
vt 0.00000000 1.00000000
vt 0.00000000 1.00000000
vt 0.00000000 1.00000000
vt 0.00000000 1.00000000
vt 0.00000000 1.00000000
vt 0.00000000 1.00000000
vt 0.00000000 1.00000000
vt 0.00000000 1.00000000
vt 0.00000000 1.00000000
vt 0.00000000 1.00000000
vt 0.00000000 1.00000000
vt 0.00000000 1.00000000
vt 0.00000000 1.00000000
vt 0.00000000 1.00000000
vt 0.00000000 1.00000000
vt 0.00000000 1.00000000
vt 0.00000000 1.00000000
vt 0.00000000 1.00000000
vt 0.00000000 1.00000000
vt 0.00000000 1.00000000
vt 0.00000000 1.00000000
vt 0.00000000 1.00000000
vt 0.00000000 1.00000000
vt 0.00000000 1.00000000
vt 0.00000000 1.00000000
vt 0.00000000 1.00000000
vt 0.00000000 1.00000000
vt 0.00000000 1.00000000
vt 0.00000000 1.00000000
vt 0.00000000 1.00000000
vt 0.00000000 1.00000000
vt 0.00000000 1.00000000
vt 0.00000000 1.00000000
vt 0.00000000 1.00000000
vt 0.00000000 1.00000000
vt 0.00000000 1.00000000
vt 0.00000000 1.00000000
vt 0.00000000 1.00000000
vt 0.00000000 1.00000000
vt 0.00000000 1.00000000
vt 0.00000000 1.00000000
vt 0.00000000 1.00000000
vt 0.00000000 1.00000000
vt 0.00000000 1.00000000
vt 0.00000000 1.00000000
vt 0.00000000 1.00000000
vt 0.00000000 1.00000000
vt 0.00000000 1.00000000
vt 0.00000000 1.00000000
vt 0.00000000 1.00000000
vt 0.00000000 1.00000000
vt 0.00000000 1.00000000
vt 0.00000000 1.00000000
vt 0.00000000 1.00000000
vt 0.00000000 1.00000000
vt 0.00000000 1.00000000
vt 0.00000000 1.00000000
vt 0.00000000 1.00000000
vt 0.00000000 1.00000000
vt 0.00000000 1.00000000
vt 0.00000000 1.00000000
vt 0.00000000 1.00000000
vt 0.00000000 1.00000000
vt 0.00000000 1.00000000
vt 0.00000000 1.00000000
vt 0.00000000 1.00000000
vt 0.00000000 1.00000000
vt 0.00000000 1.00000000
vt 0.00000000 1.00000000
vt 0.00000000 1.00000000
vt 0.00000000 1.00000000
vt 0.00000000 1.00000000
vt 0.00000000 1.00000000
vt 0.00000000 1.00000000
vt 0.00000000 1.00000000
vt 0.00000000 1.00000000
vt 0.00000000 1.00000000
vt 0.00000000 1.00000000
vt 0.00000000 1.00000000
vt 0.00000000 1.00000000
vt 0.00000000 1.00000000
vt 0.00000000 1.00000000
vt 0.00000000 1.00000000
vt 0.00000000 1.00000000
vt 0.00000000 1.00000000
vt 0.00000000 1.00000000
vt 0.00000000 1.00000000
vt 0.00000000 1.00000000
vt 0.00000000 1.00000000
vt 0.00000000 1.00000000
vt 0.00000000 1.00000000
vt 0.00000000 1.00000000
vt 0.00000000 1.00000000
vt 0.00000000 1.00000000
vt 0.00000000 1.00000000
vt 0.00000000 1.00000000
vt 0.00000000 1.00000000
vt 0.00000000 1.00000000
vt 0.00000000 1.00000000
vt 0.00000000 1.00000000
vt 0.00000000 1.00000000
vt 0.00000000 1.00000000
vt 0.00000000 1.00000000
vt 0.00000000 1.00000000
vt 0.00000000 1.00000000
vt 0.00000000 1.00000000
vt 0.00000000 1.00000000
vt 0.00000000 1.00000000
vt 0.00000000 1.00000000
vt 0.00000000 1.00000000
vt 0.00000000 1.00000000
vt 0.00000000 1.00000000
vt 0.00000000 1.00000000
vt 0.00000000 1.00000000
vt 0.00000000 1.00000000
vt 0.00000000 1.00000000
vt 0.00000000 1.00000000
vt 0.00000000 1.00000000
vt 0.00000000 1.00000000
vt 0.00000000 1.00000000
vt 0.00000000 1.00000000
vt 0.00000000 1.00000000
vt 0.00000000 1.00000000
vt 0.00000000 1.00000000
vt 0.00000000 1.00000000
vt 0.00000000 1.00000000
vt 0.00000000 1.00000000
vt 0.00000000 1.00000000
vt 0.00000000 1.00000000
vt 0.00000000 1.00000000
vt 0.00000000 1.00000000
vt 0.00000000 1.00000000
vt 0.00000000 1.00000000
vt 0.00000000 1.00000000
vt 0.00000000 1.00000000
vt 0.00000000 1.00000000
vt 0.00000000 1.00000000
vt 0.00000000 1.00000000
vt 0.00000000 1.00000000
vt 0.00000000 1.00000000
vt 0.00000000 1.00000000
vt 0.00000000 1.00000000
vt 0.00000000 1.00000000
vt 0.00000000 1.00000000
vt 0.00000000 1.00000000
vt 0.00000000 1.00000000
vt 0.00000000 1.00000000
vt 0.00000000 1.00000000
vt 0.00000000 1.00000000
vt 0.00000000 1.00000000
vt 0.00000000 1.00000000
vt 0.00000000 1.00000000
vt 0.00000000 1.00000000
vt 0.00000000 1.00000000
vt 0.00000000 1.00000000
vt 0.00000000 1.00000000
vt 0.00000000 1.00000000
vt 0.00000000 1.00000000
vt 0.00000000 1.00000000
vt 0.00000000 1.00000000
vt 0.00000000 1.00000000
vt 0.00000000 1.00000000
vt 0.00000000 1.00000000
vt 0.00000000 1.00000000
vt 0.00000000 1.00000000
vt 0.00000000 1.00000000
vt 0.00000000 1.00000000
vt 0.00000000 1.00000000
vt 0.00000000 1.00000000
vt 0.00000000 1.00000000
vt 0.00000000 1.00000000
vt 0.00000000 1.00000000
vt 0.00000000 1.00000000
vt 0.00000000 1.00000000
vt 0.00000000 1.00000000
vt 0.00000000 1.00000000
vt 0.00000000 1.00000000
vt 0.00000000 1.00000000
vt 0.00000000 1.00000000
vt 0.00000000 1.00000000
vt 0.00000000 1.00000000
vt 0.00000000 1.00000000
vt 0.00000000 1.00000000
vt 0.00000000 1.00000000
vt 0.00000000 1.00000000
vt 0.00000000 1.00000000
vt 0.00000000 1.00000000
vt 0.00000000 1.00000000
vt 0.00000000 1.00000000
vt 0.00000000 1.00000000
vt 0.00000000 1.00000000
vt 0.00000000 1.00000000
vt 0.00000000 1.00000000
vt 0.00000000 1.00000000
vt 0.00000000 1.00000000
vt 0.00000000 1.00000000
vt 0.00000000 1.00000000
vt 0.00000000 1.00000000
vt 0.00000000 1.00000000
vt 0.00000000 1.00000000
vt 0.00000000 1.00000000
vt 0.00000000 1.00000000
vt 0.00000000 1.00000000
vt 0.00000000 1.00000000
vt 0.00000000 1.00000000
vt 0.00000000 1.00000000
vt 0.00000000 1.00000000
vt 0.00000000 1.00000000
vt 0.00000000 1.00000000
vt 0.00000000 1.00000000
vt 0.00000000 1.00000000
vt 0.00000000 1.00000000
vt 0.00000000 1.00000000
vt 0.00000000 1.00000000
vt 0.00000000 1.00000000
vt 0.00000000 1.00000000
vt 0.00000000 1.00000000
vt 0.00000000 1.00000000
vt 0.00000000 1.00000000
vt 0.00000000 1.00000000
vt 0.00000000 1.00000000
vt 0.00000000 1.00000000
vt 0.00000000 1.00000000
vt 0.00000000 1.00000000
vt 0.00000000 1.00000000
vt 0.00000000 1.00000000
vt 0.00000000 1.00000000
vt 0.00000000 1.00000000
vt 0.00000000 1.00000000
vt 0.00000000 1.00000000
vt 0.00000000 1.00000000
vt 0.00000000 1.00000000
vt 0.00000000 1.00000000
vt 0.00000000 1.00000000
vt 0.00000000 1.00000000
vt 0.00000000 1.00000000
vt 0.00000000 1.00000000
vt 0.00000000 1.00000000
vt 0.00000000 1.00000000
vt 0.00000000 1.00000000
vt 0.00000000 1.00000000
vt 0.00000000 1.00000000
vt 0.00000000 1.00000000
vt 0.00000000 1.00000000
vt 0.00000000 1.00000000
vt 0.00000000 1.00000000
vt 0.00000000 1.00000000
vt 0.00000000 1.00000000
vt 0.00000000 1.00000000
vt 0.00000000 1.00000000
vt 0.00000000 1.00000000
vt 0.00000000 1.00000000
vt 0.00000000 1.00000000
vt 0.00000000 1.00000000
vt 0.00000000 1.00000000
vt 0.00000000 1.00000000
vt 0.00000000 1.00000000
vt 0.00000000 1.00000000
vt 0.00000000 1.00000000
vt 0.00000000 1.00000000
vt 0.00000000 1.00000000
vt 0.00000000 1.00000000
vt 0.00000000 1.00000000
vt 0.00000000 1.00000000
vt 0.00000000 1.00000000
vt 0.00000000 1.00000000
vt 0.00000000 1.00000000
vt 0.00000000 1.00000000
vt 0.00000000 1.00000000
vt 0.00000000 1.00000000
vt 0.00000000 1.00000000
vt 0.00000000 1.00000000
vt 0.00000000 1.00000000
vt 0.00000000 1.00000000
vt 0.00000000 1.00000000
vt 0.00000000 1.00000000
vt 0.00000000 1.00000000
vt 0.00000000 1.00000000
vt 0.00000000 1.00000000
vt 0.00000000 1.00000000
vt 0.00000000 1.00000000
vt 0.00000000 1.00000000
vt 0.00000000 1.00000000
vt 0.00000000 1.00000000
vt 0.00000000 1.00000000
vt 0.00000000 1.00000000
vt 0.00000000 1.00000000
vt 0.00000000 1.00000000
vt 0.00000000 1.00000000
vt 0.00000000 1.00000000
vt 0.00000000 1.00000000
vt 0.00000000 1.00000000
vt 0.00000000 1.00000000
vt 0.00000000 1.00000000
vt 0.00000000 1.00000000
vt 0.00000000 1.00000000
vt 0.00000000 1.00000000
vt 0.00000000 1.00000000
vt 0.00000000 1.00000000
vt 0.00000000 1.00000000
vt 0.00000000 1.00000000
vt 0.00000000 1.00000000
vt 0.00000000 1.00000000
vt 0.00000000 1.00000000
vt 0.00000000 1.00000000
vt 0.00000000 1.00000000
vt 0.00000000 1.00000000
vt 0.00000000 1.00000000
vt 0.00000000 1.00000000
vt 0.00000000 1.00000000
vt 0.00000000 1.00000000
vt 0.00000000 1.00000000
vt 0.00000000 1.00000000
vt 0.00000000 1.00000000
vt 0.00000000 1.00000000
vt 0.00000000 1.00000000
vt 0.00000000 1.00000000
vt 0.00000000 1.00000000
vt 0.00000000 1.00000000
vt 0.00000000 1.00000000
vt 0.00000000 1.00000000
vt 0.00000000 1.00000000
vt 0.00000000 1.00000000
vt 0.00000000 1.00000000
vt 0.00000000 1.00000000
vt 0.00000000 1.00000000
vt 0.00000000 1.00000000
vt 0.00000000 1.00000000
vt 0.00000000 1.00000000
vt 0.00000000 1.00000000
vt 0.00000000 1.00000000
vt 0.00000000 1.00000000
vt 0.00000000 1.00000000
vt 0.00000000 1.00000000
vt 0.00000000 1.00000000
vt 0.00000000 1.00000000
vt 0.00000000 1.00000000
vt 0.00000000 1.00000000
vt 0.00000000 1.00000000
vt 0.00000000 1.00000000
vt 0.00000000 1.00000000
vt 0.00000000 1.00000000
vt 0.00000000 1.00000000
vt 0.00000000 1.00000000
vt 0.00000000 1.00000000
vt 0.00000000 1.00000000
vt 0.00000000 1.00000000
vt 0.00000000 1.00000000
vt 0.00000000 1.00000000
vt 0.00000000 1.00000000
vt 0.00000000 1.00000000
vt 0.00000000 1.00000000
vt 0.00000000 1.00000000
vt 0.00000000 1.00000000
vt 0.00000000 1.00000000
vt 0.00000000 1.00000000
vt 0.00000000 1.00000000
vt 0.00000000 1.00000000
vt 0.00000000 1.00000000
vt 0.00000000 1.00000000
vt 0.00000000 1.00000000
vt 0.00000000 1.00000000
vt 0.00000000 1.00000000
vt 0.00000000 1.00000000
vt 0.00000000 1.00000000
vt 0.00000000 1.00000000
vt 0.00000000 1.00000000
vt 0.00000000 1.00000000
vt 0.00000000 1.00000000
vt 0.00000000 1.00000000
vt 0.00000000 1.00000000
vt 0.00000000 1.00000000
vt 0.00000000 1.00000000
vt 0.00000000 1.00000000
vt 0.00000000 1.00000000
vt 0.00000000 1.00000000
vt 0.00000000 1.00000000
vt 0.00000000 1.00000000
vt 0.00000000 1.00000000
vt 0.00000000 1.00000000
vt 0.00000000 1.00000000
vt 0.00000000 1.00000000
vt 0.00000000 1.00000000
vt 0.00000000 1.00000000
vt 0.00000000 1.00000000
vt 0.00000000 1.00000000
vt 0.00000000 1.00000000
vt 0.00000000 1.00000000
vt 0.00000000 1.00000000
vt 0.00000000 1.00000000
vt 0.00000000 1.00000000
vt 0.00000000 1.00000000
vt 0.00000000 1.00000000
vt 0.00000000 1.00000000
vt 0.00000000 1.00000000
vt 0.00000000 1.00000000
vt 0.00000000 1.00000000
vt 0.00000000 1.00000000
vt 0.00000000 1.00000000
vt 0.00000000 1.00000000
vt 0.00000000 1.00000000
vt 0.00000000 1.00000000
vt 0.00000000 1.00000000
vt 0.00000000 1.00000000
vt 0.00000000 1.00000000
vt 0.00000000 1.00000000
vt 0.00000000 1.00000000
vt 0.00000000 1.00000000
vt 0.00000000 1.00000000
vt 0.00000000 1.00000000
vt 0.00000000 1.00000000
vt 0.00000000 1.00000000
vt 0.00000000 1.00000000
vt 0.00000000 1.00000000
vt 0.00000000 1.00000000
vt 0.00000000 1.00000000
vt 0.00000000 1.00000000
vt 0.00000000 1.00000000
vt 0.00000000 1.00000000
vt 0.00000000 1.00000000
vt 0.00000000 1.00000000
vt 0.00000000 1.00000000
vt 0.00000000 1.00000000
vt 0.00000000 1.00000000
vt 0.00000000 1.00000000
vt 0.00000000 1.00000000
vt 0.00000000 1.00000000
vt 0.00000000 1.00000000
vt 0.00000000 1.00000000
vt 0.00000000 1.00000000
vt 0.00000000 1.00000000
vt 0.00000000 1.00000000
vt 0.00000000 1.00000000
vt 0.00000000 1.00000000
vt 0.00000000 1.00000000
vt 0.00000000 1.00000000
vt 0.00000000 1.00000000
vt 0.00000000 1.00000000
vt 0.00000000 1.00000000
vt 0.00000000 1.00000000
vt 0.00000000 1.00000000
vt 0.00000000 1.00000000
vt 0.00000000 1.00000000
vt 0.00000000 1.00000000
vt 0.00000000 1.00000000
vt 0.00000000 1.00000000
vt 0.00000000 1.00000000
vt 0.00000000 1.00000000
vt 0.00000000 1.00000000
vt 0.00000000 1.00000000
vt 0.00000000 1.00000000
vt 0.00000000 1.00000000
vt 0.00000000 1.00000000
vt 0.00000000 1.00000000
vt 0.00000000 1.00000000
vt 0.00000000 1.00000000
vt 0.00000000 1.00000000
vt 0.00000000 1.00000000
vt 0.00000000 1.00000000
vt 0.00000000 1.00000000
vt 0.00000000 1.00000000
vt 0.00000000 1.00000000
vt 0.00000000 1.00000000
vt 0.00000000 1.00000000
vt 0.00000000 1.00000000
vt 0.00000000 1.00000000
vt 0.00000000 1.00000000
vt 0.00000000 1.00000000
vt 0.00000000 1.00000000
vt 0.00000000 1.00000000
vt 0.00000000 1.00000000
vt 0.00000000 1.00000000
vt 0.00000000 1.00000000
vt 0.00000000 1.00000000
vt 0.00000000 1.00000000
vt 0.00000000 1.00000000
vt 0.00000000 1.00000000
vt 0.00000000 1.00000000
vt 0.00000000 1.00000000
vt 0.00000000 1.00000000
vt 0.00000000 1.00000000
vt 0.00000000 1.00000000
vt 0.00000000 1.00000000
vt 0.00000000 1.00000000
vt 0.00000000 1.00000000
vt 0.00000000 1.00000000
vt 0.00000000 1.00000000
vt 0.00000000 1.00000000
vt 0.00000000 1.00000000
vt 0.00000000 1.00000000
vt 0.00000000 1.00000000
vt 0.00000000 1.00000000
vt 0.00000000 1.00000000
vt 0.00000000 1.00000000
vt 0.00000000 1.00000000
vt 0.00000000 1.00000000
vt 0.00000000 1.00000000
vt 0.00000000 1.00000000
vt 0.00000000 1.00000000
vt 0.00000000 1.00000000
vt 0.00000000 1.00000000
vt 0.00000000 1.00000000
vt 0.00000000 1.00000000
vt 0.00000000 1.00000000
vt 0.00000000 1.00000000
vt 0.00000000 1.00000000
vt 0.00000000 1.00000000
vt 0.00000000 1.00000000
vt 0.00000000 1.00000000
vt 0.00000000 1.00000000
vt 0.00000000 1.00000000
vt 0.00000000 1.00000000
vt 0.00000000 1.00000000
vt 0.00000000 1.00000000
vt 0.00000000 1.00000000
vt 0.00000000 1.00000000
vt 0.00000000 1.00000000
vt 0.00000000 1.00000000
vt 0.00000000 1.00000000
vt 0.00000000 1.00000000
vt 0.00000000 1.00000000
vt 0.00000000 1.00000000
vt 0.00000000 1.00000000
vt 0.00000000 1.00000000
vt 0.00000000 1.00000000
vt 0.00000000 1.00000000
vt 0.00000000 1.00000000
vt 0.00000000 1.00000000
vt 0.00000000 1.00000000
vt 0.00000000 1.00000000
vt 0.00000000 1.00000000
vt 0.00000000 1.00000000
vt 0.00000000 1.00000000
vt 0.00000000 1.00000000
vt 0.00000000 1.00000000
vt 0.00000000 1.00000000
vt 0.00000000 1.00000000
vt 0.00000000 1.00000000
vt 0.00000000 1.00000000
vt 0.00000000 1.00000000
vt 0.00000000 1.00000000
vt 0.00000000 1.00000000
vt 0.00000000 1.00000000
vt 0.00000000 1.00000000
vt 0.00000000 1.00000000
vt 0.00000000 1.00000000
vt 0.00000000 1.00000000
vt 0.00000000 1.00000000
vt 0.00000000 1.00000000
vt 0.00000000 1.00000000
vt 0.00000000 1.00000000
vt 0.00000000 1.00000000
vt 0.00000000 1.00000000
vt 0.00000000 1.00000000
vt 0.00000000 1.00000000
vt 0.00000000 1.00000000
vt 0.00000000 1.00000000
vt 0.00000000 1.00000000
vt 0.00000000 1.00000000
vt 0.00000000 1.00000000
vt 0.00000000 1.00000000
vt 0.00000000 1.00000000
vt 0.00000000 1.00000000
vt 0.00000000 1.00000000
vt 0.00000000 1.00000000
vt 0.00000000 1.00000000
vt 0.00000000 1.00000000
vt 0.00000000 1.00000000
vt 0.00000000 1.00000000
vt 0.00000000 1.00000000
vt 0.00000000 1.00000000
vt 0.00000000 1.00000000
vt 0.00000000 1.00000000
vt 0.00000000 1.00000000
vt 0.00000000 1.00000000
vt 0.00000000 1.00000000
vt 0.00000000 1.00000000
vt 0.00000000 1.00000000
vt 0.00000000 1.00000000
vt 0.00000000 1.00000000
vt 0.00000000 1.00000000
vt 0.00000000 1.00000000
vt 0.00000000 1.00000000
vt 0.00000000 1.00000000
vt 0.00000000 1.00000000
vt 0.00000000 1.00000000
vt 0.00000000 1.00000000
vt 0.00000000 1.00000000
vt 0.00000000 1.00000000
vt 0.00000000 1.00000000
vt 0.00000000 1.00000000
vt 0.00000000 1.00000000
vt 0.00000000 1.00000000
vt 0.00000000 1.00000000
vt 0.00000000 1.00000000
vt 0.00000000 1.00000000
vt 0.00000000 1.00000000
vt 0.00000000 1.00000000
vt 0.00000000 1.00000000
vt 0.00000000 1.00000000
vt 0.00000000 1.00000000
vt 0.00000000 1.00000000
vt 0.00000000 1.00000000
vt 0.00000000 1.00000000
vt 0.00000000 1.00000000
vt 0.00000000 1.00000000
vt 0.00000000 1.00000000
vt 0.00000000 1.00000000
vt 0.00000000 1.00000000
vt 0.00000000 1.00000000
vt 0.00000000 1.00000000
vt 0.00000000 1.00000000
vt 0.00000000 1.00000000
vt 0.00000000 1.00000000
vt 0.00000000 1.00000000
vt 0.00000000 1.00000000
vt 0.00000000 1.00000000
vt 0.00000000 1.00000000
vt 0.00000000 1.00000000
vt 0.00000000 1.00000000
vt 0.00000000 1.00000000
vt 0.00000000 1.00000000
vt 0.00000000 1.00000000
vt 0.00000000 1.00000000
vt 0.00000000 1.00000000
vt 0.00000000 1.00000000
vt 0.00000000 1.00000000
vt 0.00000000 1.00000000
vt 0.00000000 1.00000000
vt 0.00000000 1.00000000
vt 0.00000000 1.00000000
vt 0.00000000 1.00000000
vt 0.00000000 1.00000000
vt 0.00000000 1.00000000
vt 0.00000000 1.00000000
vt 0.00000000 1.00000000
vt 0.00000000 1.00000000
vt 0.00000000 1.00000000
vt 0.00000000 1.00000000
vt 0.00000000 1.00000000
vt 0.00000000 1.00000000
vt 0.00000000 1.00000000
vt 0.00000000 1.00000000
vt 0.00000000 1.00000000
vt 0.00000000 1.00000000
vt 0.00000000 1.00000000
vt 0.00000000 1.00000000
vt 0.00000000 1.00000000
vt 0.00000000 1.00000000
vt 0.00000000 1.00000000
vt 0.00000000 1.00000000
vt 0.00000000 1.00000000
vt 0.00000000 1.00000000
vt 0.00000000 1.00000000
vt 0.00000000 1.00000000
vt 0.00000000 1.00000000
vt 0.00000000 1.00000000
vt 0.00000000 1.00000000
vt 0.00000000 1.00000000
vt 0.00000000 1.00000000
vt 0.00000000 1.00000000
vt 0.00000000 1.00000000
vt 0.00000000 1.00000000
vt 0.00000000 1.00000000
vt 0.00000000 1.00000000
vt 0.00000000 1.00000000
vt 0.00000000 1.00000000
vt 0.00000000 1.00000000
vt 0.00000000 1.00000000
vt 0.00000000 1.00000000
vt 0.00000000 1.00000000
vt 0.00000000 1.00000000
vt 0.00000000 1.00000000
vt 0.00000000 1.00000000
vt 0.00000000 1.00000000
vt 0.00000000 1.00000000
vt 0.00000000 1.00000000
vt 0.00000000 1.00000000
vt 0.00000000 1.00000000
vt 0.00000000 1.00000000
vt 0.00000000 1.00000000
vt 0.00000000 1.00000000
vt 0.00000000 1.00000000
vt 0.00000000 1.00000000
vt 0.00000000 1.00000000
vt 0.00000000 1.00000000
vt 0.00000000 1.00000000
vt 0.00000000 1.00000000
vt 0.00000000 1.00000000
vt 0.00000000 1.00000000
vt 0.00000000 1.00000000
vt 0.00000000 1.00000000
vt 0.00000000 1.00000000
vt 0.00000000 1.00000000
vt 0.00000000 1.00000000
vt 0.00000000 1.00000000
vt 0.00000000 1.00000000
vt 0.00000000 1.00000000
vt 0.00000000 1.00000000
vt 0.00000000 1.00000000
vt 0.00000000 1.00000000
vt 0.00000000 1.00000000
vt 0.00000000 1.00000000
vt 0.00000000 1.00000000
vt 0.00000000 1.00000000
vt 0.00000000 1.00000000
vt 0.00000000 1.00000000
vt 0.00000000 1.00000000
vt 0.00000000 1.00000000
vt 0.00000000 1.00000000
vt 0.00000000 1.00000000
vt 0.00000000 1.00000000
vt 0.00000000 1.00000000
vt 0.00000000 1.00000000
vt 0.00000000 1.00000000
vt 0.00000000 1.00000000
vt 0.00000000 1.00000000
vt 0.00000000 1.00000000
vt 0.00000000 1.00000000
vt 0.00000000 1.00000000
vt 0.00000000 1.00000000
vt 0.00000000 1.00000000
vt 0.00000000 1.00000000
vt 0.00000000 1.00000000
vt 0.00000000 1.00000000
vt 0.00000000 1.00000000
vt 0.00000000 1.00000000
vt 0.00000000 1.00000000
vt 0.00000000 1.00000000
vt 0.00000000 1.00000000
vt 0.00000000 1.00000000
vt 0.00000000 1.00000000
vt 0.00000000 1.00000000
vt 0.00000000 1.00000000
vt 0.00000000 1.00000000
vt 0.00000000 1.00000000
vt 0.00000000 1.00000000
vt 0.00000000 1.00000000
vt 0.00000000 1.00000000
vt 0.00000000 1.00000000
vt 0.00000000 1.00000000
vt 0.00000000 1.00000000
vt 0.00000000 1.00000000
vt 0.00000000 1.00000000
vt 0.00000000 1.00000000
vt 0.00000000 1.00000000
vt 0.00000000 1.00000000
vt 0.00000000 1.00000000
vt 0.00000000 1.00000000
vt 0.00000000 1.00000000
vt 0.00000000 1.00000000
vt 0.00000000 1.00000000
vt 0.00000000 1.00000000
vt 0.00000000 1.00000000
vt 0.00000000 1.00000000
vt 0.00000000 1.00000000
vt 0.00000000 1.00000000
vt 0.00000000 1.00000000
vt 0.00000000 1.00000000
vt 0.00000000 1.00000000
vt 0.00000000 1.00000000
vt 0.00000000 1.00000000
vt 0.00000000 1.00000000
vt 0.00000000 1.00000000
vt 0.00000000 1.00000000
vt 0.00000000 1.00000000
vt 0.00000000 1.00000000
vt 0.00000000 1.00000000
vt 0.00000000 1.00000000
vt 0.00000000 1.00000000
vt 0.00000000 1.00000000
vt 0.00000000 1.00000000
vt 0.00000000 1.00000000
vt 0.00000000 1.00000000
vt 0.00000000 1.00000000
vt 0.00000000 1.00000000
vt 0.00000000 1.00000000
vt 0.00000000 1.00000000
vt 0.00000000 1.00000000
vt 0.00000000 1.00000000
vt 0.00000000 1.00000000
vt 0.00000000 1.00000000
vt 0.00000000 1.00000000
vt 0.00000000 1.00000000
vt 0.00000000 1.00000000
vt 0.00000000 1.00000000
vt 0.00000000 1.00000000
vt 0.00000000 1.00000000
vt 0.00000000 1.00000000
vt 0.00000000 1.00000000
vt 0.00000000 1.00000000
vt 0.00000000 1.00000000
vt 0.00000000 1.00000000
vt 0.00000000 1.00000000
vt 0.00000000 1.00000000
vt 0.00000000 1.00000000
vt 0.00000000 1.00000000
vt 0.00000000 1.00000000
vt 0.00000000 1.00000000
vt 0.00000000 1.00000000
vt 0.00000000 1.00000000
vt 0.00000000 1.00000000
vt 0.00000000 1.00000000
vt 0.00000000 1.00000000
vt 0.00000000 1.00000000
vt 0.00000000 1.00000000
vt 0.00000000 1.00000000
vt 0.00000000 1.00000000
vt 0.00000000 1.00000000
vt 0.00000000 1.00000000
vt 0.00000000 1.00000000
vt 0.00000000 1.00000000
vt 0.00000000 1.00000000
vt 0.00000000 1.00000000
vt 0.00000000 1.00000000
vt 0.00000000 1.00000000
vt 0.00000000 1.00000000
vt 0.00000000 1.00000000
vt 0.00000000 1.00000000
vt 0.00000000 1.00000000
vt 0.00000000 1.00000000
vt 0.00000000 1.00000000
vt 0.00000000 1.00000000
vt 0.00000000 1.00000000
vt 0.00000000 1.00000000
vt 0.00000000 1.00000000
vt 0.00000000 1.00000000
vt 0.00000000 1.00000000
vt 0.00000000 1.00000000
vt 0.00000000 1.00000000
vt 0.00000000 1.00000000
vt 0.00000000 1.00000000
vt 0.00000000 1.00000000
vt 0.00000000 1.00000000
vt 0.00000000 1.00000000
vt 0.00000000 1.00000000
vt 0.00000000 1.00000000
vt 0.00000000 1.00000000
vt 0.00000000 1.00000000
vt 0.00000000 1.00000000
vt 0.00000000 1.00000000
vt 0.00000000 1.00000000
vt 0.00000000 1.00000000
vt 0.00000000 1.00000000
vt 0.00000000 1.00000000
vt 0.00000000 1.00000000
vt 0.00000000 1.00000000
vt 0.00000000 1.00000000
vt 0.00000000 1.00000000
vt 0.00000000 1.00000000
vt 0.00000000 1.00000000
vt 0.00000000 1.00000000
vt 0.00000000 1.00000000
vt 0.00000000 1.00000000
vt 0.00000000 1.00000000
vt 0.00000000 1.00000000
vt 0.00000000 1.00000000
vt 0.00000000 1.00000000
vt 0.00000000 1.00000000
vt 0.00000000 1.00000000
vt 0.00000000 1.00000000
vt 0.00000000 1.00000000
vt 0.00000000 1.00000000
vt 0.00000000 1.00000000
vt 0.00000000 1.00000000
vt 0.00000000 1.00000000
vt 0.00000000 1.00000000
vt 0.00000000 1.00000000
vt 0.00000000 1.00000000
vt 0.00000000 1.00000000
vt 0.00000000 1.00000000
vt 0.00000000 1.00000000
vt 0.00000000 1.00000000
vt 0.00000000 1.00000000
vt 0.00000000 1.00000000
vt 0.00000000 1.00000000
vt 0.00000000 1.00000000
vt 0.00000000 1.00000000
vt 0.00000000 1.00000000
vt 0.00000000 1.00000000
vt 0.00000000 1.00000000
vt 0.00000000 1.00000000
vt 0.00000000 1.00000000
vt 0.00000000 1.00000000
vt 0.00000000 1.00000000
vt 0.00000000 1.00000000
vt 0.00000000 1.00000000
vt 0.00000000 1.00000000
vt 0.00000000 1.00000000
vt 0.00000000 1.00000000
vt 0.00000000 1.00000000
vt 0.00000000 1.00000000
vt 0.00000000 1.00000000
vt 0.00000000 1.00000000
vt 0.00000000 1.00000000
vt 0.00000000 1.00000000
vt 0.00000000 1.00000000
vt 0.00000000 1.00000000
vt 0.00000000 1.00000000
vt 0.00000000 1.00000000
vt 0.00000000 1.00000000
vt 0.00000000 1.00000000
vt 0.00000000 1.00000000
vt 0.00000000 1.00000000
vt 0.00000000 1.00000000
vt 0.00000000 1.00000000
vt 0.00000000 1.00000000
vt 0.00000000 1.00000000
vt 0.00000000 1.00000000
vt 0.00000000 1.00000000
vt 0.00000000 1.00000000
vt 0.00000000 1.00000000
vt 0.00000000 1.00000000
vt 0.00000000 1.00000000
vt 0.00000000 1.00000000
vt 0.00000000 1.00000000
vt 0.00000000 1.00000000
vt 0.00000000 1.00000000
vt 0.00000000 1.00000000
vt 0.00000000 1.00000000
vt 0.00000000 1.00000000
vt 0.00000000 1.00000000
vt 0.00000000 1.00000000
vt 0.00000000 1.00000000
vt 0.00000000 1.00000000
vt 0.00000000 1.00000000
vt 0.00000000 1.00000000
vt 0.00000000 1.00000000
vt 0.00000000 1.00000000
vt 0.00000000 1.00000000
vt 0.00000000 1.00000000
vt 0.00000000 1.00000000
vt 0.00000000 1.00000000
vt 0.00000000 1.00000000
vt 0.00000000 1.00000000
vt 0.00000000 1.00000000
vt 0.00000000 1.00000000
vt 0.00000000 1.00000000
vt 0.00000000 1.00000000
vt 0.00000000 1.00000000
vt 0.00000000 1.00000000
vt 0.00000000 1.00000000
vt 0.00000000 1.00000000
vt 0.00000000 1.00000000
vt 0.00000000 1.00000000
vt 0.00000000 1.00000000
vt 0.00000000 1.00000000
vt 0.00000000 1.00000000
vt 0.00000000 1.00000000
vt 0.00000000 1.00000000
vt 0.00000000 1.00000000
vt 0.00000000 1.00000000
vt 0.00000000 1.00000000
vt 0.00000000 1.00000000
vt 0.00000000 1.00000000
vt 0.00000000 1.00000000
vt 0.00000000 1.00000000
vt 0.00000000 1.00000000
vt 0.00000000 1.00000000
vt 0.00000000 1.00000000
vt 0.00000000 1.00000000
vt 0.00000000 1.00000000
vt 0.00000000 1.00000000
vt 0.00000000 1.00000000
vt 0.00000000 1.00000000
vt 0.00000000 1.00000000
vt 0.00000000 1.00000000
vt 0.00000000 1.00000000
vt 0.00000000 1.00000000
vt 0.00000000 1.00000000
vt 0.00000000 1.00000000
vt 0.00000000 1.00000000
vt 0.00000000 1.00000000
vt 0.00000000 1.00000000
vt 0.00000000 1.00000000
vt 0.00000000 1.00000000
vt 0.00000000 1.00000000
vt 0.00000000 1.00000000
vt 0.00000000 1.00000000
vt 0.00000000 1.00000000
vt 0.00000000 1.00000000
vt 0.00000000 1.00000000
vt 0.00000000 1.00000000
vt 0.00000000 1.00000000
vt 0.00000000 1.00000000
vt 0.00000000 1.00000000
vt 0.00000000 1.00000000
vt 0.00000000 1.00000000
vt 0.00000000 1.00000000
vt 0.00000000 1.00000000
vt 0.00000000 1.00000000
vt 0.00000000 1.00000000
vt 0.00000000 1.00000000
vt 0.00000000 1.00000000
vt 0.00000000 1.00000000
vt 0.00000000 1.00000000
vt 0.00000000 1.00000000
vt 0.00000000 1.00000000
vt 0.00000000 1.00000000
vt 0.00000000 1.00000000
vt 0.00000000 1.00000000
vt 0.00000000 1.00000000
vt 0.00000000 1.00000000
vt 0.00000000 1.00000000
vt 0.00000000 1.00000000
vt 0.00000000 1.00000000
vt 0.00000000 1.00000000
vt 0.00000000 1.00000000
vt 0.00000000 1.00000000
vt 0.00000000 1.00000000
vt 0.00000000 1.00000000
vt 0.00000000 1.00000000
vt 0.00000000 1.00000000
vt 0.00000000 1.00000000
vt 0.00000000 1.00000000
vt 0.00000000 1.00000000
vt 0.00000000 1.00000000
vt 0.00000000 1.00000000
vt 0.00000000 1.00000000
vt 0.00000000 1.00000000
vt 0.00000000 1.00000000
vt 0.00000000 1.00000000
vt 0.00000000 1.00000000
vt 0.00000000 1.00000000
vt 0.00000000 1.00000000
vt 0.00000000 1.00000000
vt 0.00000000 1.00000000
vt 0.00000000 1.00000000
vt 0.00000000 1.00000000
vt 0.00000000 1.00000000
vt 0.00000000 1.00000000
vt 0.00000000 1.00000000
vt 0.00000000 1.00000000
vt 0.00000000 1.00000000
vt 0.00000000 1.00000000
vt 0.00000000 1.00000000
vt 0.00000000 1.00000000
vt 0.00000000 1.00000000
vt 0.00000000 1.00000000
vt 0.00000000 1.00000000
vt 0.00000000 1.00000000
vt 0.00000000 1.00000000
vt 0.00000000 1.00000000
vt 0.00000000 1.00000000
vt 0.00000000 1.00000000
vt 0.00000000 1.00000000
vt 0.00000000 1.00000000
vt 0.00000000 1.00000000
vt 0.00000000 1.00000000
vt 0.00000000 1.00000000
vt 0.00000000 1.00000000
vt 0.00000000 1.00000000
vt 0.00000000 1.00000000
vt 0.00000000 1.00000000
vt 0.00000000 1.00000000
vt 0.00000000 1.00000000
vt 0.00000000 1.00000000
vt 0.00000000 1.00000000
vt 0.00000000 1.00000000
vt 0.00000000 1.00000000
vt 0.00000000 1.00000000
vt 0.00000000 1.00000000
vt 0.00000000 1.00000000
vt 0.00000000 1.00000000
vt 0.00000000 1.00000000
vt 0.00000000 1.00000000
vt 0.00000000 1.00000000
vt 0.00000000 1.00000000
vt 0.00000000 1.00000000
vt 0.00000000 1.00000000
vt 0.00000000 1.00000000
vt 0.00000000 1.00000000
vt 0.00000000 1.00000000
vt 0.00000000 1.00000000
vt 0.00000000 1.00000000
vt 0.00000000 1.00000000
vt 0.00000000 1.00000000
vt 0.00000000 1.00000000
vt 0.00000000 1.00000000
vt 0.00000000 1.00000000
vt 0.00000000 1.00000000
vt 0.00000000 1.00000000
vt 0.00000000 1.00000000
vt 0.00000000 1.00000000
vt 0.00000000 1.00000000
vt 0.00000000 1.00000000
vt 0.00000000 1.00000000
vt 0.00000000 1.00000000
vt 0.00000000 1.00000000
vt 0.00000000 1.00000000
vt 0.00000000 1.00000000
vt 0.00000000 1.00000000
vt 0.00000000 1.00000000
vt 0.00000000 1.00000000
vt 0.00000000 1.00000000
vt 0.00000000 1.00000000
vt 0.00000000 1.00000000
vt 0.00000000 1.00000000
vt 0.00000000 1.00000000
vt 0.00000000 1.00000000
vt 0.00000000 1.00000000
vt 0.00000000 1.00000000
vt 0.00000000 1.00000000
vt 0.00000000 1.00000000
vt 0.00000000 1.00000000
vt 0.00000000 1.00000000
vt 0.00000000 1.00000000
vt 0.00000000 1.00000000
vt 0.00000000 1.00000000
vt 0.00000000 1.00000000
vt 0.00000000 1.00000000
vt 0.00000000 1.00000000
vt 0.00000000 1.00000000
vt 0.00000000 1.00000000
vt 0.00000000 1.00000000
vt 0.00000000 1.00000000
vt 0.00000000 1.00000000
vt 0.00000000 1.00000000
vt 0.00000000 1.00000000
vt 0.00000000 1.00000000
vt 0.00000000 1.00000000
vt 0.00000000 1.00000000
vt 0.00000000 1.00000000
vt 0.00000000 1.00000000
vt 0.00000000 1.00000000
vt 0.00000000 1.00000000
vt 0.00000000 1.00000000
vt 0.00000000 1.00000000
vt 0.00000000 1.00000000
vt 0.00000000 1.00000000
vt 0.00000000 1.00000000
vt 0.00000000 1.00000000
vt 0.00000000 1.00000000
vt 0.00000000 1.00000000
vt 0.00000000 1.00000000
vt 0.00000000 1.00000000
vt 0.00000000 1.00000000
vt 0.00000000 1.00000000
vt 0.00000000 1.00000000
vt 0.00000000 1.00000000
vt 0.00000000 1.00000000
vt 0.00000000 1.00000000
vt 0.00000000 1.00000000
vt 0.00000000 1.00000000
vt 0.00000000 1.00000000
vt 0.00000000 1.00000000
vt 0.00000000 1.00000000
vt 0.00000000 1.00000000
vt 0.00000000 1.00000000
vt 0.00000000 1.00000000
vt 0.00000000 1.00000000
vt 0.00000000 1.00000000
vt 0.00000000 1.00000000
vt 0.00000000 1.00000000
vt 0.00000000 1.00000000
vt 0.00000000 1.00000000
vt 0.00000000 1.00000000
vt 0.00000000 1.00000000
vt 0.00000000 1.00000000
vt 0.00000000 1.00000000
vt 0.00000000 1.00000000
vt 0.00000000 1.00000000
vt 0.00000000 1.00000000
vt 0.00000000 1.00000000
vt 0.00000000 1.00000000
vt 0.00000000 1.00000000
vt 0.00000000 1.00000000
vt 0.00000000 1.00000000
vt 0.00000000 1.00000000
vt 0.00000000 1.00000000
vt 0.00000000 1.00000000
vt 0.00000000 1.00000000
vt 0.00000000 1.00000000
vt 0.00000000 1.00000000
vt 0.00000000 1.00000000
vt 0.00000000 1.00000000
vt 0.00000000 1.00000000
vt 0.00000000 1.00000000
vt 0.00000000 1.00000000
vt 0.00000000 1.00000000
vt 0.00000000 1.00000000
vt 0.00000000 1.00000000
vt 0.00000000 1.00000000
vt 0.00000000 1.00000000
vt 0.00000000 1.00000000
vt 0.00000000 1.00000000
vt 0.00000000 1.00000000
vt 0.00000000 1.00000000
vt 0.00000000 1.00000000
vt 0.00000000 1.00000000
vt 0.00000000 1.00000000
vt 0.00000000 1.00000000
vt 0.00000000 1.00000000
vt 0.00000000 1.00000000
vt 0.00000000 1.00000000
vt 0.00000000 1.00000000
vt 0.00000000 1.00000000
vt 0.00000000 1.00000000
vt 0.00000000 1.00000000
vt 0.00000000 1.00000000
vt 0.00000000 1.00000000
vt 0.00000000 1.00000000
vt 0.00000000 1.00000000
vt 0.00000000 1.00000000
vt 0.00000000 1.00000000
vt 0.00000000 1.00000000
vt 0.00000000 1.00000000
vt 0.00000000 1.00000000
vt 0.00000000 1.00000000
vt 0.00000000 1.00000000
vt 0.00000000 1.00000000
vt 0.00000000 1.00000000
vt 0.00000000 1.00000000
vt 0.00000000 1.00000000
vt 0.00000000 1.00000000
vt 0.00000000 1.00000000
vt 0.00000000 1.00000000
vt 0.00000000 1.00000000
vt 0.00000000 1.00000000
vt 0.00000000 1.00000000
vt 0.00000000 1.00000000
vt 0.00000000 1.00000000
vt 0.00000000 1.00000000
vt 0.00000000 1.00000000
vt 0.00000000 1.00000000
vt 0.00000000 1.00000000
vt 0.00000000 1.00000000
vt 0.00000000 1.00000000
vt 0.00000000 1.00000000
vt 0.00000000 1.00000000
vt 0.00000000 1.00000000
vt 0.00000000 1.00000000
vt 0.00000000 1.00000000
vt 0.00000000 1.00000000
vt 0.00000000 1.00000000
vt 0.00000000 1.00000000
vt 0.00000000 1.00000000
vt 0.00000000 1.00000000
vt 0.00000000 1.00000000
vt 0.00000000 1.00000000
vt 0.00000000 1.00000000
vt 0.00000000 1.00000000
vt 0.00000000 1.00000000
vt 0.00000000 1.00000000
vt 0.00000000 1.00000000
vt 0.00000000 1.00000000
vt 0.00000000 1.00000000
vt 0.00000000 1.00000000
vt 0.00000000 1.00000000
vt 0.00000000 1.00000000
vt 0.00000000 1.00000000
vt 0.00000000 1.00000000
vt 0.00000000 1.00000000
vt 0.00000000 1.00000000
vt 0.00000000 1.00000000
vt 0.00000000 1.00000000
vt 0.00000000 1.00000000
vt 0.00000000 1.00000000
vt 0.00000000 1.00000000
vt 0.00000000 1.00000000
vt 0.00000000 1.00000000
vt 0.00000000 1.00000000
vt 0.00000000 1.00000000
vt 0.00000000 1.00000000
vt 0.00000000 1.00000000
vt 0.00000000 1.00000000
vt 0.00000000 1.00000000
vt 0.00000000 1.00000000
vt 0.00000000 1.00000000
vt 0.00000000 1.00000000
vt 0.00000000 1.00000000
vt 0.00000000 1.00000000
vt 0.00000000 1.00000000
vt 0.00000000 1.00000000
vt 0.00000000 1.00000000
vt 0.00000000 1.00000000
vt 0.00000000 1.00000000
vt 0.00000000 1.00000000
vt 0.00000000 1.00000000
vt 0.00000000 1.00000000
vt 0.00000000 1.00000000
vt 0.00000000 1.00000000
vt 0.00000000 1.00000000
vt 0.00000000 1.00000000
vt 0.00000000 1.00000000
vt 0.00000000 1.00000000
vt 0.00000000 1.00000000
vt 0.00000000 1.00000000
vt 0.00000000 1.00000000
vt 0.00000000 1.00000000
vt 0.00000000 1.00000000
vt 0.00000000 1.00000000
vt 0.00000000 1.00000000
vt 0.00000000 1.00000000
vt 0.00000000 1.00000000
vt 0.00000000 1.00000000
vt 0.00000000 1.00000000
vt 0.00000000 1.00000000
vt 0.00000000 1.00000000
vt 0.00000000 1.00000000
vt 0.00000000 1.00000000
vt 0.00000000 1.00000000
vt 0.00000000 1.00000000
vt 0.00000000 1.00000000
vt 0.00000000 1.00000000
vt 0.00000000 1.00000000
vt 0.00000000 1.00000000
vt 0.00000000 1.00000000
vt 0.00000000 1.00000000
vt 0.00000000 1.00000000
vt 0.00000000 1.00000000
vt 0.00000000 1.00000000
vt 0.00000000 1.00000000
vt 0.00000000 1.00000000
vt 0.00000000 1.00000000
vt 0.00000000 1.00000000
vt 0.00000000 1.00000000
vt 0.00000000 1.00000000
vt 0.00000000 1.00000000
vt 0.00000000 1.00000000
vt 0.00000000 1.00000000
vt 0.00000000 1.00000000
vt 0.00000000 1.00000000
vt 0.00000000 1.00000000
vt 0.00000000 1.00000000
vt 0.00000000 1.00000000
vt 0.00000000 1.00000000
vt 0.00000000 1.00000000
vt 0.00000000 1.00000000
vt 0.00000000 1.00000000
vt 0.00000000 1.00000000
vt 0.00000000 1.00000000
vt 0.00000000 1.00000000
vt 0.00000000 1.00000000
vt 0.00000000 1.00000000
vt 0.00000000 1.00000000
vt 0.00000000 1.00000000
vt 0.00000000 1.00000000
vt 0.00000000 1.00000000
vt 0.00000000 1.00000000
vt 0.00000000 1.00000000
vt 0.00000000 1.00000000
vt 0.00000000 1.00000000
vt 0.00000000 1.00000000
vt 0.00000000 1.00000000
vt 0.00000000 1.00000000
vt 0.00000000 1.00000000
vt 0.00000000 1.00000000
vt 0.00000000 1.00000000
vt 0.00000000 1.00000000
vt 0.00000000 1.00000000
vt 0.00000000 1.00000000
vt 0.00000000 1.00000000
vt 0.00000000 1.00000000
vt 0.00000000 1.00000000
vt 0.00000000 1.00000000
vt 0.00000000 1.00000000
vt 0.00000000 1.00000000
vt 0.00000000 1.00000000
vt 0.00000000 1.00000000
vt 0.00000000 1.00000000
vt 0.00000000 1.00000000
vt 0.00000000 1.00000000
vt 0.00000000 1.00000000
vt 0.00000000 1.00000000
vt 0.00000000 1.00000000
vt 0.00000000 1.00000000
vt 0.00000000 1.00000000
vt 0.00000000 1.00000000
vt 0.00000000 1.00000000
vt 0.00000000 1.00000000
vt 0.00000000 1.00000000
vt 0.00000000 1.00000000
vt 0.00000000 1.00000000
vt 0.00000000 1.00000000
vt 0.00000000 1.00000000
vt 0.00000000 1.00000000
vt 0.00000000 1.00000000
vt 0.00000000 1.00000000
vt 0.00000000 1.00000000
vt 0.00000000 1.00000000
vt 0.00000000 1.00000000
vt 0.00000000 1.00000000
vt 0.00000000 1.00000000
vt 0.00000000 1.00000000
vt 0.00000000 1.00000000
vt 0.00000000 1.00000000
vt 0.00000000 1.00000000
vt 0.00000000 1.00000000
vt 0.00000000 1.00000000
vt 0.00000000 1.00000000
vt 0.00000000 1.00000000
vt 0.00000000 1.00000000
vt 0.00000000 1.00000000
vt 0.00000000 1.00000000
vt 0.00000000 1.00000000
vt 0.00000000 1.00000000
vt 0.00000000 1.00000000
vt 0.00000000 1.00000000
vt 0.00000000 1.00000000
vt 0.00000000 1.00000000
vt 0.00000000 1.00000000
vt 0.00000000 1.00000000
vt 0.00000000 1.00000000
vt 0.00000000 1.00000000
vt 0.00000000 1.00000000
vt 0.00000000 1.00000000
vt 0.00000000 1.00000000
vt 0.00000000 1.00000000
vt 0.00000000 1.00000000
vt 0.00000000 1.00000000
vt 0.00000000 1.00000000
vt 0.00000000 1.00000000
vt 0.00000000 1.00000000
vt 0.00000000 1.00000000
vt 0.00000000 1.00000000
vt 0.00000000 1.00000000
vt 0.00000000 1.00000000
vt 0.00000000 1.00000000
vt 0.00000000 1.00000000
vt 0.00000000 1.00000000
vt 0.00000000 1.00000000
vt 0.00000000 1.00000000
vt 0.00000000 1.00000000
vt 0.00000000 1.00000000
vt 0.00000000 1.00000000
vt 0.00000000 1.00000000
vt 0.00000000 1.00000000
vt 0.00000000 1.00000000
vt 0.00000000 1.00000000
vt 0.00000000 1.00000000
vt 0.00000000 1.00000000
vt 0.00000000 1.00000000
vt 0.00000000 1.00000000
vt 0.00000000 1.00000000
vt 0.00000000 1.00000000
vt 0.00000000 1.00000000
vt 0.00000000 1.00000000
vt 0.00000000 1.00000000
vt 0.00000000 1.00000000
vt 0.00000000 1.00000000
vt 0.00000000 1.00000000
vt 0.00000000 1.00000000
vt 0.00000000 1.00000000
vt 0.00000000 1.00000000
vt 0.00000000 1.00000000
vt 0.00000000 1.00000000
vt 0.00000000 1.00000000
vt 0.00000000 1.00000000
vt 0.00000000 1.00000000
vt 0.00000000 1.00000000
vt 0.00000000 1.00000000
vt 0.00000000 1.00000000
vt 0.00000000 1.00000000
vt 0.00000000 1.00000000
vt 0.00000000 1.00000000
vt 0.00000000 1.00000000
vt 0.00000000 1.00000000
vt 0.00000000 1.00000000
vt 0.00000000 1.00000000
vt 0.00000000 1.00000000
vt 0.00000000 1.00000000
vt 0.00000000 1.00000000
vt 0.00000000 1.00000000
vt 0.00000000 1.00000000
vt 0.00000000 1.00000000
vt 0.00000000 1.00000000
vt 0.00000000 1.00000000
vt 0.00000000 1.00000000
vt 0.00000000 1.00000000
vt 0.00000000 1.00000000
vt 0.00000000 1.00000000
vt 0.00000000 1.00000000
vt 0.00000000 1.00000000
vt 0.00000000 1.00000000
vt 0.00000000 1.00000000
vt 0.00000000 1.00000000
vt 0.00000000 1.00000000
vt 0.00000000 1.00000000
vt 0.00000000 1.00000000
vt 0.00000000 1.00000000
vt 0.00000000 1.00000000
vt 0.00000000 1.00000000
vt 0.00000000 1.00000000
vt 0.00000000 1.00000000
vt 0.00000000 1.00000000
vt 0.00000000 1.00000000
vt 0.00000000 1.00000000
vt 0.00000000 1.00000000
vt 0.00000000 1.00000000
vt 0.00000000 1.00000000
vt 0.00000000 1.00000000
vt 0.00000000 1.00000000
vt 0.00000000 1.00000000
vt 0.00000000 1.00000000
vt 0.00000000 1.00000000
vt 0.00000000 1.00000000
vt 0.00000000 1.00000000
vt 0.00000000 1.00000000
vt 0.00000000 1.00000000
vt 0.00000000 1.00000000
vt 0.00000000 1.00000000
vt 0.00000000 1.00000000
vt 0.00000000 1.00000000
vt 0.00000000 1.00000000
vt 0.00000000 1.00000000
vt 0.00000000 1.00000000
vt 0.00000000 1.00000000
vt 0.00000000 1.00000000
vt 0.00000000 1.00000000
vt 0.00000000 1.00000000
vt 0.00000000 1.00000000
vt 0.00000000 1.00000000
vt 0.00000000 1.00000000
vt 0.00000000 1.00000000
vt 0.00000000 1.00000000
vt 0.00000000 1.00000000
vt 0.00000000 1.00000000
vt 0.00000000 1.00000000
vt 0.00000000 1.00000000
vt 0.00000000 1.00000000
vt 0.00000000 1.00000000
vt 0.00000000 1.00000000
vt 0.00000000 1.00000000
vt 0.00000000 1.00000000
vt 0.00000000 1.00000000
vt 0.00000000 1.00000000
vt 0.00000000 1.00000000
vt 0.00000000 1.00000000
vt 0.00000000 1.00000000
vt 0.00000000 1.00000000
vt 0.00000000 1.00000000
vt 0.00000000 1.00000000
vt 0.00000000 1.00000000
vt 0.00000000 1.00000000
vt 0.00000000 1.00000000
vt 0.00000000 1.00000000
vt 0.00000000 1.00000000
vt 0.00000000 1.00000000
vt 0.00000000 1.00000000
vt 0.00000000 1.00000000
vt 0.00000000 1.00000000
vt 0.00000000 1.00000000
vt 0.00000000 1.00000000
vt 0.00000000 1.00000000
vt 0.00000000 1.00000000
vt 0.00000000 1.00000000
vt 0.00000000 1.00000000
vt 0.00000000 1.00000000
vt 0.00000000 1.00000000
vt 0.00000000 1.00000000
vt 0.00000000 1.00000000
vt 0.00000000 1.00000000
vt 0.00000000 1.00000000
vt 0.00000000 1.00000000
vt 0.00000000 1.00000000
vt 0.00000000 1.00000000
vt 0.00000000 1.00000000
vt 0.00000000 1.00000000
vt 0.00000000 1.00000000
vt 0.00000000 1.00000000
vt 0.00000000 1.00000000
vt 0.00000000 1.00000000
vt 0.00000000 1.00000000
vt 0.00000000 1.00000000
vt 0.00000000 1.00000000
vt 0.00000000 1.00000000
vt 0.00000000 1.00000000
vt 0.00000000 1.00000000
vt 0.00000000 1.00000000
vt 0.00000000 1.00000000
vt 0.00000000 1.00000000
vt 0.00000000 1.00000000
vt 0.00000000 1.00000000
vt 0.00000000 1.00000000
vt 0.00000000 1.00000000
vt 0.00000000 1.00000000
vt 0.00000000 1.00000000
vt 0.00000000 1.00000000
vt 0.00000000 1.00000000
vt 0.00000000 1.00000000
vt 0.00000000 1.00000000
vt 0.00000000 1.00000000
vt 0.00000000 1.00000000
vt 0.00000000 1.00000000
vt 0.00000000 1.00000000
vt 0.00000000 1.00000000
vt 0.00000000 1.00000000
vt 0.00000000 1.00000000
vt 0.00000000 1.00000000
vt 0.00000000 1.00000000
vt 0.00000000 1.00000000
vt 0.00000000 1.00000000
vt 0.00000000 1.00000000
vt 0.00000000 1.00000000
vt 0.00000000 1.00000000
vt 0.00000000 1.00000000
vt 0.00000000 1.00000000
vt 0.00000000 1.00000000
vt 0.00000000 1.00000000
vt 0.00000000 1.00000000
vt 0.00000000 1.00000000
vt 0.00000000 1.00000000
vt 0.00000000 1.00000000
vt 0.00000000 1.00000000
vt 0.00000000 1.00000000
vt 0.00000000 1.00000000
vt 0.00000000 1.00000000
vt 0.00000000 1.00000000
vt 0.00000000 1.00000000
vt 0.00000000 1.00000000
vt 0.00000000 1.00000000
vt 0.00000000 1.00000000
vt 0.00000000 1.00000000
vt 0.00000000 1.00000000
vt 0.00000000 1.00000000
vt 0.00000000 1.00000000
vt 0.00000000 1.00000000
vt 0.00000000 1.00000000
vt 0.00000000 1.00000000
vt 0.00000000 1.00000000
vt 0.00000000 1.00000000
vt 0.00000000 1.00000000
vt 0.00000000 1.00000000
vt 0.00000000 1.00000000
vt 0.00000000 1.00000000
vt 0.00000000 1.00000000
vt 0.00000000 1.00000000
vt 0.00000000 1.00000000
vt 0.00000000 1.00000000
vt 0.00000000 1.00000000
vt 0.00000000 1.00000000
vt 0.00000000 1.00000000
vt 0.00000000 1.00000000
vt 0.00000000 1.00000000
vt 0.00000000 1.00000000
vt 0.00000000 1.00000000
vt 0.00000000 1.00000000
vt 0.00000000 1.00000000
vt 0.00000000 1.00000000
vt 0.00000000 1.00000000
vt 0.00000000 1.00000000
vt 0.00000000 1.00000000
vt 0.00000000 1.00000000
vt 0.00000000 1.00000000
vt 0.00000000 1.00000000
vt 0.00000000 1.00000000
vt 0.00000000 1.00000000
vt 0.00000000 1.00000000
vt 0.00000000 1.00000000
vt 0.00000000 1.00000000
vt 0.00000000 1.00000000
vt 0.00000000 1.00000000
vt 0.00000000 1.00000000
vt 0.00000000 1.00000000
vt 0.00000000 1.00000000
vt 0.00000000 1.00000000
vt 0.00000000 1.00000000
vt 0.00000000 1.00000000
vt 0.00000000 1.00000000
vt 0.00000000 1.00000000
vt 0.00000000 1.00000000
vt 0.00000000 1.00000000
vt 0.00000000 1.00000000
vt 0.00000000 1.00000000
vt 0.00000000 1.00000000
vt 0.00000000 1.00000000
vt 0.00000000 1.00000000
vt 0.00000000 1.00000000
vt 0.00000000 1.00000000
vt 0.00000000 1.00000000
vt 0.00000000 1.00000000
vt 0.00000000 1.00000000
vt 0.00000000 1.00000000
vt 0.00000000 1.00000000
vt 0.00000000 1.00000000
vt 0.00000000 1.00000000
vt 0.00000000 1.00000000
vt 0.00000000 1.00000000
vt 0.00000000 1.00000000
vt 0.00000000 1.00000000
vt 0.00000000 1.00000000
vt 0.00000000 1.00000000
vt 0.00000000 1.00000000
vt 0.00000000 1.00000000
vt 0.00000000 1.00000000
vt 0.00000000 1.00000000
vt 0.00000000 1.00000000
vt 0.00000000 1.00000000
vt 0.00000000 1.00000000
vt 0.00000000 1.00000000
vt 0.00000000 1.00000000
vt 0.00000000 1.00000000
vt 0.00000000 1.00000000
vt 0.00000000 1.00000000
vt 0.00000000 1.00000000
vt 0.00000000 1.00000000
vt 0.00000000 1.00000000
vt 0.00000000 1.00000000
vt 0.00000000 1.00000000
vt 0.00000000 1.00000000
vt 0.00000000 1.00000000
vt 0.00000000 1.00000000
vt 0.00000000 1.00000000
vt 0.00000000 1.00000000
vt 0.00000000 1.00000000
vt 0.00000000 1.00000000
vt 0.00000000 1.00000000
vt 0.00000000 1.00000000
vt 0.00000000 1.00000000
vt 0.00000000 1.00000000
vt 0.00000000 1.00000000
vt 0.00000000 1.00000000
vt 0.00000000 1.00000000
vt 0.00000000 1.00000000
vt 0.00000000 1.00000000
vt 0.00000000 1.00000000
vt 0.00000000 1.00000000
vt 0.00000000 1.00000000
vt 0.00000000 1.00000000
vt 0.00000000 1.00000000
vt 0.00000000 1.00000000
vt 0.00000000 1.00000000
vt 0.00000000 1.00000000
vt 0.00000000 1.00000000
vt 0.00000000 1.00000000
vt 0.00000000 1.00000000
vt 0.00000000 1.00000000
vt 0.00000000 1.00000000
vt 0.00000000 1.00000000
vt 0.00000000 1.00000000
vt 0.00000000 1.00000000
vt 0.00000000 1.00000000
vt 0.00000000 1.00000000
vt 0.00000000 1.00000000
vt 0.00000000 1.00000000
vt 0.00000000 1.00000000
vt 0.00000000 1.00000000
vt 0.00000000 1.00000000
vt 0.00000000 1.00000000
vt 0.00000000 1.00000000
vt 0.00000000 1.00000000
vt 0.00000000 1.00000000
vt 0.00000000 1.00000000
vt 0.00000000 1.00000000
vt 0.00000000 1.00000000
vt 0.00000000 1.00000000
vt 0.00000000 1.00000000
vt 0.00000000 1.00000000
vt 0.00000000 1.00000000
vt 0.00000000 1.00000000
vt 0.00000000 1.00000000
vt 0.00000000 1.00000000
vt 0.00000000 1.00000000
vt 0.00000000 1.00000000
vt 0.00000000 1.00000000
vt 0.00000000 1.00000000
vt 0.00000000 1.00000000
vt 0.00000000 1.00000000
vt 0.00000000 1.00000000
vt 0.00000000 1.00000000
vt 0.00000000 1.00000000
vt 0.00000000 1.00000000
vt 0.00000000 1.00000000
vt 0.00000000 1.00000000
vt 0.00000000 1.00000000
vt 0.00000000 1.00000000
vt 0.00000000 1.00000000
vt 0.00000000 1.00000000
vt 0.00000000 1.00000000
vt 0.00000000 1.00000000
vt 0.00000000 1.00000000
vt 0.00000000 1.00000000
vt 0.00000000 1.00000000
vt 0.00000000 1.00000000
vt 0.00000000 1.00000000
vt 0.00000000 1.00000000
vt 0.00000000 1.00000000
vt 0.00000000 1.00000000
vt 0.00000000 1.00000000
vt 0.00000000 1.00000000
vt 0.00000000 1.00000000
vt 0.00000000 1.00000000
vt 0.00000000 1.00000000
vt 0.00000000 1.00000000
vt 0.00000000 1.00000000
vt 0.00000000 1.00000000
vt 0.00000000 1.00000000
vt 0.00000000 1.00000000
vt 0.00000000 1.00000000
vt 0.00000000 1.00000000
vt 0.00000000 1.00000000
vt 0.00000000 1.00000000
vt 0.00000000 1.00000000
vt 0.00000000 1.00000000
vt 0.00000000 1.00000000
vt 0.00000000 1.00000000
vt 0.00000000 1.00000000
vt 0.00000000 1.00000000
vt 0.00000000 1.00000000
vt 0.00000000 1.00000000
vt 0.00000000 1.00000000
vt 0.00000000 1.00000000
vt 0.00000000 1.00000000
vt 0.00000000 1.00000000
vt 0.00000000 1.00000000
vt 0.00000000 1.00000000
vt 0.00000000 1.00000000
vt 0.00000000 1.00000000
vt 0.00000000 1.00000000
vt 0.00000000 1.00000000
vt 0.00000000 1.00000000
vt 0.00000000 1.00000000
vt 0.00000000 1.00000000
vt 0.00000000 1.00000000
vt 0.00000000 1.00000000
vt 0.00000000 1.00000000
vt 0.00000000 1.00000000
vt 0.00000000 1.00000000
vt 0.00000000 1.00000000
vt 0.00000000 1.00000000
vt 0.00000000 1.00000000
vt 0.00000000 1.00000000
vt 0.00000000 1.00000000
vt 0.00000000 1.00000000
vt 0.00000000 1.00000000
vt 0.00000000 1.00000000
vt 0.00000000 1.00000000
vt 0.00000000 1.00000000
vt 0.00000000 1.00000000
vt 0.00000000 1.00000000
vt 0.00000000 1.00000000
vt 0.00000000 1.00000000
vt 0.00000000 1.00000000
vt 0.00000000 1.00000000
vt 0.00000000 1.00000000
vt 0.00000000 1.00000000
vt 0.00000000 1.00000000
vt 0.00000000 1.00000000
vt 0.00000000 1.00000000
vt 0.00000000 1.00000000
vt 0.00000000 1.00000000
vt 0.00000000 1.00000000
vt 0.00000000 1.00000000
vt 0.00000000 1.00000000
vt 0.00000000 1.00000000
vt 0.00000000 1.00000000
vt 0.00000000 1.00000000
vt 0.00000000 1.00000000
vt 0.00000000 1.00000000
vt 0.00000000 1.00000000
vt 0.00000000 1.00000000
vt 0.00000000 1.00000000
vt 0.00000000 1.00000000
vt 0.00000000 1.00000000
vt 0.00000000 1.00000000
vt 0.00000000 1.00000000
vt 0.00000000 1.00000000
vt 0.00000000 1.00000000
vt 0.00000000 1.00000000
vt 0.00000000 1.00000000
vt 0.00000000 1.00000000
vt 0.00000000 1.00000000
vt 0.00000000 1.00000000
vt 0.00000000 1.00000000
vt 0.00000000 1.00000000
vt 0.00000000 1.00000000
vt 0.00000000 1.00000000
vt 0.00000000 1.00000000
vt 0.00000000 1.00000000
vt 0.00000000 1.00000000
vt 0.00000000 1.00000000
vt 0.00000000 1.00000000
vt 0.00000000 1.00000000
vt 0.00000000 1.00000000
vt 0.00000000 1.00000000
vt 0.00000000 1.00000000
vt 0.00000000 1.00000000
vt 0.00000000 1.00000000
vt 0.00000000 1.00000000
vt 0.00000000 1.00000000
vt 0.00000000 1.00000000
vt 0.00000000 1.00000000
vt 0.00000000 1.00000000
vt 0.00000000 1.00000000
vt 0.00000000 1.00000000
vt 0.00000000 1.00000000
vt 0.00000000 1.00000000
vt 0.00000000 1.00000000
vt 0.00000000 1.00000000
vt 0.00000000 1.00000000
vt 0.00000000 1.00000000
vt 0.00000000 1.00000000
vt 0.00000000 1.00000000
vt 0.00000000 1.00000000
vt 0.00000000 1.00000000
vt 0.00000000 1.00000000
vt 0.00000000 1.00000000
vt 0.00000000 1.00000000
vt 0.00000000 1.00000000
vt 0.00000000 1.00000000
vt 0.00000000 1.00000000
vt 0.00000000 1.00000000
vt 0.00000000 1.00000000
vt 0.00000000 1.00000000
vt 0.00000000 1.00000000
vt 0.00000000 1.00000000
vt 0.00000000 1.00000000
vt 0.00000000 1.00000000
vt 0.00000000 1.00000000
vt 0.00000000 1.00000000
vt 0.00000000 1.00000000
vt 0.00000000 1.00000000
vt 0.00000000 1.00000000
vt 0.00000000 1.00000000
vt 0.00000000 1.00000000
vt 0.00000000 1.00000000
vt 0.00000000 1.00000000
vt 0.00000000 1.00000000
vt 0.00000000 1.00000000
vt 0.00000000 1.00000000
vt 0.00000000 1.00000000
vt 0.00000000 1.00000000
vt 0.00000000 1.00000000
vt 0.00000000 1.00000000
vt 0.00000000 1.00000000
vt 0.00000000 1.00000000
vt 0.00000000 1.00000000
vt 0.00000000 1.00000000
vt 0.00000000 1.00000000
vt 0.00000000 1.00000000
vt 0.00000000 1.00000000
vt 0.00000000 1.00000000
vt 0.00000000 1.00000000
vt 0.00000000 1.00000000
vt 0.00000000 1.00000000
vt 0.00000000 1.00000000
vt 0.00000000 1.00000000
vt 0.00000000 1.00000000
vt 0.00000000 1.00000000
vt 0.00000000 1.00000000
vt 0.00000000 1.00000000
vt 0.00000000 1.00000000
vt 0.00000000 1.00000000
vt 0.00000000 1.00000000
vt 0.00000000 1.00000000
vt 0.00000000 1.00000000
vt 0.00000000 1.00000000
vt 0.00000000 1.00000000
vt 0.00000000 1.00000000
vt 0.00000000 1.00000000
vt 0.00000000 1.00000000
vt 0.00000000 1.00000000
vt 0.00000000 1.00000000
vt 0.00000000 1.00000000
vt 0.00000000 1.00000000
vt 0.00000000 1.00000000
vt 0.00000000 1.00000000
vt 0.00000000 1.00000000
vt 0.00000000 1.00000000
vt 0.00000000 1.00000000
vt 0.00000000 1.00000000
vt 0.00000000 1.00000000
vt 0.00000000 1.00000000
vt 0.00000000 1.00000000
vt 0.00000000 1.00000000
vt 0.00000000 1.00000000
vt 0.00000000 1.00000000
vt 0.00000000 1.00000000
vt 0.00000000 1.00000000
vt 0.00000000 1.00000000
vt 0.00000000 1.00000000
vt 0.00000000 1.00000000
vt 0.00000000 1.00000000
vt 0.00000000 1.00000000
vt 0.00000000 1.00000000
vt 0.00000000 1.00000000
vt 0.00000000 1.00000000
vt 0.00000000 1.00000000
vt 0.00000000 1.00000000
vt 0.00000000 1.00000000
vt 0.00000000 1.00000000
vt 0.00000000 1.00000000
vt 0.00000000 1.00000000
vt 0.00000000 1.00000000
vt 0.00000000 1.00000000
vt 0.00000000 1.00000000
vt 0.00000000 1.00000000
vt 0.00000000 1.00000000
vt 0.00000000 1.00000000
vt 0.00000000 1.00000000
vt 0.00000000 1.00000000
vt 0.00000000 1.00000000
vt 0.00000000 1.00000000
vt 0.00000000 1.00000000
vt 0.00000000 1.00000000
vt 0.00000000 1.00000000
vt 0.00000000 1.00000000
vt 0.00000000 1.00000000
vt 0.00000000 1.00000000
vt 0.00000000 1.00000000
vt 0.00000000 1.00000000
vt 0.00000000 1.00000000
vt 0.00000000 1.00000000
vt 0.00000000 1.00000000
vt 0.00000000 1.00000000
vt 0.00000000 1.00000000
vt 0.00000000 1.00000000
vt 0.00000000 1.00000000
vt 0.00000000 1.00000000
vt 0.00000000 1.00000000
vt 0.00000000 1.00000000
vt 0.00000000 1.00000000
vt 0.00000000 1.00000000
vt 0.00000000 1.00000000
vt 0.00000000 1.00000000
vt 0.00000000 1.00000000
vt 0.00000000 1.00000000
vt 0.00000000 1.00000000
vt 0.00000000 1.00000000
vt 0.00000000 1.00000000
vt 0.00000000 1.00000000
vt 0.00000000 1.00000000
vt 0.00000000 1.00000000
vt 0.00000000 1.00000000
vt 0.00000000 1.00000000
vt 0.00000000 1.00000000
vt 0.00000000 1.00000000
vt 0.00000000 1.00000000
vt 0.00000000 1.00000000
vt 0.00000000 1.00000000
vt 0.00000000 1.00000000
vt 0.00000000 1.00000000
vt 0.00000000 1.00000000
vt 0.00000000 1.00000000
vt 0.00000000 1.00000000
vt 0.00000000 1.00000000
vt 0.00000000 1.00000000
vt 0.00000000 1.00000000
vt 0.00000000 1.00000000
vt 0.00000000 1.00000000
vt 0.00000000 1.00000000
vt 0.00000000 1.00000000
vt 0.00000000 1.00000000
vt 0.00000000 1.00000000
vt 0.00000000 1.00000000
vt 0.00000000 1.00000000
vt 0.00000000 1.00000000
vt 0.00000000 1.00000000
vt 0.00000000 1.00000000
vt 0.00000000 1.00000000
vt 0.00000000 1.00000000
vt 0.00000000 1.00000000
vt 0.00000000 1.00000000
vt 0.00000000 1.00000000
vt 0.00000000 1.00000000
vt 0.00000000 1.00000000
vt 0.00000000 1.00000000
vt 0.00000000 1.00000000
vt 0.00000000 1.00000000
vt 0.00000000 1.00000000
vt 0.00000000 1.00000000
vt 0.00000000 1.00000000
vt 0.00000000 1.00000000
vt 0.00000000 1.00000000
vt 0.00000000 1.00000000
vt 0.00000000 1.00000000
vt 0.00000000 1.00000000
vt 0.00000000 1.00000000
vt 0.00000000 1.00000000
vt 0.00000000 1.00000000
vt 0.00000000 1.00000000
vt 0.00000000 1.00000000
vt 0.00000000 1.00000000
vt 0.00000000 1.00000000
vt 0.00000000 1.00000000
vt 0.00000000 1.00000000
vt 0.00000000 1.00000000
vt 0.00000000 1.00000000
vt 0.00000000 1.00000000
vt 0.00000000 1.00000000
vt 0.00000000 1.00000000
vt 0.00000000 1.00000000
vt 0.00000000 1.00000000
vt 0.00000000 1.00000000
vt 0.00000000 1.00000000
vt 0.00000000 1.00000000
vt 0.00000000 1.00000000
vt 0.00000000 1.00000000
vt 0.00000000 1.00000000
vt 0.00000000 1.00000000
vt 0.00000000 1.00000000
vt 0.00000000 1.00000000
vt 0.00000000 1.00000000
vt 0.00000000 1.00000000
vt 0.00000000 1.00000000
vt 0.00000000 1.00000000
vt 0.00000000 1.00000000
vt 0.00000000 1.00000000
vt 0.00000000 1.00000000
vt 0.00000000 1.00000000
vt 0.00000000 1.00000000
vt 0.00000000 1.00000000
vt 0.00000000 1.00000000
vt 0.00000000 1.00000000
vt 0.00000000 1.00000000
vt 0.00000000 1.00000000
vt 0.00000000 1.00000000
vt 0.00000000 1.00000000
vt 0.00000000 1.00000000
vt 0.00000000 1.00000000
vt 0.00000000 1.00000000
vt 0.00000000 1.00000000
vt 0.00000000 1.00000000
vt 0.00000000 1.00000000
vt 0.00000000 1.00000000
vt 0.00000000 1.00000000
vt 0.00000000 1.00000000
vt 0.00000000 1.00000000
vt 0.00000000 1.00000000
vt 0.00000000 1.00000000
vt 0.00000000 1.00000000
vt 0.00000000 1.00000000
vt 0.00000000 1.00000000
vt 0.00000000 1.00000000
vt 0.00000000 1.00000000
vt 0.00000000 1.00000000
vt 0.00000000 1.00000000
vt 0.00000000 1.00000000
vt 0.00000000 1.00000000
vt 0.00000000 1.00000000
vt 0.00000000 1.00000000
vt 0.00000000 1.00000000
vt 0.00000000 1.00000000
vt 0.00000000 1.00000000
vt 0.00000000 1.00000000
vt 0.00000000 1.00000000
vt 0.00000000 1.00000000
vt 0.00000000 1.00000000
vt 0.00000000 1.00000000
vt 0.00000000 1.00000000
vt 0.00000000 1.00000000
vt 0.00000000 1.00000000
vt 0.00000000 1.00000000
vt 0.00000000 1.00000000
vt 0.00000000 1.00000000
vt 0.00000000 1.00000000
vt 0.00000000 1.00000000
vt 0.00000000 1.00000000
vt 0.00000000 1.00000000
vt 0.00000000 1.00000000
vt 0.00000000 1.00000000
vt 0.00000000 1.00000000
vt 0.00000000 1.00000000
vt 0.00000000 1.00000000
vt 0.00000000 1.00000000
vt 0.00000000 1.00000000
vt 0.00000000 1.00000000
vt 0.00000000 1.00000000
vt 0.00000000 1.00000000
vt 0.00000000 1.00000000
vt 0.00000000 1.00000000
vt 0.00000000 1.00000000
vt 0.00000000 1.00000000
vt 0.00000000 1.00000000
vt 0.00000000 1.00000000
vt 0.00000000 1.00000000
vt 0.00000000 1.00000000
vt 0.00000000 1.00000000
vt 0.00000000 1.00000000
vt 0.00000000 1.00000000
vt 0.00000000 1.00000000
vt 0.00000000 1.00000000
vt 0.00000000 1.00000000
vt 0.00000000 1.00000000
vt 0.00000000 1.00000000
vt 0.00000000 1.00000000
vt 0.00000000 1.00000000
vt 0.00000000 1.00000000
vt 0.00000000 1.00000000
vt 0.00000000 1.00000000
vt 0.00000000 1.00000000
vt 0.00000000 1.00000000
vt 0.00000000 1.00000000
vt 0.00000000 1.00000000
vt 0.00000000 1.00000000
vt 0.00000000 1.00000000
vt 0.00000000 1.00000000
vt 0.00000000 1.00000000
vt 0.00000000 1.00000000
vt 0.00000000 1.00000000
vt 0.00000000 1.00000000
vt 0.00000000 1.00000000
vt 0.00000000 1.00000000
vt 0.00000000 1.00000000
vt 0.00000000 1.00000000
vt 0.00000000 1.00000000
vt 0.00000000 1.00000000
vt 0.00000000 1.00000000
vt 0.00000000 1.00000000
vt 0.00000000 1.00000000
vt 0.00000000 1.00000000
vt 0.00000000 1.00000000
vt 0.00000000 1.00000000
vt 0.00000000 1.00000000
vt 0.00000000 1.00000000
vt 0.00000000 1.00000000
vt 0.00000000 1.00000000
vt 0.00000000 1.00000000
vt 0.00000000 1.00000000
vt 0.00000000 1.00000000
vt 0.00000000 1.00000000
vt 0.00000000 1.00000000
vt 0.00000000 1.00000000
vt 0.00000000 1.00000000
vt 0.00000000 1.00000000
vt 0.00000000 1.00000000
vt 0.00000000 1.00000000
vt 0.00000000 1.00000000
vt 0.00000000 1.00000000
vt 0.00000000 1.00000000
vt 0.00000000 1.00000000
vt 0.00000000 1.00000000
vt 0.00000000 1.00000000
vt 0.00000000 1.00000000
vt 0.00000000 1.00000000
vt 0.00000000 1.00000000
vt 0.00000000 1.00000000
vt 0.00000000 1.00000000
vt 0.00000000 1.00000000
vt 0.00000000 1.00000000
vt 0.00000000 1.00000000
vt 0.00000000 1.00000000
vt 0.00000000 1.00000000
vt 0.00000000 1.00000000
vt 0.00000000 1.00000000
vt 0.00000000 1.00000000
vt 0.00000000 1.00000000
vt 0.00000000 1.00000000
vt 0.00000000 1.00000000
vt 0.00000000 1.00000000
vt 0.00000000 1.00000000
vt 0.00000000 1.00000000
vt 0.00000000 1.00000000
vt 0.00000000 1.00000000
vt 0.00000000 1.00000000
vt 0.00000000 1.00000000
vt 0.00000000 1.00000000
vt 0.00000000 1.00000000
vt 0.00000000 1.00000000
vt 0.00000000 1.00000000
vt 0.00000000 1.00000000
vt 0.00000000 1.00000000
vt 0.00000000 1.00000000
vt 0.00000000 1.00000000
vt 0.00000000 1.00000000
vt 0.00000000 1.00000000
vt 0.00000000 1.00000000
vt 0.00000000 1.00000000
vt 0.00000000 1.00000000
vt 0.00000000 1.00000000
vt 0.00000000 1.00000000
vt 0.00000000 1.00000000
vt 0.00000000 1.00000000
vt 0.00000000 1.00000000
vt 0.00000000 1.00000000
vt 0.00000000 1.00000000
vt 0.00000000 1.00000000
vt 0.00000000 1.00000000
vt 0.00000000 1.00000000
vt 0.00000000 1.00000000
vt 0.00000000 1.00000000
vt 0.00000000 1.00000000
vt 0.00000000 1.00000000
vt 0.00000000 1.00000000
vt 0.00000000 1.00000000
vt 0.00000000 1.00000000
vt 0.00000000 1.00000000
vt 0.00000000 1.00000000
vt 0.00000000 1.00000000
vt 0.00000000 1.00000000
vt 0.00000000 1.00000000
vt 0.00000000 1.00000000
vt 0.00000000 1.00000000
vt 0.00000000 1.00000000
vt 0.00000000 1.00000000
vt 0.00000000 1.00000000
vt 0.00000000 1.00000000
vt 0.00000000 1.00000000
vt 0.00000000 1.00000000
vt 0.00000000 1.00000000
vt 0.00000000 1.00000000
vt 0.00000000 1.00000000
vt 0.00000000 1.00000000
vt 0.00000000 1.00000000
vt 0.00000000 1.00000000
vt 0.00000000 1.00000000
vt 0.00000000 1.00000000
vt 0.00000000 1.00000000
vt 0.00000000 1.00000000
vt 0.00000000 1.00000000
vt 0.00000000 1.00000000
vt 0.00000000 1.00000000
vt 0.00000000 1.00000000
vt 0.00000000 1.00000000
vt 0.00000000 1.00000000
vt 0.00000000 1.00000000
vt 0.00000000 1.00000000
vt 0.00000000 1.00000000
vt 0.00000000 1.00000000
vt 0.00000000 1.00000000
vt 0.00000000 1.00000000
vt 0.00000000 1.00000000
vt 0.00000000 1.00000000
vt 0.00000000 1.00000000
vt 0.00000000 1.00000000
vt 0.00000000 1.00000000
vt 0.00000000 1.00000000
vt 0.00000000 1.00000000
vt 0.00000000 1.00000000
vt 0.00000000 1.00000000
vt 0.00000000 1.00000000
vt 0.00000000 1.00000000
vt 0.00000000 1.00000000
vt 0.00000000 1.00000000
vt 0.00000000 1.00000000
vt 0.00000000 1.00000000
vt 0.00000000 1.00000000
vt 0.00000000 1.00000000
vt 0.00000000 1.00000000
vt 0.00000000 1.00000000
vt 0.00000000 1.00000000
vt 0.00000000 1.00000000
vt 0.00000000 1.00000000
vt 0.00000000 1.00000000
vt 0.00000000 1.00000000
vt 0.00000000 1.00000000
vt 0.00000000 1.00000000
vt 0.00000000 1.00000000
vt 0.00000000 1.00000000
vt 0.00000000 1.00000000
vt 0.00000000 1.00000000
vt 0.00000000 1.00000000
vt 0.00000000 1.00000000
vt 0.00000000 1.00000000
vt 0.00000000 1.00000000
vt 0.00000000 1.00000000
vt 0.00000000 1.00000000
vt 0.00000000 1.00000000
vt 0.00000000 1.00000000
vt 0.00000000 1.00000000
vt 0.00000000 1.00000000
vt 0.00000000 1.00000000
vt 0.00000000 1.00000000
vt 0.00000000 1.00000000
vt 0.00000000 1.00000000
vt 0.00000000 1.00000000
vt 0.00000000 1.00000000
vt 0.00000000 1.00000000
vt 0.00000000 1.00000000
vt 0.00000000 1.00000000
vt 0.00000000 1.00000000
vt 0.00000000 1.00000000
vt 0.00000000 1.00000000
vt 0.00000000 1.00000000
vt 0.00000000 1.00000000
vt 0.00000000 1.00000000
vt 0.00000000 1.00000000
vt 0.00000000 1.00000000
vt 0.00000000 1.00000000
vt 0.00000000 1.00000000
vt 0.00000000 1.00000000
vt 0.00000000 1.00000000
vt 0.00000000 1.00000000
vt 0.00000000 1.00000000
vt 0.00000000 1.00000000
vt 0.00000000 1.00000000
vt 0.00000000 1.00000000
vt 0.00000000 1.00000000
vt 0.00000000 1.00000000
vt 0.00000000 1.00000000
vt 0.00000000 1.00000000
vt 0.00000000 1.00000000
vt 0.00000000 1.00000000
vt 0.00000000 1.00000000
vt 0.00000000 1.00000000
vt 0.00000000 1.00000000
vt 0.00000000 1.00000000
vt 0.00000000 1.00000000
vt 0.00000000 1.00000000
vt 0.00000000 1.00000000
vt 0.00000000 1.00000000
vt 0.00000000 1.00000000
vt 0.00000000 1.00000000
vt 0.00000000 1.00000000
vt 0.00000000 1.00000000
vt 0.00000000 1.00000000
vt 0.00000000 1.00000000
vt 0.00000000 1.00000000
vt 0.00000000 1.00000000
vt 0.00000000 1.00000000
vt 0.00000000 1.00000000
vt 0.00000000 1.00000000
vt 0.00000000 1.00000000
vt 0.00000000 1.00000000
vt 0.00000000 1.00000000
vt 0.00000000 1.00000000
vt 0.00000000 1.00000000
vt 0.00000000 1.00000000
vt 0.00000000 1.00000000
vt 0.00000000 1.00000000
vt 0.00000000 1.00000000
vt 0.00000000 1.00000000
vt 0.00000000 1.00000000
vt 0.00000000 1.00000000
vt 0.00000000 1.00000000
vt 0.00000000 1.00000000
vt 0.00000000 1.00000000
vt 0.00000000 1.00000000
vt 0.00000000 1.00000000
vt 0.00000000 1.00000000
vt 0.00000000 1.00000000
vt 0.00000000 1.00000000
vt 0.00000000 1.00000000
vt 0.00000000 1.00000000
vt 0.00000000 1.00000000
vt 0.00000000 1.00000000
vt 0.00000000 1.00000000
vt 0.00000000 1.00000000
vt 0.00000000 1.00000000
vt 0.00000000 1.00000000
vt 0.00000000 1.00000000
vt 0.00000000 1.00000000
vt 0.00000000 1.00000000
vt 0.00000000 1.00000000
vt 0.00000000 1.00000000
vt 0.00000000 1.00000000
vt 0.00000000 1.00000000
vt 0.00000000 1.00000000
vt 0.00000000 1.00000000
vt 0.00000000 1.00000000
vt 0.00000000 1.00000000
vt 0.00000000 1.00000000
vt 0.00000000 1.00000000
vt 0.00000000 1.00000000
vt 0.00000000 1.00000000
vt 0.00000000 1.00000000
vt 0.00000000 1.00000000
vt 0.00000000 1.00000000
vt 0.00000000 1.00000000
vt 0.00000000 1.00000000
vt 0.00000000 1.00000000
vt 0.00000000 1.00000000
vt 0.00000000 1.00000000
vt 0.00000000 1.00000000
vt 0.00000000 1.00000000
vt 0.00000000 1.00000000
vt 0.00000000 1.00000000
vt 0.00000000 1.00000000
vt 0.00000000 1.00000000
vt 0.00000000 1.00000000
vt 0.00000000 1.00000000
vt 0.00000000 1.00000000
vt 0.00000000 1.00000000
vt 0.00000000 1.00000000
vt 0.00000000 1.00000000
vt 0.00000000 1.00000000
vt 0.00000000 1.00000000
vt 0.00000000 1.00000000
vt 0.00000000 1.00000000
vt 0.00000000 1.00000000
vt 0.00000000 1.00000000
vt 0.00000000 1.00000000
vt 0.00000000 1.00000000
vt 0.00000000 1.00000000
vt 0.00000000 1.00000000
vt 0.00000000 1.00000000
vt 0.00000000 1.00000000
vt 0.00000000 1.00000000
vt 0.00000000 1.00000000
vt 0.00000000 1.00000000
vt 0.00000000 1.00000000
vt 0.00000000 1.00000000
vt 0.00000000 1.00000000
vt 0.00000000 1.00000000
vt 0.00000000 1.00000000
vt 0.00000000 1.00000000
vt 0.00000000 1.00000000
vt 0.00000000 1.00000000
vt 0.00000000 1.00000000
vt 0.00000000 1.00000000
vt 0.00000000 1.00000000
vt 0.00000000 1.00000000
vt 0.00000000 1.00000000
vt 0.00000000 1.00000000
vt 0.00000000 1.00000000
vt 0.00000000 1.00000000
vt 0.00000000 1.00000000
vt 0.00000000 1.00000000
vt 0.00000000 1.00000000
vt 0.00000000 1.00000000
vt 0.00000000 1.00000000
vt 0.00000000 1.00000000
vt 0.00000000 1.00000000
vt 0.00000000 1.00000000
vt 0.00000000 1.00000000
vt 0.00000000 1.00000000
vt 0.00000000 1.00000000
vt 0.00000000 1.00000000
vt 0.00000000 1.00000000
vt 0.00000000 1.00000000
vt 0.00000000 1.00000000
vt 0.00000000 1.00000000
vt 0.00000000 1.00000000
vt 0.00000000 1.00000000
vt 0.00000000 1.00000000
vt 0.00000000 1.00000000
vt 0.00000000 1.00000000
vt 0.00000000 1.00000000
vt 0.00000000 1.00000000
vt 0.00000000 1.00000000
vt 0.00000000 1.00000000
vt 0.00000000 1.00000000
vt 0.00000000 1.00000000
vt 0.00000000 1.00000000
vt 0.00000000 1.00000000
vt 0.00000000 1.00000000
vt 0.00000000 1.00000000
vt 0.00000000 1.00000000
vt 0.00000000 1.00000000
vt 0.00000000 1.00000000
vt 0.00000000 1.00000000
vt 0.00000000 1.00000000
vt 0.00000000 1.00000000
vt 0.00000000 1.00000000
vt 0.00000000 1.00000000
vt 0.00000000 1.00000000
vt 0.00000000 1.00000000
vt 0.00000000 1.00000000
vt 0.00000000 1.00000000
vt 0.00000000 1.00000000
vt 0.00000000 1.00000000
vt 0.00000000 1.00000000
vt 0.00000000 1.00000000
vt 0.00000000 1.00000000
vt 0.00000000 1.00000000
vt 0.00000000 1.00000000
vt 0.00000000 1.00000000
vt 0.00000000 1.00000000
vt 0.00000000 1.00000000
vt 0.00000000 1.00000000
vt 0.00000000 1.00000000
vt 0.00000000 1.00000000
vt 0.00000000 1.00000000
vt 0.00000000 1.00000000
vt 0.00000000 1.00000000
vt 0.00000000 1.00000000
vt 0.00000000 1.00000000
vt 0.00000000 1.00000000
vt 0.00000000 1.00000000
vt 0.00000000 1.00000000
vt 0.00000000 1.00000000
vt 0.00000000 1.00000000
vt 0.00000000 1.00000000
vt 0.00000000 1.00000000
vt 0.00000000 1.00000000
vt 0.00000000 1.00000000
vt 0.00000000 1.00000000
vt 0.00000000 1.00000000
vt 0.00000000 1.00000000
vt 0.00000000 1.00000000
vt 0.00000000 1.00000000
vt 0.00000000 1.00000000
vt 0.00000000 1.00000000
vt 0.00000000 1.00000000
vt 0.00000000 1.00000000
vt 0.00000000 1.00000000
vt 0.00000000 1.00000000
vt 0.00000000 1.00000000
vt 0.00000000 1.00000000
vt 0.00000000 1.00000000
vt 0.00000000 1.00000000
vt 0.00000000 1.00000000
vt 0.00000000 1.00000000
vt 0.00000000 1.00000000
vt 0.00000000 1.00000000
vt 0.00000000 1.00000000
vt 0.00000000 1.00000000
vt 0.00000000 1.00000000
vt 0.00000000 1.00000000
vt 0.00000000 1.00000000
vt 0.00000000 1.00000000
vt 0.00000000 1.00000000
vt 0.00000000 1.00000000
vt 0.00000000 1.00000000
vt 0.00000000 1.00000000
vt 0.00000000 1.00000000
vt 0.00000000 1.00000000
vt 0.00000000 1.00000000
vt 0.00000000 1.00000000
vt 0.00000000 1.00000000
vt 0.00000000 1.00000000
vt 0.00000000 1.00000000
vt 0.00000000 1.00000000
vt 0.00000000 1.00000000
vt 0.00000000 1.00000000
vt 0.00000000 1.00000000
vt 0.00000000 1.00000000
vt 0.00000000 1.00000000
vt 0.00000000 1.00000000
vt 0.00000000 1.00000000
vt 0.00000000 1.00000000
vt 0.00000000 1.00000000
vt 0.00000000 1.00000000
vt 0.00000000 1.00000000
vt 0.00000000 1.00000000
vt 0.00000000 1.00000000
vt 0.00000000 1.00000000
vt 0.00000000 1.00000000
vt 0.00000000 1.00000000
vt 0.00000000 1.00000000
vt 0.00000000 1.00000000
vt 0.00000000 1.00000000
vt 0.00000000 1.00000000
vt 0.00000000 1.00000000
vt 0.00000000 1.00000000
vt 0.00000000 1.00000000
vt 0.00000000 1.00000000
vt 0.00000000 1.00000000
vt 0.00000000 1.00000000
vt 0.00000000 1.00000000
vt 0.00000000 1.00000000
vt 0.00000000 1.00000000
vt 0.00000000 1.00000000
vt 0.00000000 1.00000000
vt 0.00000000 1.00000000
vt 0.00000000 1.00000000
vt 0.00000000 1.00000000
vt 0.00000000 1.00000000
vt 0.00000000 1.00000000
vt 0.00000000 1.00000000
vt 0.00000000 1.00000000
vt 0.00000000 1.00000000
vt 0.00000000 1.00000000
vt 0.00000000 1.00000000
vt 0.00000000 1.00000000
vt 0.00000000 1.00000000
vt 0.00000000 1.00000000
vt 0.00000000 1.00000000
vt 0.00000000 1.00000000
vt 0.00000000 1.00000000
vt 0.00000000 1.00000000
vt 0.00000000 1.00000000
vt 0.00000000 1.00000000
vt 0.00000000 1.00000000
vt 0.00000000 1.00000000
vt 0.00000000 1.00000000
vt 0.00000000 1.00000000
vt 0.00000000 1.00000000
vt 0.00000000 1.00000000
vt 0.00000000 1.00000000
vt 0.00000000 1.00000000
vt 0.00000000 1.00000000
vt 0.00000000 1.00000000
vt 0.00000000 1.00000000
vt 0.00000000 1.00000000
vt 0.00000000 1.00000000
vt 0.00000000 1.00000000
vt 0.00000000 1.00000000
vt 0.00000000 1.00000000
vt 0.00000000 1.00000000
vt 0.00000000 1.00000000
vt 0.00000000 1.00000000
vt 0.00000000 1.00000000
vt 0.00000000 1.00000000
vt 0.00000000 1.00000000
vt 0.00000000 1.00000000
vt 0.00000000 1.00000000
vt 0.00000000 1.00000000
vt 0.00000000 1.00000000
vt 0.00000000 1.00000000
vt 0.00000000 1.00000000
vt 0.00000000 1.00000000
vt 0.00000000 1.00000000
vt 0.00000000 1.00000000
vt 0.00000000 1.00000000
vt 0.00000000 1.00000000
vt 0.00000000 1.00000000
vt 0.00000000 1.00000000
vt 0.00000000 1.00000000
vt 0.00000000 1.00000000
vt 0.00000000 1.00000000
vt 0.00000000 1.00000000
vt 0.00000000 1.00000000
vt 0.00000000 1.00000000
vt 0.00000000 1.00000000
vt 0.00000000 1.00000000
vt 0.00000000 1.00000000
vt 0.00000000 1.00000000
vt 0.00000000 1.00000000
vt 0.00000000 1.00000000
vt 0.00000000 1.00000000
vt 0.00000000 1.00000000
vt 0.00000000 1.00000000
vt 0.00000000 1.00000000
vt 0.00000000 1.00000000
vt 0.00000000 1.00000000
vt 0.00000000 1.00000000
vt 0.00000000 1.00000000
vt 0.00000000 1.00000000
vt 0.00000000 1.00000000
vt 0.00000000 1.00000000
vt 0.00000000 1.00000000
vt 0.00000000 1.00000000
vt 0.00000000 1.00000000
vt 0.00000000 1.00000000
vt 0.00000000 1.00000000
vt 0.00000000 1.00000000
vt 0.00000000 1.00000000
vt 0.00000000 1.00000000
vt 0.00000000 1.00000000
vt 0.00000000 1.00000000
vt 0.00000000 1.00000000
vt 0.00000000 1.00000000
vt 0.00000000 1.00000000
vt 0.00000000 1.00000000
vt 0.00000000 1.00000000
vt 0.00000000 1.00000000
vt 0.00000000 1.00000000
vt 0.00000000 1.00000000
vt 0.00000000 1.00000000
vt 0.00000000 1.00000000
vt 0.00000000 1.00000000
vt 0.00000000 1.00000000
vt 0.00000000 1.00000000
vt 0.00000000 1.00000000
vt 0.00000000 1.00000000
vt 0.00000000 1.00000000
vt 0.00000000 1.00000000
vt 0.00000000 1.00000000
vt 0.00000000 1.00000000
vt 0.00000000 1.00000000
vt 0.00000000 1.00000000
vt 0.00000000 1.00000000
vt 0.00000000 1.00000000
vt 0.00000000 1.00000000
vt 0.00000000 1.00000000
vt 0.00000000 1.00000000
vt 0.00000000 1.00000000
vt 0.00000000 1.00000000
vt 0.00000000 1.00000000
vt 0.00000000 1.00000000
vt 0.00000000 1.00000000
vt 0.00000000 1.00000000
vt 0.00000000 1.00000000
vt 0.00000000 1.00000000
vt 0.00000000 1.00000000
vt 0.00000000 1.00000000
vt 0.00000000 1.00000000
vt 0.00000000 1.00000000
vt 0.00000000 1.00000000
vt 0.00000000 1.00000000
vt 0.00000000 1.00000000
vt 0.00000000 1.00000000
vt 0.00000000 1.00000000
vt 0.00000000 1.00000000
vt 0.00000000 1.00000000
vt 0.00000000 1.00000000
vt 0.00000000 1.00000000
vt 0.00000000 1.00000000
vt 0.00000000 1.00000000
vt 0.00000000 1.00000000
vt 0.00000000 1.00000000
vt 0.00000000 1.00000000
vt 0.00000000 1.00000000
vt 0.00000000 1.00000000
vt 0.00000000 1.00000000
vt 0.00000000 1.00000000
vt 0.00000000 1.00000000
vt 0.00000000 1.00000000
vt 0.00000000 1.00000000
vt 0.00000000 1.00000000
vt 0.00000000 1.00000000
vt 0.00000000 1.00000000
vt 0.00000000 1.00000000
vt 0.00000000 1.00000000
vt 0.00000000 1.00000000
vt 0.00000000 1.00000000
vt 0.00000000 1.00000000
vt 0.00000000 1.00000000
vt 0.00000000 1.00000000
vt 0.00000000 1.00000000
vt 0.00000000 1.00000000
vt 0.00000000 1.00000000
vt 0.00000000 1.00000000
vt 0.00000000 1.00000000
vt 0.00000000 1.00000000
vt 0.00000000 1.00000000
vt 0.00000000 1.00000000
vt 0.00000000 1.00000000
vt 0.00000000 1.00000000
vt 0.00000000 1.00000000
vt 0.00000000 1.00000000
vt 0.00000000 1.00000000
vt 0.00000000 1.00000000
vt 0.00000000 1.00000000
vt 0.00000000 1.00000000
vt 0.00000000 1.00000000
vt 0.00000000 1.00000000
vt 0.00000000 1.00000000
vt 0.00000000 1.00000000
vt 0.00000000 1.00000000
vt 0.00000000 1.00000000
vt 0.00000000 1.00000000
vt 0.00000000 1.00000000
vt 0.00000000 1.00000000
vt 0.00000000 1.00000000
vt 0.00000000 1.00000000
vt 0.00000000 1.00000000
vt 0.00000000 1.00000000
vt 0.00000000 1.00000000
vt 0.00000000 1.00000000
vt 0.00000000 1.00000000
vt 0.00000000 1.00000000
vt 0.00000000 1.00000000
vt 0.00000000 1.00000000
vt 0.00000000 1.00000000
vt 0.00000000 1.00000000
vt 0.00000000 1.00000000
vt 0.00000000 1.00000000
vt 0.00000000 1.00000000
vt 0.00000000 1.00000000
vt 0.00000000 1.00000000
vt 0.00000000 1.00000000
vt 0.00000000 1.00000000
vt 0.00000000 1.00000000
vt 0.00000000 1.00000000
vt 0.00000000 1.00000000
vt 0.00000000 1.00000000
vt 0.00000000 1.00000000
vt 0.00000000 1.00000000
vt 0.00000000 1.00000000
vt 0.00000000 1.00000000
vt 0.00000000 1.00000000
vt 0.00000000 1.00000000
vt 0.00000000 1.00000000
vt 0.00000000 1.00000000
vt 0.00000000 1.00000000
vt 0.00000000 1.00000000
vt 0.00000000 1.00000000
vt 0.00000000 1.00000000
vt 0.00000000 1.00000000
vt 0.00000000 1.00000000
vt 0.00000000 1.00000000
vt 0.00000000 1.00000000
vt 0.00000000 1.00000000
vt 0.00000000 1.00000000
vt 0.00000000 1.00000000
vt 0.00000000 1.00000000
vt 0.00000000 1.00000000
vt 0.00000000 1.00000000
vt 0.00000000 1.00000000
vt 0.00000000 1.00000000
vt 0.00000000 1.00000000
vt 0.00000000 1.00000000
vt 0.00000000 1.00000000
vt 0.00000000 1.00000000
vt 0.00000000 1.00000000
vt 0.00000000 1.00000000
vt 0.00000000 1.00000000
vt 0.00000000 1.00000000
vt 0.00000000 1.00000000
vt 0.00000000 1.00000000
vt 0.00000000 1.00000000
vt 0.00000000 1.00000000
vt 0.00000000 1.00000000
vt 0.00000000 1.00000000
vt 0.00000000 1.00000000
vt 0.00000000 1.00000000
vt 0.00000000 1.00000000
vt 0.00000000 1.00000000
vt 0.00000000 1.00000000
vt 0.00000000 1.00000000
vt 0.00000000 1.00000000
vt 0.00000000 1.00000000
vt 0.00000000 1.00000000
vt 0.00000000 1.00000000
vt 0.00000000 1.00000000
vt 0.00000000 1.00000000
vt 0.00000000 1.00000000
vt 0.00000000 1.00000000
vt 0.00000000 1.00000000
vt 0.00000000 1.00000000
vt 0.00000000 1.00000000
vt 0.00000000 1.00000000
vt 0.00000000 1.00000000
vt 0.00000000 1.00000000
vt 0.00000000 1.00000000
vt 0.00000000 1.00000000
vt 0.00000000 1.00000000
vt 0.00000000 1.00000000
vt 0.00000000 1.00000000
vt 0.00000000 1.00000000
vt 0.00000000 1.00000000
vt 0.00000000 1.00000000
vt 0.00000000 1.00000000
vt 0.00000000 1.00000000
vt 0.00000000 1.00000000
vt 0.00000000 1.00000000
vt 0.00000000 1.00000000
vt 0.00000000 1.00000000
vt 0.00000000 1.00000000
vt 0.00000000 1.00000000
vt 0.00000000 1.00000000
vt 0.00000000 1.00000000
vt 0.00000000 1.00000000
vt 0.00000000 1.00000000
vt 0.00000000 1.00000000
vt 0.00000000 1.00000000
vt 0.00000000 1.00000000
vt 0.00000000 1.00000000
vt 0.00000000 1.00000000
vt 0.00000000 1.00000000
vt 0.00000000 1.00000000
vt 0.00000000 1.00000000
vt 0.00000000 1.00000000
vt 0.00000000 1.00000000
vt 0.00000000 1.00000000
vt 0.00000000 1.00000000
vt 0.00000000 1.00000000
vt 0.00000000 1.00000000
vt 0.00000000 1.00000000
vt 0.00000000 1.00000000
vt 0.00000000 1.00000000
vt 0.00000000 1.00000000
vt 0.00000000 1.00000000
vt 0.00000000 1.00000000
vt 0.00000000 1.00000000
vt 0.00000000 1.00000000
vt 0.00000000 1.00000000
vt 0.00000000 1.00000000
vt 0.00000000 1.00000000
vt 0.00000000 1.00000000
vt 0.00000000 1.00000000
vt 0.00000000 1.00000000
vt 0.00000000 1.00000000
vt 0.00000000 1.00000000
vt 0.00000000 1.00000000
vt 0.00000000 1.00000000
vt 0.00000000 1.00000000
vt 0.00000000 1.00000000
vt 0.00000000 1.00000000
vt 0.00000000 1.00000000
vt 0.00000000 1.00000000
vt 0.00000000 1.00000000
vt 0.00000000 1.00000000
vt 0.00000000 1.00000000
vt 0.00000000 1.00000000
vt 0.00000000 1.00000000
vt 0.00000000 1.00000000
vt 0.00000000 1.00000000
vt 0.00000000 1.00000000
vt 0.00000000 1.00000000
vt 0.00000000 1.00000000
vt 0.00000000 1.00000000
vt 0.00000000 1.00000000
vt 0.00000000 1.00000000
vt 0.00000000 1.00000000
vt 0.00000000 1.00000000
vt 0.00000000 1.00000000
vt 0.00000000 1.00000000
vt 0.00000000 1.00000000
vt 0.00000000 1.00000000
vt 0.00000000 1.00000000
vt 0.00000000 1.00000000
vt 0.00000000 1.00000000
vt 0.00000000 1.00000000
vt 0.00000000 1.00000000
vt 0.00000000 1.00000000
vt 0.00000000 1.00000000
vt 0.00000000 1.00000000
vt 0.00000000 1.00000000
vt 0.00000000 1.00000000
vt 0.00000000 1.00000000
vt 0.00000000 1.00000000
vt 0.00000000 1.00000000
vt 0.00000000 1.00000000
vt 0.00000000 1.00000000
vt 0.00000000 1.00000000
vt 0.00000000 1.00000000
vt 0.00000000 1.00000000
vt 0.00000000 1.00000000
vt 0.00000000 1.00000000
vt 0.00000000 1.00000000
vt 0.00000000 1.00000000
vt 0.00000000 1.00000000
vt 0.00000000 1.00000000
vt 0.00000000 1.00000000
vt 0.00000000 1.00000000
vt 0.00000000 1.00000000
vt 0.00000000 1.00000000
vt 0.00000000 1.00000000
vt 0.00000000 1.00000000
vt 0.00000000 1.00000000
vt 0.00000000 1.00000000
vt 0.00000000 1.00000000
vt 0.00000000 1.00000000
vt 0.00000000 1.00000000
vt 0.00000000 1.00000000
vt 0.00000000 1.00000000
vt 0.00000000 1.00000000
vt 0.00000000 1.00000000
vt 0.00000000 1.00000000
vt 0.00000000 1.00000000
vt 0.00000000 1.00000000
vt 0.00000000 1.00000000
vt 0.00000000 1.00000000
vt 0.00000000 1.00000000
vt 0.00000000 1.00000000
vt 0.00000000 1.00000000
vt 0.00000000 1.00000000
vt 0.00000000 1.00000000
vt 0.00000000 1.00000000
vt 0.00000000 1.00000000
vt 0.00000000 1.00000000
vt 0.00000000 1.00000000
vt 0.00000000 1.00000000
vt 0.00000000 1.00000000
vt 0.00000000 1.00000000
vt 0.00000000 1.00000000
vt 0.00000000 1.00000000
vt 0.00000000 1.00000000
vt 0.00000000 1.00000000
vt 0.00000000 1.00000000
vt 0.00000000 1.00000000
vt 0.00000000 1.00000000
vt 0.00000000 1.00000000
vt 0.00000000 1.00000000
vt 0.00000000 1.00000000
vt 0.00000000 1.00000000
vt 0.00000000 1.00000000
vt 0.00000000 1.00000000
vt 0.00000000 1.00000000
vt 0.00000000 1.00000000
vt 0.00000000 1.00000000
vt 0.00000000 1.00000000
vt 0.00000000 1.00000000
vt 0.00000000 1.00000000
vt 0.00000000 1.00000000
vt 0.00000000 1.00000000
vt 0.00000000 1.00000000
vt 0.00000000 1.00000000
vt 0.00000000 1.00000000
vt 0.00000000 1.00000000
vt 0.00000000 1.00000000
vt 0.00000000 1.00000000
vt 0.00000000 1.00000000
vt 0.00000000 1.00000000
vt 0.00000000 1.00000000
vt 0.00000000 1.00000000
vt 0.00000000 1.00000000
vt 0.00000000 1.00000000
vt 0.00000000 1.00000000
vt 0.00000000 1.00000000
vt 0.00000000 1.00000000
vt 0.00000000 1.00000000
vt 0.00000000 1.00000000
vt 0.00000000 1.00000000
vt 0.00000000 1.00000000
vt 0.00000000 1.00000000
vt 0.00000000 1.00000000
vt 0.00000000 1.00000000
vt 0.00000000 1.00000000
vt 0.00000000 1.00000000
vt 0.00000000 1.00000000
vt 0.00000000 1.00000000
vt 0.00000000 1.00000000
vt 0.00000000 1.00000000
vt 0.00000000 1.00000000
vt 0.00000000 1.00000000
vt 0.00000000 1.00000000
vt 0.00000000 1.00000000
vt 0.00000000 1.00000000
vt 0.00000000 1.00000000
vt 0.00000000 1.00000000
vt 0.00000000 1.00000000
vt 0.00000000 1.00000000
vt 0.00000000 1.00000000
vt 0.00000000 1.00000000
vt 0.00000000 1.00000000
vt 0.00000000 1.00000000
vt 0.00000000 1.00000000
vt 0.00000000 1.00000000
vt 0.00000000 1.00000000
vt 0.00000000 1.00000000
vt 0.00000000 1.00000000
vt 0.00000000 1.00000000
vt 0.00000000 1.00000000
vt 0.00000000 1.00000000
vt 0.00000000 1.00000000
vt 0.00000000 1.00000000
vt 0.00000000 1.00000000
vt 0.00000000 1.00000000
vt 0.00000000 1.00000000
vt 0.00000000 1.00000000
vt 0.00000000 1.00000000
vt 0.00000000 1.00000000
vt 0.00000000 1.00000000
vt 0.00000000 1.00000000
vt 0.00000000 1.00000000
vt 0.00000000 1.00000000
vt 0.00000000 1.00000000
vt 0.00000000 1.00000000
vt 0.00000000 1.00000000
vt 0.00000000 1.00000000
vt 0.00000000 1.00000000
vt 0.00000000 1.00000000
vt 0.00000000 1.00000000
vt 0.00000000 1.00000000
vt 0.00000000 1.00000000
vt 0.00000000 1.00000000
vt 0.00000000 1.00000000
vt 0.00000000 1.00000000
vt 0.19694506 0.04595262
vt 0.18939394 0.05116719
vt 0.18068618 0.04309148
vt 0.17225432 0.05090952
vt 0.17934932 0.05826795
vt 0.18502520 0.06624556
vt 0.19554329 0.06068277
vt 0.18956172 0.07504272
vt 0.20104700 0.07095796
vt 0.20506564 0.08140981
vt 0.19338752 0.08414954
vt 0.20788018 0.09222692
vt 0.19551495 0.09368581
vt 0.19615826 0.10339326
vt 0.20822138 0.10333931
vt 0.19503707 0.11308432
vt 0.20729527 0.11437207
vt 0.20488393 0.12557828
vt 0.19314307 0.12263805
vt 0.20163365 0.13620132
vt 0.18991391 0.13166648
vt 0.18513690 0.14042234
vt 0.19550157 0.14602757
vt 0.17874926 0.14845556
vt 0.18853225 0.15526956
vt 0.18044268 0.16373122
vt 0.17201488 0.15585005
vt 0.17173156 0.17135787
vt 0.16388372 0.16226906
vt 0.15485092 0.16765690
vt 0.16099916 0.17717302
vt 0.14512798 0.17176187
vt 0.14985724 0.18189925
vt 0.13809258 0.18578947
vt 0.13527726 0.17496973
vt 0.12634951 0.18808287
vt 0.12473876 0.17689472
vt 0.11400632 0.17747682
vt 0.11385362 0.18864536
vt 0.10308222 0.17671388
vt 0.10187563 0.18755323
vt 0.08927244 0.18562406
vt 0.09273881 0.17474759
vt 0.07774614 0.18243152
vt 0.08254474 0.17208046
vt 0.07308301 0.16750687
vt 0.06667151 0.17713755
vt 0.06398675 0.16197747
vt 0.05667242 0.17057699
vt 0.04710345 0.16351283
vt 0.05603182 0.15563267
vt 0.03889066 0.15537608
vt 0.04872013 0.14852929
vt 0.04298151 0.14010257
vt 0.03224742 0.14591831
vt 0.03822939 0.13155824
vt 0.02723821 0.13558638
vt 0.02272456 0.12519443
vt 0.03489753 0.12239474
vt 0.02040436 0.11431533
vt 0.03277192 0.11285949
vt 0.03212968 0.10314882
vt 0.01956829 0.10326499
vt 0.03275472 0.09351879
vt 0.02099005 0.09217441
vt 0.02290746 0.08102489
vt 0.03492877 0.08416015
vt 0.02665099 0.07034302
vt 0.03809285 0.07468277
vt 0.04314819 0.06612307
vt 0.03228805 0.06057566
vt 0.04904304 0.05814540
vt 0.03953797 0.05152762
vt 0.04734684 0.04286981
vt 0.05627020 0.05069530
vt 0.05655306 0.03518647
vt 0.06412122 0.04407912
vt 0.07322032 0.03914022
vt 0.06679153 0.02942801
vt 0.08266148 0.03484249
vt 0.07842743 0.02464622
vt 0.08969702 0.02081376
vt 0.09300831 0.03157240
vt 0.10193624 0.01845926
vt 0.10354568 0.02964962
vt 0.11427814 0.02906752
vt 0.11393589 0.01795572
vt 0.12470829 0.02988714
vt 0.12641020 0.01899105
vt 0.13851714 0.02097917
vt 0.13526732 0.03160059
vt 0.15053970 0.02411276
vt 0.14552653 0.03471780
vt 0.15520273 0.03903955
vt 0.16111811 0.02946568
vt 0.16380316 0.04462361
vt 0.17133275 0.03577226
vt 0.07140989 0.05277818
vt 0.07902377 0.04801387
vt 0.08732657 0.04453135
vt 0.09597276 0.04169297
vt 0.10481291 0.04019743
vt 0.11406015 0.03978974
vt 0.12343632 0.04027802
vt 0.13223317 0.04197389
vt 0.14115755 0.04456043
vt 0.14922212 0.04816389
vt 0.15692037 0.05271667
vt 0.16375627 0.05828333
vt 0.16995016 0.06460840
vt 0.17500220 0.07175213
vt 0.17906520 0.07900929
vt 0.18198882 0.08708602
vt 0.18364272 0.09508216
vt 0.18430780 0.10319716
vt 0.18376832 0.11168045
vt 0.18189541 0.11963850
vt 0.17903359 0.12771422
vt 0.17483710 0.13526237
vt 0.16980349 0.14222848
vt 0.16365080 0.14841533
vt 0.15687650 0.15376383
vt 0.14898138 0.15833426
vt 0.14095925 0.16201186
vt 0.13203362 0.16465628
vt 0.12297792 0.16640574
vt 0.11400892 0.16700751
vt 0.10484838 0.16626740
vt 0.09583713 0.16482437
vt 0.08712822 0.16198170
vt 0.07878486 0.15818530
vt 0.07108657 0.15363139
vt 0.06424947 0.14806479
vt 0.05833513 0.14193594
vt 0.05306870 0.13504612
vt 0.04922008 0.12753505
vt 0.04608209 0.11971223
vt 0.04414742 0.11151886
vt 0.04369921 0.10315311
vt 0.04451814 0.09486377
vt 0.04611154 0.08670956
vt 0.04925286 0.07883006
vt 0.05323376 0.07153475
vt 0.05826738 0.06456864
vt 0.06441890 0.05838299
vt 0.20524274 0.15079618
vt 0.20918143 0.14145714
vt 0.17906490 0.17686552
vt 0.18824947 0.17077786
vt 0.19747725 0.16149658
vt 0.14099331 0.19546092
vt 0.15424317 0.19139624
vt 0.16652457 0.18585253
vt 0.17542970 0.17957085
vt 0.12983203 0.19654876
vt 0.02276364 0.05555409
vt 0.01861047 0.06514382
vt 0.04872699 0.02973551
vt 0.03975691 0.03557235
vt 0.03059296 0.04530054
vt 0.01693029 0.06921166
vt 0.01046932 0.11343896
vt 0.00877193 0.10339803
vt 0.00972149 0.09077054
vt 0.01221946 0.07841444
vt 0.07411098 0.19036984
vt 0.12735786 0.19683874
vt 0.03133958 0.16059172
vt 0.21727981 0.09111935
vt 0.05079160 0.02835554
vt 0.15417486 0.01617444
vt 0.21040648 0.13949305
vt 0.01051149 0.11548167
vt 0.10043289 0.00976336
vt 0.15178862 0.01531768
vt 0.14140180 0.01130766
vt 0.12796026 0.00879538
vt 0.11400323 0.00793654
vt 0.10290578 0.00947124
vt 0.01225107 0.12756521
vt 0.01674310 0.13955390
vt 0.02265458 0.15091813
vt 0.02981448 0.15872133
vt 0.01104880 0.11746758
vt 0.09845379 0.00999558
vt 0.08707692 0.01133633
vt 0.07404380 0.01514697
vt 0.06126733 0.02074844
vt 0.05264052 0.02722633
vt 0.21929824 0.10339803
vt 0.21781529 0.09310538
vt 0.21557191 0.12818766
vt 0.21113877 0.13758552
vt 0.21856374 0.11577374
vt 0.21575466 0.07878292
vt 0.21154338 0.06699139
vt 0.20513742 0.05568498
vt 0.19819182 0.04762685
vt 0.21723764 0.08907676
vt 0.08639017 0.19529551
vt 0.10032432 0.19774789
vt 0.11400313 0.19841272
vt 0.12537889 0.19707417
vt 0.07621650 0.19103044
vt 0.18875404 0.03622341
vt 0.17821774 0.02767909
vt 0.16666971 0.02084821
vt 0.15606843 0.01708996
vt 0.19520207 0.04433733
vt 0.06140051 0.18594897
vt 0.07172355 0.18951321
vt 0.03931741 0.17057484
vt 0.03258744 0.16226375
vt 0.04978862 0.17867011
vt 0.05404143 0.11035413
vt 0.16218449 0.07007527
vt 0.16997887 0.12422901
vt 0.13730551 0.05275232
vt 0.15083310 0.14673847
vt 0.58782995 0.60568988
vt 0.58782995 0.73986685
vt 0.60527444 0.60568988
vt 0.57024169 0.73986685
vt 0.58782935 0.47053123
vt 0.60527396 0.47053123
vt 0.57024109 0.47053123
vt 0.62275928 0.47053117
vt 0.62275982 0.60568982
vt 0.64006859 0.47053105
vt 0.64006913 0.60568982
vt 0.64006883 0.35631698
vt 0.65773702 0.47053105
vt 0.60527462 0.73986685
vt 0.58783060 0.85211736
vt 0.60527408 0.85211730
vt 0.60527474 0.92084217
vt 0.64006901 0.73986685
vt 0.57024163 0.60568988
vt 0.57024151 0.35631704
vt 0.65773761 0.60568982
vt 0.65773749 0.73986685
vt 0.67510372 0.60568976
vt 0.67510349 0.73986685
vt 0.65773749 0.85211724
vt 0.67510444 0.85211724
vt 0.69281286 0.85211724
vt 0.64006871 0.85211730
vt 0.67510301 0.47053105
vt 0.69281268 0.47053105
vt 0.69281292 0.60568976
vt 0.55265176 0.60568988
vt 0.55265284 0.73986685
vt 0.55265111 0.47053123
vt 0.55265152 0.35631704
vt 0.53520799 0.47053134
vt 0.53520733 0.35631704
vt 0.53520709 0.28399247
vt 0.62275976 0.73986685
vt 0.65773779 0.35631686
vt 0.67510384 0.35631686
vt 0.53520763 0.60569000
vt 0.51772380 0.47053123
vt 0.51772422 0.60568988
vt 0.50041330 0.47053134
vt 0.50041366 0.35631716
vt 0.48274633 0.47053134
vt 0.50041401 0.60569000
vt 0.51772535 0.73986697
vt 0.48274702 0.60569000
vt 0.53520858 0.73986697
vt 0.48274663 0.35631722
vt 0.58783013 0.92084217
vt 0.50041378 0.73986697
vt 0.48274672 0.73986709
vt 0.51772398 0.35631722
vt 0.65773779 0.92084205
vt 0.60527563 0.95684075
vt 0.69281316 0.73986685
vt 0.64006931 0.92084205
vt 0.65773869 0.95684069
vt 0.64007026 0.95684075
vt 0.62275934 0.85211730
vt 0.64006937 0.97156739
vt 0.65773779 0.97156739
vt 0.64007014 0.97582185
vt 0.65773851 0.97582185
vt 0.62276006 0.97156751
vt 0.62275970 0.35631704
vt 0.60527426 0.35631704
vt 0.60527426 0.28399247
vt 0.48274556 0.28399259
vt 0.50041348 0.28399247
vt 0.57024229 0.85211730
vt 0.69281220 0.35631698
vt 0.67510372 0.92084205
vt 0.69281292 0.92084199
vt 0.55265141 0.28399247
vt 0.57024133 0.28399241
vt 0.55265051 0.24406660
vt 0.58782965 0.28399223
vt 0.58782870 0.24406648
vt 0.60527325 0.24406636
vt 0.58782893 0.22573984
vt 0.57024062 0.22573990
vt 0.60527343 0.22573972
vt 0.62275875 0.22573954
vt 0.58782887 0.21919459
vt 0.60527343 0.21919459
vt 0.60527289 0.21428573
vt 0.57024044 0.24406648
vt 0.62275863 0.24406636
vt 0.57024175 0.92084223
vt 0.55265301 0.92084229
vt 0.55265278 0.95684099
vt 0.57024276 0.95684093
vt 0.53520858 0.95684099
vt 0.55265301 0.97156775
vt 0.53520888 0.97156775
vt 0.53520882 0.92084235
vt 0.51772541 0.92084235
vt 0.51772511 0.95684099
vt 0.50041431 0.92084223
vt 0.50041467 0.95684099
vt 0.50041407 0.97156769
vt 0.48274770 0.95684099
vt 0.48274729 0.92084223
vt 0.58783108 0.95684093
vt 0.48274601 0.24406660
vt 0.50041300 0.24406660
vt 0.51772350 0.24406654
vt 0.50041342 0.22573996
vt 0.48274633 0.22573984
vt 0.62276059 0.97582197
vt 0.60527486 0.97156751
vt 0.57024062 0.21919483
vt 0.58782947 0.21428573
vt 0.57024115 0.21428591
vt 0.62276071 0.95684075
vt 0.51772553 0.97156781
vt 0.55265260 0.97582209
vt 0.53520840 0.97582215
vt 0.53520823 0.98040384
vt 0.51772362 0.22573996
vt 0.67510378 0.28399247
vt 0.69281262 0.28399247
vt 0.67510343 0.24406660
vt 0.69281262 0.24406660
vt 0.69281167 0.22574002
vt 0.67510331 0.22574008
vt 0.69281220 0.21919489
vt 0.65773731 0.22574013
vt 0.65773737 0.21919489
vt 0.64006901 0.21919489
vt 0.65773708 0.21428609
vt 0.67510402 0.21428585
vt 0.65773708 0.24406672
vt 0.64006841 0.21428603
vt 0.64006859 0.22574008
vt 0.62275881 0.21919435
vt 0.58783048 0.97156769
vt 0.50041312 0.21919471
vt 0.57024318 0.97156775
vt 0.58782971 0.35631698
vt 0.50041449 0.97582203
vt 0.55265248 0.98040384
vt 0.53539312 0.98499221
vt 0.51772547 0.98050076
vt 0.55255443 0.98500377
vt 0.55255049 0.98938918
vt 0.53539103 0.98937798
vt 0.51791394 0.98982400
vt 0.56991071 0.98981804
vt 0.57013559 0.98548692
vt 0.58769447 0.98637199
vt 0.58724576 0.99074054
vt 0.67510378 0.21919483
vt 0.62275827 0.28399247
vt 0.51791483 0.98526365
vt 0.55265260 0.85211754
vt 0.53520840 0.85211754
vt 0.62276071 0.98040366
vt 0.64007002 0.98040354
vt 0.48274714 0.97156769
vt 0.51772505 0.85211766
vt 0.60527539 0.97582197
vt 0.62276000 0.92084217
vt 0.55265111 0.21428585
vt 0.55265057 0.21919483
vt 0.53520679 0.21428591
vt 0.53520626 0.21919483
vt 0.53520620 0.22574008
vt 0.51772386 0.28399277
vt 0.60478747 0.98769522
vt 0.60433859 0.99206346
vt 0.58806968 0.98178309
vt 0.51772308 0.21919477
vt 0.62264544 0.98499376
vt 0.64027750 0.98500055
vt 0.65754658 0.98519009
vt 0.64022887 0.98942536
vt 0.48274595 0.21919471
vt 0.48274586 0.21428573
vt 0.50041378 0.21428591
vt 0.51771826 0.97584152
vt 0.64006788 0.28399229
vt 0.50041455 0.85211772
vt 0.48274666 0.85211772
vt 0.67510486 0.97156757
vt 0.58783072 0.97582185
vt 0.48274747 0.97582197
vt 0.48274758 0.98040372
vt 0.65773809 0.98046011
vt 0.67510474 0.95684069
vt 0.69281310 0.95684057
vt 0.62275857 0.21428573
vt 0.67510474 0.97582203
vt 0.65773767 0.28399223
vt 0.60531759 0.98108768
vt 0.69281369 0.97156733
vt 0.57037991 0.98074460
vt 0.64006817 0.24406660
vt 0.53520632 0.24406672
vt 0.69281423 0.97582209
vt 0.55265069 0.22574008
vt 0.51772368 0.21428591
vt 0.62232691 0.99162811
vt 0.65763617 0.98956352
vt 0.57036763 0.97592533
vt 0.67517579 0.98042274
vt 0.69282484 0.98038840
vt 0.67518401 0.98532945
vt 0.69298244 0.98502451
vt 0.69281942 0.98939562
vt 0.67519808 0.98979574
vt 0.50008643 0.98055387
vt 0.48282385 0.98493725
vt 0.49982187 0.98515987
vt 0.49987867 0.99001008
vt 0.48245615 0.98930830
vt 0.88134253 0.10394657
vt 0.86483157 0.11216718
vt 0.89000529 0.12055272
vt 0.89477485 0.11817718
vt 0.87265950 0.08730161
vt 0.85614848 0.09552222
vt 0.81578946 0.11561960
vt 0.90350878 0.13492066
vt 0.89991164 0.11561960
vt 0.89124942 0.09901291
vt 0.33850014 0.08731967
vt 0.28947368 0.09295952
vt 0.34101439 0.10317463
vt 0.42982456 0.09295952
vt 0.33598012 0.07142860
vt 0.95614034 0.41010273
vt 0.92421597 0.40476191
vt 0.92105263 0.41010273
vt 0.95297301 0.41544288
vt 0.95049125 0.42063493
vt 0.98370969 0.84920669
vt 0.97368526 0.84920633
vt 0.98370874 0.86507934
vt 0.99122804 0.84920633
vt 0.97368419 0.86507905
vt 0.41228071 0.18254060
vt 0.35964966 0.18253970
vt 0.41228038 0.19841272
vt 0.35964912 0.19841272
vt 0.95614034 0.83333337
vt 0.92105263 0.83333337
vt 0.93544936 0.84920633
vt 0.94174343 0.81746030
vt 0.95614034 0.86507934
vt 0.92105263 0.86507934
vt 0.93530834 0.87853456
vt 0.94959623 0.89201999
vt 0.94215631 0.89682537
vt 0.98973888 0.88095236
vt 0.97368419 0.88888884
vt 0.99122804 0.88888884
vt 0.97517341 0.89682537
vt 0.95614034 0.44444448
vt 0.92105263 0.44444448
vt 0.92429250 0.45238096
vt 0.95290047 0.43650794
vt 0.13146004 0.60627890
vt 0.11377791 0.60627890
vt 0.11377798 0.74065781
vt 0.09639494 0.74065781
vt 0.09639489 0.60627878
vt 0.09639541 0.47091675
vt 0.07901001 0.60627890
vt 0.11377727 0.47091675
vt 0.13145936 0.47091675
vt 0.07901002 0.74065787
vt 0.06132723 0.60627884
vt 0.06132725 0.74065781
vt 0.14899184 0.47091675
vt 0.14899254 0.60627890
vt 0.09639504 0.35653079
vt 0.14899132 0.74065793
vt 0.11377798 0.35653079
vt 0.13146004 0.35653085
vt 0.13145998 0.74065787
vt 0.07900910 0.85307729
vt 0.04379443 0.74065781
vt 0.04379440 0.60627884
vt 0.02621943 0.74065781
vt 0.02621944 0.60627878
vt 0.02621969 0.47091663
vt 0.04379399 0.85307729
vt 0.16656640 0.74065799
vt 0.16656660 0.85307747
vt 0.18394959 0.74065793
vt 0.18394879 0.85307747
vt 0.20170760 0.74065804
vt 0.20170780 0.60627902
vt 0.20170680 0.85307747
vt 0.21912457 0.74065804
vt 0.21912436 0.60627902
vt 0.21912484 0.47091693
vt 0.23684211 0.47091693
vt 0.23684105 0.35653096
vt 0.21912454 0.35653090
vt 0.21912470 0.28409731
vt 0.23684186 0.74065810
vt 0.23684092 0.85307759
vt 0.20170787 0.47091693
vt 0.18394893 0.47091693
vt 0.20170712 0.35653096
vt 0.18394922 0.35653102
vt 0.16656704 0.35653096
vt 0.18394978 0.60627902
vt 0.18394853 0.92190570
vt 0.04379471 0.47091663
vt 0.06132754 0.47091663
vt 0.04379405 0.35653073
vt 0.06132793 0.35653067
vt 0.07900959 0.35653073
vt 0.00883668 0.60627878
vt 0.00883602 0.47091675
vt 0.00883612 0.74065781
vt 0.16656737 0.60627902
vt 0.16656609 0.92190576
vt 0.14899254 0.35653085
vt 0.18394893 0.28409743
vt 0.07901040 0.47091663
vt 0.23684162 0.60627913
vt 0.20170762 0.92190576
vt 0.23684122 0.28409731
vt 0.21912424 0.24411142
vt 0.23684192 0.24411142
vt 0.23684163 0.22575736
vt 0.21912438 0.22575724
vt 0.16656676 0.28409731
vt 0.18394876 0.24411154
vt 0.16656628 0.24411142
vt 0.14899141 0.24411154
vt 0.20170768 0.24411154
vt 0.06132747 0.28409708
vt 0.07901023 0.28409702
vt 0.04379489 0.28409708
vt 0.14899120 0.92190576
vt 0.14899170 0.95795870
vt 0.13145921 0.95795870
vt 0.13145871 0.92190576
vt 0.11377659 0.92190582
vt 0.14899120 0.97270757
vt 0.16656628 0.97270751
vt 0.11377712 0.95795876
vt 0.13145870 0.97270763
vt 0.09639356 0.92190588
vt 0.09639413 0.95795876
vt 0.09639490 0.97270769
vt 0.11377784 0.97270763
vt 0.07900928 0.95795882
vt 0.02621935 0.85307729
vt 0.00883655 0.85307717
vt 0.00883554 0.92190552
vt 0.06132657 0.85307729
vt 0.13145992 0.28409731
vt 0.18394870 0.95795870
vt 0.16656655 0.95795864
vt 0.07900982 0.92190599
vt 0.21912424 0.85307747
vt 0.14899208 0.28409719
vt 0.16656625 0.22575736
vt 0.14899139 0.22575736
vt 0.16656724 0.21920210
vt 0.14899236 0.21920216
vt 0.13146000 0.22575754
vt 0.14899170 0.21428597
vt 0.18394972 0.22575742
vt 0.06132708 0.24411130
vt 0.04379502 0.92190552
vt 0.13145921 0.21428597
vt 0.11377735 0.97696835
vt 0.07901004 0.97270769
vt 0.16656658 0.21428603
vt 0.09639381 0.85307759
vt 0.06132765 0.95795888
vt 0.06132730 0.97270781
vt 0.07900959 0.97696853
vt 0.04379497 0.97270787
vt 0.04379479 0.97696865
vt 0.02621920 0.97696841
vt 0.04379455 0.98155713
vt 0.06132689 0.98155755
vt 0.04379552 0.95795894
vt 0.02621898 0.98155695
vt 0.04379428 0.24411142
vt 0.04379413 0.22575724
vt 0.06132692 0.22575706
vt 0.07900967 0.22575718
vt 0.23684150 0.21920216
vt 0.21912456 0.21920216
vt 0.21912444 0.21428591
vt 0.23684172 0.21428603
vt 0.02621840 0.92190552
vt 0.06117458 0.98616332
vt 0.07900859 0.98173308
vt 0.07885627 0.98633885
vt 0.14899194 0.97696835
vt 0.02621918 0.22575736
vt 0.02621908 0.21920216
vt 0.00883547 0.22575736
vt 0.00883607 0.24411154
vt 0.02621936 0.24411154
vt 0.00883576 0.21920222
vt 0.00883588 0.21428603
vt 0.02621957 0.21428603
vt 0.04379422 0.21428579
vt 0.16656695 0.47091699
vt 0.07900982 0.24411124
vt 0.09639453 0.22575718
vt 0.09639473 0.24411130
vt 0.11377771 0.24411118
vt 0.11377753 0.22575718
vt 0.09639511 0.28409708
vt 0.14899163 0.85307741
vt 0.20170774 0.22575736
vt 0.02621923 0.28409725
vt 0.13145912 0.85307735
vt 0.00883620 0.98155683
vt 0.00883642 0.97696835
vt 0.00890290 0.98615462
vt 0.13145940 0.97696835
vt 0.13145986 0.21920228
vt 0.02628603 0.98615468
vt 0.09639439 0.21920198
vt 0.00883651 0.28409743
vt 0.04358531 0.98619813
vt 0.20170718 0.21920234
vt 0.02621939 0.97270775
vt 0.07900949 0.21920198
vt 0.06132688 0.21920186
vt 0.06132727 0.21428573
vt 0.00883619 0.95795864
vt 0.11377697 0.85307741
vt 0.06132686 0.97696877
vt 0.07901003 0.21428579
vt 0.09639495 0.21428591
vt 0.11377757 0.28409719
vt 0.13145941 0.98155689
vt 0.14899190 0.98155689
vt 0.11377738 0.98155689
vt 0.13158236 0.98616320
vt 0.18394914 0.21428603
vt 0.04379405 0.21920198
vt 0.20170780 0.21428597
vt 0.09639440 0.97696841
vt 0.11377693 0.21428591
vt 0.20170689 0.28409743
vt 0.07861365 0.99067593
vt 0.09598427 0.99124193
vt 0.09626571 0.98680717
vt 0.06140645 0.99052089
vt 0.16656682 0.97696835
vt 0.16656698 0.98155683
vt 0.02621907 0.95795882
vt 0.21912427 0.92190599
vt 0.23684162 0.92190599
vt 0.21912427 0.95795912
vt 0.23684090 0.95795912
vt 0.23684192 0.97270811
vt 0.21912456 0.97270811
vt 0.20170659 0.95795900
vt 0.09640422 0.98195648
vt 0.23684108 0.97696900
vt 0.21912371 0.97696900
vt 0.21912473 0.98155755
vt 0.23684137 0.98155755
vt 0.21918836 0.98615539
vt 0.20177326 0.98628610
vt 0.21895380 0.99051267
vt 0.23633362 0.99082172
vt 0.20187755 0.99063748
vt 0.18446846 0.99113107
vt 0.18402524 0.98678565
vt 0.16711751 0.99206346
vt 0.16667630 0.98771781
vt 0.23657195 0.98631173
vt 0.20170753 0.98162287
vt 0.06132720 0.92190516
vt 0.02621967 0.35653043
vt 0.00883690 0.35653043
vt 0.11377754 0.21920198
vt 0.13145906 0.24411154
vt 0.18394841 0.97270745
vt 0.18394896 0.97696817
vt 0.20170720 0.97270775
vt 0.18394919 0.21920228
vt 0.00883635 0.97270733
vt 0.20169988 0.97698861
vt 0.14928213 0.98712373
vt 0.02621218 0.99052215
vt 0.00877193 0.99052966
vt 0.04386662 0.99070144
vt 0.18386734 0.98179400
vt 0.14884223 0.99165541
vt 0.13109593 0.99060702
vt 0.11349895 0.99002486
vt 0.11392320 0.98661995
vt 0.99122804 0.91269839
vt 0.97368419 0.91269839
vt 0.97368491 0.92857140
vt 0.95235944 0.93310648
vt 0.93163753 0.94444442
vt 0.95614034 0.94444442
vt 0.92105263 0.91269839
vt 0.42982456 0.14981818
vt 0.42318878 0.13443428
vt 0.34670940 0.16520476
vt 0.41655198 0.11904764
vt 0.34007251 0.14981818
vt 0.21929824 0.19841272
vt 0.99122804 0.94444442
vt 0.97368419 0.94444442
vt 0.97373891 0.96031743
vt 0.95614034 0.47619051
vt 0.95536047 0.46825397
vt 0.93913209 0.48012519
vt 0.93835223 0.47218871
vt 0.92183250 0.48412699
vt 0.92105263 0.47619051
vt 0.83333331 0.05569041
vt 0.74561405 0.05569041
vt 0.83333313 0.07142860
vt 0.74561417 0.03968257
vt 0.97534251 0.97619045
vt 0.97368419 0.99206346
vt 0.99122804 0.99206346
vt 0.90350878 0.04761910
vt 0.87280816 0.02380955
vt 0.86185652 0.03569931
vt 0.89255732 0.05950880
vt 0.85087717 0.04761910
vt 0.88157809 0.07142860
vt 0.75706381 0.18696076
vt 0.75477153 0.16887730
vt 0.67543858 0.19841272
vt 0.88596493 0.16887730
vt 0.88367265 0.15079367
vt 0.95614034 0.51048046
vt 0.93909299 0.50539255
vt 0.93820918 0.51587301
vt 0.92193645 0.50000000
vt 0.92105263 0.51048052
vt 0.95614034 0.97619051
vt 0.93819982 0.96031743
vt 0.92105263 0.97619051
vt 0.93899316 0.99206346
vt 0.95328313 0.53174603
vt 0.92105263 0.53968251
vt 0.95614034 0.53968251
vt 0.92390984 0.54761904
vt 0.02631579 0.00793654
vt 0.00877193 0.00793654
vt 0.00877218 0.02380955
vt 0.92065543 0.16666669
vt 0.90350878 0.18253952
vt 0.92145044 0.19841272
vt 0.93859649 0.18253946
vt 0.37748522 0.60674173
vt 0.37748471 0.74127901
vt 0.35985732 0.60674173
vt 0.39485639 0.60674179
vt 0.35985678 0.74127895
vt 0.37748551 0.47122025
vt 0.35985759 0.47122025
vt 0.34218585 0.60674167
vt 0.39485663 0.74127895
vt 0.41233897 0.60674179
vt 0.39485669 0.47122025
vt 0.41234004 0.47122025
vt 0.34218580 0.74127889
vt 0.34218615 0.47122020
vt 0.39485678 0.35669953
vt 0.41234010 0.35669953
vt 0.41233987 0.28418070
vt 0.32466489 0.74127889
vt 0.32466528 0.47122020
vt 0.32466459 0.85383081
vt 0.34218523 0.85383087
vt 0.35985693 0.85383087
vt 0.41233918 0.74127901
vt 0.42986169 0.74127901
vt 0.42986196 0.60674179
vt 0.42986125 0.85383087
vt 0.41233879 0.85383087
vt 0.41233870 0.92274022
vt 0.42986163 0.92274022
vt 0.44753239 0.74127907
vt 0.44753271 0.60674179
vt 0.44753212 0.47122031
vt 0.30742553 0.85383081
vt 0.32466495 0.60674167
vt 0.32466531 0.35669953
vt 0.34218594 0.35669953
vt 0.30742663 0.35669959
vt 0.44753185 0.85383081
vt 0.44753227 0.92274016
vt 0.46490341 0.92274010
vt 0.30742621 0.74127901
vt 0.30742684 0.60674167
vt 0.28971937 0.60674155
vt 0.39485654 0.28418070
vt 0.41234004 0.24414766
vt 0.41233900 0.95883548
vt 0.46490288 0.74127907
vt 0.32466435 0.92274010
vt 0.28971875 0.74127889
vt 0.27231368 0.60674155
vt 0.27231306 0.74127889
vt 0.28971881 0.85383075
vt 0.27231309 0.85383070
vt 0.25456741 0.85383070
vt 0.28971910 0.47122008
vt 0.27231339 0.47122008
vt 0.25456896 0.47122008
vt 0.27231306 0.92274004
vt 0.25456801 0.60674149
vt 0.39485651 0.92274016
vt 0.42986190 0.47122025
vt 0.46490318 0.60674185
vt 0.46490332 0.47122025
vt 0.34218580 0.28418070
vt 0.42986131 0.28418070
vt 0.37748507 0.85383093
vt 0.25456813 0.74127889
vt 0.39485678 0.95883548
vt 0.37748510 0.92274022
vt 0.37748536 0.95883560
vt 0.37748548 0.97360188
vt 0.35985756 0.35669947
vt 0.42986146 0.95883554
vt 0.44753227 0.95883548
vt 0.44753268 0.97360170
vt 0.42986190 0.24414766
vt 0.44753200 0.28418052
vt 0.44753206 0.24414766
vt 0.44753274 0.22577178
vt 0.42986158 0.22577190
vt 0.41234013 0.22577190
vt 0.42986143 0.21920896
vt 0.30742663 0.47122020
vt 0.30742568 0.92274016
vt 0.32466447 0.95883548
vt 0.30742583 0.95883554
vt 0.30742601 0.97360176
vt 0.32466468 0.97360176
vt 0.34218538 0.95883548
vt 0.39485615 0.24414766
vt 0.39485651 0.85383087
vt 0.28971890 0.35669941
vt 0.27231386 0.35669941
vt 0.27231398 0.28418034
vt 0.25456825 0.35669941
vt 0.25456870 0.28418052
vt 0.27231386 0.24414736
vt 0.25456896 0.24414736
vt 0.25456816 0.92274004
vt 0.27231342 0.95883548
vt 0.35985750 0.95883566
vt 0.35985699 0.97360194
vt 0.39485681 0.22577196
vt 0.37748545 0.22577178
vt 0.37748539 0.21920884
vt 0.37748498 0.24414766
vt 0.35985708 0.24414754
vt 0.28971899 0.28418034
vt 0.28971955 0.24414736
vt 0.30742645 0.28418052
vt 0.30742705 0.24414754
vt 0.32466513 0.24414754
vt 0.30742696 0.22577178
vt 0.42986158 0.35669953
vt 0.25456771 0.95883548
vt 0.25456810 0.97360182
vt 0.32466561 0.22577184
vt 0.30742696 0.21920884
vt 0.32466561 0.21920896
vt 0.32466525 0.21428692
vt 0.34218609 0.21428692
vt 0.30742657 0.21428692
vt 0.28971964 0.21428657
vt 0.28971946 0.21920860
vt 0.27231458 0.21428621
vt 0.34218624 0.22577196
vt 0.27231374 0.21920806
vt 0.46490306 0.85383087
vt 0.39485678 0.97360176
vt 0.25456885 0.21920770
vt 0.25456893 0.21428573
vt 0.42986134 0.97360176
vt 0.44753233 0.97786754
vt 0.46490318 0.97360152
vt 0.46490285 0.97786736
vt 0.37748504 0.28418058
vt 0.46490392 0.98246127
vt 0.44753271 0.98246151
vt 0.46477020 0.98709178
vt 0.46490324 0.24414748
vt 0.46490318 0.28418058
vt 0.46490338 0.95883536
vt 0.28971997 0.22577173
vt 0.27231303 0.97360170
vt 0.28971875 0.97360170
vt 0.28971902 0.97786754
vt 0.30742595 0.97786725
vt 0.35985723 0.28418058
vt 0.44746232 0.98706454
vt 0.46490401 0.22577173
vt 0.32466489 0.28418058
vt 0.25456944 0.22577155
vt 0.42986161 0.97786760
vt 0.41234004 0.21920902
vt 0.41233960 0.21428704
vt 0.34218559 0.97360176
vt 0.32466474 0.97786760
vt 0.28971884 0.98246145
vt 0.30742690 0.98246115
vt 0.28978422 0.98706454
vt 0.30715784 0.98706818
vt 0.32471895 0.98721331
vt 0.34218535 0.97786754
vt 0.35985693 0.97786778
vt 0.34218565 0.98246145
vt 0.35985720 0.98246169
vt 0.32466510 0.98251075
vt 0.28971836 0.95883554
vt 0.42986098 0.21428704
vt 0.39485675 0.21920902
vt 0.43011421 0.98718941
vt 0.27237910 0.98719448
vt 0.30706254 0.99143517
vt 0.44753242 0.35669947
vt 0.46490362 0.35669947
vt 0.34218621 0.21920902
vt 0.42986217 0.98250157
vt 0.35985750 0.22577173
vt 0.27229020 0.98251259
vt 0.44753215 0.21920896
vt 0.44753215 0.21428692
vt 0.46490338 0.21428722
vt 0.34218523 0.92274022
vt 0.41233936 0.97360188
vt 0.41233912 0.97786772
vt 0.46490338 0.21920902
vt 0.44745791 0.99150109
vt 0.37748525 0.97786778
vt 0.39485642 0.21428710
vt 0.37748519 0.21428692
vt 0.35985726 0.21428692
vt 0.25456762 0.97786766
vt 0.34218565 0.24414772
vt 0.37748536 0.35669953
vt 0.28971881 0.92273998
vt 0.39485657 0.97786772
vt 0.39485714 0.98246163
vt 0.35985678 0.92274046
vt 0.35985780 0.21920896
vt 0.27231410 0.22577137
vt 0.37748557 0.98246193
vt 0.39488259 0.98707473
vt 0.37725508 0.98706108
vt 0.37757427 0.99144995
vt 0.39472082 0.99147016
vt 0.35984430 0.98727375
vt 0.27230796 0.97788006
vt 0.32444617 0.99168336
vt 0.28959984 0.99143362
vt 0.27248421 0.99156380
vt 0.25503725 0.99206346
vt 0.25459161 0.98770052
vt 0.46491230 0.99147826
vt 0.43013790 0.99157709
vt 0.35984275 0.99164701
vt 0.41230139 0.98247194
vt 0.25438598 0.98300487
vt 0.41239554 0.98737544
vt 0.41216657 0.99178630
vt 0.34227681 0.98749071
vt 0.34220141 0.99194449
vt 0.72807020 0.07131225
vt 0.64035088 0.07131225
vt 0.64035094 0.08730161
vt 0.64035094 0.05555558
vt 0.72807020 0.05555558
vt 0.70549035 0.02319187
vt 0.70044971 0.02446759
vt 0.71052629 0.03968257
vt 0.69540173 0.00793654
vt 0.67795360 0.01235360
vt 0.68300176 0.02888525
vt 0.64035088 0.03968257
vt 0.92431808 0.56349206
vt 0.92105263 0.57936507
vt 0.95614034 0.57936507
vt 0.95614034 0.59941536
vt 0.94944751 0.59523809
vt 0.93979257 0.61111110
vt 0.92105263 0.59941536
vt 0.52986139 0.17661363
vt 0.44878560 0.18282235
vt 0.45016515 0.19841272
vt 0.44736841 0.16680801
vt 0.52844435 0.16059881
vt 0.65647769 0.15079367
vt 0.65789473 0.16680801
vt 0.95764697 0.02380955
vt 0.95614034 0.03968257
vt 0.97368419 0.03968257
vt 0.93750739 0.62698412
vt 0.92105263 0.63929909
vt 0.95138711 0.64285713
vt 0.95614034 0.63929909
vt 0.92642879 0.65873015
vt 0.92105263 0.67460316
vt 0.95614034 0.67460316
vt 0.92395008 0.69047618
vt 0.92105263 0.69841588
vt 0.95614034 0.69841594
vt 0.95328969 0.70634919
vt 0.79836857 0.60599124
vt 0.78102016 0.74027157
vt 0.79836988 0.74027145
vt 0.78101891 0.60599130
vt 0.81582731 0.60599113
vt 0.81582856 0.74027145
vt 0.76341456 0.60599136
vt 0.76341587 0.74027169
vt 0.79837054 0.85260838
vt 0.81582922 0.85260838
vt 0.83332747 0.74027127
vt 0.83332592 0.60599101
vt 0.85097498 0.74027115
vt 0.78101802 0.47072852
vt 0.76341373 0.47072858
vt 0.78101695 0.35642654
vt 0.76341283 0.35642666
vt 0.76341224 0.28404617
vt 0.74576497 0.47072864
vt 0.78101653 0.28404599
vt 0.85097343 0.60599083
vt 0.86832362 0.60599083
vt 0.79836613 0.28404599
vt 0.79836661 0.35642648
vt 0.81582487 0.28404599
vt 0.81582516 0.35642648
vt 0.83332407 0.35642642
vt 0.81582546 0.47072840
vt 0.83332378 0.28404605
vt 0.86832464 0.74027109
vt 0.88604581 0.60599071
vt 0.86832249 0.47072804
vt 0.88604534 0.47072798
vt 0.90342802 0.47072774
vt 0.90342969 0.60599065
vt 0.90343040 0.74027085
vt 0.90342724 0.35642582
vt 0.88604343 0.35642588
vt 0.78102076 0.85260850
vt 0.79836643 0.24408954
vt 0.78101671 0.24408954
vt 0.74576306 0.28404617
vt 0.88604307 0.28404540
vt 0.74576569 0.60599148
vt 0.74576712 0.74027181
vt 0.72826988 0.74027193
vt 0.72826844 0.60599154
vt 0.72826767 0.47072881
vt 0.71105039 0.47072887
vt 0.71104854 0.35642689
vt 0.72827035 0.85260880
vt 0.71105117 0.60599172
vt 0.81582958 0.92138600
vt 0.72826594 0.35642678
vt 0.71105254 0.85260892
vt 0.72827041 0.92138648
vt 0.74576819 0.92138636
vt 0.85097164 0.35642642
vt 0.88604695 0.74027097
vt 0.86832052 0.35642606
vt 0.74576336 0.24408990
vt 0.78101653 0.22574890
vt 0.79836613 0.22574890
vt 0.78101641 0.21919841
vt 0.74576753 0.95741284
vt 0.76341689 0.92138636
vt 0.72827029 0.95741296
vt 0.72827131 0.97215098
vt 0.71105397 0.97215104
vt 0.85097528 0.85260808
vt 0.90342569 0.28404540
vt 0.74576366 0.35642672
vt 0.85097128 0.28404599
vt 0.83332354 0.24408954
vt 0.85097146 0.24408931
vt 0.85097122 0.22574872
vt 0.83332330 0.22574884
vt 0.74576753 0.85260868
vt 0.83332443 0.47072846
vt 0.76341677 0.85260862
vt 0.71105373 0.92138648
vt 0.76341230 0.24408966
vt 0.71105254 0.74027205
vt 0.79836607 0.21919841
vt 0.81582487 0.22574884
vt 0.79836649 0.21428591
vt 0.81582522 0.21428609
vt 0.71105301 0.95741296
vt 0.83332789 0.85260826
vt 0.86832052 0.28404570
vt 0.79836744 0.47072840
vt 0.76341671 0.95741290
vt 0.76341707 0.97215092
vt 0.78102136 0.97215104
vt 0.78102118 0.97640872
vt 0.76341707 0.97640860
vt 0.78102076 0.95741296
vt 0.79837042 0.95741302
vt 0.85097271 0.47072822
vt 0.78102136 0.92138648
vt 0.76341683 0.98099381
vt 0.78101677 0.21428585
vt 0.85097116 0.21919852
vt 0.83332324 0.21919852
vt 0.83332384 0.21428585
vt 0.85097128 0.21428573
vt 0.86832047 0.21428603
vt 0.86832029 0.21919864
vt 0.81582481 0.21919852
vt 0.86832440 0.85260820
vt 0.88604730 0.85260808
vt 0.88604838 0.92138582
vt 0.86832505 0.92138582
vt 0.85097545 0.92138582
vt 0.86832434 0.95741230
vt 0.85097480 0.95741224
vt 0.83332723 0.95741218
vt 0.85097539 0.97215039
vt 0.83332783 0.97215021
vt 0.86832505 0.97215033
vt 0.81582838 0.95741212
vt 0.81582898 0.97215015
vt 0.83332705 0.97640795
vt 0.81582898 0.97640783
vt 0.78102100 0.98099393
vt 0.76338249 0.98559803
vt 0.74601722 0.98575109
vt 0.76326030 0.98993576
vt 0.74608684 0.99013978
vt 0.72875613 0.99086350
vt 0.72853535 0.98640978
vt 0.78076619 0.98558331
vt 0.81582510 0.24408954
vt 0.79837030 0.97640789
vt 0.74576837 0.97215086
vt 0.74576753 0.97640854
vt 0.90343052 0.85260808
vt 0.90343142 0.92138582
vt 0.76341242 0.21428615
vt 0.81582868 0.98099297
vt 0.83332735 0.98099303
vt 0.81598157 0.98559517
vt 0.83348066 0.98559546
vt 0.83332622 0.98995262
vt 0.81582850 0.98995245
vt 0.76341212 0.21919864
vt 0.79837096 0.92138642
vt 0.79837072 0.97215068
vt 0.85053521 0.99040693
vt 0.86832023 0.22574878
vt 0.74576348 0.21428585
vt 0.85097361 0.98116130
vt 0.72815478 0.98182690
vt 0.72827041 0.97640866
vt 0.71148622 0.99206346
vt 0.78088754 0.99004066
vt 0.74576288 0.21919852
vt 0.72826552 0.21919829
vt 0.72826612 0.21428573
vt 0.88604331 0.21428597
vt 0.76341200 0.22574908
vt 0.72826564 0.28404617
vt 0.71104831 0.28404617
vt 0.72826612 0.24408966
vt 0.71104878 0.24408966
vt 0.71104848 0.22574908
vt 0.72826594 0.22574908
vt 0.71106160 0.98772001
vt 0.74574161 0.98106217
vt 0.79837060 0.98104346
vt 0.71104819 0.21919841
vt 0.71104825 0.21428585
vt 0.83332825 0.92138577
vt 0.88604301 0.21919864
vt 0.90342635 0.21919864
vt 0.90342617 0.21428585
vt 0.85080302 0.98586893
vt 0.79865986 0.99034214
vt 0.71089137 0.98286116
vt 0.85098588 0.97644168
vt 0.86833525 0.97640789
vt 0.88604695 0.97211552
vt 0.88605779 0.97637320
vt 0.88607001 0.98095834
vt 0.90344143 0.97633922
vt 0.90345359 0.98092443
vt 0.90343022 0.97208160
vt 0.88610089 0.98555291
vt 0.90350878 0.98554718
vt 0.90325111 0.98990059
vt 0.88620669 0.98997092
vt 0.86883557 0.99052233
vt 0.74576312 0.22574896
vt 0.88603461 0.95740092
vt 0.86832088 0.24408960
vt 0.88604224 0.24408948
vt 0.90342581 0.24408931
vt 0.90342593 0.22574884
vt 0.88604283 0.22574896
vt 0.90340370 0.95738643
vt 0.71052629 0.97826368
vt 0.79848027 0.98582780
vt 0.86846095 0.98643422
vt 0.86847842 0.98130357
vt 0.60513532 0.00793654
vt 0.58771932 0.00793654
vt 0.60513544 0.08730161
vt 0.62280703 0.00793654
vt 0.62280697 0.08730155
vt 0.97368419 0.05555558
vt 0.95614034 0.05555558
vt 0.97238827 0.06319821
vt 0.97099262 0.07142860
vt 0.97368419 0.10317463
vt 0.95766550 0.08730161
vt 0.95614034 0.10317463
vt 0.37719297 0.03968257
vt 0.37719297 0.05555558
vt 0.28947368 0.05555522
vt 0.28947392 0.03968275
vt 0.93833858 0.72222221
vt 0.92105263 0.73022264
vt 0.93913114 0.73809522
vt 0.95614034 0.73022252
vt 0.93794155 0.75396824
vt 0.92105263 0.76196897
vt 0.93952155 0.76984125
vt 0.95614034 0.76196897
vt 0.14912280 0.09279144
vt 0.12488052 0.08730161
vt 0.13412146 0.10041451
vt 0.09745058 0.11904764
vt 0.08820961 0.10593462
vt 0.07894737 0.09279144
vt 0.25436592 0.00793654
vt 0.23684211 0.00793660
vt 0.25436616 0.15079367
vt 0.27192983 0.00793660
vt 0.42166981 0.03086430
vt 0.40162060 0.01297581
vt 0.41249135 0.03590369
vt 0.40560797 0.03968257
vt 0.39473686 0.01675445
vt 0.41079882 0.00793654
vt 0.44736841 0.01675445
vt 0.79824561 0.11523050
vt 0.71578521 0.10317463
vt 0.71714938 0.12286413
vt 0.58908349 0.13492066
vt 0.58771932 0.11523050
vt 0.97368419 0.11904764
vt 0.95614034 0.11904764
vt 0.95627528 0.13492066
vt 0.95614034 0.78571427
vt 0.92105263 0.78571427
vt 0.95058787 0.80158728
vt 0.95614034 0.15079367
vt 0.97368419 0.15079367
vt 0.95825851 0.16666669
vt 0.48253924 0.04108334
vt 0.46991998 0.03840059
vt 0.47699192 0.03341049
vt 0.47683245 0.04583192
vt 0.48988348 0.04933310
vt 0.48567030 0.05478537
vt 0.47864828 0.05775076
vt 0.47069195 0.04976040
vt 0.49596724 0.06579375
vt 0.48596027 0.06734812
vt 0.51303226 0.08395940
vt 0.48786104 0.07589316
vt 0.47350141 0.06426400
vt 0.47302732 0.07114124
vt 0.46044171 0.06711024
vt 0.46850851 0.07672387
vt 0.45741454 0.07339495
vt 0.46256945 0.06053621
vt 0.48032197 0.08141476
vt 0.48694703 0.08829737
vt 0.46785611 0.08467638
vt 0.47117305 0.09095538
vt 0.45798603 0.09285247
vt 0.45603427 0.08633184
vt 0.47055566 0.09755886
vt 0.45902205 0.09976017
vt 0.44736841 0.09466559
vt 0.44928655 0.10253447
vt 0.48311517 0.09659481
vt 0.49285999 0.09948981
vt 0.47444791 0.10492921
vt 0.48054755 0.10869569
vt 0.47038811 0.11632574
vt 0.46522409 0.11149544
vt 0.48371977 0.11470169
vt 0.47492632 0.12208718
vt 0.46207860 0.12250555
vt 0.46796405 0.12869942
vt 0.49445567 0.10816318
vt 0.50401318 0.10646325
vt 0.51033235 0.11347711
vt 0.51803148 0.10755509
vt 0.51398075 0.12462193
vt 0.52100110 0.12165827
vt 0.52312469 0.13344717
vt 0.52838850 0.12220931
vt 0.53084940 0.13252228
vt 0.51568627 0.13492066
vt 0.52716625 0.11070687
vt 0.53054756 0.10226780
vt 0.53663129 0.11872840
vt 0.54084587 0.11327541
vt 0.54937840 0.12235826
vt 0.54756117 0.11044019
vt 0.55567843 0.11802709
vt 0.54397690 0.12697744
vt 0.54025084 0.10084105
vt 0.53820544 0.09202302
vt 0.55287009 0.10352373
vt 0.55348772 0.09691930
vt 0.56607389 0.10095257
vt 0.55770314 0.09146762
vt 0.56910056 0.09466559
vt 0.56394672 0.10752457
vt 0.54604840 0.08637273
vt 0.53956801 0.07976317
vt 0.55851537 0.08311135
vt 0.55534118 0.07710809
vt 0.56838548 0.07493532
vt 0.57017541 0.08185804
vt 0.55595994 0.07050389
vt 0.56749409 0.06830066
vt 0.54295069 0.07132334
vt 0.53365618 0.06857097
vt 0.55206627 0.06313431
vt 0.54596859 0.05936509
vt 0.55598336 0.05146205
vt 0.56129318 0.05656558
vt 0.54265088 0.05308908
vt 0.55128336 0.04610276
vt 0.53191662 0.05962580
vt 0.52205324 0.06145298
vt 0.51587677 0.05471474
vt 0.50848299 0.06050748
vt 0.51223040 0.04356730
vt 0.50551343 0.04640430
vt 0.50308752 0.03474218
vt 0.49812660 0.04585123
vt 0.49566647 0.03553945
vt 0.51068461 0.03286910
vt 0.50105780 0.02524972
vt 0.51000440 0.02380955
vt 0.49890134 0.05720955
vt 0.52143186 0.04402018
vt 0.52767420 0.04806238
vt 0.53505993 0.04861522
vt 0.53218400 0.03680950
vt 0.53953719 0.03871089
vt 0.52515292 0.03410459
vt 0.50493962 0.12376761
vt 0.49884140 0.12000036
vt 0.49114954 0.11957574
vt 0.49433216 0.13125128
vt 0.48697788 0.12934965
vt 0.50136322 0.13395619
vt 0.97368419 0.19841272
vt 0.95614034 0.19841272
vt 0.95767051 0.18253970
vt 0.97368419 0.23015875
vt 0.95614034 0.23015875
vt 0.96332431 0.21428573
vt 0.97368419 0.26190478
vt 0.95614034 0.26190478
vt 0.95827436 0.24603176
vt 0.95614034 0.29365081
vt 0.96592480 0.27777779
vt 0.97368419 0.29365081
vt 0.95614034 0.32539684
vt 0.96645945 0.30952382
vt 0.97368419 0.32539684
vt 0.95767468 0.35714287
vt 0.95614034 0.34126985
vt 0.97368419 0.34126985
vt 0.95614034 0.37301588
vt 0.97368419 0.37301588
vt 0.96421659 0.38888890
vt 0.93859649 0.02380955
vt 0.92105263 0.02380955
vt 0.92381936 0.00793654
vt 0.81578946 0.02380955
vt 0.79824561 0.02380955
vt 0.81287235 0.00793654
vt 0.77189571 0.02380955
vt 0.76315790 0.02219093
vt 0.77192980 0.00793654
vt 0.78070176 0.02219093
vt 0.74561405 0.00793654
vt 0.73826742 0.02380955
vt 0.72807020 0.00793654
vt 0.37719297 0.02380955
vt 0.35964912 0.02380955
vt 0.37462392 0.00793654
vt 0.32456142 0.00793654
vt 0.34210527 0.00793654
vt 0.33434382 0.02380955
vt 0.28947368 0.00793654
vt 0.30701753 0.00793654
vt 0.29979581 0.02380955
vt 0.92105263 0.03968257
vt 0.93859649 0.03968257
vt 0.93685436 0.05555558
vt 0.39473686 0.05555558
vt 0.41228071 0.05555558
vt 0.41001183 0.07142860
vt 0.92105263 0.07142860
vt 0.93859649 0.07142860
vt 0.93094492 0.08730161
vt 0.92105263 0.10317463
vt 0.93859649 0.10317463
vt 0.93637782 0.11904764
vt 0.30701753 0.13492066
vt 0.28947368 0.13492066
vt 0.30474856 0.11904764
vt 0.93859649 0.15079367
vt 0.92105263 0.15079367
vt 0.93684912 0.13492066
vt 0.67543858 0.15079367
vt 0.69298244 0.15079367
vt 0.69042164 0.16666669
vt 0.92105263 0.21590245
vt 0.92978925 0.21428573
vt 0.92982423 0.23015875
vt 0.93859649 0.21590245
vt 0.92105263 0.24603176
vt 0.93859649 0.24603176
vt 0.93568063 0.26190478
vt 0.92105263 0.27777779
vt 0.93859649 0.27777779
vt 0.92382509 0.29365081
vt 0.92105263 0.32539684
vt 0.92912638 0.30952382
vt 0.93859649 0.32539684
vt 0.93859649 0.35714287
vt 0.92105263 0.35714287
vt 0.93124980 0.34126985
vt 0.92105263 0.37301588
vt 0.93859649 0.37301588
vt 0.92258388 0.38888890
f 4200/4200 4198/4198 4199/4199
f 4199/4199 4201/4201 4200/4200
f 4200/4200 4201/4201 4202/4202
f 4202/4202 4203/4203 4200/4200
f 4200/4200 4203/4203 4277/4277
f 4277/4277 4276/4276 4200/4200
f 4200/4200 4276/4276 4275/4275
f 1/1 2/2 3/3
f 3/3 4/4 1/1
f 1/1 4/4 5/5
f 5/5 6/6 1/1
f 7/7 1/1 6/6
f 6/6 8/8 7/7
f 7/7 8/8 9/9
f 9/9 10/10 7/7
f 7/7 10/10 11/11
f 4273/4273 4274/4274 4351/4351
f 4351/4351 4274/4274 4275/4275
f 4198/4198 4275/4275 4274/4274
f 4274/4274 4197/4197 4198/4198
f 4198/4198 4197/4197 4196/4196
f 4196/4196 4197/4197 4195/4195
f 4195/4195 4194/4194 4196/4196
f 4196/4196 4194/4194 4309/4309
f 12/12 13/13 14/14
f 4298/4298 4199/4199 4196/4196
f 4199/4199 4298/4298 4299/4299
f 13/13 15/15 14/14
f 15/15 13/13 16/16
f 17/17 15/15 16/16
f 16/16 18/18 17/17
f 19/19 17/17 18/18
f 18/18 20/20 19/19
f 19/19 20/20 21/21
f 21/21 22/22 19/19
f 23/23 19/19 22/22
f 22/22 24/24 23/23
f 23/23 24/24 25/25
f 25/25 26/26 23/23
f 23/23 26/26 27/27
f 27/27 28/28 23/23
f 23/23 28/28 17/17
f 28/28 27/27 29/29
f 29/29 30/30 28/28
f 28/28 30/30 15/15
f 4299/4299 4300/4300 4201/4201
f 4201/4201 4300/4300 4301/4301
f 31/31 29/29 27/27
f 27/27 32/32 31/31
f 31/31 32/32 33/33
f 33/33 34/34 31/31
f 34/34 33/33 35/35
f 35/35 36/36 34/34
f 4292/4292 4296/4296 4209/4209
f 4209/4209 4207/4207 4292/4292
f 4207/4207 4293/4293 4292/4292
f 37/37 34/34 38/38
f 39/39 37/37 38/38
f 39/39 40/40 37/37
f 29/29 37/37 40/40
f 4301/4301 4297/4297 4202/4202
f 4204/4204 4202/4202 4297/4297
f 29/29 34/34 37/37
f 4293/4293 4207/4207 4204/4204
f 4204/4204 4207/4207 4206/4206
f 4206/4206 4205/4205 4204/4204
f 4204/4204 4205/4205 4203/4203
f 4203/4203 4205/4205 4278/4278
f 4278/4278 4205/4205 4206/4206
f 4206/4206 4279/4279 4278/4278
f 41/41 42/42 43/43
f 43/43 44/44 41/41
f 41/41 44/44 45/45
f 45/45 46/46 41/41
f 41/41 46/46 47/47
f 47/47 48/48 41/41
f 41/41 48/48 49/49
f 48/48 47/47 5/5
f 50/50 5/5 47/47
f 47/47 51/51 50/50
f 50/50 51/51 52/52
f 52/52 53/53 50/50
f 50/50 53/53 54/54
f 54/54 55/55 50/50
f 50/50 55/55 6/6
f 55/55 54/54 56/56
f 56/56 57/57 55/55
f 55/55 57/57 8/8
f 8/8 57/57 58/58
f 58/58 57/57 56/56
f 56/56 59/59 58/58
f 60/60 58/58 59/59
f 59/59 61/61 60/60
f 60/60 61/61 62/62
f 62/62 63/63 60/60
f 60/60 63/63 64/64
f 64/64 65/65 60/60
f 60/60 65/65 9/9
f 65/65 64/64 66/66
f 66/66 67/67 65/65
f 65/65 67/67 10/10
f 10/10 67/67 68/68
f 68/68 67/67 66/66
f 66/66 69/69 68/68
f 4192/4192 4272/4272 4271/4271
f 4271/4271 4190/4190 4192/4192
f 4192/4192 4190/4190 4191/4191
f 4191/4191 4193/4193 4192/4192
f 4192/4192 4193/4193 4194/4194
f 4316/4316 4194/4194 4193/4193
f 4193/4193 4317/4317 4316/4316
f 70/70 71/71 72/72
f 72/72 73/73 70/70
f 16/16 70/70 73/73
f 73/73 72/72 74/74
f 74/74 75/75 73/73
f 18/18 73/73 75/75
f 76/76 75/75 74/74
f 74/74 77/77 76/76
f 78/78 76/76 77/77
f 77/77 79/79 78/78
f 80/80 78/78 79/79
f 79/79 81/81 80/80
f 80/80 81/81 82/82
f 80/80 82/82 83/83
f 84/84 80/80 83/83
f 84/84 83/83 85/85
f 84/84 85/85 86/86
f 87/87 84/84 86/86
f 87/87 86/86 88/88
f 88/88 89/89 87/87
f 87/87 89/89 90/90
f 90/90 91/91 87/87
f 92/92 87/87 91/91
f 91/91 93/93 92/92
f 93/93 94/94 92/92
f 92/92 94/94 84/84
f 95/95 84/84 94/94
f 95/95 96/96 84/84
f 84/84 96/96 22/22
f 96/96 95/95 97/97
f 96/96 97/97 24/24
f 24/24 97/97 98/98
f 99/99 98/98 97/97
f 97/97 100/100 99/99
f 100/100 101/101 99/99
f 101/101 102/102 99/99
f 103/103 102/102 101/101
f 103/103 101/101 104/104
f 104/104 105/105 103/103
f 105/105 106/106 103/103
f 106/106 98/98 103/103
f 25/25 98/98 106/106
f 106/106 107/107 25/25
f 108/108 107/107 106/106
f 106/106 109/109 108/108
f 110/110 108/108 109/109
f 109/109 111/111 110/110
f 110/110 111/111 112/112
f 112/112 113/113 110/110
f 114/114 110/110 113/113
f 113/113 115/115 114/114
f 114/114 115/115 116/116
f 116/116 35/35 114/114
f 35/35 116/116 117/117
f 118/118 117/117 116/116
f 116/116 119/119 118/118
f 118/118 119/119 120/120
f 120/120 121/121 118/118
f 121/121 120/120 122/122
f 122/122 123/123 121/121
f 4324/4324 4323/4323 4217/4217
f 4217/4217 4215/4215 4324/4324
f 4325/4325 4324/4324 4215/4215
f 124/124 125/125 126/126
f 4215/4215 4212/4212 4306/4306
f 125/125 127/127 128/128
f 117/117 125/125 128/128
f 4294/4294 4210/4210 4295/4295
f 4295/4295 4210/4210 4209/4209
f 4208/4208 4209/4209 4210/4210
f 4210/4210 4211/4211 4208/4208
f 4208/4208 4211/4211 4281/4281
f 4281/4281 4280/4280 4208/4208
f 4208/4208 4280/4280 4279/4279
f 129/129 130/130 131/131
f 131/131 132/132 129/129
f 129/129 132/132 44/44
f 44/44 132/132 133/133
f 133/133 132/132 131/131
f 131/131 134/134 133/133
f 135/135 133/133 134/134
f 134/134 136/136 135/135
f 135/135 136/136 137/137
f 137/137 138/138 135/135
f 135/135 138/138 139/139
f 139/139 140/140 135/135
f 135/135 140/140 45/45
f 140/140 139/139 141/141
f 141/141 142/142 140/140
f 140/140 142/142 46/46
f 46/46 142/142 51/51
f 51/51 142/142 141/141
f 143/143 141/141 139/139
f 139/139 144/144 143/143
f 143/143 144/144 145/145
f 145/145 146/146 143/143
f 143/143 146/146 147/147
f 147/147 148/148 143/143
f 143/143 148/148 52/52
f 148/148 147/147 149/149
f 149/149 150/150 148/148
f 148/148 150/150 53/53
f 53/53 150/150 151/151
f 151/151 150/150 149/149
f 149/149 152/152 151/151
f 153/153 151/151 152/152
f 152/152 154/154 153/153
f 153/153 154/154 155/155
f 155/155 156/156 153/153
f 153/153 156/156 59/59
f 156/156 155/155 157/157
f 157/157 158/158 156/156
f 156/156 158/158 61/61
f 61/61 158/158 159/159
f 159/159 158/158 157/157
f 157/157 160/160 159/159
f 161/161 159/159 160/160
f 160/160 162/162 161/161
f 161/161 162/162 163/163
f 163/163 164/164 161/161
f 161/161 164/164 165/165
f 165/165 166/166 161/161
f 161/161 166/166 62/62
f 166/166 165/165 167/167
f 167/167 168/168 166/166
f 166/166 168/168 63/63
f 63/63 168/168 169/169
f 169/169 168/168 167/167
f 167/167 170/170 169/169
f 171/171 169/169 170/170
f 170/170 172/172 171/171
f 171/171 172/172 173/173
f 173/173 174/174 171/171
f 171/171 174/174 69/69
f 4270/4270 4269/4269 4187/4187
f 4187/4187 4189/4189 4270/4270
f 4270/4270 4189/4189 4190/4190
f 4190/4190 4189/4189 4188/4188
f 4188/4188 4189/4189 4187/4187
f 4187/4187 4186/4186 4188/4188
f 4304/4304 4188/4188 4186/4186
f 175/175 176/176 177/177
f 178/178 177/177 176/176
f 178/178 179/179 177/177
f 177/177 179/179 180/180
f 4191/4191 4319/4319 4318/4318
f 4319/4319 4191/4191 4188/4188
f 179/179 178/178 181/181
f 182/182 179/179 181/181
f 181/181 183/183 182/182
f 184/184 182/182 183/183
f 183/183 185/185 184/184
f 184/184 185/185 186/186
f 186/186 187/187 184/184
f 74/74 184/184 187/187
f 187/187 186/186 188/188
f 188/188 189/189 187/187
f 77/77 187/187 189/189
f 188/188 190/190 189/189
f 190/190 191/191 189/189
f 192/192 189/189 191/191
f 191/191 193/193 192/192
f 194/194 192/192 193/193
f 188/188 194/194 193/193
f 195/195 188/188 193/193
f 189/189 195/195 193/193
f 196/196 189/189 193/193
f 196/196 193/193 190/190
f 196/196 190/190 197/197
f 198/198 196/196 197/197
f 197/197 199/199 198/198
f 198/198 199/199 200/200
f 200/200 201/201 198/198
f 202/202 198/198 201/201
f 201/201 203/203 202/202
f 202/202 203/203 204/204
f 204/204 88/88 202/202
f 88/88 204/204 205/205
f 206/206 205/205 204/204
f 204/204 207/207 206/206
f 206/206 207/207 208/208
f 208/208 209/209 206/206
f 206/206 209/209 210/210
f 210/210 211/211 206/206
f 206/206 211/211 212/212
f 213/213 212/212 211/211
f 211/211 214/214 213/213
f 213/213 214/214 215/215
f 215/215 216/216 213/213
f 217/217 213/213 216/216
f 216/216 218/218 217/217
f 217/217 218/218 104/104
f 104/104 219/219 217/217
f 217/217 219/219 91/91
f 96/96 91/91 219/219
f 220/220 96/96 219/219
f 97/97 220/220 219/219
f 221/221 97/97 219/219
f 98/98 221/221 219/219
f 221/221 98/98 222/222
f 222/222 98/98 100/100
f 223/223 222/222 100/100
f 222/222 223/223 224/224
f 96/96 222/222 224/224
f 225/225 96/96 224/224
f 84/84 225/225 224/224
f 84/84 224/224 93/93
f 95/95 93/93 224/224
f 225/225 84/84 93/93
f 96/96 225/225 93/93
f 223/223 97/97 224/224
f 98/98 226/226 100/100
f 226/226 106/106 100/100
f 106/106 226/226 101/101
f 226/226 98/98 101/101
f 97/97 221/221 222/222
f 220/220 97/97 222/222
f 96/96 220/220 222/222
f 219/219 104/104 98/98
f 218/218 216/216 227/227
f 227/227 228/228 218/218
f 218/218 228/228 105/105
f 105/105 228/228 229/229
f 229/229 230/230 105/105
f 231/231 105/105 230/230
f 230/230 232/232 231/231
f 232/232 233/233 231/231
f 109/109 231/231 233/233
f 109/109 233/233 232/232
f 234/234 109/109 232/232
f 235/235 234/234 232/232
f 106/106 235/235 232/232
f 232/232 236/236 106/106
f 237/237 106/106 236/236
f 109/109 237/237 236/236
f 109/109 236/236 230/230
f 109/109 230/230 238/238
f 239/239 109/109 238/238
f 111/111 239/239 238/238
f 240/240 111/111 238/238
f 112/112 240/240 238/238
f 238/238 241/241 112/112
f 242/242 112/112 241/241
f 243/243 242/242 241/241
f 244/244 243/243 241/241
f 241/241 245/245 244/244
f 245/245 246/246 244/244
f 246/246 247/247 244/244
f 246/246 112/112 247/247
f 243/243 247/247 112/112
f 112/112 248/248 243/243
f 248/248 249/249 243/243
f 249/249 246/246 243/243
f 250/250 246/246 249/249
f 112/112 250/250 249/249
f 251/251 112/112 249/249
f 252/252 251/251 249/249
f 111/111 252/252 249/249
f 252/252 111/111 235/235
f 251/251 252/252 235/235
f 109/109 251/251 235/235
f 246/246 250/250 242/242
f 249/249 248/248 111/111
f 253/253 246/246 245/245
f 253/253 245/245 254/254
f 254/254 255/255 253/253
f 255/255 256/256 253/253
f 257/257 253/253 256/256
f 257/257 258/258 253/253
f 259/259 258/258 257/257
f 257/257 260/260 259/259
f 259/259 260/260 261/261
f 261/261 262/262 259/259
f 263/263 259/259 262/262
f 262/262 264/264 263/263
f 263/263 264/264 265/265
f 265/265 122/122 263/263
f 122/122 265/265 266/266
f 267/267 266/266 265/265
f 265/265 268/268 267/267
f 267/267 268/268 269/269
f 269/269 270/270 267/267
f 270/270 269/269 271/271
f 271/271 272/272 270/270
f 4314/4314 4313/4313 4225/4225
f 4225/4225 4223/4223 4314/4314
f 4314/4314 4223/4223 4315/4315
f 273/273 270/270 274/274
f 273/273 275/275 270/270
f 266/266 270/270 275/275
f 4321/4321 4218/4218 4322/4322
f 4322/4322 4218/4218 4217/4217
f 4216/4216 4217/4217 4218/4218
f 4218/4218 4219/4219 4216/4216
f 4216/4216 4219/4219 4237/4237
f 4237/4237 4236/4236 4216/4216
f 4216/4216 4236/4236 4235/4235
f 4235/4235 4214/4214 4216/4216
f 4216/4216 4214/4214 4215/4215
f 4214/4214 4235/4235 4234/4234
f 4234/4234 4213/4213 4214/4214
f 4214/4214 4213/4213 4212/4212
f 4212/4212 4213/4213 4211/4211
f 4211/4211 4213/4213 4234/4234
f 276/276 277/277 278/278
f 278/278 279/279 276/276
f 276/276 279/279 280/280
f 280/280 281/281 276/276
f 276/276 281/281 134/134
f 281/281 280/280 282/282
f 282/282 283/283 281/281
f 281/281 283/283 136/136
f 136/136 283/283 284/284
f 284/284 283/283 282/282
f 282/282 285/285 284/284
f 286/286 284/284 285/285
f 285/285 287/287 286/286
f 286/286 287/287 288/288
f 288/288 289/289 286/286
f 286/286 289/289 290/290
f 290/290 291/291 286/286
f 286/286 291/291 137/137
f 291/291 290/290 292/292
f 292/292 293/293 291/291
f 291/291 293/293 138/138
f 138/138 293/293 144/144
f 144/144 293/293 292/292
f 294/294 292/292 290/290
f 290/290 295/295 294/294
f 294/294 295/295 296/296
f 296/296 297/297 294/294
f 294/294 297/297 298/298
f 298/298 299/299 294/294
f 294/294 299/299 145/145
f 299/299 298/298 300/300
f 300/300 301/301 299/299
f 299/299 301/301 146/146
f 146/146 301/301 302/302
f 302/302 301/301 300/300
f 300/300 303/303 302/302
f 304/304 302/302 303/303
f 303/303 305/305 304/304
f 304/304 305/305 306/306
f 306/306 307/307 304/304
f 307/307 152/152 304/304
f 307/307 306/306 308/308
f 308/308 309/309 307/307
f 307/307 309/309 154/154
f 154/154 309/309 310/310
f 310/310 309/309 308/308
f 308/308 311/311 310/310
f 312/312 310/310 311/311
f 311/311 313/313 312/312
f 312/312 313/313 314/314
f 314/314 315/315 312/312
f 312/312 315/315 160/160
f 315/315 314/314 316/316
f 316/316 317/317 315/315
f 315/315 317/317 162/162
f 162/162 317/317 318/318
f 318/318 317/317 316/316
f 316/316 319/319 318/318
f 320/320 318/318 319/319
f 319/319 321/321 320/320
f 320/320 321/321 322/322
f 322/322 323/323 320/320
f 320/320 323/323 324/324
f 324/324 325/325 320/320
f 320/320 325/325 163/163
f 325/325 324/324 326/326
f 326/326 327/327 325/325
f 325/325 327/327 164/164
f 164/164 327/327 328/328
f 328/328 327/327 326/326
f 326/326 329/329 328/328
f 330/330 328/328 329/329
f 329/329 331/331 330/330
f 330/330 331/331 332/332
f 332/332 333/333 330/330
f 330/330 333/333 170/170
f 333/333 332/332 334/334
f 334/334 335/335 333/333
f 333/333 335/335 172/172
f 172/172 335/335 336/336
f 336/336 335/335 334/334
f 334/334 337/337 336/336
f 4184/4184 4268/4268 4267/4267
f 4267/4267 4182/4182 4184/4184
f 4184/4184 4182/4182 4183/4183
f 4183/4183 4185/4185 4184/4184
f 4184/4184 4185/4185 4186/4186
f 4348/4348 4186/4186 4185/4185
f 4185/4185 4350/4350 4348/4348
f 178/178 338/338 339/339
f 339/339 340/340 178/178
f 340/340 339/339 341/341
f 341/341 342/342 340/340
f 183/183 340/340 342/342
f 343/343 342/342 341/341
f 341/341 344/344 343/343
f 345/345 343/343 344/344
f 344/344 346/346 345/345
f 347/347 345/345 346/346
f 348/348 347/347 346/346
f 346/346 349/349 348/348
f 349/349 350/350 348/348
f 350/350 345/345 348/348
f 345/345 351/351 348/348
f 351/351 188/188 348/348
f 348/348 188/188 352/352
f 353/353 352/352 188/188
f 352/352 353/353 354/354
f 355/355 352/352 354/354
f 356/356 355/355 354/354
f 188/188 356/356 354/354
f 197/197 188/188 354/354
f 197/197 354/354 357/357
f 358/358 357/357 354/354
f 354/354 359/359 358/358
f 358/358 359/359 360/360
f 360/360 361/361 358/358
f 358/358 361/361 362/362
f 362/362 363/363 358/358
f 358/358 363/363 364/364
f 365/365 364/364 363/363
f 363/363 366/366 365/365
f 365/365 366/366 367/367
f 367/367 368/368 365/365
f 369/369 365/365 368/368
f 368/368 370/370 369/369
f 369/369 370/370 371/371
f 371/371 372/372 369/369
f 369/369 372/372 201/201
f 372/372 371/371 373/373
f 373/373 374/374 372/372
f 372/372 374/374 203/203
f 203/203 374/374 207/207
f 207/207 374/374 373/373
f 375/375 373/373 371/371
f 371/371 376/376 375/375
f 375/375 376/376 377/377
f 377/377 378/378 375/375
f 375/375 378/378 379/379
f 379/379 380/380 375/375
f 375/375 380/380 208/208
f 380/380 379/379 381/381
f 381/381 382/382 380/380
f 209/209 380/380 382/382
f 382/382 383/383 209/209
f 383/383 382/382 381/381
f 381/381 384/384 383/383
f 385/385 383/383 384/384
f 384/384 386/386 385/385
f 385/385 386/386 387/387
f 387/387 388/388 385/385
f 385/385 388/388 389/389
f 389/389 390/390 385/385
f 385/385 390/390 210/210
f 390/390 389/389 215/215
f 391/391 215/215 389/389
f 389/389 392/392 391/391
f 391/391 392/392 393/393
f 393/393 394/394 391/391
f 391/391 394/394 395/395
f 395/395 227/227 391/391
f 227/227 395/395 229/229
f 396/396 229/229 395/395
f 395/395 397/397 396/396
f 396/396 397/397 398/398
f 398/398 399/399 396/396
f 396/396 399/399 241/241
f 399/399 398/398 400/400
f 400/400 401/401 399/399
f 399/399 401/401 245/245
f 245/245 401/401 402/402
f 402/402 401/401 400/400
f 400/400 403/403 402/402
f 404/404 402/402 403/403
f 403/403 405/405 404/404
f 404/404 405/405 406/406
f 406/406 407/407 404/404
f 404/404 407/407 408/408
f 408/408 409/409 404/404
f 404/404 409/409 254/254
f 257/257 254/254 409/409
f 410/410 257/257 409/409
f 260/260 410/410 409/409
f 411/411 260/260 409/409
f 261/261 411/411 409/409
f 411/411 261/261 412/412
f 412/412 261/261 413/413
f 414/414 412/412 413/413
f 260/260 414/414 413/413
f 413/413 415/415 260/260
f 415/415 413/413 416/416
f 261/261 415/415 416/416
f 416/416 417/417 261/261
f 418/418 261/261 417/417
f 418/418 417/417 419/419
f 419/419 420/420 418/418
f 421/421 418/418 420/420
f 421/421 420/420 422/422
f 421/421 422/422 423/423
f 421/421 423/423 424/424
f 421/421 424/424 425/425
f 425/425 426/426 421/421
f 426/426 427/427 421/421
f 428/428 421/421 427/427
f 420/420 428/428 427/427
f 420/420 427/427 429/429
f 429/429 430/430 420/420
f 420/420 430/430 262/262
f 430/430 429/429 431/431
f 431/431 432/432 430/430
f 430/430 432/432 264/264
f 264/264 432/432 268/268
f 268/268 432/432 431/431
f 433/433 431/431 429/429
f 429/429 434/434 433/433
f 433/433 434/434 435/435
f 435/435 436/436 433/433
f 433/433 436/436 437/437
f 437/437 271/271 433/433
f 271/271 437/437 438/438
f 439/439 438/438 437/437
f 437/437 440/440 439/439
f 439/439 440/440 441/441
f 441/441 442/442 439/439
f 442/442 441/441 443/443
f 443/443 444/444 442/442
f 4343/4343 4342/4342 4233/4233
f 4233/4233 4231/4231 4343/4343
f 4343/4343 4231/4231 4344/4344
f 445/445 442/442 446/446
f 438/438 442/442 445/445
f 438/438 445/445 447/447
f 4311/4311 4226/4226 4312/4312
f 4312/4312 4226/4226 4225/4225
f 4224/4224 4225/4225 4226/4226
f 4226/4226 4227/4227 4224/4224
f 4224/4224 4227/4227 4241/4241
f 4241/4241 4240/4240 4224/4224
f 4224/4224 4240/4240 4239/4239
f 4239/4239 4222/4222 4224/4224
f 4224/4224 4222/4222 4223/4223
f 4220/4220 4223/4223 4222/4222
f 4222/4222 4221/4221 4220/4220
f 4220/4220 4221/4221 4219/4219
f 4219/4219 4221/4221 4238/4238
f 4238/4238 4221/4221 4222/4222
f 4223/4223 4220/4220 4310/4310
f 4222/4222 4239/4239 4238/4238
f 448/448 449/449 450/450
f 450/450 451/451 448/448
f 448/448 451/451 452/452
f 452/452 453/453 448/448
f 448/448 453/453 454/454
f 454/454 455/455 448/448
f 448/448 455/455 456/456
f 457/457 455/455 454/454
f 458/458 457/457 454/454
f 454/454 459/459 458/458
f 458/458 459/459 460/460
f 460/460 461/461 458/458
f 458/458 461/461 285/285
f 461/461 460/460 462/462
f 462/462 463/463 461/461
f 461/461 463/463 287/287
f 287/287 463/463 464/464
f 464/464 463/463 462/462
f 462/462 465/465 464/464
f 466/466 464/464 465/465
f 465/465 467/467 466/466
f 466/466 467/467 468/468
f 468/468 469/469 466/466
f 466/466 469/469 470/470
f 470/470 471/471 466/466
f 466/466 471/471 288/288
f 471/471 470/470 472/472
f 472/472 473/473 471/471
f 471/471 473/473 289/289
f 289/289 473/473 295/295
f 295/295 473/473 472/472
f 474/474 472/472 470/470
f 470/470 475/475 474/474
f 474/474 475/475 476/476
f 476/476 477/477 474/474
f 474/474 477/477 478/478
f 478/478 479/479 474/474
f 474/474 479/479 296/296
f 479/479 478/478 480/480
f 480/480 481/481 479/479
f 479/479 481/481 297/297
f 297/297 481/481 482/482
f 482/482 481/481 480/480
f 480/480 483/483 482/482
f 484/484 482/482 483/483
f 483/483 485/485 484/484
f 484/484 485/485 486/486
f 486/486 487/487 484/484
f 484/484 487/487 303/303
f 487/487 486/486 488/488
f 488/488 489/489 487/487
f 487/487 489/489 305/305
f 305/305 489/489 490/490
f 490/490 489/489 488/488
f 488/488 491/491 490/490
f 492/492 490/490 491/491
f 491/491 493/493 492/492
f 492/492 493/493 494/494
f 494/494 495/495 492/492
f 492/492 495/495 311/311
f 495/495 494/494 496/496
f 496/496 497/497 495/495
f 495/495 497/497 313/313
f 313/313 497/497 498/498
f 498/498 497/497 496/496
f 496/496 499/499 498/498
f 500/500 498/498 499/499
f 499/499 501/501 500/500
f 500/500 501/501 502/502
f 502/502 503/503 500/500
f 500/500 503/503 319/319
f 503/503 502/502 504/504
f 504/504 505/505 503/503
f 503/503 505/505 321/321
f 321/321 505/505 506/506
f 506/506 505/505 504/504
f 504/504 507/507 506/506
f 508/508 506/506 507/507
f 507/507 509/509 508/508
f 508/508 509/509 510/510
f 510/510 511/511 508/508
f 508/508 511/511 512/512
f 512/512 513/513 508/508
f 508/508 513/513 322/322
f 513/513 512/512 514/514
f 514/514 515/515 513/513
f 513/513 515/515 323/323
f 323/323 515/515 516/516
f 516/516 515/515 514/514
f 514/514 517/517 516/516
f 518/518 516/516 517/517
f 517/517 519/519 518/518
f 518/518 519/519 520/520
f 520/520 521/521 518/518
f 518/518 521/521 329/329
f 521/521 520/520 522/522
f 522/522 523/523 521/521
f 521/521 523/523 331/331
f 331/331 523/523 524/524
f 524/524 523/523 522/522
f 522/522 525/525 524/524
f 526/526 524/524 525/525
f 525/525 527/527 526/526
f 526/526 527/527 528/528
f 528/528 529/529 526/526
f 526/526 529/529 337/337
f 4266/4266 4265/4265 4179/4179
f 4179/4179 4181/4181 4266/4266
f 4266/4266 4181/4181 4182/4182
f 4182/4182 4181/4181 4180/4180
f 4180/4180 4181/4181 4179/4179
f 4179/4179 4178/4178 4180/4180
f 4178/4178 4340/4340 4180/4180
f 530/530 531/531 532/532
f 533/533 530/530 532/532
f 533/533 534/534 530/530
f 530/530 534/534 535/535
f 535/535 536/536 530/530
f 4346/4346 4183/4183 4347/4347
f 534/534 533/533 537/537
f 538/538 534/534 537/537
f 537/537 539/539 538/538
f 540/540 538/538 539/539
f 539/539 541/541 540/540
f 540/540 541/541 542/542
f 542/542 543/543 540/540
f 341/341 540/540 543/543
f 543/543 542/542 544/544
f 544/544 545/545 543/543
f 344/344 543/543 545/545
f 545/545 544/544 546/546
f 547/547 545/545 546/546
f 548/548 547/547 546/546
f 546/546 549/549 548/548
f 544/544 548/548 549/549
f 550/550 544/544 549/549
f 545/545 550/550 549/549
f 549/549 360/360 545/545
f 360/360 549/549 551/551
f 360/360 551/551 552/552
f 551/551 544/544 552/552
f 553/553 552/552 544/544
f 544/544 554/554 553/553
f 553/553 554/554 555/555
f 553/553 555/555 556/556
f 555/555 557/557 556/556
f 557/557 558/558 556/556
f 558/558 559/559 556/556
f 560/560 556/556 559/559
f 559/559 561/561 560/560
f 561/561 562/562 560/560
f 562/562 563/563 560/560
f 563/563 564/564 560/560
f 564/564 565/565 560/560
f 566/566 560/560 565/565
f 565/565 567/567 566/566
f 566/566 567/567 568/568
f 568/568 569/569 566/566
f 566/566 569/569 570/570
f 570/570 571/571 566/566
f 566/566 571/571 556/556
f 552/552 556/556 571/571
f 571/571 572/572 552/552
f 552/552 572/572 361/361
f 361/361 572/572 573/573
f 573/573 572/572 571/571
f 571/571 570/570 573/573
f 574/574 573/573 570/570
f 570/570 575/575 574/574
f 574/574 575/575 576/576
f 576/576 577/577 574/574
f 574/574 577/577 578/578
f 578/578 579/579 574/574
f 574/574 579/579 362/362
f 579/579 578/578 367/367
f 580/580 367/367 578/578
f 578/578 581/581 580/580
f 580/580 581/581 582/582
f 582/582 583/583 580/580
f 580/580 583/583 584/584
f 584/584 585/585 580/580
f 580/580 585/585 368/368
f 585/585 584/584 586/586
f 586/586 587/587 585/585
f 585/585 587/587 370/370
f 370/370 587/587 376/376
f 376/376 587/587 586/586
f 586/586 584/584 588/588
f 588/588 377/377 586/586
f 377/377 588/588 589/589
f 589/589 588/588 590/590
f 590/590 591/591 589/589
f 592/592 589/589 591/591
f 591/591 593/593 592/592
f 592/592 593/593 378/378
f 593/593 591/591 594/594
f 594/594 595/595 593/593
f 593/593 595/595 379/379
f 595/595 594/594 596/596
f 596/596 597/597 595/595
f 598/598 595/595 597/597
f 597/597 599/599 598/598
f 600/600 598/598 599/599
f 599/599 601/601 600/600
f 600/600 601/601 386/386
f 601/601 599/599 602/602
f 602/602 603/603 601/601
f 601/601 603/603 387/387
f 604/604 387/387 603/603
f 603/603 605/605 604/604
f 604/604 605/605 606/606
f 606/606 607/607 604/604
f 604/604 607/607 388/388
f 388/388 607/607 392/392
f 392/392 607/607 606/606
f 608/608 606/606 605/605
f 605/605 609/609 608/608
f 608/608 609/609 610/610
f 610/610 611/611 608/608
f 608/608 611/611 612/612
f 612/612 613/613 608/608
f 608/608 613/613 393/393
f 613/613 612/612 614/614
f 614/614 615/615 613/613
f 613/613 615/615 394/394
f 394/394 615/615 397/397
f 397/397 615/615 614/614
f 616/616 614/614 612/612
f 612/612 617/617 616/616
f 616/616 617/617 618/618
f 618/618 619/619 616/616
f 616/616 619/619 403/403
f 619/619 618/618 620/620
f 620/620 621/621 619/619
f 619/619 621/621 405/405
f 405/405 621/621 622/622
f 622/622 621/621 620/620
f 620/620 623/623 622/622
f 624/624 622/622 623/623
f 623/623 625/625 624/624
f 624/624 625/625 626/626
f 626/626 627/627 624/624
f 624/624 627/627 628/628
f 628/628 629/629 624/624
f 624/624 629/629 406/406
f 629/629 628/628 630/630
f 630/630 631/631 629/629
f 629/629 631/631 407/407
f 407/407 631/631 632/632
f 632/632 631/631 630/630
f 630/630 633/633 632/632
f 632/632 633/633 420/420
f 633/633 630/630 634/634
f 634/634 635/635 633/633
f 427/427 633/633 635/635
f 636/636 427/427 635/635
f 426/426 636/636 635/635
f 637/637 426/426 635/635
f 638/638 637/637 635/635
f 635/635 639/639 638/638
f 639/639 640/640 638/638
f 641/641 638/638 640/640
f 642/642 641/641 640/640
f 642/642 640/640 643/643
f 643/643 640/640 644/644
f 426/426 643/643 644/644
f 426/426 644/644 638/638
f 434/434 426/426 638/638
f 642/642 638/638 644/644
f 642/642 644/644 645/645
f 642/642 645/645 646/646
f 646/646 647/647 642/642
f 642/642 647/647 648/648
f 649/649 642/642 648/648
f 649/649 648/648 650/650
f 649/649 650/650 651/651
f 652/652 649/649 651/651
f 653/653 652/652 651/651
f 653/653 651/651 642/642
f 642/642 654/654 653/653
f 654/654 649/649 653/653
f 649/649 655/655 653/653
f 656/656 653/653 655/655
f 657/657 656/656 655/655
f 655/655 658/658 657/657
f 658/658 659/659 657/657
f 659/659 660/660 657/657
f 660/660 661/661 657/657
f 662/662 657/657 661/661
f 661/661 663/663 662/662
f 663/663 658/658 662/662
f 658/658 664/664 662/662
f 664/664 658/658 656/656
f 665/665 656/656 658/658
f 666/666 665/665 658/658
f 658/658 667/667 666/666
f 668/668 666/666 667/667
f 667/667 669/669 668/668
f 668/668 669/669 670/670
f 670/670 443/443 668/668
f 443/443 670/670 671/671
f 672/672 671/671 670/670
f 670/670 673/673 672/672
f 672/672 673/673 674/674
f 674/674 675/675 672/672
f 675/675 676/676 672/672
f 676/676 675/675 677/677
f 678/678 676/676 677/677
f 4334/4334 4143/4143 4138/4138
f 4138/4138 4143/4143 4142/4142
f 4142/4142 4141/4141 4138/4138
f 4138/4138 4141/4141 4140/4140
f 4140/4140 4139/4139 4138/4138
f 4139/4139 4140/4140 4232/4232
f 4232/4232 4233/4233 4139/4139
f 4341/4341 4139/4139 4233/4233
f 4139/4139 4341/4341 4345/4345
f 679/679 680/680 676/676
f 671/671 676/676 680/680
f 4232/4232 4140/4140 4245/4245
f 4245/4245 4244/4244 4232/4232
f 4232/4232 4244/4244 4243/4243
f 4243/4243 4230/4230 4232/4232
f 4232/4232 4230/4230 4231/4231
f 4228/4228 4231/4231 4230/4230
f 4230/4230 4229/4229 4228/4228
f 4228/4228 4229/4229 4227/4227
f 4227/4227 4229/4229 4242/4242
f 4242/4242 4229/4229 4230/4230
f 4228/4228 4307/4307 4231/4231
f 4230/4230 4243/4243 4242/4242
f 681/681 682/682 683/683
f 683/683 684/684 681/681
f 681/681 684/684 685/685
f 685/685 686/686 681/681
f 681/681 686/686 687/687
f 687/687 688/688 681/681
f 681/681 688/688 689/689
f 688/688 687/687 690/690
f 690/690 691/691 688/688
f 688/688 691/691 692/692
f 692/692 691/691 451/451
f 451/451 691/691 690/690
f 693/693 690/690 687/687
f 687/687 694/694 693/693
f 693/693 694/694 695/695
f 695/695 696/696 693/693
f 693/693 696/696 697/697
f 697/697 698/698 693/693
f 693/693 698/698 452/452
f 698/698 697/697 699/699
f 699/699 700/700 698/698
f 698/698 700/700 453/453
f 453/453 700/700 459/459
f 459/459 700/700 699/699
f 701/701 699/699 697/697
f 697/697 702/702 701/701
f 701/701 702/702 703/703
f 703/703 704/704 701/701
f 701/701 704/704 465/465
f 704/704 703/703 705/705
f 705/705 706/706 704/704
f 704/704 706/706 467/467
f 467/467 706/706 707/707
f 707/707 706/706 705/705
f 705/705 708/708 707/707
f 709/709 707/707 708/708
f 708/708 710/710 709/709
f 709/709 710/710 711/711
f 711/711 712/712 709/709
f 709/709 712/712 713/713
f 713/713 714/714 709/709
f 709/709 714/714 468/468
f 715/715 714/714 713/713
f 716/716 715/715 713/713
f 713/713 717/717 716/716
f 716/716 717/717 718/718
f 718/718 719/719 716/716
f 716/716 719/719 720/720
f 720/720 721/721 716/716
f 716/716 721/721 476/476
f 721/721 720/720 722/722
f 722/722 723/723 721/721
f 721/721 723/723 477/477
f 477/477 723/723 724/724
f 724/724 723/723 722/722
f 722/722 725/725 724/724
f 726/726 724/724 725/725
f 725/725 727/727 726/726
f 726/726 727/727 728/728
f 728/728 729/729 726/726
f 726/726 729/729 483/483
f 729/729 728/728 730/730
f 730/730 731/731 729/729
f 729/729 731/731 485/485
f 485/485 731/731 732/732
f 732/732 731/731 730/730
f 730/730 733/733 732/732
f 734/734 732/732 733/733
f 733/733 735/735 734/734
f 734/734 735/735 736/736
f 736/736 737/737 734/734
f 734/734 737/737 491/491
f 737/737 736/736 738/738
f 738/738 739/739 737/737
f 737/737 739/739 493/493
f 493/493 739/739 740/740
f 740/740 739/739 738/738
f 738/738 741/741 740/740
f 742/742 740/740 741/741
f 741/741 743/743 742/742
f 742/742 743/743 744/744
f 744/744 745/745 742/742
f 742/742 745/745 499/499
f 745/745 744/744 746/746
f 746/746 747/747 745/745
f 745/745 747/747 501/501
f 501/501 747/747 748/748
f 748/748 747/747 746/746
f 746/746 749/749 748/748
f 750/750 748/748 749/749
f 749/749 751/751 750/750
f 750/750 751/751 752/752
f 752/752 753/753 750/750
f 750/750 753/753 507/507
f 753/753 752/752 754/754
f 754/754 755/755 753/753
f 753/753 755/755 509/509
f 509/509 755/755 756/756
f 756/756 755/755 754/754
f 754/754 757/757 756/756
f 758/758 756/756 757/757
f 757/757 759/759 758/758
f 758/758 759/759 760/760
f 760/760 761/761 758/758
f 758/758 761/761 762/762
f 762/762 763/763 758/758
f 758/758 763/763 510/510
f 764/764 763/763 762/762
f 765/765 764/764 762/762
f 762/762 766/766 765/765
f 765/765 766/766 767/767
f 767/767 768/768 765/765
f 765/765 768/768 769/769
f 769/769 770/770 765/765
f 765/765 770/770 771/771
f 772/772 771/771 770/770
f 770/770 773/773 772/772
f 772/772 773/773 774/774
f 774/774 775/775 772/772
f 776/776 772/772 775/775
f 775/775 777/777 776/776
f 776/776 777/777 517/517
f 777/777 775/775 778/778
f 778/778 779/779 777/777
f 777/777 779/779 519/519
f 519/519 779/779 780/780
f 780/780 779/779 778/778
f 778/778 781/781 780/780
f 782/782 780/780 781/781
f 781/781 783/783 782/782
f 782/782 783/783 784/784
f 784/784 785/785 782/782
f 782/782 785/785 525/525
f 784/784 786/786 785/785
f 787/787 785/785 786/786
f 788/788 787/787 786/786
f 786/786 789/789 788/788
f 4176/4176 4264/4264 4263/4263
f 4263/4263 4174/4174 4176/4176
f 4176/4176 4174/4174 4175/4175
f 4175/4175 4177/4177 4176/4176
f 4176/4176 4177/4177 4178/4178
f 4336/4336 4178/4178 4177/4177
f 4177/4177 4337/4337 4336/4336
f 533/533 790/790 791/791
f 791/791 792/792 533/533
f 792/792 791/791 793/793
f 793/793 794/794 792/792
f 539/539 792/792 794/794
f 554/554 794/794 793/793
f 793/793 795/795 554/554
f 559/559 554/554 795/795
f 795/795 562/562 559/559
f 796/796 559/559 562/562
f 797/797 796/796 562/562
f 562/562 798/798 797/797
f 798/798 799/799 797/797
f 799/799 559/559 797/797
f 544/544 797/797 559/559
f 797/797 544/544 557/557
f 799/799 798/798 800/800
f 564/564 799/799 800/800
f 801/801 564/564 800/800
f 802/802 801/801 800/800
f 802/802 800/800 803/803
f 804/804 803/803 800/800
f 800/800 805/805 804/804
f 805/805 564/564 804/804
f 564/564 806/806 804/804
f 804/804 806/806 807/807
f 807/807 806/806 802/802
f 807/807 802/802 808/808
f 565/565 807/807 808/808
f 565/565 803/803 807/807
f 809/809 808/808 802/802
f 809/809 810/810 808/808
f 808/808 810/810 811/811
f 811/811 812/812 808/808
f 808/808 812/812 567/567
f 567/567 812/812 813/813
f 813/813 812/812 811/811
f 811/811 814/814 813/813
f 815/815 813/813 814/814
f 814/814 816/816 815/815
f 815/815 816/816 817/817
f 817/817 818/818 815/815
f 815/815 818/818 819/819
f 819/819 820/820 815/815
f 815/815 820/820 568/568
f 820/820 819/819 821/821
f 821/821 822/822 820/820
f 820/820 822/822 569/569
f 569/569 822/822 575/575
f 575/575 822/822 821/821
f 823/823 821/821 819/819
f 819/819 824/824 823/823
f 823/823 824/824 825/825
f 825/825 826/826 823/823
f 823/823 826/826 827/827
f 827/827 828/828 823/823
f 823/823 828/828 576/576
f 828/828 827/827 829/829
f 829/829 830/830 828/828
f 828/828 830/830 577/577
f 577/577 830/830 581/581
f 581/581 830/830 829/829
f 827/827 831/831 829/829
f 582/582 829/829 831/831
f 831/831 832/832 582/582
f 831/831 833/833 832/832
f 834/834 832/832 833/833
f 833/833 835/835 834/834
f 835/835 836/836 834/834
f 837/837 834/834 836/836
f 836/836 588/588 837/837
f 588/588 836/836 838/838
f 839/839 838/838 836/836
f 838/838 839/839 840/840
f 840/840 841/841 838/838
f 590/590 838/838 841/841
f 841/841 842/842 590/590
f 843/843 842/842 841/841
f 841/841 844/844 843/843
f 845/845 843/843 844/844
f 844/844 846/846 845/845
f 847/847 845/845 846/846
f 847/847 846/846 848/848
f 848/848 849/849 847/847
f 850/850 847/847 849/849
f 851/851 850/850 849/849
f 850/850 851/851 852/852
f 853/853 850/850 852/852
f 852/852 854/854 853/853
f 853/853 854/854 855/855
f 855/855 856/856 853/853
f 853/853 856/856 857/857
f 857/857 858/858 853/853
f 853/853 858/858 859/859
f 860/860 859/859 858/858
f 858/858 861/861 860/860
f 860/860 861/861 862/862
f 862/862 863/863 860/860
f 860/860 863/863 845/845
f 864/864 845/845 863/863
f 863/863 865/865 864/864
f 866/866 864/864 865/865
f 865/865 867/867 866/866
f 866/866 867/867 868/868
f 869/869 868/868 867/867
f 867/867 870/870 869/869
f 871/871 869/869 870/870
f 870/870 872/872 871/871
f 873/873 871/871 872/872
f 872/872 874/874 873/873
f 873/873 874/874 597/597
f 874/874 872/872 875/875
f 875/875 876/876 874/874
f 877/877 874/874 876/876
f 876/876 878/878 877/877
f 879/879 877/877 878/878
f 878/878 880/880 879/879
f 879/879 880/880 881/881
f 882/882 881/881 880/880
f 880/880 883/883 882/882
f 884/884 882/882 883/883
f 883/883 885/885 884/884
f 884/884 885/885 886/886
f 884/884 886/886 887/887
f 887/887 888/888 884/884
f 609/609 888/888 887/887
f 887/887 886/886 609/609
f 889/889 886/886 885/885
f 885/885 890/890 889/889
f 891/891 889/889 890/890
f 890/890 892/892 891/891
f 893/893 891/891 892/892
f 893/893 892/892 894/894
f 894/894 895/895 893/893
f 896/896 893/893 895/895
f 895/895 897/897 896/896
f 898/898 896/896 897/897
f 898/898 897/897 899/899
f 899/899 900/900 898/898
f 901/901 898/898 900/900
f 902/902 901/901 900/900
f 900/900 903/903 902/902
f 902/902 903/903 904/904
f 904/904 905/905 902/902
f 906/906 902/902 905/905
f 905/905 907/907 906/906
f 906/906 907/907 908/908
f 908/908 909/909 906/906
f 906/906 909/909 910/910
f 910/910 911/911 906/906
f 906/906 911/911 901/901
f 911/911 912/912 901/901
f 912/912 911/911 913/913
f 912/912 913/913 914/914
f 914/914 915/915 912/912
f 898/898 912/912 915/915
f 915/915 916/916 898/898
f 916/916 915/915 917/917
f 917/917 918/918 916/916
f 919/919 916/916 918/918
f 919/919 918/918 920/920
f 920/920 921/921 919/919
f 893/893 919/919 921/921
f 921/921 922/922 893/893
f 922/922 921/921 923/923
f 923/923 924/924 922/922
f 925/925 922/922 924/924
f 925/925 924/924 926/926
f 926/926 927/927 925/925
f 889/889 925/925 927/927
f 927/927 928/928 889/889
f 610/610 889/889 928/928
f 928/928 927/927 929/929
f 929/929 930/930 928/928
f 928/928 930/930 611/611
f 611/611 930/930 617/617
f 617/617 930/930 929/929
f 931/931 929/929 927/927
f 618/618 929/929 931/931
f 927/927 926/926 931/931
f 931/931 926/926 932/932
f 932/932 933/933 931/931
f 931/931 933/933 623/623
f 933/933 932/932 934/934
f 934/934 935/935 933/933
f 933/933 935/935 625/625
f 625/625 935/935 936/936
f 936/936 935/935 934/934
f 934/934 937/937 936/936
f 938/938 936/936 937/937
f 937/937 939/939 938/938
f 938/938 939/939 940/940
f 940/940 941/941 938/938
f 938/938 941/941 942/942
f 942/942 943/943 938/938
f 938/938 943/943 626/626
f 943/943 942/942 944/944
f 944/944 945/945 943/943
f 943/943 945/945 627/627
f 627/627 945/945 946/946
f 946/946 945/945 944/944
f 944/944 947/947 946/946
f 634/634 946/946 947/947
f 947/947 948/948 634/634
f 634/634 948/948 639/639
f 646/646 639/639 948/948
f 948/948 949/949 646/646
f 646/646 949/949 950/950
f 950/950 949/949 951/951
f 951/951 952/952 950/950
f 953/953 950/950 952/952
f 952/952 954/954 953/953
f 953/953 954/954 955/955
f 955/955 956/956 953/953
f 953/953 956/956 957/957
f 957/957 958/958 953/953
f 953/953 958/958 647/647
f 649/649 647/647 958/958
f 959/959 649/649 958/958
f 665/665 959/959 958/958
f 960/960 665/665 958/958
f 658/658 960/960 958/958
f 665/665 960/960 655/655
f 959/959 665/665 655/655
f 649/649 961/961 647/647
f 961/961 651/651 647/647
f 958/958 957/957 658/658
f 661/661 658/658 957/957
f 962/962 957/957 956/956
f 956/956 963/963 962/962
f 962/962 963/963 964/964
f 964/964 965/965 962/962
f 962/962 965/965 966/966
f 966/966 660/660 962/962
f 663/663 962/962 660/660
f 967/967 660/660 966/966
f 968/968 660/660 967/967
f 968/968 967/967 969/969
f 969/969 970/970 968/968
f 970/970 971/971 968/968
f 972/972 968/968 971/971
f 972/972 971/971 973/973
f 973/973 974/974 972/972
f 660/660 972/972 974/974
f 974/974 975/975 660/660
f 660/660 975/975 667/667
f 975/975 974/974 976/976
f 976/976 977/977 975/975
f 975/975 977/977 669/669
f 669/669 977/977 673/673
f 673/673 977/977 976/976
f 978/978 976/976 974/974
f 674/674 976/976 978/978
f 978/978 979/979 674/674
f 980/980 979/979 978/978
f 978/978 981/981 980/980
f 982/982 980/980 981/981
f 981/981 983/983 982/982
f 982/982 983/983 984/984
f 984/984 985/985 982/982
f 986/986 982/982 985/985
f 985/985 987/987 986/986
f 987/987 988/988 986/986
f 986/986 988/988 980/980
f 988/988 987/987 989/989
f 988/988 989/989 990/990
f 4146/4146 4331/4331 4335/4335
f 4331/4331 4146/4146 4145/4145
f 4145/4145 4332/4332 4331/4331
f 988/988 991/991 979/979
f 979/979 991/991 675/675
f 4333/4333 4332/4332 4145/4145
f 4145/4145 4143/4143 4333/4333
f 4143/4143 4145/4145 4144/4144
f 4144/4144 4145/4145 4146/4146
f 4146/4146 4147/4147 4144/4144
f 4144/4144 4147/4147 4249/4249
f 4249/4249 4248/4248 4144/4144
f 4144/4144 4248/4248 4247/4247
f 4247/4247 4142/4142 4144/4144
f 4142/4142 4247/4247 4246/4246
f 4352/4352 4246/4246 4247/4247
f 992/992 993/993 994/994
f 994/994 993/993 995/995
f 995/995 996/996 994/994
f 994/994 996/996 997/997
f 997/997 998/998 994/994
f 994/994 998/998 999/999
f 998/998 997/997 1000/1000
f 1000/1000 1001/1001 998/998
f 998/998 1001/1001 1002/1002
f 1002/1002 1001/1001 684/684
f 684/684 1001/1001 1000/1000
f 1003/1003 1000/1000 997/997
f 997/997 1004/1004 1003/1003
f 1003/1003 1004/1004 1005/1005
f 1005/1005 1006/1006 1003/1003
f 1003/1003 1006/1006 1007/1007
f 1007/1007 1008/1008 1003/1003
f 1003/1003 1008/1008 685/685
f 1008/1008 1007/1007 1009/1009
f 1009/1009 1010/1010 1008/1008
f 1008/1008 1010/1010 686/686
f 686/686 1010/1010 694/694
f 694/694 1010/1010 1009/1009
f 1011/1011 1009/1009 1007/1007
f 1007/1007 1012/1012 1011/1011
f 1011/1011 1012/1012 1013/1013
f 1013/1013 1014/1014 1011/1011
f 1011/1011 1014/1014 1015/1015
f 1015/1015 1016/1016 1011/1011
f 1011/1011 1016/1016 695/695
f 1016/1016 1015/1015 1017/1017
f 1017/1017 1018/1018 1016/1016
f 1016/1016 1018/1018 696/696
f 696/696 1018/1018 702/702
f 702/702 1018/1018 1017/1017
f 1019/1019 1017/1017 1015/1015
f 1015/1015 1020/1020 1019/1019
f 1019/1019 1020/1020 1021/1021
f 1021/1021 1022/1022 1019/1019
f 1019/1019 1022/1022 708/708
f 1022/1022 1021/1021 1023/1023
f 1023/1023 1024/1024 1022/1022
f 1022/1022 1024/1024 710/710
f 710/710 1024/1024 1025/1025
f 1025/1025 1024/1024 1023/1023
f 1023/1023 1026/1026 1025/1025
f 1027/1027 1025/1025 1026/1026
f 1026/1026 1028/1028 1027/1027
f 1027/1027 1028/1028 1029/1029
f 1029/1029 1030/1030 1027/1027
f 1027/1027 1030/1030 1031/1031
f 1031/1031 1032/1032 1027/1027
f 1027/1027 1032/1032 711/711
f 1032/1032 1031/1031 1033/1033
f 1033/1033 1034/1034 1032/1032
f 1032/1032 1034/1034 712/712
f 712/712 1034/1034 717/717
f 717/717 1034/1034 1033/1033
f 1035/1035 1033/1033 1031/1031
f 1031/1031 1036/1036 1035/1035
f 1035/1035 1036/1036 1037/1037
f 1037/1037 1038/1038 1035/1035
f 1035/1035 1038/1038 1039/1039
f 1039/1039 1040/1040 1035/1035
f 1035/1035 1040/1040 718/718
f 1040/1040 1039/1039 1041/1041
f 1041/1041 1042/1042 1040/1040
f 1040/1040 1042/1042 719/719
f 719/719 1042/1042 1043/1043
f 1043/1043 1042/1042 1041/1041
f 1041/1041 1044/1044 1043/1043
f 1045/1045 1043/1043 1044/1044
f 1044/1044 1046/1046 1045/1045
f 1045/1045 1046/1046 1047/1047
f 1047/1047 1048/1048 1045/1045
f 1045/1045 1048/1048 725/725
f 1048/1048 1047/1047 1049/1049
f 1049/1049 1050/1050 1048/1048
f 1048/1048 1050/1050 727/727
f 727/727 1050/1050 1051/1051
f 1051/1051 1050/1050 1049/1049
f 1049/1049 1052/1052 1051/1051
f 1053/1053 1051/1051 1052/1052
f 1052/1052 1054/1054 1053/1053
f 1053/1053 1054/1054 1055/1055
f 1055/1055 1056/1056 1053/1053
f 1053/1053 1056/1056 733/733
f 1056/1056 1055/1055 1057/1057
f 1057/1057 1058/1058 1056/1056
f 1056/1056 1058/1058 735/735
f 735/735 1058/1058 1059/1059
f 1059/1059 1058/1058 1057/1057
f 1057/1057 1060/1060 1059/1059
f 1061/1061 1059/1059 1060/1060
f 1060/1060 1062/1062 1061/1061
f 1061/1061 1062/1062 1063/1063
f 1063/1063 1064/1064 1061/1061
f 1061/1061 1064/1064 741/741
f 1064/1064 1063/1063 1065/1065
f 1065/1065 1066/1066 1064/1064
f 1064/1064 1066/1066 743/743
f 743/743 1066/1066 1067/1067
f 1067/1067 1066/1066 1065/1065
f 1065/1065 1068/1068 1067/1067
f 1069/1069 1067/1067 1068/1068
f 1068/1068 1070/1070 1069/1069
f 1069/1069 1070/1070 1071/1071
f 1071/1071 1072/1072 1069/1069
f 1069/1069 1072/1072 749/749
f 1072/1072 1071/1071 1073/1073
f 1073/1073 1074/1074 1072/1072
f 1072/1072 1074/1074 751/751
f 751/751 1074/1074 1075/1075
f 1075/1075 1074/1074 1073/1073
f 1073/1073 1076/1076 1075/1075
f 1077/1077 1075/1075 1076/1076
f 1076/1076 1078/1078 1077/1077
f 1077/1077 1078/1078 1079/1079
f 1079/1079 1080/1080 1077/1077
f 1077/1077 1080/1080 757/757
f 1080/1080 1079/1079 1081/1081
f 1081/1081 1082/1082 1080/1080
f 1080/1080 1082/1082 759/759
f 759/759 1082/1082 1083/1083
f 1083/1083 1082/1082 1081/1081
f 1081/1081 1084/1084 1083/1083
f 1085/1085 1083/1083 1084/1084
f 1084/1084 1086/1086 1085/1085
f 1085/1085 1086/1086 1087/1087
f 1087/1087 1088/1088 1085/1085
f 1085/1085 1088/1088 1089/1089
f 1089/1089 1090/1090 1085/1085
f 1085/1085 1090/1090 760/760
f 1090/1090 1089/1089 1091/1091
f 1091/1091 1092/1092 1090/1090
f 1090/1090 1092/1092 761/761
f 761/761 1092/1092 766/766
f 766/766 1092/1092 1091/1091
f 1093/1093 1091/1091 1089/1089
f 1089/1089 1094/1094 1093/1093
f 1093/1093 1094/1094 1095/1095
f 1095/1095 1096/1096 1093/1093
f 1093/1093 1096/1096 1097/1097
f 1097/1097 1098/1098 1093/1093
f 1093/1093 1098/1098 767/767
f 1098/1098 1097/1097 1099/1099
f 1099/1099 1100/1100 1098/1098
f 1098/1098 1100/1100 768/768
f 768/768 1100/1100 1101/1101
f 1101/1101 1100/1100 1099/1099
f 1099/1099 1102/1102 1101/1101
f 1103/1103 1101/1101 1102/1102
f 1102/1102 1104/1104 1103/1103
f 1103/1103 1104/1104 1105/1105
f 1105/1105 1106/1106 1103/1103
f 1103/1103 1106/1106 1107/1107
f 1107/1107 1108/1108 1103/1103
f 1103/1103 1108/1108 769/769
f 1108/1108 1107/1107 774/774
f 1109/1109 774/774 1107/1107
f 1107/1107 1110/1110 1109/1109
f 1109/1109 1110/1110 1111/1111
f 1111/1111 1112/1112 1109/1109
f 1109/1109 1112/1112 781/781
f 1112/1112 1111/1111 1113/1113
f 1113/1113 1114/1114 1112/1112
f 783/783 1112/1112 1114/1114
f 783/783 1114/1114 1115/1115
f 1115/1115 1114/1114 1113/1113
f 1113/1113 1116/1116 1115/1115
f 1117/1117 1115/1115 1116/1116
f 1116/1116 1118/1118 1117/1117
f 1117/1117 1118/1118 1119/1119
f 1119/1119 1120/1120 1117/1117
f 1117/1117 1120/1120 789/789
f 4262/4262 4261/4261 4171/4171
f 4171/4171 4173/4173 4262/4262
f 4262/4262 4173/4173 4174/4174
f 4174/4174 4173/4173 4172/4172
f 4172/4172 4173/4173 4171/4171
f 4171/4171 4170/4170 4172/4172
f 4170/4170 4291/4291 4172/4172
f 1121/1121 1122/1122 1123/1123
f 1124/1124 1121/1121 1123/1123
f 1121/1121 1124/1124 1125/1125
f 1121/1121 1125/1125 1126/1126
f 4338/4338 4175/4175 4339/4339
f 1127/1127 1125/1125 1124/1124
f 1127/1127 1124/1124 1128/1128
f 1129/1129 1127/1127 1128/1128
f 1128/1128 1130/1130 1129/1129
f 1131/1131 1129/1129 1130/1130
f 1130/1130 1132/1132 1131/1131
f 1131/1131 1132/1132 1133/1133
f 1133/1133 1134/1134 1131/1131
f 793/793 1131/1131 1134/1134
f 1134/1134 1133/1133 802/802
f 802/802 564/564 1134/1134
f 795/795 1134/1134 564/564
f 802/802 1135/1135 564/564
f 1135/1135 802/802 1136/1136
f 806/806 1135/1135 1136/1136
f 806/806 1136/1136 809/809
f 809/809 1136/1136 1137/1137
f 1138/1138 809/809 1137/1137
f 1136/1136 1138/1138 1137/1137
f 1136/1136 1139/1139 1138/1138
f 802/802 1138/1138 1139/1139
f 1140/1140 802/802 1139/1139
f 1141/1141 1140/1140 1139/1139
f 1142/1142 1141/1141 1139/1139
f 1143/1143 1142/1142 1139/1139
f 1144/1144 1143/1143 1139/1139
f 1143/1143 1144/1144 1145/1145
f 1145/1145 1144/1144 1146/1146
f 1145/1145 1146/1146 1147/1147
f 1145/1145 1147/1147 1148/1148
f 1148/1148 1149/1149 1145/1145
f 1149/1149 1150/1150 1145/1145
f 1150/1150 1142/1142 1145/1145
f 1150/1150 1151/1151 1142/1142
f 1151/1151 1144/1144 1142/1142
f 1144/1144 1152/1152 1142/1142
f 1152/1152 1144/1144 1153/1153
f 1141/1141 1152/1152 1153/1153
f 1153/1153 810/810 1141/1141
f 1141/1141 810/810 1138/1138
f 810/810 1153/1153 1154/1154
f 1154/1154 1153/1153 1155/1155
f 1155/1155 1156/1156 1154/1154
f 1154/1154 1156/1156 1157/1157
f 1157/1157 1158/1158 1154/1154
f 1154/1154 1158/1158 814/814
f 1158/1158 1157/1157 1159/1159
f 1159/1159 1160/1160 1158/1158
f 1158/1158 1160/1160 816/816
f 816/816 1160/1160 1161/1161
f 1161/1161 1160/1160 1159/1159
f 1159/1159 1162/1162 1161/1161
f 1163/1163 1161/1161 1162/1162
f 1162/1162 1164/1164 1163/1163
f 1163/1163 1164/1164 1165/1165
f 1165/1165 1166/1166 1163/1163
f 1163/1163 1166/1166 1167/1167
f 1167/1167 1168/1168 1163/1163
f 1163/1163 1168/1168 817/817
f 1168/1168 1167/1167 1169/1169
f 1169/1169 1170/1170 1168/1168
f 1168/1168 1170/1170 818/818
f 818/818 1170/1170 824/824
f 824/824 1170/1170 1169/1169
f 1167/1167 1171/1171 1169/1169
f 825/825 1169/1169 1171/1171
f 1171/1171 1172/1172 825/825
f 1171/1171 1173/1173 1172/1172
f 1174/1174 1172/1172 1173/1173
f 1173/1173 1175/1175 1174/1174
f 1176/1176 1174/1174 1175/1175
f 1175/1175 1177/1177 1176/1176
f 1178/1178 1176/1176 1177/1177
f 1177/1177 1179/1179 1178/1178
f 1180/1180 1178/1178 1179/1179
f 1180/1180 1179/1179 1181/1181
f 1181/1181 1182/1182 1180/1180
f 1180/1180 1182/1182 835/835
f 848/848 835/835 1182/1182
f 1182/1182 851/851 848/848
f 1183/1183 851/851 1182/1182
f 1182/1182 1181/1181 1183/1183
f 1184/1184 1183/1183 1181/1181
f 1181/1181 1177/1177 1184/1184
f 1183/1183 1184/1184 1185/1185
f 1183/1183 1185/1185 1186/1186
f 1186/1186 1187/1187 1183/1183
f 852/852 1183/1183 1187/1187
f 1187/1187 1186/1186 1188/1188
f 1188/1188 1189/1189 1187/1187
f 1187/1187 1189/1189 854/854
f 854/854 1189/1189 1190/1190
f 1190/1190 1189/1189 1188/1188
f 1188/1188 1191/1191 1190/1190
f 1192/1192 1190/1190 1191/1191
f 1191/1191 1193/1193 1192/1192
f 1192/1192 1193/1193 1194/1194
f 1194/1194 1195/1195 1192/1192
f 1192/1192 1195/1195 1196/1196
f 1196/1196 1197/1197 1192/1192
f 1192/1192 1197/1197 855/855
f 1197/1197 1196/1196 1198/1198
f 1198/1198 1199/1199 1197/1197
f 1197/1197 1199/1199 856/856
f 856/856 1199/1199 1200/1200
f 1200/1200 1199/1199 1198/1198
f 1198/1198 1201/1201 1200/1200
f 1202/1202 1200/1200 1201/1201
f 1201/1201 1203/1203 1202/1202
f 1202/1202 1203/1203 1204/1204
f 1204/1204 1205/1205 1202/1202
f 1202/1202 1205/1205 1206/1206
f 1206/1206 1207/1207 1202/1202
f 1202/1202 1207/1207 857/857
f 1207/1207 1206/1206 862/862
f 1208/1208 862/862 1206/1206
f 1206/1206 1209/1209 1208/1208
f 1208/1208 1209/1209 1210/1210
f 1210/1210 1211/1211 1208/1208
f 1208/1208 1211/1211 1212/1212
f 1212/1212 865/865 1208/1208
f 1213/1213 1212/1212 1211/1211
f 1211/1211 1214/1214 1213/1213
f 1213/1213 1214/1214 1215/1215
f 1215/1215 1216/1216 1213/1213
f 1213/1213 1216/1216 870/870
f 1217/1217 870/870 1216/1216
f 1216/1216 1218/1218 1217/1217
f 1219/1219 1217/1217 1218/1218
f 1218/1218 1220/1220 1219/1219
f 1219/1219 1220/1220 875/875
f 1220/1220 1218/1218 1221/1221
f 1221/1221 1222/1222 1220/1220
f 1220/1220 1222/1222 876/876
f 1222/1222 1221/1221 1223/1223
f 1223/1223 1224/1224 1222/1222
f 1225/1225 1222/1222 1224/1224
f 1224/1224 1226/1226 1225/1225
f 1227/1227 1225/1225 1226/1226
f 1226/1226 1228/1228 1227/1227
f 1227/1227 1228/1228 1229/1229
f 1229/1229 1228/1228 1230/1230
f 1229/1229 1230/1230 883/883
f 883/883 1231/1231 1229/1229
f 1225/1225 1229/1229 1231/1231
f 883/883 1230/1230 1232/1232
f 1233/1233 1232/1232 1230/1230
f 1230/1230 1234/1234 1233/1233
f 894/894 1233/1233 1234/1234
f 1234/1234 1235/1235 894/894
f 1234/1234 1236/1236 1235/1235
f 1237/1237 1235/1235 1236/1236
f 1238/1238 1237/1237 1236/1236
f 1236/1236 1239/1239 1238/1238
f 1238/1238 1239/1239 1240/1240
f 1240/1240 1241/1241 1238/1238
f 1238/1238 1241/1241 1242/1242
f 1242/1242 1243/1243 1238/1238
f 1238/1238 1243/1243 899/899
f 1243/1243 1242/1242 904/904
f 1244/1244 904/904 1242/1242
f 1242/1242 1245/1245 1244/1244
f 1244/1244 1245/1245 1246/1246
f 1246/1246 1247/1247 1244/1244
f 1244/1244 1247/1247 1248/1248
f 1248/1248 1249/1249 1244/1244
f 1244/1244 1249/1249 905/905
f 1249/1249 1248/1248 1250/1250
f 1250/1250 1251/1251 1249/1249
f 1249/1249 1251/1251 907/907
f 907/907 1251/1251 1252/1252
f 1252/1252 1251/1251 1250/1250
f 1250/1250 1253/1253 1252/1252
f 1254/1254 1252/1252 1253/1253
f 1253/1253 1255/1255 1254/1254
f 1254/1254 1255/1255 1256/1256
f 1256/1256 1257/1257 1254/1254
f 1254/1254 1257/1257 1258/1258
f 1258/1258 1259/1259 1254/1254
f 1254/1254 1259/1259 908/908
f 1259/1259 1258/1258 1260/1260
f 1260/1260 1261/1261 1259/1259
f 1259/1259 1261/1261 909/909
f 909/909 1261/1261 1262/1262
f 1262/1262 1261/1261 1260/1260
f 1260/1260 1263/1263 1262/1262
f 1263/1263 1264/1264 1262/1262
f 910/910 1262/1262 1264/1264
f 1264/1264 1265/1265 910/910
f 1264/1264 1266/1266 1265/1265
f 914/914 1265/1265 1266/1266
f 1266/1266 1267/1267 914/914
f 1267/1267 1266/1266 1268/1268
f 1267/1267 1268/1268 1269/1269
f 1269/1269 1270/1270 1267/1267
f 1271/1271 1267/1267 1270/1270
f 1270/1270 1272/1272 1271/1271
f 1273/1273 1271/1271 1272/1272
f 1273/1273 1272/1272 937/937
f 1271/1271 1273/1273 920/920
f 920/920 917/917 1271/1271
f 1272/1272 1270/1270 1274/1274
f 1272/1272 1274/1274 939/939
f 1275/1275 939/939 1274/1274
f 1275/1275 1274/1274 1270/1270
f 1267/1267 1271/1271 917/917
f 1270/1270 1269/1269 1275/1275
f 1276/1276 1275/1275 1269/1269
f 1269/1269 1277/1277 1276/1276
f 1278/1278 1276/1276 1277/1277
f 1277/1277 1279/1279 1278/1278
f 1280/1280 1278/1278 1279/1279
f 1279/1279 1281/1281 1280/1280
f 1282/1282 1280/1280 1281/1281
f 1281/1281 1283/1283 1282/1282
f 1284/1284 1282/1282 1283/1283
f 1283/1283 1285/1285 1284/1284
f 1285/1285 1286/1286 1284/1284
f 1286/1286 1285/1285 1287/1287
f 1287/1287 1288/1288 1286/1286
f 1286/1286 1288/1288 1289/1289
f 1286/1286 1289/1289 1282/1282
f 1290/1290 1289/1289 1288/1288
f 1288/1288 1291/1291 1290/1290
f 1292/1292 1290/1290 1291/1291
f 1291/1291 1293/1293 1292/1292
f 1292/1292 1293/1293 1294/1294
f 1294/1294 1295/1295 1292/1292
f 1296/1296 1292/1292 1295/1295
f 1295/1295 1297/1297 1296/1296
f 1296/1296 1297/1297 1290/1290
f 1297/1297 1295/1295 1298/1298
f 1298/1298 1280/1280 1297/1297
f 1289/1289 1297/1297 1280/1280
f 1280/1280 1298/1298 1299/1299
f 1300/1300 1299/1299 1298/1298
f 1298/1298 1301/1301 1300/1300
f 1300/1300 1301/1301 1302/1302
f 1300/1300 1302/1302 1303/1303
f 1303/1303 1304/1304 1300/1300
f 1304/1304 1303/1303 1305/1305
f 1305/1305 1299/1299 1304/1304
f 1299/1299 1305/1305 1278/1278
f 1306/1306 1305/1305 1303/1303
f 1306/1306 1303/1303 1307/1307
f 1307/1307 1308/1308 1306/1306
f 1309/1309 1306/1306 1308/1308
f 1308/1308 1310/1310 1309/1309
f 1309/1309 1310/1310 941/941
f 941/941 1310/1310 1311/1311
f 1311/1311 1310/1310 1308/1308
f 1308/1308 1312/1312 1311/1311
f 1313/1313 1311/1311 1312/1312
f 1312/1312 1314/1314 1313/1313
f 1313/1313 1314/1314 952/952
f 1314/1314 1312/1312 1315/1315
f 1315/1315 1316/1316 1314/1314
f 1314/1314 1316/1316 954/954
f 954/954 1316/1316 1317/1317
f 1317/1317 1316/1316 1315/1315
f 1315/1315 1318/1318 1317/1317
f 1319/1319 1317/1317 1318/1318
f 1318/1318 1320/1320 1319/1319
f 1319/1319 1320/1320 1321/1321
f 1321/1321 1322/1322 1319/1319
f 1319/1319 1322/1322 1323/1323
f 1323/1323 1324/1324 1319/1319
f 1319/1319 1324/1324 955/955
f 1324/1324 1323/1323 964/964
f 1325/1325 964/964 1323/1323
f 1323/1323 1326/1326 1325/1325
f 1325/1325 1326/1326 1327/1327
f 1327/1327 1328/1328 1325/1325
f 1325/1325 1328/1328 1329/1329
f 1329/1329 1330/1330 1325/1325
f 1325/1325 1330/1330 965/965
f 972/972 965/965 1330/1330
f 1331/1331 972/972 1330/1330
f 971/971 1331/1331 1330/1330
f 1332/1332 971/971 1330/1330
f 1333/1333 1332/1332 1330/1330
f 1332/1332 1333/1333 1334/1334
f 1334/1334 1333/1333 1335/1335
f 1336/1336 1334/1334 1335/1335
f 971/971 1336/1336 1335/1335
f 1335/1335 1337/1337 971/971
f 1337/1337 1333/1333 971/971
f 1333/1333 1337/1337 1338/1338
f 1339/1339 1333/1333 1338/1338
f 1340/1340 1339/1339 1338/1338
f 1338/1338 1335/1335 1340/1340
f 1341/1341 1340/1340 1335/1335
f 1342/1342 1341/1341 1335/1335
f 1341/1341 1342/1342 1340/1340
f 1342/1342 1333/1333 1340/1340
f 1340/1340 1333/1333 1329/1329
f 1329/1329 1339/1339 1340/1340
f 1329/1329 1343/1343 1339/1339
f 1339/1339 1343/1343 1341/1341
f 1343/1343 1344/1344 1341/1341
f 1341/1341 1344/1344 1345/1345
f 1345/1345 1333/1333 1341/1341
f 1346/1346 1333/1333 1345/1345
f 1345/1345 1347/1347 1346/1346
f 1347/1347 1341/1341 1346/1346
f 1346/1346 1341/1341 1348/1348
f 1341/1341 1349/1349 1348/1348
f 981/981 1348/1348 1349/1349
f 1350/1350 1349/1349 1341/1341
f 1341/1341 1351/1351 1350/1350
f 1352/1352 1350/1350 1351/1351
f 1351/1351 1353/1353 1352/1352
f 1352/1352 1353/1353 1354/1354
f 1354/1354 1355/1355 1352/1352
f 1356/1356 1352/1352 1355/1355
f 1355/1355 1357/1357 1356/1356
f 1356/1356 1357/1357 1358/1358
f 1358/1358 1359/1359 1356/1356
f 1356/1356 1359/1359 985/985
f 1359/1359 1358/1358 1360/1360
f 1360/1360 1361/1361 1359/1359
f 1359/1359 1361/1361 987/987
f 4326/4326 4330/4330 4153/4153
f 4153/4153 4151/4151 4326/4326
f 4151/4151 4327/4327 4326/4326
f 4327/4327 4151/4151 4148/4148
f 1362/1362 989/989 1363/1363
f 4148/4148 4146/4146 4305/4305
f 4148/4148 4151/4151 4150/4150
f 4150/4150 4149/4149 4148/4148
f 4148/4148 4149/4149 4147/4147
f 4147/4147 4149/4149 4250/4250
f 4250/4250 4149/4149 4150/4150
f 4150/4150 4251/4251 4250/4250
f 1364/1364 1365/1365 1366/1366
f 1366/1366 1367/1367 1364/1364
f 1364/1364 1367/1367 1368/1368
f 1368/1368 1369/1369 1364/1364
f 1364/1364 1369/1369 1370/1370
f 1370/1370 1371/1371 1364/1364
f 1364/1364 1371/1371 1372/1372
f 1371/1371 1370/1370 1373/1373
f 1373/1373 1374/1374 1371/1371
f 1375/1375 1371/1371 1374/1374
f 1375/1375 1374/1374 993/993
f 993/993 1374/1374 1373/1373
f 1376/1376 1373/1373 1370/1370
f 1370/1370 1377/1377 1376/1376
f 1376/1376 1377/1377 1378/1378
f 1378/1378 1379/1379 1376/1376
f 1376/1376 1379/1379 1380/1380
f 1380/1380 1381/1381 1376/1376
f 1376/1376 1381/1381 995/995
f 1381/1381 1380/1380 1382/1382
f 1382/1382 1383/1383 1381/1381
f 1381/1381 1383/1383 996/996
f 996/996 1383/1383 1004/1004
f 1004/1004 1383/1383 1382/1382
f 1384/1384 1382/1382 1380/1380
f 1380/1380 1385/1385 1384/1384
f 1384/1384 1385/1385 1386/1386
f 1386/1386 1387/1387 1384/1384
f 1384/1384 1387/1387 1388/1388
f 1388/1388 1389/1389 1384/1384
f 1384/1384 1389/1389 1005/1005
f 1389/1389 1388/1388 1390/1390
f 1390/1390 1391/1391 1389/1389
f 1389/1389 1391/1391 1006/1006
f 1006/1006 1391/1391 1012/1012
f 1012/1012 1391/1391 1390/1390
f 1392/1392 1390/1390 1388/1388
f 1388/1388 1393/1393 1392/1392
f 1392/1392 1393/1393 1394/1394
f 1394/1394 1395/1395 1392/1392
f 1392/1392 1395/1395 1396/1396
f 1396/1396 1397/1397 1392/1392
f 1392/1392 1397/1397 1013/1013
f 1397/1397 1396/1396 1398/1398
f 1398/1398 1399/1399 1397/1397
f 1397/1397 1399/1399 1014/1014
f 1014/1014 1399/1399 1020/1020
f 1020/1020 1399/1399 1398/1398
f 1400/1400 1398/1398 1396/1396
f 1396/1396 1401/1401 1400/1400
f 1400/1400 1401/1401 1402/1402
f 1402/1402 1403/1403 1400/1400
f 1400/1400 1403/1403 1026/1026
f 1403/1403 1402/1402 1404/1404
f 1404/1404 1405/1405 1403/1403
f 1403/1403 1405/1405 1028/1028
f 1028/1028 1405/1405 1406/1406
f 1406/1406 1405/1405 1404/1404
f 1404/1404 1407/1407 1406/1406
f 1408/1408 1406/1406 1407/1407
f 1407/1407 1409/1409 1408/1408
f 1408/1408 1409/1409 1410/1410
f 1410/1410 1411/1411 1408/1408
f 1408/1408 1411/1411 1412/1412
f 1412/1412 1413/1413 1408/1408
f 1408/1408 1413/1413 1029/1029
f 1413/1413 1412/1412 1414/1414
f 1414/1414 1415/1415 1413/1413
f 1413/1413 1415/1415 1030/1030
f 1030/1030 1415/1415 1036/1036
f 1036/1036 1415/1415 1414/1414
f 1416/1416 1414/1414 1412/1412
f 1412/1412 1417/1417 1416/1416
f 1416/1416 1417/1417 1418/1418
f 1418/1418 1419/1419 1416/1416
f 1416/1416 1419/1419 1420/1420
f 1420/1420 1421/1421 1416/1416
f 1416/1416 1421/1421 1037/1037
f 1421/1421 1420/1420 1422/1422
f 1422/1422 1423/1423 1421/1421
f 1421/1421 1423/1423 1038/1038
f 1038/1038 1423/1423 1424/1424
f 1424/1424 1423/1423 1422/1422
f 1422/1422 1425/1425 1424/1424
f 1426/1426 1424/1424 1425/1425
f 1425/1425 1427/1427 1426/1426
f 1426/1426 1427/1427 1428/1428
f 1428/1428 1429/1429 1426/1426
f 1426/1426 1429/1429 1044/1044
f 1429/1429 1428/1428 1430/1430
f 1430/1430 1431/1431 1429/1429
f 1429/1429 1431/1431 1046/1046
f 1046/1046 1431/1431 1432/1432
f 1432/1432 1431/1431 1430/1430
f 1430/1430 1433/1433 1432/1432
f 1434/1434 1432/1432 1433/1433
f 1433/1433 1435/1435 1434/1434
f 1434/1434 1435/1435 1436/1436
f 1436/1436 1437/1437 1434/1434
f 1434/1434 1437/1437 1052/1052
f 1437/1437 1436/1436 1438/1438
f 1438/1438 1439/1439 1437/1437
f 1437/1437 1439/1439 1054/1054
f 1054/1054 1439/1439 1440/1440
f 1440/1440 1439/1439 1438/1438
f 1438/1438 1441/1441 1440/1440
f 1442/1442 1440/1440 1441/1441
f 1441/1441 1443/1443 1442/1442
f 1442/1442 1443/1443 1444/1444
f 1444/1444 1445/1445 1442/1442
f 1442/1442 1445/1445 1060/1060
f 1445/1445 1444/1444 1446/1446
f 1446/1446 1447/1447 1445/1445
f 1445/1445 1447/1447 1062/1062
f 1062/1062 1447/1447 1448/1448
f 1448/1448 1447/1447 1446/1446
f 1446/1446 1449/1449 1448/1448
f 1450/1450 1448/1448 1449/1449
f 1449/1449 1451/1451 1450/1450
f 1450/1450 1451/1451 1452/1452
f 1452/1452 1453/1453 1450/1450
f 1450/1450 1453/1453 1068/1068
f 1453/1453 1452/1452 1454/1454
f 1454/1454 1455/1455 1453/1453
f 1453/1453 1455/1455 1070/1070
f 1070/1070 1455/1455 1456/1456
f 1456/1456 1455/1455 1454/1454
f 1454/1454 1457/1457 1456/1456
f 1458/1458 1456/1456 1457/1457
f 1457/1457 1459/1459 1458/1458
f 1458/1458 1459/1459 1460/1460
f 1460/1460 1461/1461 1458/1458
f 1458/1458 1461/1461 1076/1076
f 1461/1461 1460/1460 1462/1462
f 1462/1462 1463/1463 1461/1461
f 1461/1461 1463/1463 1078/1078
f 1078/1078 1463/1463 1464/1464
f 1464/1464 1463/1463 1462/1462
f 1462/1462 1465/1465 1464/1464
f 1466/1466 1464/1464 1465/1465
f 1465/1465 1467/1467 1466/1466
f 1466/1466 1467/1467 1468/1468
f 1468/1468 1469/1469 1466/1466
f 1466/1466 1469/1469 1084/1084
f 1469/1469 1468/1468 1470/1470
f 1470/1470 1471/1471 1469/1469
f 1469/1469 1471/1471 1086/1086
f 1086/1086 1471/1471 1472/1472
f 1472/1472 1471/1471 1470/1470
f 1470/1470 1473/1473 1472/1472
f 1474/1474 1472/1472 1473/1473
f 1473/1473 1475/1475 1474/1474
f 1474/1474 1475/1475 1476/1476
f 1476/1476 1477/1477 1474/1474
f 1474/1474 1477/1477 1478/1478
f 1478/1478 1479/1479 1474/1474
f 1474/1474 1479/1479 1087/1087
f 1479/1479 1478/1478 1480/1480
f 1480/1480 1481/1481 1479/1479
f 1479/1479 1481/1481 1088/1088
f 1088/1088 1481/1481 1094/1094
f 1094/1094 1481/1481 1480/1480
f 1482/1482 1480/1480 1478/1478
f 1478/1478 1483/1483 1482/1482
f 1482/1482 1483/1483 1484/1484
f 1484/1484 1485/1485 1482/1482
f 1482/1482 1485/1485 1486/1486
f 1486/1486 1487/1487 1482/1482
f 1482/1482 1487/1487 1095/1095
f 1487/1487 1486/1486 1488/1488
f 1488/1488 1489/1489 1487/1487
f 1487/1487 1489/1489 1096/1096
f 1096/1096 1489/1489 1490/1490
f 1490/1490 1489/1489 1488/1488
f 1488/1488 1491/1491 1490/1490
f 1492/1492 1490/1490 1491/1491
f 1491/1491 1493/1493 1492/1492
f 1492/1492 1493/1493 1494/1494
f 1494/1494 1495/1495 1492/1492
f 1492/1492 1495/1495 1102/1102
f 1495/1495 1494/1494 1496/1496
f 1496/1496 1497/1497 1495/1495
f 1495/1495 1497/1497 1104/1104
f 1104/1104 1497/1497 1498/1498
f 1498/1498 1497/1497 1496/1496
f 1496/1496 1499/1499 1498/1498
f 1500/1500 1498/1498 1499/1499
f 1499/1499 1501/1501 1500/1500
f 1500/1500 1501/1501 1502/1502
f 1502/1502 1503/1503 1500/1500
f 1500/1500 1503/1503 1504/1504
f 1504/1504 1505/1505 1500/1500
f 1500/1500 1505/1505 1105/1105
f 1505/1505 1504/1504 1506/1506
f 1506/1506 1507/1507 1505/1505
f 1505/1505 1507/1507 1106/1106
f 1106/1106 1507/1507 1110/1110
f 1110/1110 1507/1507 1506/1506
f 1508/1508 1506/1506 1504/1504
f 1504/1504 1509/1509 1508/1508
f 1508/1508 1509/1509 1510/1510
f 1510/1510 1511/1511 1508/1508
f 1508/1508 1511/1511 1116/1116
f 1511/1511 1510/1510 1512/1512
f 1512/1512 1513/1513 1511/1511
f 1511/1511 1513/1513 1118/1118
f 1118/1118 1513/1513 1514/1514
f 1514/1514 1513/1513 1512/1512
f 1512/1512 1515/1515 1514/1514
f 4168/4168 4260/4260 4259/4259
f 4259/4259 4166/4166 4168/4168
f 4168/4168 4166/4166 4167/4167
f 4167/4167 4169/4169 4168/4168
f 4168/4168 4169/4169 4170/4170
f 4287/4287 4170/4170 4169/4169
f 4169/4169 4288/4288 4287/4287
f 1124/1124 1516/1516 1517/1517
f 1517/1517 1518/1518 1124/1124
f 1518/1518 1517/1517 1519/1519
f 1519/1519 1520/1520 1518/1518
f 1130/1130 1518/1518 1520/1520
f 1521/1521 1520/1520 1519/1519
f 1519/1519 1522/1522 1521/1521
f 1141/1141 1521/1521 1522/1522
f 1522/1522 1144/1144 1141/1141
f 1144/1144 1136/1136 1141/1141
f 1150/1150 1144/1144 1522/1522
f 1522/1522 1523/1523 1150/1150
f 1148/1148 1150/1150 1523/1523
f 1523/1523 1524/1524 1148/1148
f 1148/1148 1524/1524 1525/1525
f 1525/1525 1526/1526 1148/1148
f 1148/1148 1526/1526 1527/1527
f 1527/1527 1528/1528 1148/1148
f 1528/1528 1529/1529 1148/1148
f 1148/1148 1529/1529 1146/1146
f 1530/1530 1146/1146 1529/1529
f 1529/1529 1147/1147 1530/1530
f 1529/1529 1155/1155 1147/1147
f 1155/1155 1150/1150 1147/1147
f 1155/1155 1529/1529 1528/1528
f 1527/1527 1531/1531 1528/1528
f 1528/1528 1531/1531 1532/1532
f 1532/1532 1533/1533 1528/1528
f 1528/1528 1533/1533 1156/1156
f 1156/1156 1533/1533 1534/1534
f 1534/1534 1533/1533 1532/1532
f 1532/1532 1535/1535 1534/1534
f 1536/1536 1534/1534 1535/1535
f 1535/1535 1537/1537 1536/1536
f 1536/1536 1537/1537 1538/1538
f 1538/1538 1539/1539 1536/1536
f 1536/1536 1539/1539 1162/1162
f 1539/1539 1538/1538 1540/1540
f 1540/1540 1541/1541 1539/1539
f 1539/1539 1541/1541 1164/1164
f 1164/1164 1541/1541 1542/1542
f 1542/1542 1541/1541 1540/1540
f 1540/1540 1543/1543 1542/1542
f 1543/1543 1544/1544 1542/1542
f 1165/1165 1542/1542 1544/1544
f 1544/1544 1545/1545 1165/1165
f 1544/1544 1546/1546 1545/1545
f 1547/1547 1545/1545 1546/1546
f 1546/1546 1548/1548 1547/1547
f 1549/1549 1547/1547 1548/1548
f 1548/1548 1550/1550 1549/1549
f 1551/1551 1549/1549 1550/1550
f 1550/1550 1552/1552 1551/1551
f 1553/1553 1551/1551 1552/1552
f 1553/1553 1552/1552 1554/1554
f 1554/1554 1555/1555 1553/1553
f 1175/1175 1553/1553 1555/1555
f 1555/1555 1556/1556 1175/1175
f 1184/1184 1175/1175 1556/1556
f 1556/1556 1555/1555 1557/1557
f 1557/1557 1558/1558 1556/1556
f 1185/1185 1556/1556 1558/1558
f 1185/1185 1558/1558 1559/1559
f 1557/1557 1559/1559 1558/1558
f 1559/1559 1557/1557 1560/1560
f 1561/1561 1559/1559 1560/1560
f 1560/1560 1562/1562 1561/1561
f 1561/1561 1562/1562 1563/1563
f 1563/1563 1564/1564 1561/1561
f 1561/1561 1564/1564 1191/1191
f 1564/1564 1563/1563 1565/1565
f 1565/1565 1566/1566 1564/1564
f 1564/1564 1566/1566 1193/1193
f 1193/1193 1566/1566 1567/1567
f 1567/1567 1566/1566 1565/1565
f 1565/1565 1568/1568 1567/1567
f 1569/1569 1567/1567 1568/1568
f 1568/1568 1570/1570 1569/1569
f 1569/1569 1570/1570 1571/1571
f 1571/1571 1572/1572 1569/1569
f 1569/1569 1572/1572 1573/1573
f 1573/1573 1574/1574 1569/1569
f 1569/1569 1574/1574 1194/1194
f 1574/1574 1573/1573 1575/1575
f 1575/1575 1576/1576 1574/1574
f 1574/1574 1576/1576 1195/1195
f 1195/1195 1576/1576 1577/1577
f 1577/1577 1576/1576 1575/1575
f 1575/1575 1578/1578 1577/1577
f 1579/1579 1577/1577 1578/1578
f 1578/1578 1580/1580 1579/1579
f 1579/1579 1580/1580 1581/1581
f 1581/1581 1582/1582 1579/1579
f 1579/1579 1582/1582 1201/1201
f 1582/1582 1581/1581 1583/1583
f 1583/1583 1584/1584 1582/1582
f 1582/1582 1584/1584 1203/1203
f 1203/1203 1584/1584 1585/1585
f 1585/1585 1584/1584 1583/1583
f 1583/1583 1586/1586 1585/1585
f 1587/1587 1585/1585 1586/1586
f 1586/1586 1588/1588 1587/1587
f 1587/1587 1588/1588 1589/1589
f 1589/1589 1590/1590 1587/1587
f 1587/1587 1590/1590 1591/1591
f 1591/1591 1592/1592 1587/1587
f 1587/1587 1592/1592 1204/1204
f 1592/1592 1591/1591 1593/1593
f 1593/1593 1594/1594 1592/1592
f 1592/1592 1594/1594 1205/1205
f 1205/1205 1594/1594 1209/1209
f 1209/1209 1594/1594 1593/1593
f 1595/1595 1593/1593 1591/1591
f 1591/1591 1596/1596 1595/1595
f 1595/1595 1596/1596 1597/1597
f 1597/1597 1598/1598 1595/1595
f 1595/1595 1598/1598 1599/1599
f 1599/1599 1600/1600 1595/1595
f 1595/1595 1600/1600 1210/1210
f 1600/1600 1599/1599 1215/1215
f 1601/1601 1215/1215 1599/1599
f 1599/1599 1602/1602 1601/1601
f 1601/1601 1602/1602 1603/1603
f 1603/1603 1604/1604 1601/1601
f 1601/1601 1604/1604 1221/1221
f 1604/1604 1603/1603 1605/1605
f 1605/1605 1606/1606 1604/1604
f 1604/1604 1606/1606 1223/1223
f 1223/1223 1606/1606 1607/1607
f 1607/1607 1606/1606 1605/1605
f 1605/1605 1608/1608 1607/1607
f 1609/1609 1607/1607 1608/1608
f 1608/1608 1610/1610 1609/1609
f 1609/1609 1610/1610 1611/1611
f 1611/1611 1612/1612 1609/1609
f 1609/1609 1612/1612 1613/1613
f 1613/1613 1226/1226 1609/1609
f 1614/1614 1613/1613 1612/1612
f 1612/1612 1615/1615 1614/1614
f 1614/1614 1615/1615 1239/1239
f 1239/1239 1615/1615 1616/1616
f 1616/1616 1615/1615 1612/1612
f 1613/1613 1614/1614 1234/1234
f 1234/1234 1228/1228 1613/1613
f 1612/1612 1611/1611 1616/1616
f 1617/1617 1616/1616 1611/1611
f 1611/1611 1618/1618 1617/1617
f 1617/1617 1618/1618 1619/1619
f 1619/1619 1620/1620 1617/1617
f 1617/1617 1620/1620 1621/1621
f 1621/1621 1622/1622 1617/1617
f 1617/1617 1622/1622 1240/1240
f 1622/1622 1621/1621 1623/1623
f 1623/1623 1624/1624 1622/1622
f 1622/1622 1624/1624 1241/1241
f 1241/1241 1624/1624 1245/1245
f 1245/1245 1624/1624 1623/1623
f 1625/1625 1623/1623 1621/1621
f 1621/1621 1626/1626 1625/1625
f 1625/1625 1626/1626 1627/1627
f 1627/1627 1628/1628 1625/1625
f 1625/1625 1628/1628 1629/1629
f 1629/1629 1630/1630 1625/1625
f 1625/1625 1630/1630 1246/1246
f 1630/1630 1629/1629 1631/1631
f 1631/1631 1632/1632 1630/1630
f 1630/1630 1632/1632 1247/1247
f 1247/1247 1632/1632 1633/1633
f 1633/1633 1632/1632 1631/1631
f 1631/1631 1634/1634 1633/1633
f 1635/1635 1633/1633 1634/1634
f 1634/1634 1636/1636 1635/1635
f 1635/1635 1636/1636 1637/1637
f 1637/1637 1638/1638 1635/1635
f 1635/1635 1638/1638 1253/1253
f 1638/1638 1637/1637 1639/1639
f 1639/1639 1640/1640 1638/1638
f 1638/1638 1640/1640 1255/1255
f 1255/1255 1640/1640 1641/1641
f 1641/1641 1640/1640 1639/1639
f 1639/1639 1642/1642 1641/1641
f 1643/1643 1641/1641 1642/1642
f 1642/1642 1644/1644 1643/1643
f 1643/1643 1644/1644 1645/1645
f 1645/1645 1646/1646 1643/1643
f 1643/1643 1646/1646 1647/1647
f 1647/1647 1648/1648 1643/1643
f 1643/1643 1648/1648 1256/1256
f 1648/1648 1647/1647 1649/1649
f 1649/1649 1650/1650 1648/1648
f 1648/1648 1650/1650 1257/1257
f 1257/1257 1650/1650 1651/1651
f 1651/1651 1650/1650 1649/1649
f 1649/1649 1652/1652 1651/1651
f 1653/1653 1651/1651 1652/1652
f 1652/1652 1654/1654 1653/1653
f 1653/1653 1654/1654 1287/1287
f 1655/1655 1287/1287 1654/1654
f 1654/1654 1656/1656 1655/1655
f 1655/1655 1656/1656 1657/1657
f 1657/1657 1658/1658 1655/1655
f 1655/1655 1658/1658 1288/1288
f 1659/1659 1288/1288 1658/1658
f 1658/1658 1660/1660 1659/1659
f 1661/1661 1659/1659 1660/1660
f 1660/1660 1662/1662 1661/1661
f 1661/1661 1662/1662 1663/1663
f 1664/1664 1663/1663 1662/1662
f 1662/1662 1665/1665 1664/1664
f 1666/1666 1664/1664 1665/1665
f 1665/1665 1667/1667 1666/1666
f 1668/1668 1666/1666 1667/1667
f 1667/1667 1669/1669 1668/1668
f 1668/1668 1669/1669 1670/1670
f 1670/1670 1671/1671 1668/1668
f 1672/1672 1668/1668 1671/1671
f 1671/1671 1673/1673 1672/1672
f 1672/1672 1673/1673 1666/1666
f 1673/1673 1671/1671 1674/1674
f 1674/1674 1293/1293 1673/1673
f 1673/1673 1293/1293 1664/1664
f 1293/1293 1674/1674 1675/1675
f 1676/1676 1675/1675 1674/1674
f 1674/1674 1677/1677 1676/1676
f 1676/1676 1677/1677 1678/1678
f 1678/1678 1679/1679 1676/1676
f 1680/1680 1676/1676 1679/1679
f 1679/1679 1681/1681 1680/1680
f 1680/1680 1681/1681 1675/1675
f 1294/1294 1675/1675 1681/1681
f 1681/1681 1301/1301 1294/1294
f 1682/1682 1301/1301 1681/1681
f 1301/1301 1682/1682 1683/1683
f 1683/1683 1682/1682 1684/1684
f 1684/1684 1685/1685 1683/1683
f 1683/1683 1685/1685 1686/1686
f 1686/1686 1302/1302 1683/1683
f 1302/1302 1686/1686 1307/1307
f 1307/1307 1686/1686 1318/1318
f 1686/1686 1685/1685 1320/1320
f 1320/1320 1685/1685 1684/1684
f 1687/1687 1684/1684 1682/1682
f 1682/1682 1679/1679 1687/1687
f 1321/1321 1684/1684 1687/1687
f 1687/1687 1688/1688 1321/1321
f 1689/1689 1688/1688 1687/1687
f 1687/1687 1690/1690 1689/1689
f 1691/1691 1689/1689 1690/1690
f 1690/1690 1692/1692 1691/1691
f 1691/1691 1692/1692 1693/1693
f 1693/1693 1694/1694 1691/1691
f 1695/1695 1691/1691 1694/1694
f 1694/1694 1696/1696 1695/1695
f 1695/1695 1696/1696 1697/1697
f 1697/1697 1698/1698 1695/1695
f 1695/1695 1698/1698 1327/1327
f 1327/1327 1699/1699 1695/1695
f 1695/1695 1699/1699 1689/1689
f 1698/1698 1697/1697 1700/1700
f 1700/1700 1701/1701 1698/1698
f 1698/1698 1701/1701 1328/1328
f 1328/1328 1701/1701 1343/1343
f 1343/1343 1701/1701 1700/1700
f 1700/1700 1702/1702 1343/1343
f 1702/1702 1700/1700 1703/1703
f 1703/1703 1704/1704 1702/1702
f 1351/1351 1702/1702 1704/1704
f 1705/1705 1351/1351 1704/1704
f 1353/1353 1705/1705 1704/1704
f 1706/1706 1353/1353 1704/1704
f 1354/1354 1706/1706 1704/1704
f 1704/1704 1707/1707 1354/1354
f 1354/1354 1707/1707 1708/1708
f 1709/1709 1354/1354 1708/1708
f 1710/1710 1709/1709 1708/1708
f 1710/1710 1708/1708 1711/1711
f 1712/1712 1711/1711 1708/1708
f 1712/1712 1708/1708 1713/1713
f 1714/1714 1712/1712 1713/1713
f 1710/1710 1712/1712 1714/1714
f 1714/1714 1715/1715 1710/1710
f 1715/1715 1716/1716 1710/1710
f 1717/1717 1710/1710 1716/1716
f 1716/1716 1718/1718 1717/1717
f 1718/1718 1719/1719 1717/1717
f 1720/1720 1719/1719 1718/1718
f 1721/1721 1720/1720 1718/1718
f 1721/1721 1718/1718 1710/1710
f 1710/1710 1722/1722 1721/1721
f 1722/1722 1719/1719 1721/1721
f 1719/1719 1723/1723 1721/1721
f 1724/1724 1721/1721 1723/1723
f 1725/1725 1724/1724 1723/1723
f 1723/1723 1526/1526 1725/1725
f 1526/1526 1726/1726 1725/1725
f 1726/1726 1148/1148 1725/1725
f 1148/1148 1727/1727 1725/1725
f 1728/1728 1725/1725 1727/1727
f 1526/1526 1728/1728 1727/1727
f 1526/1526 1727/1727 1729/1729
f 1727/1727 1527/1527 1729/1729
f 1728/1728 1526/1526 1724/1724
f 1730/1730 1724/1724 1526/1526
f 1731/1731 1730/1730 1526/1526
f 1719/1719 1730/1730 1731/1731
f 1731/1731 1732/1732 1719/1719
f 1710/1710 1719/1719 1732/1732
f 1732/1732 1733/1733 1710/1710
f 1710/1710 1733/1733 1355/1355
f 1733/1733 1732/1732 1734/1734
f 1734/1734 1735/1735 1733/1733
f 1733/1733 1735/1735 1357/1357
f 1357/1357 1735/1735 1736/1736
f 1736/1736 1735/1735 1734/1734
f 1734/1734 1737/1737 1736/1736
f 1738/1738 1736/1736 1737/1737
f 1737/1737 1739/1739 1738/1738
f 1739/1739 1740/1740 1738/1738
f 1360/1360 1738/1738 1740/1740
f 1360/1360 1740/1740 1741/1741
f 4328/4328 4329/4329 4154/4154
f 4328/4328 4154/4154 4153/4153
f 4152/4152 4153/4153 4154/4154
f 4154/4154 4155/4155 4152/4152
f 4152/4152 4155/4155 4253/4253
f 4253/4253 4252/4252 4152/4152
f 4152/4152 4252/4252 4251/4251
f 1742/1742 1743/1743 1744/1744
f 1744/1744 1745/1745 1742/1742
f 1745/1745 1367/1367 1742/1742
f 1367/1367 1745/1745 1746/1746
f 1746/1746 1745/1745 1744/1744
f 1744/1744 1747/1747 1746/1746
f 1748/1748 1746/1746 1747/1747
f 1747/1747 1749/1749 1748/1748
f 1748/1748 1749/1749 1750/1750
f 1750/1750 1751/1751 1748/1748
f 1748/1748 1751/1751 1752/1752
f 1752/1752 1753/1753 1748/1748
f 1748/1748 1753/1753 1368/1368
f 1753/1753 1752/1752 1754/1754
f 1754/1754 1755/1755 1753/1753
f 1753/1753 1755/1755 1369/1369
f 1369/1369 1755/1755 1377/1377
f 1377/1377 1755/1755 1754/1754
f 1756/1756 1754/1754 1752/1752
f 1752/1752 1757/1757 1756/1756
f 1756/1756 1757/1757 1758/1758
f 1758/1758 1759/1759 1756/1756
f 1756/1756 1759/1759 1760/1760
f 1760/1760 1761/1761 1756/1756
f 1756/1756 1761/1761 1378/1378
f 1761/1761 1760/1760 1762/1762
f 1762/1762 1763/1763 1761/1761
f 1761/1761 1763/1763 1379/1379
f 1379/1379 1763/1763 1385/1385
f 1385/1385 1763/1763 1762/1762
f 1764/1764 1762/1762 1760/1760
f 1760/1760 1765/1765 1764/1764
f 1764/1764 1765/1765 1766/1766
f 1766/1766 1767/1767 1764/1764
f 1764/1764 1767/1767 1768/1768
f 1768/1768 1769/1769 1764/1764
f 1764/1764 1769/1769 1386/1386
f 1769/1769 1768/1768 1770/1770
f 1770/1770 1771/1771 1769/1769
f 1769/1769 1771/1771 1387/1387
f 1387/1387 1771/1771 1393/1393
f 1393/1393 1771/1771 1770/1770
f 1772/1772 1770/1770 1768/1768
f 1768/1768 1773/1773 1772/1772
f 1772/1772 1773/1773 1774/1774
f 1774/1774 1775/1775 1772/1772
f 1772/1772 1775/1775 1776/1776
f 1776/1776 1777/1777 1772/1772
f 1772/1772 1777/1777 1394/1394
f 1777/1777 1776/1776 1778/1778
f 1778/1778 1779/1779 1777/1777
f 1777/1777 1779/1779 1395/1395
f 1395/1395 1779/1779 1401/1401
f 1401/1401 1779/1779 1778/1778
f 1780/1780 1778/1778 1776/1776
f 1776/1776 1781/1781 1780/1780
f 1780/1780 1781/1781 1782/1782
f 1782/1782 1783/1783 1780/1780
f 1780/1780 1783/1783 1407/1407
f 1783/1783 1782/1782 1784/1784
f 1784/1784 1785/1785 1783/1783
f 1783/1783 1785/1785 1409/1409
f 1409/1409 1785/1785 1786/1786
f 1786/1786 1785/1785 1784/1784
f 1784/1784 1787/1787 1786/1786
f 1788/1788 1786/1786 1787/1787
f 1787/1787 1789/1789 1788/1788
f 1788/1788 1789/1789 1790/1790
f 1790/1790 1791/1791 1788/1788
f 1788/1788 1791/1791 1792/1792
f 1792/1792 1793/1793 1788/1788
f 1788/1788 1793/1793 1410/1410
f 1793/1793 1792/1792 1794/1794
f 1794/1794 1795/1795 1793/1793
f 1793/1793 1795/1795 1411/1411
f 1411/1411 1795/1795 1417/1417
f 1417/1417 1795/1795 1794/1794
f 1792/1792 1796/1796 1794/1794
f 1794/1794 1796/1796 1418/1418
f 1797/1797 1418/1418 1796/1796
f 1796/1796 1798/1798 1797/1797
f 1799/1799 1797/1797 1798/1798
f 1798/1798 1800/1800 1799/1799
f 1799/1799 1800/1800 1801/1801
f 1801/1801 1802/1802 1799/1799
f 1803/1803 1799/1799 1802/1802
f 1802/1802 1419/1419 1803/1803
f 1803/1803 1419/1419 1797/1797
f 1802/1802 1801/1801 1804/1804
f 1804/1804 1420/1420 1802/1802
f 1805/1805 1804/1804 1801/1801
f 1801/1801 1806/1806 1805/1805
f 1807/1807 1805/1805 1806/1806
f 1806/1806 1808/1808 1807/1807
f 1807/1807 1808/1808 1809/1809
f 1810/1810 1809/1809 1808/1808
f 1808/1808 1811/1811 1810/1810
f 1810/1810 1811/1811 1812/1812
f 1812/1812 1813/1813 1810/1810
f 1814/1814 1810/1810 1813/1813
f 1814/1814 1813/1813 1815/1815
f 1815/1815 1816/1816 1814/1814
f 1817/1817 1814/1814 1816/1816
f 1816/1816 1818/1818 1817/1817
f 1804/1804 1817/1817 1818/1818
f 1804/1804 1818/1818 1425/1425
f 1818/1818 1816/1816 1819/1819
f 1818/1818 1819/1819 1427/1427
f 1820/1820 1427/1427 1819/1819
f 1820/1820 1819/1819 1816/1816
f 1814/1814 1817/1817 1809/1809
f 1805/1805 1809/1809 1817/1817
f 1816/1816 1815/1815 1820/1820
f 1821/1821 1820/1820 1815/1815
f 1815/1815 1822/1822 1821/1821
f 1823/1823 1821/1821 1822/1822
f 1822/1822 1824/1824 1823/1823
f 1825/1825 1823/1823 1824/1824
f 1825/1825 1824/1824 1826/1826
f 1826/1826 1827/1827 1825/1825
f 1828/1828 1825/1825 1827/1827
f 1827/1827 1829/1829 1828/1828
f 1830/1830 1828/1828 1829/1829
f 1829/1829 1831/1831 1830/1830
f 1832/1832 1830/1830 1831/1831
f 1831/1831 1833/1833 1832/1832
f 1834/1834 1832/1832 1833/1833
f 1833/1833 1835/1835 1834/1834
f 1834/1834 1835/1835 1443/1443
f 1835/1835 1833/1833 1836/1836
f 1836/1836 1837/1837 1835/1835
f 1835/1835 1837/1837 1444/1444
f 1837/1837 1836/1836 1838/1838
f 1837/1837 1838/1838 1839/1839
f 1839/1839 1840/1840 1837/1837
f 1449/1449 1837/1837 1840/1840
f 1840/1840 1839/1839 1841/1841
f 1841/1841 1842/1842 1840/1840
f 1451/1451 1840/1840 1842/1842
f 1451/1451 1842/1842 1843/1843
f 1841/1841 1843/1843 1842/1842
f 1843/1843 1841/1841 1844/1844
f 1844/1844 1845/1845 1843/1843
f 1452/1452 1843/1843 1845/1845
f 1845/1845 1844/1844 1846/1846
f 1845/1845 1846/1846 1847/1847
f 1847/1847 1848/1848 1845/1845
f 1457/1457 1845/1845 1848/1848
f 1848/1848 1847/1847 1849/1849
f 1849/1849 1850/1850 1848/1848
f 1459/1459 1848/1848 1850/1850
f 1851/1851 1459/1459 1850/1850
f 1850/1850 1849/1849 1851/1851
f 1852/1852 1851/1851 1849/1849
f 1849/1849 1853/1853 1852/1852
f 1854/1854 1852/1852 1853/1853
f 1853/1853 1855/1855 1854/1854
f 1856/1856 1854/1854 1855/1855
f 1855/1855 1811/1811 1856/1856
f 1811/1811 1857/1857 1856/1856
f 1858/1858 1856/1856 1857/1857
f 1857/1857 1859/1859 1858/1858
f 1860/1860 1858/1858 1859/1859
f 1860/1860 1859/1859 1861/1861
f 1861/1861 1862/1862 1860/1860
f 1863/1863 1860/1860 1862/1862
f 1862/1862 1465/1465 1863/1863
f 1860/1860 1863/1863 1864/1864
f 1864/1864 1863/1863 1852/1852
f 1862/1862 1861/1861 1865/1865
f 1865/1865 1467/1467 1862/1862
f 1866/1866 1467/1467 1865/1865
f 1865/1865 1861/1861 1866/1866
f 1867/1867 1866/1866 1861/1861
f 1866/1866 1867/1867 1868/1868
f 1868/1868 1468/1468 1866/1866
f 1869/1869 1868/1868 1867/1867
f 1867/1867 1870/1870 1869/1869
f 1871/1871 1869/1869 1870/1870
f 1870/1870 1872/1872 1871/1871
f 1871/1871 1872/1872 1873/1873
f 1874/1874 1873/1873 1872/1872
f 1872/1872 1811/1811 1874/1874
f 1874/1874 1811/1811 1875/1875
f 1875/1875 1876/1876 1874/1874
f 1877/1877 1874/1874 1876/1876
f 1877/1877 1876/1876 1878/1878
f 1878/1878 1879/1879 1877/1877
f 1880/1880 1877/1877 1879/1879
f 1879/1879 1881/1881 1880/1880
f 1868/1868 1880/1880 1881/1881
f 1868/1868 1881/1881 1473/1473
f 1881/1881 1879/1879 1882/1882
f 1881/1881 1882/1882 1475/1475
f 1883/1883 1475/1475 1882/1882
f 1883/1883 1882/1882 1879/1879
f 1877/1877 1880/1880 1873/1873
f 1869/1869 1873/1873 1880/1880
f 1879/1879 1878/1878 1883/1883
f 1884/1884 1883/1883 1878/1878
f 1878/1878 1885/1885 1884/1884
f 1886/1886 1884/1884 1885/1885
f 1885/1885 1887/1887 1886/1886
f 1888/1888 1886/1886 1887/1887
f 1888/1888 1887/1887 1889/1889
f 1889/1889 1890/1890 1888/1888
f 1891/1891 1888/1888 1890/1890
f 1890/1890 1892/1892 1891/1891
f 1893/1893 1891/1891 1892/1892
f 1892/1892 1894/1894 1893/1893
f 1895/1895 1893/1893 1894/1894
f 1894/1894 1896/1896 1895/1895
f 1897/1897 1895/1895 1896/1896
f 1896/1896 1898/1898 1897/1897
f 1897/1897 1898/1898 1899/1899
f 1900/1900 1899/1899 1898/1898
f 1898/1898 1901/1901 1900/1900
f 1902/1902 1900/1900 1901/1901
f 1901/1901 1903/1903 1902/1902
f 1902/1902 1903/1903 1904/1904
f 1904/1904 1905/1905 1902/1902
f 1902/1902 1905/1905 1906/1906
f 1906/1906 1905/1905 1907/1907
f 1907/1907 1908/1908 1906/1906
f 1909/1909 1906/1906 1908/1908
f 1908/1908 1910/1910 1909/1909
f 1909/1909 1910/1910 1911/1911
f 1911/1911 1912/1912 1909/1909
f 1909/1909 1912/1912 1913/1913
f 1913/1913 1899/1899 1909/1909
f 1895/1895 1899/1899 1913/1913
f 1914/1914 1913/1913 1912/1912
f 1912/1912 1915/1915 1914/1914
f 1914/1914 1915/1915 1916/1916
f 1916/1916 1917/1917 1914/1914
f 1914/1914 1917/1917 1893/1893
f 1918/1918 1893/1893 1917/1917
f 1917/1917 1919/1919 1918/1918
f 1920/1920 1918/1918 1919/1919
f 1919/1919 1921/1921 1920/1920
f 1920/1920 1921/1921 1922/1922
f 1922/1922 1921/1921 1886/1886
f 1919/1919 1923/1923 1921/1921
f 1884/1884 1921/1921 1923/1923
f 1923/1923 1924/1924 1884/1884
f 1476/1476 1884/1884 1924/1924
f 1924/1924 1923/1923 1925/1925
f 1925/1925 1926/1926 1924/1924
f 1924/1924 1926/1926 1477/1477
f 1477/1477 1926/1926 1483/1483
f 1483/1483 1926/1926 1925/1925
f 1927/1927 1925/1925 1923/1923
f 1484/1484 1925/1925 1927/1927
f 1927/1927 1928/1928 1484/1484
f 1929/1929 1928/1928 1927/1927
f 1927/1927 1916/1916 1929/1929
f 1930/1930 1929/1929 1916/1916
f 1929/1929 1930/1930 1931/1931
f 1931/1931 1932/1932 1929/1929
f 1933/1933 1932/1932 1931/1931
f 1931/1931 1934/1934 1933/1933
f 1935/1935 1933/1933 1934/1934
f 1934/1934 1936/1936 1935/1935
f 1935/1935 1936/1936 1937/1937
f 1937/1937 1938/1938 1935/1935
f 1939/1939 1935/1935 1938/1938
f 1938/1938 1940/1940 1939/1939
f 1939/1939 1940/1940 1491/1491
f 1940/1940 1938/1938 1941/1941
f 1941/1941 1942/1942 1940/1940
f 1940/1940 1942/1942 1493/1493
f 1493/1493 1942/1942 1943/1943
f 1943/1943 1942/1942 1941/1941
f 1941/1941 1944/1944 1943/1943
f 1945/1945 1943/1943 1944/1944
f 1944/1944 1946/1946 1945/1945
f 1945/1945 1946/1946 1947/1947
f 1947/1947 1948/1948 1945/1945
f 1945/1945 1948/1948 1499/1499
f 1948/1948 1947/1947 1949/1949
f 1949/1949 1950/1950 1948/1948
f 1948/1948 1950/1950 1501/1501
f 1501/1501 1950/1950 1951/1951
f 1951/1951 1950/1950 1949/1949
f 1949/1949 1952/1952 1951/1951
f 1953/1953 1951/1951 1952/1952
f 1952/1952 1954/1954 1953/1953
f 1953/1953 1954/1954 1955/1955
f 1955/1955 1956/1956 1953/1953
f 1953/1953 1956/1956 1957/1957
f 1957/1957 1958/1958 1953/1953
f 1953/1953 1958/1958 1502/1502
f 1958/1958 1957/1957 1959/1959
f 1959/1959 1960/1960 1958/1958
f 1958/1958 1960/1960 1503/1503
f 1503/1503 1960/1960 1509/1509
f 1509/1509 1960/1960 1959/1959
f 1961/1961 1959/1959 1957/1957
f 1957/1957 1962/1962 1961/1961
f 1961/1961 1962/1962 1963/1963
f 1963/1963 1964/1964 1961/1961
f 4355/4355 4258/4258 4259/4259
f 4258/4258 4257/4257 4163/4163
f 4163/4163 4165/4165 4258/4258
f 4258/4258 4165/4165 4166/4166
f 4166/4166 4165/4165 4164/4164
f 4164/4164 4165/4165 4163/4163
f 4163/4163 4162/4162 4164/4164
f 4162/4162 4284/4284 4164/4164
f 1965/1965 1966/1966 1967/1967
f 1968/1968 1965/1965 1967/1967
f 1968/1968 1969/1969 1965/1965
f 1965/1965 1969/1969 1970/1970
f 4290/4290 4289/4289 4167/4167
f 4167/4167 4164/4164 4290/4290
f 1969/1969 1968/1968 1971/1971
f 1972/1972 1969/1969 1971/1971
f 1971/1971 1973/1973 1972/1972
f 1974/1974 1972/1972 1973/1973
f 1973/1973 1975/1975 1974/1974
f 1974/1974 1975/1975 1524/1524
f 1524/1524 1975/1975 1976/1976
f 1976/1976 1975/1975 1973/1973
f 1973/1973 1977/1977 1976/1976
f 1978/1978 1976/1976 1977/1977
f 1977/1977 1979/1979 1978/1978
f 1978/1978 1979/1979 1737/1737
f 1979/1979 1977/1977 1968/1968
f 1968/1968 1980/1980 1979/1979
f 1979/1979 1980/1980 1739/1739
f 4282/4282 4286/4286 4161/4161
f 4161/4161 4159/4159 4282/4282
f 4159/4159 4283/4283 4282/4282
f 4283/4283 4159/4159 4156/4156
f 1981/1981 1740/1740 1982/1982
f 4156/4156 4154/4154 4308/4308
f 4156/4156 4159/4159 4158/4158
f 4158/4158 4157/4157 4156/4156
f 4156/4156 4157/4157 4155/4155
f 4155/4155 4157/4157 4254/4254
f 4254/4254 4157/4157 4158/4158
f 4158/4158 4255/4255 4254/4254
f 4353/4353 4254/4254 4255/4255
f 1983/1983 1984/1984 1985/1985
f 1985/1985 1984/1984 1955/1955
f 1955/1955 1986/1986 1985/1985
f 1985/1985 1986/1986 1747/1747
f 1984/1984 1983/1983 1987/1987
f 1987/1987 1988/1988 1984/1984
f 1984/1984 1988/1988 1956/1956
f 1956/1956 1988/1988 1962/1962
f 1962/1962 1988/1988 1987/1987
f 4160/4160 4256/4256 4255/4255
f 4257/4257 4256/4256 4160/4160
f 4253/4253 4254/4254 4353/4353
f 4255/4255 4158/4158 4160/4160
f 4160/4160 4158/4158 4159/4159
f 4159/4159 4161/4161 4160/4160
f 4160/4160 4161/4161 4162/4162
f 4285/4285 4162/4162 4161/4161
f 4161/4161 4286/4286 4285/4285
f 1525/1525 1976/1976 1978/1978
f 1978/1978 1731/1731 1525/1525
f 1972/1972 1974/1974 1519/1519
f 1519/1519 1974/1974 1523/1523
f 1977/1977 1973/1973 1971/1971
f 1969/1969 1972/1972 1517/1517
f 1971/1971 1968/1968 1977/1977
f 1970/1970 1966/1966 1965/1965
f 4284/4284 4162/4162 4285/4285
f 4162/4162 4163/4163 4160/4160
f 4160/4160 4163/4163 4257/4257
f 1987/1987 1963/1963 1962/1962
f 1510/1510 1959/1959 1961/1961
f 1962/1962 1957/1957 1956/1956
f 1956/1956 1955/1955 1984/1984
f 1986/1986 1955/1955 1954/1954
f 1954/1954 1989/1989 1986/1986
f 1986/1986 1989/1989 1749/1749
f 1749/1749 1989/1989 1990/1990
f 1990/1990 1989/1989 1954/1954
f 1954/1954 1952/1952 1990/1990
f 1991/1991 1990/1990 1952/1952
f 1750/1750 1990/1990 1991/1991
f 1991/1991 1992/1992 1750/1750
f 1993/1993 1992/1992 1991/1991
f 1991/1991 1994/1994 1993/1993
f 1995/1995 1993/1993 1994/1994
f 1994/1994 1996/1996 1995/1995
f 1995/1995 1996/1996 1997/1997
f 1997/1997 1998/1998 1995/1995
f 1999/1999 1995/1995 1998/1998
f 1998/1998 2000/2000 1999/1999
f 1999/1999 2000/2000 2001/2001
f 2001/2001 2002/2002 1999/1999
f 1999/1999 2002/2002 1758/1758
f 1758/1758 2003/2003 1999/1999
f 1999/1999 2003/2003 1993/1993
f 2002/2002 2001/2001 2004/2004
f 2004/2004 2005/2005 2002/2002
f 2002/2002 2005/2005 1759/1759
f 1759/1759 2005/2005 1765/1765
f 1765/1765 2005/2005 2004/2004
f 2006/2006 2004/2004 2001/2001
f 2001/2001 2007/2007 2006/2006
f 2006/2006 2007/2007 2008/2008
f 2008/2008 2009/2009 2006/2006
f 2006/2006 2009/2009 2010/2010
f 2010/2010 2011/2011 2006/2006
f 2006/2006 2011/2011 1766/1766
f 2011/2011 2010/2010 2012/2012
f 2012/2012 2013/2013 2011/2011
f 2011/2011 2013/2013 1767/1767
f 1767/1767 2013/2013 1773/1773
f 1773/1773 2013/2013 2012/2012
f 2014/2014 2012/2012 2010/2010
f 2010/2010 2015/2015 2014/2014
f 2014/2014 2015/2015 2016/2016
f 2016/2016 2017/2017 2014/2014
f 2014/2014 2017/2017 2018/2018
f 2018/2018 2019/2019 2014/2014
f 2014/2014 2019/2019 1774/1774
f 2019/2019 2018/2018 2020/2020
f 2020/2020 2021/2021 2019/2019
f 2019/2019 2021/2021 1775/1775
f 1775/1775 2021/2021 1781/1781
f 1781/1781 2021/2021 2020/2020
f 2022/2022 2020/2020 2018/2018
f 2018/2018 2023/2023 2022/2022
f 2022/2022 2023/2023 2024/2024
f 2024/2024 2025/2025 2022/2022
f 2022/2022 2025/2025 1787/1787
f 2025/2025 2024/2024 2026/2026
f 2026/2026 2027/2027 2025/2025
f 2025/2025 2027/2027 1789/1789
f 1789/1789 2027/2027 2028/2028
f 2028/2028 2027/2027 2026/2026
f 2026/2026 2029/2029 2028/2028
f 2030/2030 2028/2028 2029/2029
f 2029/2029 2031/2031 2030/2030
f 2032/2032 2030/2030 2031/2031
f 2031/2031 2033/2033 2032/2032
f 2034/2034 2032/2032 2033/2033
f 2034/2034 2033/2033 2035/2035
f 2035/2035 2036/2036 2034/2034
f 2037/2037 2034/2034 2036/2036
f 2036/2036 2038/2038 2037/2037
f 1811/1811 2037/2037 2038/2038
f 1811/1811 2038/2038 2039/2039
f 1811/1811 2039/2039 2040/2040
f 1811/1811 2040/2040 1889/1889
f 2041/2041 2040/2040 2039/2039
f 2039/2039 2042/2042 2041/2041
f 2041/2041 2042/2042 1894/1894
f 2039/2039 2043/2043 2042/2042
f 2044/2044 2042/2042 2043/2043
f 2043/2043 2045/2045 2044/2044
f 1901/1901 2044/2044 2045/2045
f 1901/1901 2045/2045 2035/2035
f 2035/2035 2046/2046 1901/1901
f 2045/2045 2043/2043 2047/2047
f 2045/2045 2047/2047 2036/2036
f 2038/2038 2047/2047 2043/2043
f 2042/2042 2044/2044 1896/1896
f 2040/2040 2041/2041 2048/2048
f 2048/2048 1890/1890 2040/2040
f 2048/2048 2041/2041 1892/1892
f 2043/2043 2039/2039 2038/2038
f 2037/2037 1811/1811 2049/2049
f 2049/2049 2050/2050 2037/2037
f 2050/2050 2049/2049 2051/2051
f 2051/2051 2052/2052 2050/2050
f 2050/2050 2052/2052 2032/2032
f 2052/2052 2051/2051 2053/2053
f 2053/2053 2054/2054 2052/2052
f 2030/2030 2052/2052 2054/2054
f 2054/2054 2055/2055 2030/2030
f 1790/1790 2030/2030 2055/2055
f 2055/2055 2054/2054 2056/2056
f 2056/2056 2057/2057 2055/2055
f 1791/1791 2055/2055 2057/2057
f 2058/2058 1791/1791 2057/2057
f 2057/2057 2056/2056 2058/2058
f 2059/2059 2058/2058 2056/2056
f 2056/2056 2060/2060 2059/2059
f 2061/2061 2059/2059 2060/2060
f 2060/2060 2062/2062 2061/2061
f 2063/2063 2061/2061 2062/2062
f 2062/2062 1811/1811 2063/2063
f 1811/1811 2064/2064 2063/2063
f 2065/2065 2063/2063 2064/2064
f 2064/2064 1800/1800 2065/2065
f 1800/1800 2064/2064 1806/1806
f 2063/2063 2065/2065 2066/2066
f 2067/2067 2066/2066 2065/2065
f 2067/2067 2065/2065 1798/1798
f 2066/2066 2067/2067 2061/2061
f 2061/2061 2063/2063 2066/2066
f 2062/2062 2060/2060 2053/2053
f 2053/2053 2049/2049 2062/2062
f 2059/2059 2061/2061 2067/2067
f 2067/2067 1796/1796 2059/2059
f 2058/2058 2059/2059 1796/1796
f 2060/2060 2056/2056 2054/2054
f 2054/2054 2053/2053 2060/2060
f 2049/2049 2053/2053 2051/2051
f 1811/1811 2062/2062 2049/2049
f 2038/2038 2036/2036 2047/2047
f 2034/2034 2037/2037 2050/2050
f 2036/2036 2035/2035 2045/2045
f 2046/2046 2035/2035 2033/2033
f 2033/2033 2068/2068 2046/2046
f 2069/2069 2046/2046 2068/2068
f 2069/2069 2068/2068 2031/2031
f 2046/2046 2069/2069 1903/1903
f 1903/1903 2069/2069 2070/2070
f 2070/2070 2069/2069 2029/2029
f 2050/2050 2032/2032 2034/2034
f 2033/2033 2031/2031 2068/2068
f 2030/2030 2032/2032 2052/2052
f 2031/2031 2029/2029 2069/2069
f 2030/2030 1790/1790 2028/2028
f 2029/2029 2026/2026 2070/2070
f 2070/2070 2026/2026 2024/2024
f 2024/2024 2071/2071 2070/2070
f 2070/2070 2071/2071 2072/2072
f 2072/2072 1904/1904 2070/2070
f 1904/1904 2072/2072 1907/1907
f 2073/2073 1907/1907 2072/2072
f 2072/2072 2074/2074 2073/2073
f 2073/2073 2074/2074 2016/2016
f 2016/2016 2075/2075 2073/2073
f 2073/2073 2075/2075 2076/2076
f 2076/2076 2077/2077 2073/2073
f 2073/2073 2077/2077 1908/1908
f 2077/2077 2076/2076 2078/2078
f 2078/2078 2079/2079 2077/2077
f 2077/2077 2079/2079 1910/1910
f 1910/1910 2079/2079 2080/2080
f 2080/2080 2079/2079 2078/2078
f 2078/2078 2081/2081 2080/2080
f 1931/1931 2080/2080 2081/2081
f 1911/1911 2080/2080 1931/1931
f 2081/2081 2078/2078 2082/2082
f 2082/2082 2083/2083 2081/2081
f 1934/1934 2081/2081 2083/2083
f 2084/2084 2083/2083 2082/2082
f 2082/2082 2085/2085 2084/2084
f 2086/2086 2084/2084 2085/2085
f 2085/2085 2087/2087 2086/2086
f 2086/2086 2087/2087 2000/2000
f 2000/2000 2087/2087 2007/2007
f 2007/2007 2087/2087 2085/2085
f 2084/2084 2086/2086 2088/2088
f 2088/2088 1937/1937 2084/2084
f 2088/2088 2086/2086 1998/1998
f 2008/2008 2085/2085 2082/2082
f 2082/2082 2089/2089 2008/2008
f 2076/2076 2089/2089 2082/2082
f 2083/2083 2084/2084 1937/1937
f 2082/2082 2078/2078 2076/2076
f 2089/2089 2076/2076 2075/2075
f 2075/2075 2090/2090 2089/2089
f 2089/2089 2090/2090 2009/2009
f 2009/2009 2090/2090 2015/2015
f 2015/2015 2090/2090 2075/2075
f 2074/2074 2072/2072 2071/2071
f 2071/2071 2091/2091 2074/2074
f 2074/2074 2091/2091 2017/2017
f 2017/2017 2091/2091 2023/2023
f 2023/2023 2091/2091 2071/2071
f 2071/2071 2024/2024 2023/2023
f 1782/1782 2020/2020 2022/2022
f 2023/2023 2018/2018 2017/2017
f 2017/2017 2016/2016 2074/2074
f 2075/2075 2016/2016 2015/2015
f 1774/1774 2012/2012 2014/2014
f 2015/2015 2010/2010 2009/2009
f 2009/2009 2008/2008 2089/2089
f 2085/2085 2008/2008 2007/2007
f 1766/1766 2004/2004 2006/2006
f 2007/2007 2001/2001 2000/2000
f 2000/2000 1998/1998 2086/2086
f 1998/1998 1997/1997 2088/2088
f 2088/2088 1997/1997 1944/1944
f 1997/1997 1996/1996 1946/1946
f 1946/1946 1996/1996 1994/1994
f 1993/1993 1995/1995 1999/1999
f 1947/1947 1994/1994 1991/1991
f 1992/1992 1993/1993 2003/2003
f 2003/2003 2092/2092 1992/1992
f 1992/1992 2092/2092 1751/1751
f 1751/1751 2092/2092 1757/1757
f 1757/1757 2092/2092 2003/2003
f 1502/1502 1951/1951 1953/1953
f 1952/1952 1949/1949 1991/1991
f 1991/1991 1949/1949 1947/1947
f 1994/1994 1947/1947 1946/1946
f 1946/1946 1944/1944 1997/1997
f 1494/1494 1943/1943 1945/1945
f 1944/1944 1941/1941 2088/2088
f 2088/2088 1941/1941 1938/1938
f 1938/1938 1937/1937 2088/2088
f 1937/1937 1936/1936 2083/2083
f 2083/2083 1936/1936 1934/1934
f 1933/1933 1935/1935 1939/1939
f 1939/1939 2093/2093 1933/1933
f 1486/1486 2093/2093 1939/1939
f 2081/2081 1934/1934 1931/1931
f 1932/1932 1933/1933 2093/2093
f 2093/2093 2094/2094 1932/1932
f 1932/1932 2094/2094 1928/1928
f 1928/1928 2094/2094 1485/1485
f 1485/1485 2094/2094 2093/2093
f 1931/1931 1930/1930 1911/1911
f 1928/1928 1929/1929 1932/1932
f 1923/1923 1919/1919 1927/1927
f 1922/1922 1918/1918 1920/1920
f 1918/1918 1922/1922 1891/1891
f 1927/1927 1919/1919 1917/1917
f 1917/1917 1916/1916 1927/1927
f 1916/1916 1915/1915 1930/1930
f 1930/1930 1915/1915 1912/1912
f 1893/1893 1913/1913 1914/1914
f 1912/1912 1911/1911 1930/1930
f 2080/2080 1911/1911 1910/1910
f 1910/1910 1908/1908 2077/2077
f 1900/1900 1906/1906 1909/1909
f 1908/1908 1907/1907 2073/2073
f 1907/1907 1905/1905 1904/1904
f 2070/2070 1904/1904 1903/1903
f 1903/1903 1901/1901 2046/2046
f 1906/1906 1900/1900 1902/1902
f 2044/2044 1901/1901 1898/1898
f 1909/1909 1899/1899 1900/1900
f 1898/1898 1896/1896 2044/2044
f 1899/1899 1895/1895 1897/1897
f 1896/1896 1894/1894 2042/2042
f 1913/1913 1893/1893 1895/1895
f 1894/1894 1892/1892 2041/2041
f 1891/1891 1893/1893 1918/1918
f 1892/1892 1890/1890 2048/2048
f 1888/1888 1891/1891 1922/1922
f 1889/1889 2040/2040 1890/1890
f 1875/1875 1889/1889 1887/1887
f 1887/1887 2095/2095 1875/1875
f 1922/1922 1886/1886 1888/1888
f 1887/1887 1885/1885 2095/2095
f 1876/1876 2095/2095 1885/1885
f 1884/1884 1886/1886 1921/1921
f 1884/1884 1476/1476 1883/1883
f 1885/1885 1878/1878 1876/1876
f 1876/1876 1875/1875 2095/2095
f 1889/1889 1875/1875 1811/1811
f 1873/1873 1874/1874 1877/1877
f 1872/1872 1870/1870 1857/1857
f 1873/1873 1869/1869 1871/1871
f 1870/1870 1867/1867 1859/1859
f 1880/1880 1868/1868 1869/1869
f 1861/1861 1859/1859 1867/1867
f 1864/1864 1858/1858 1860/1860
f 1864/1864 2096/2096 1858/1858
f 2096/2096 1864/1864 1854/1854
f 1859/1859 1857/1857 1870/1870
f 1856/1856 1858/1858 2096/2096
f 1857/1857 1811/1811 1872/1872
f 1811/1811 1855/1855 2097/2097
f 2098/2098 1811/1811 2097/2097
f 2097/2097 2099/2099 2098/2098
f 2100/2100 2098/2098 2099/2099
f 2099/2099 1844/1844 2100/2100
f 2098/2098 2100/2100 2101/2101
f 2101/2101 2102/2102 2098/2098
f 2102/2102 2101/2101 2103/2103
f 2102/2102 2103/2103 2104/2104
f 2104/2104 2105/2105 2102/2102
f 1811/1811 2102/2102 2105/2105
f 1811/1811 2105/2105 2106/2106
f 1811/1811 2106/2106 1826/1826
f 2107/2107 2106/2106 2105/2105
f 2105/2105 2108/2108 2107/2107
f 2107/2107 2108/2108 1831/1831
f 2106/2106 2107/2107 2109/2109
f 2109/2109 1827/1827 2106/2106
f 2109/2109 2107/2107 1829/1829
f 2105/2105 2104/2104 2108/2108
f 1836/1836 2108/2108 2104/2104
f 1838/1838 2104/2104 2103/2103
f 1838/1838 2103/2103 2101/2101
f 1839/1839 2101/2101 2100/2100
f 2099/2099 2097/2097 2110/2110
f 2110/2110 1846/1846 2099/2099
f 1846/1846 2110/2110 2111/2111
f 2097/2097 2111/2111 2110/2110
f 1811/1811 2098/2098 2102/2102
f 2111/2111 2097/2097 1855/1855
f 1854/1854 1856/1856 2096/2096
f 1855/1855 1853/1853 2111/2111
f 1847/1847 2111/2111 1853/1853
f 1852/1852 1854/1854 1864/1864
f 1851/1851 1852/1852 1863/1863
f 1863/1863 1460/1460 1851/1851
f 1853/1853 1849/1849 1847/1847
f 2111/2111 1847/1847 1846/1846
f 2099/2099 1846/1846 1844/1844
f 2100/2100 1844/1844 1841/1841
f 2100/2100 1841/1841 1839/1839
f 2101/2101 1839/1839 1838/1838
f 2104/2104 1838/1838 1836/1836
f 2108/2108 1836/1836 1833/1833
f 1443/1443 1832/1832 1834/1834
f 1833/1833 1831/1831 2108/2108
f 1441/1441 1830/1830 1832/1832
f 1831/1831 1829/1829 2107/2107
f 1828/1828 1830/1830 2112/2112
f 2112/2112 2113/2113 1828/1828
f 2113/2113 2112/2112 2114/2114
f 2114/2114 2115/2115 2113/2113
f 2113/2113 2115/2115 1823/1823
f 1435/1435 2115/2115 2114/2114
f 2114/2114 2112/2112 1435/1435
f 2112/2112 1830/1830 1436/1436
f 1829/1829 1827/1827 2109/2109
f 1825/1825 1828/1828 2113/2113
f 1826/1826 2106/2106 1827/1827
f 1812/1812 1826/1826 1824/1824
f 1824/1824 2116/2116 1812/1812
f 2113/2113 1823/1823 1825/1825
f 1824/1824 1822/1822 2116/2116
f 1813/1813 2116/2116 1822/1822
f 1821/1821 1823/1823 2115/2115
f 1821/1821 2115/2115 1433/1433
f 1821/1821 1428/1428 1820/1820
f 1822/1822 1815/1815 1813/1813
f 1813/1813 1812/1812 2116/2116
f 1826/1826 1812/1812 1811/1811
f 2064/2064 1811/1811 1808/1808
f 1809/1809 1810/1810 1814/1814
f 1808/1808 1806/1806 2064/2064
f 1809/1809 1805/1805 1807/1807
f 1817/1817 1804/1804 1805/1805
f 1806/1806 1801/1801 1800/1800
f 1798/1798 2065/2065 1800/1800
f 1797/1797 1799/1799 1803/1803
f 1798/1798 1796/1796 2067/2067
f 1796/1796 1792/1792 2058/2058
f 1791/1791 2058/2058 1792/1792
f 2055/2055 1791/1791 1790/1790
f 2028/2028 1790/1790 1789/1789
f 1789/1789 1787/1787 2025/2025
f 1410/1410 1786/1786 1788/1788
f 1787/1787 1784/1784 2022/2022
f 2022/2022 1784/1784 1782/1782
f 2020/2020 1782/1782 1781/1781
f 1402/1402 1778/1778 1780/1780
f 1781/1781 1776/1776 1775/1775
f 1775/1775 1774/1774 2019/2019
f 2012/2012 1774/1774 1773/1773
f 1394/1394 1770/1770 1772/1772
f 1773/1773 1768/1768 1767/1767
f 1767/1767 1766/1766 2011/2011
f 2004/2004 1766/1766 1765/1765
f 1386/1386 1762/1762 1764/1764
f 1765/1765 1760/1760 1759/1759
f 1759/1759 1758/1758 2002/2002
f 2003/2003 1758/1758 1757/1757
f 1378/1378 1754/1754 1756/1756
f 1757/1757 1752/1752 1751/1751
f 1751/1751 1750/1750 1992/1992
f 1990/1990 1750/1750 1749/1749
f 1749/1749 1747/1747 1986/1986
f 1368/1368 1746/1746 1748/1748
f 1747/1747 1744/1744 1985/1985
f 1985/1985 1744/1744 1743/1743
f 4254/4254 4253/4253 4155/4155
f 4155/4155 4154/4154 4156/4156
f 1740/1740 2117/2117 1741/1741
f 1740/1740 1739/1739 1982/1982
f 1739/1739 1737/1737 1979/1979
f 1358/1358 1736/1736 1738/1738
f 1737/1737 1734/1734 1978/1978
f 1978/1978 1734/1734 1732/1732
f 1732/1732 1731/1731 1978/1978
f 1724/1724 1730/1730 1719/1719
f 2118/2118 1727/1727 1148/1148
f 1727/1727 2118/2118 1531/1531
f 2118/2118 1526/1526 1531/1531
f 2119/2119 1531/1531 1526/1526
f 1526/1526 2120/2120 2119/2119
f 2120/2120 1730/1730 2119/2119
f 1730/1730 2121/2121 2119/2119
f 2121/2121 1719/1719 2119/2119
f 1719/1719 2122/2122 2119/2119
f 2123/2123 2119/2119 2122/2122
f 2122/2122 2124/2124 2123/2123
f 2123/2123 2124/2124 2125/2125
f 2125/2125 2126/2126 2123/2123
f 2123/2123 2126/2126 1535/1535
f 2126/2126 2125/2125 2127/2127
f 2127/2127 2128/2128 2126/2126
f 2126/2126 2128/2128 1537/1537
f 1537/1537 2128/2128 2129/2129
f 2129/2129 2128/2128 2127/2127
f 2127/2127 2130/2130 2129/2129
f 2131/2131 2129/2129 2130/2130
f 2130/2130 2132/2132 2131/2131
f 2131/2131 2132/2132 2133/2133
f 2133/2133 2134/2134 2131/2131
f 2131/2131 2134/2134 1543/1543
f 2134/2134 2135/2135 1543/1543
f 2136/2136 2135/2135 2134/2134
f 2134/2134 2137/2137 2136/2136
f 2136/2136 2137/2137 2138/2138
f 2139/2139 2138/2138 2137/2137
f 2137/2137 2140/2140 2139/2139
f 2141/2141 2139/2139 2140/2140
f 2140/2140 2142/2142 2141/2141
f 2143/2143 2141/2141 2142/2142
f 2142/2142 1669/1669 2143/2143
f 2143/2143 1669/1669 2144/2144
f 2144/2144 2145/2145 2143/2143
f 2146/2146 2143/2143 2145/2145
f 2145/2145 2147/2147 2146/2146
f 2146/2146 2147/2147 2141/2141
f 2147/2147 2145/2145 2148/2148
f 2148/2148 2149/2149 2147/2147
f 2147/2147 2149/2149 2139/2139
f 2149/2149 2148/2148 2150/2150
f 2150/2150 2151/2151 2149/2149
f 2149/2149 2151/2151 2152/2152
f 2149/2149 2152/2152 2153/2153
f 2149/2149 2153/2153 2138/2138
f 2138/2138 2153/2153 2135/2135
f 1544/1544 2135/2135 2153/2153
f 2153/2153 2154/2154 1544/1544
f 2154/2154 2153/2153 2152/2152
f 2152/2152 2155/2155 2154/2154
f 2156/2156 2154/2154 2155/2155
f 2156/2156 2155/2155 2157/2157
f 2157/2157 2158/2158 2156/2156
f 1548/1548 2156/2156 2158/2158
f 2158/2158 2159/2159 1548/1548
f 2160/2160 1548/1548 2159/2159
f 2159/2159 2161/2161 2160/2160
f 2162/2162 2160/2160 2161/2161
f 2162/2162 2161/2161 2163/2163
f 2163/2163 2164/2164 2162/2162
f 1560/1560 2162/2162 2164/2164
f 2164/2164 2163/2163 2165/2165
f 2165/2165 2166/2166 2164/2164
f 2164/2164 2166/2166 1562/1562
f 1562/1562 2166/2166 2167/2167
f 2167/2167 2166/2166 2165/2165
f 2165/2165 2168/2168 2167/2167
f 2169/2169 2167/2167 2168/2168
f 2168/2168 2170/2170 2169/2169
f 2169/2169 2170/2170 2171/2171
f 2171/2171 2172/2172 2169/2169
f 2169/2169 2172/2172 1568/1568
f 2172/2172 2171/2171 2173/2173
f 2173/2173 2174/2174 2172/2172
f 2172/2172 2174/2174 1570/1570
f 1570/1570 2174/2174 2175/2175
f 2175/2175 2174/2174 2173/2173
f 2173/2173 2176/2176 2175/2175
f 2175/2175 2176/2176 2177/2177
f 2177/2177 1571/1571 2175/2175
f 1571/1571 2177/2177 2178/2178
f 2178/2178 2177/2177 2179/2179
f 2179/2179 2180/2180 2178/2178
f 2181/2181 2178/2178 2180/2180
f 2180/2180 2182/2182 2181/2181
f 2181/2181 2182/2182 1572/1572
f 2182/2182 2180/2180 2183/2183
f 2183/2183 2184/2184 2182/2182
f 2182/2182 2184/2184 1573/1573
f 2184/2184 2183/2183 2185/2185
f 2185/2185 2186/2186 2184/2184
f 2187/2187 2184/2184 2186/2186
f 2186/2186 2188/2188 2187/2187
f 2189/2189 2187/2187 2188/2188
f 2188/2188 2190/2190 2189/2189
f 2189/2189 2190/2190 1580/1580
f 2190/2190 2188/2188 2191/2191
f 2191/2191 2192/2192 2190/2190
f 2190/2190 2192/2192 1581/1581
f 2192/2192 2191/2191 2193/2193
f 2193/2193 2194/2194 2192/2192
f 2195/2195 2192/2192 2194/2194
f 2194/2194 2196/2196 2195/2195
f 2197/2197 2195/2195 2196/2196
f 2196/2196 2198/2198 2197/2197
f 2197/2197 2198/2198 1588/1588
f 2198/2198 2196/2196 2199/2199
f 2199/2199 2200/2200 2198/2198
f 2198/2198 2200/2200 1589/1589
f 2201/2201 1589/1589 2200/2200
f 2201/2201 2200/2200 2202/2202
f 2201/2201 2202/2202 2203/2203
f 2203/2203 2204/2204 2201/2201
f 2201/2201 2204/2204 1590/1590
f 1590/1590 2204/2204 1596/1596
f 1596/1596 2204/2204 2203/2203
f 2205/2205 2203/2203 2202/2202
f 2202/2202 2206/2206 2205/2205
f 2205/2205 2206/2206 2207/2207
f 2207/2207 2208/2208 2205/2205
f 2205/2205 2208/2208 2209/2209
f 2209/2209 2210/2210 2205/2205
f 2205/2205 2210/2210 1597/1597
f 2210/2210 2209/2209 2211/2211
f 2211/2211 2212/2212 2210/2210
f 2210/2210 2212/2212 1598/1598
f 1598/1598 2212/2212 1602/1602
f 1602/1602 2212/2212 2211/2211
f 2213/2213 2211/2211 2209/2209
f 2209/2209 2214/2214 2213/2213
f 2213/2213 2214/2214 2215/2215
f 2215/2215 2216/2216 2213/2213
f 2213/2213 2216/2216 1608/1608
f 2216/2216 2215/2215 2217/2217
f 2217/2217 2218/2218 2216/2216
f 2216/2216 2218/2218 1610/1610
f 1610/1610 2218/2218 1618/1618
f 1618/1618 2218/2218 2217/2217
f 2219/2219 2217/2217 2215/2215
f 2215/2215 2220/2220 2219/2219
f 2219/2219 2220/2220 2221/2221
f 2221/2221 2222/2222 2219/2219
f 2219/2219 2222/2222 2223/2223
f 2223/2223 2224/2224 2219/2219
f 2219/2219 2224/2224 1619/1619
f 2224/2224 2223/2223 2225/2225
f 2225/2225 2226/2226 2224/2224
f 2224/2224 2226/2226 1620/1620
f 1620/1620 2226/2226 1626/1626
f 1626/1626 2226/2226 2225/2225
f 2223/2223 2227/2227 2225/2225
f 2225/2225 2227/2227 1627/1627
f 2228/2228 1627/1627 2227/2227
f 2227/2227 2229/2229 2228/2228
f 2230/2230 2228/2228 2229/2229
f 2229/2229 2231/2231 2230/2230
f 2230/2230 2231/2231 2232/2232
f 2232/2232 2233/2233 2230/2230
f 2234/2234 2230/2230 2233/2233
f 2233/2233 1628/1628 2234/2234
f 2234/2234 1628/1628 2228/2228
f 2233/2233 2232/2232 2235/2235
f 2235/2235 1629/1629 2233/2233
f 2236/2236 2235/2235 2232/2232
f 2232/2232 2237/2237 2236/2236
f 2238/2238 2236/2236 2237/2237
f 2237/2237 2239/2239 2238/2238
f 2238/2238 2239/2239 2240/2240
f 2241/2241 2240/2240 2239/2239
f 5109/5109 5024/5024 5110/5110
f 5118/5118 5110/5110 5024/5024
f 5097/5097 5118/5118 5024/5024
f 5024/5024 5023/5023 5097/5097
f 5026/5026 5097/5097 5023/5023
f 5023/5023 5025/5025 5026/5026
f 5025/5025 5055/5055 5026/5026
f 5067/5067 5026/5026 5055/5055
f 5055/5055 5113/5113 5067/5067
f 4991/4991 5067/5067 5113/5113
f 4926/4926 4991/4991 5113/5113
f 5113/5113 4925/4925 4926/4926
f 4922/4922 4926/4926 4925/4925
f 4925/4925 4920/4920 4922/4922
f 4920/4920 4921/4921 4922/4922
f 4924/4924 4922/4922 4921/4921
f 4921/4921 4985/4985 4924/4924
f 4941/4941 4924/4924 4985/4985
f 5117/5117 4941/4941 4985/4985
f 5141/5141 5142/5142 5143/5143
f 5020/5020 5117/5117 4988/4988
f 4988/4988 4989/4989 5020/5020
f 4989/4989 4990/4990 5020/5020
f 5021/5021 5020/5020 4990/4990
f 4990/4990 5107/5107 5021/5021
f 5146/5146 5147/5147 5148/5148
f 5085/5085 5083/5083 5107/5107
f 5107/5107 5120/5120 5085/5085
f 5125/5125 5085/5085 5120/5120
f 5120/5120 5122/5122 5125/5125
f 5125/5125 5122/5122 5123/5123
f 5123/5123 5134/5134 5125/5125
f 5139/5139 5125/5125 5134/5134
f 5134/5134 5140/5140 5139/5139
f 5139/5139 5140/5140 5127/5127
f 5127/5127 5081/5081 5139/5139
f 5139/5139 5081/5081 5086/5086
f 5086/5086 5084/5084 5139/5139
f 5139/5139 5084/5084 5085/5085
f 5086/5086 5076/5076 5084/5084
f 5082/5082 5084/5084 5076/5076
f 5075/5075 5082/5082 5076/5076
f 5076/5076 5007/5007 5075/5075
f 5008/5008 5075/5075 5007/5007
f 5007/5007 5004/5004 5008/5008
f 5004/5004 4967/4967 5008/5008
f 5102/5102 5008/5008 4967/4967
f 4967/4967 4939/4939 5102/5102
f 4940/4940 5102/5102 4939/4939
f 4932/4932 4940/4940 4939/4939
f 4939/4939 4937/4937 4932/4932
f 4927/4927 4932/4932 4937/4937
f 4937/4937 4953/4953 4927/4927
f 4953/4953 4938/4938 4927/4927
f 4933/4933 4927/4927 4938/4938
f 4938/4938 4954/4954 4933/4933
f 4955/4955 4933/4933 4954/4954
f 4983/4983 4955/4955 4954/4954
f 4954/4954 5070/5070 4983/4983
f 5112/5112 4983/4983 5070/5070
f 5070/5070 5031/5031 5112/5112
f 5031/5031 5036/5036 5112/5112
f 5045/5045 5112/5112 5036/5036
f 5036/5036 5038/5038 5045/5045
f 5095/5095 5045/5045 5038/5038
f 5040/5040 5095/5095 5038/5038
f 5038/5038 5039/5039 5040/5040
f 2242/2242 2243/2243 2244/2244
f 2244/2244 2245/2245 2242/2242
f 2245/2245 2246/2246 2242/2242
f 2247/2247 2242/2242 2246/2246
f 2246/2246 2248/2248 2247/2247
f 2249/2249 2247/2247 2248/2248
f 1636/1636 2249/2249 2248/2248
f 2249/2249 1636/1636 2250/2250
f 2247/2247 2249/2249 2250/2250
f 2250/2250 2251/2251 2247/2247
f 2251/2251 2250/2250 2235/2235
f 2250/2250 1634/1634 2235/2235
f 2248/2248 2246/2246 2252/2252
f 1637/1637 2248/2248 2252/2252
f 2253/2253 2252/2252 2246/2246
f 2252/2252 2253/2253 2254/2254
f 2254/2254 2255/2255 2252/2252
f 2255/2255 1642/1642 2252/2252
f 2255/2255 2254/2254 2256/2256
f 2256/2256 2257/2257 2255/2255
f 2257/2257 1644/1644 2255/2255
f 1644/1644 2257/2257 2258/2258
f 2257/2257 2256/2256 2258/2258
f 2259/2259 2258/2258 2256/2256
f 2256/2256 2260/2260 2259/2259
f 2261/2261 2259/2259 2260/2260
f 2262/2262 2261/2261 2260/2260
f 2260/2260 2263/2263 2262/2262
f 5049/5049 5050/5050 5044/5044
f 5044/5044 5046/5046 5049/5049
f 5046/5046 5119/5119 5049/5049
f 5174/5174 5175/5175 5176/5176
f 5119/5119 5016/5016 5071/5071
f 5017/5017 5071/5071 5016/5016
f 5015/5015 5017/5017 5016/5016
f 5016/5016 5013/5013 5015/5015
f 5014/5014 5015/5015 5013/5013
f 5013/5013 5012/5012 5014/5014
f 5012/5012 4975/4975 5014/5014
f 4976/4976 5014/5014 4975/4975
f 4975/4975 4969/4969 4976/4976
f 4978/4978 4976/4976 4969/4969
f 4986/4986 4978/4978 4969/4969
f 4969/4969 4970/4970 4986/4986
f 4973/4973 4986/4986 4970/4970
f 4970/4970 4972/4972 4973/4973
f 4972/4972 4977/4977 4973/4973
f 5018/5018 4973/4973 4977/4977
f 4977/4977 5019/5019 5018/5018
f 5034/5034 5018/5018 5019/5019
f 5035/5035 5034/5034 5019/5019
f 5019/5019 5063/5063 5035/5035
f 5111/5111 5035/5035 5063/5063
f 5063/5063 5126/5126 5111/5111
f 5177/5177 5178/5178 5179/5179
f 5180/5180 5179/5179 5178/5178
f 5136/5136 5098/5098 5091/5091
f 5091/5091 5131/5131 5136/5136
f 4746/4746 4780/4780 4782/4782
f 4782/4782 4785/4785 4746/4746
f 4746/4746 4785/4785 4788/4788
f 4788/4788 4743/4743 4746/4746
f 4742/4742 4746/4746 4743/4743
f 4743/4743 4741/4741 4742/4742
f 4741/4741 4740/4740 4742/4742
f 4790/4790 4742/4742 4740/4740
f 4740/4740 4745/4745 4790/4790
f 4816/4816 4790/4790 4745/4745
f 4893/4893 4894/4894 4892/4892
f 4892/4892 4891/4891 4893/4893
f 4713/4713 4755/4755 4731/4731
f 4731/4731 4647/4647 4713/4713
f 4647/4647 4642/4642 4713/4713
f 4644/4644 4713/4713 4642/4642
f 4642/4642 4643/4643 4644/4644
f 4645/4645 4644/4644 4643/4643
f 4646/4646 4645/4645 4643/4643
f 4643/4643 4671/4671 4646/4646
f 4841/4841 4646/4646 4671/4671
f 4671/4671 4673/4673 4841/4841
f 4673/4673 4698/4698 4841/4841
f 4778/4778 4841/4841 4698/4698
f 4698/4698 4747/4747 4778/4778
f 4764/4764 4778/4778 4747/4747
f 4760/4760 4764/4764 4747/4747
f 4747/4747 4748/4748 4760/4760
f 4761/4761 4760/4760 4748/4748
f 4748/4748 4805/4805 4761/4761
f 4805/4805 4768/4768 4761/4761
f 4767/4767 4761/4761 4768/4768
f 2264/2264 2265/2265 2266/2266
f 2267/2267 2266/2266 2265/2265
f 2268/2268 2267/2267 2265/2265
f 2265/2265 2269/2269 2268/2268
f 2270/2270 2268/2268 2269/2269
f 2269/2269 2271/2271 2270/2270
f 2271/2271 2272/2272 2270/2270
f 2273/2273 2270/2270 2272/2272
f 2273/2273 2272/2272 2274/2274
f 2274/2274 2275/2275 2273/2273
f 2273/2273 2275/2275 1646/1646
f 1646/1646 2275/2275 2276/2276
f 2276/2276 2275/2275 2274/2274
f 2274/2274 2277/2277 2276/2276
f 2278/2278 2276/2276 2277/2277
f 2277/2277 2279/2279 2278/2278
f 2278/2278 2279/2279 2280/2280
f 2280/2280 2281/2281 2278/2278
f 2278/2278 2281/2281 1652/1652
f 2281/2281 2280/2280 1657/1657
f 2282/2282 1657/1657 2280/2280
f 2280/2280 2283/2283 2282/2282
f 2282/2282 2283/2283 2284/2284
f 2284/2284 2285/2285 2282/2282
f 2282/2282 2285/2285 2286/2286
f 2286/2286 1660/1660 2282/2282
f 2287/2287 2286/2286 2285/2285
f 2285/2285 2288/2288 2287/2287
f 2287/2287 2288/2288 2289/2289
f 2289/2289 2290/2290 2287/2287
f 2287/2287 2290/2290 1665/1665
f 2291/2291 1665/1665 2290/2290
f 2290/2290 2292/2292 2291/2291
f 2293/2293 2291/2291 2292/2292
f 2292/2292 2294/2294 2293/2293
f 2293/2293 2294/2294 2295/2295
f 2144/2144 2295/2295 2294/2294
f 2294/2294 2296/2296 2144/2144
f 2297/2297 2296/2296 2294/2294
f 2296/2296 2297/2297 2298/2298
f 2298/2298 2299/2299 2296/2296
f 2300/2300 2296/2296 2299/2299
f 2299/2299 2301/2301 2300/2300
f 2302/2302 2300/2300 2301/2301
f 2301/2301 2303/2303 2302/2302
f 2302/2302 2303/2303 2150/2150
f 2301/2301 2304/2304 2303/2303
f 2305/2305 2303/2303 2304/2304
f 2304/2304 2306/2306 2305/2305
f 2307/2307 2305/2305 2306/2306
f 2308/2308 2307/2307 2306/2306
f 2306/2306 2309/2309 2308/2308
f 2308/2308 2309/2309 2310/2310
f 2310/2310 2311/2311 2308/2308
f 2312/2312 2308/2308 2311/2311
f 2311/2311 2313/2313 2312/2312
f 2312/2312 2313/2313 2168/2168
f 2313/2313 2311/2311 2314/2314
f 2314/2314 2315/2315 2313/2313
f 2313/2313 2315/2315 2170/2170
f 2170/2170 2315/2315 2316/2316
f 2316/2316 2315/2315 2314/2314
f 2314/2314 2317/2317 2316/2316
f 2318/2318 2316/2316 2317/2317
f 2317/2317 2319/2319 2318/2318
f 2318/2318 2319/2319 2320/2320
f 2320/2320 2321/2321 2318/2318
f 2318/2318 2321/2321 2176/2176
f 2176/2176 2321/2321 2322/2322
f 2323/2323 2322/2322 2321/2321
f 2324/2324 2323/2323 2321/2321
f 2323/2323 2324/2324 2325/2325
f 2326/2326 2325/2325 2324/2324
f 2324/2324 2327/2327 2326/2326
f 2328/2328 2326/2326 2327/2327
f 2329/2329 2328/2328 2327/2327
f 2327/2327 2330/2330 2329/2329
f 2331/2331 2329/2329 2330/2330
f 2330/2330 2332/2332 2331/2331
f 2332/2332 2333/2333 2331/2331
f 2334/2334 2331/2331 2333/2333
f 2333/2333 2335/2335 2334/2334
f 2336/2336 2334/2334 2335/2335
f 2337/2337 2336/2336 2335/2335
f 2335/2335 2338/2338 2337/2337
f 2339/2339 2337/2337 2338/2338
f 2338/2338 2340/2340 2339/2339
f 2340/2340 2341/2341 2339/2339
f 2342/2342 2339/2339 2341/2341
f 2341/2341 2343/2343 2342/2342
f 2344/2344 2342/2342 2343/2343
f 2344/2344 2343/2343 2345/2345
f 2345/2345 2346/2346 2344/2344
f 2347/2347 2344/2344 2346/2346
f 2348/2348 2347/2347 2346/2346
f 2346/2346 2349/2349 2348/2348
f 4786/4786 4798/4798 4797/4797
f 4797/4797 4791/4791 4786/4786
f 4791/4791 4750/4750 4786/4786
f 4771/4771 4786/4786 4750/4750
f 4750/4750 4770/4770 4771/4771
f 4772/4772 4771/4771 4770/4770
f 4775/4775 4772/4772 4770/4770
f 4770/4770 4697/4697 4775/4775
f 4869/4869 4868/4868 4870/4870
f 4870/4870 4871/4871 4869/4869
f 4871/4871 4872/4872 4869/4869
f 4627/4627 4636/4636 4683/4683
f 4683/4683 4628/4628 4627/4627
f 4626/4626 4627/4627 4628/4628
f 4625/4625 4626/4626 4628/4628
f 4628/4628 4631/4631 4625/4625
f 4736/4736 4625/4625 4631/4631
f 4631/4631 4641/4641 4736/4736
f 4882/4882 4883/4883 4884/4884
f 4708/4708 4736/4736 4720/4720
f 4720/4720 4712/4712 4708/4708
f 4709/4709 4708/4708 4712/4712
f 4710/4710 4709/4709 4712/4712
f 4712/4712 4734/4734 4710/4710
f 4807/4807 4710/4710 4734/4734
f 4734/4734 4739/4739 4807/4807
f 4879/4879 4878/4878 4877/4877
f 4876/4876 4877/4877 4878/4878
f 4824/4824 4757/4757 4758/4758
f 4758/4758 4812/4812 4824/4824
f 4824/4824 4812/4812 4859/4859
f 4859/4859 4802/4802 4824/4824
f 4802/4802 4859/4859 4803/4803
f 4803/4803 4800/4800 4802/4802
f 4802/4802 4800/4800 4733/4733
f 4733/4733 4807/4807 4802/4802
f 4807/4807 4733/4733 4711/4711
f 4707/4707 4711/4711 4733/4733
f 4733/4733 4783/4783 4707/4707
f 4783/4783 4759/4759 4707/4707
f 4704/4704 4707/4707 4759/4759
f 4759/4759 4814/4814 4704/4704
f 4705/4705 4704/4704 4814/4814
f 4845/4845 4705/4705 4814/4814
f 4814/4814 4846/4846 4845/4845
f 4847/4847 4845/4845 4846/4846
f 4846/4846 4850/4850 4847/4847
f 4850/4850 4826/4826 4847/4847
f 4822/4822 4847/4847 4826/4826
f 4826/4826 4825/4825 4822/4822
f 4821/4821 4822/4822 4825/4825
f 2350/2350 2351/2351 2352/2352
f 2352/2352 2353/2353 2350/2350
f 5315/5315 5248/5248 5334/5334
f 5334/5334 5316/5316 5315/5315
f 5316/5316 5276/5276 5315/5315
f 5273/5273 5315/5315 5276/5276
f 5276/5276 5275/5275 5273/5273
f 5274/5274 5273/5273 5275/5275
f 5275/5275 5328/5328 5274/5274
f 5278/5278 5274/5274 5328/5328
f 5409/5409 5410/5410 5411/5411
f 5411/5411 5410/5410 5412/5412
f 5327/5327 5280/5280 5278/5278
f 5277/5277 5278/5278 5280/5280
f 5272/5272 5277/5277 5280/5280
f 5280/5280 5246/5246 5272/5272
f 5245/5245 5272/5272 5246/5246
f 5246/5246 5237/5237 5245/5245
f 5237/5237 5236/5236 5245/5245
f 5247/5247 5245/5245 5236/5236
f 5236/5236 5261/5261 5247/5247
f 5268/5268 5247/5247 5261/5261
f 4819/4819 4820/4820 4818/4818
f 4818/4818 4817/4817 4819/4819
f 4823/4823 4819/4819 4817/4817
f 4817/4817 4685/4685 4823/4823
f 4685/4685 4670/4670 4823/4823
f 4718/4718 4823/4823 4670/4670
f 4670/4670 4680/4680 4718/4718
f 4719/4719 4718/4718 4680/4680
f 4700/4700 4719/4719 4680/4680
f 4680/4680 4699/4699 4700/4700
f 4701/4701 4700/4700 4699/4699
f 4699/4699 4702/4702 4701/4701
f 4702/4702 4703/4703 4701/4701
f 4706/4706 4701/4701 4703/4703
f 4703/4703 4708/4708 4706/4706
f 4701/4701 4706/4706 4711/4711
f 4710/4710 4711/4711 4706/4706
f 4703/4703 4702/4702 4795/4795
f 4795/4795 4736/4736 4703/4703
f 4736/4736 4795/4795 4624/4624
f 4640/4640 4624/4624 4795/4795
f 4795/4795 4779/4779 4640/4640
f 4779/4779 4776/4776 4640/4640
f 4637/4637 4640/4640 4776/4776
f 4776/4776 4649/4649 4637/4637
f 4648/4648 4637/4637 4649/4649
f 4650/4650 4648/4648 4649/4649
f 4649/4649 4651/4651 4650/4650
f 4652/4652 4650/4650 4651/4651
f 4651/4651 4654/4654 4652/4652
f 4654/4654 4721/4721 4652/4652
f 4655/4655 4652/4652 4721/4721
f 4721/4721 4663/4663 4655/4655
f 4662/4662 4655/4655 4663/4663
f 5226/5226 5263/5263 5235/5235
f 5235/5235 5231/5231 5226/5226
f 5225/5225 5226/5226 5231/5231
f 5231/5231 5258/5258 5225/5225
f 5258/5258 5260/5260 5225/5225
f 5188/5188 5225/5225 5260/5260
f 5260/5260 5219/5219 5188/5188
f 5182/5182 5188/5188 5219/5219
f 5219/5219 5183/5183 5182/5182
f 5181/5181 5182/5182 5183/5183
f 5183/5183 5185/5185 5181/5181
f 5181/5181 5185/5185 5271/5271
f 5271/5271 5194/5194 5181/5181
f 5184/5184 5181/5181 5194/5194
f 5187/5187 5184/5184 5194/5194
f 5194/5194 5195/5195 5187/5187
f 5224/5224 5187/5187 5195/5195
f 5195/5195 5199/5199 5224/5224
f 5199/5199 5228/5228 5224/5224
f 5227/5227 5224/5224 5228/5228
f 5228/5228 5229/5229 5227/5227
f 5232/5232 5227/5227 5229/5229
f 4656/4656 4684/4684 4658/4658
f 4658/4658 4657/4657 4656/4656
f 4653/4653 4656/4656 4657/4657
f 4657/4657 4664/4664 4653/4653
f 4664/4664 4665/4665 4653/4653
f 4669/4669 4653/4653 4665/4665
f 4665/4665 4769/4769 4669/4669
f 4679/4679 4669/4669 4769/4769
f 4635/4635 4679/4679 4769/4769
f 4769/4769 4634/4634 4635/4635
f 4622/4622 4635/4635 4634/4634
f 4634/4634 4630/4630 4622/4622
f 4630/4630 4629/4629 4622/4622
f 4623/4623 4622/4622 4629/4629
f 4629/4629 4627/4627 4623/4623
f 4622/4622 4623/4623 4624/4624
f 4625/4625 4624/4624 4623/4623
f 4629/4629 4630/4630 4638/4638
f 4638/4638 4636/4636 4629/4629
f 4636/4636 4638/4638 4799/4799
f 4717/4717 4799/4799 4638/4638
f 4638/4638 4639/4639 4717/4717
f 4639/4639 4681/4681 4717/4717
f 4722/4722 4717/4717 4681/4681
f 4895/4895 4896/4896 4897/4897
f 4691/4691 4722/4722 4668/4668
f 4682/4682 4691/4691 4668/4668
f 4668/4668 4667/4667 4682/4682
f 4809/4809 4682/4682 4667/4667
f 4667/4667 4666/4666 4809/4809
f 4666/4666 4660/4660 4809/4809
f 4661/4661 4809/4809 4660/4660
f 4660/4660 4659/4659 4661/4661
f 4686/4686 4661/4661 4659/4659
f 5342/5342 5343/5343 5230/5230
f 5230/5230 5234/5234 5342/5342
f 5399/5399 5400/5400 5397/5397
f 5397/5397 5398/5398 5399/5399
f 5252/5252 5197/5197 5222/5222
f 5198/5198 5222/5222 5197/5197
f 5197/5197 5196/5196 5198/5198
f 5200/5200 5198/5198 5196/5196
f 5196/5196 5203/5203 5200/5200
f 5220/5220 5200/5200 5203/5203
f 5203/5203 5313/5313 5220/5220
f 5220/5220 5313/5313 5243/5243
f 5243/5243 5242/5242 5220/5220
f 5221/5221 5220/5220 5242/5242
f 5262/5262 5221/5221 5242/5242
f 5242/5242 5341/5341 5262/5262
f 5241/5241 5262/5262 5341/5341
f 5341/5341 5373/5373 5241/5241
f 5373/5373 5347/5347 5241/5241
f 5344/5344 5241/5241 5347/5347
f 5347/5347 5346/5346 5344/5344
f 5345/5345 5344/5344 5346/5346
f 4687/4687 4688/4688 4689/4689
f 4689/4689 4690/4690 4687/4687
f 4695/4695 4687/4687 4690/4690
f 4690/4690 4777/4777 4695/4695
f 4777/4777 4729/4729 4695/4695
f 4692/4692 4695/4695 4729/4729
f 4729/4729 4723/4723 4692/4692
f 4693/4693 4692/4692 4723/4723
f 4694/4694 4693/4693 4723/4723
f 4723/4723 4724/4724 4694/4694
f 4844/4844 4694/4694 4724/4724
f 4724/4724 4727/4727 4844/4844
f 4864/4864 4863/4863 4866/4866
f 4773/4773 4844/4844 4774/4774
f 4774/4774 4771/4771 4773/4773
f 4844/4844 4773/4773 4799/4799
f 4775/4775 4799/4799 4773/4773
f 4863/4863 4864/4864 4865/4865
f 4843/4843 4786/4786 4774/4774
f 4786/4786 4843/4843 4808/4808
f 4860/4860 4861/4861 4862/4862
f 4843/4843 4784/4784 4732/4732
f 4784/4784 4726/4726 4732/4732
f 4728/4728 4732/4732 4726/4726
f 4726/4726 4725/4725 4728/4728
f 4735/4735 4728/4728 4725/4725
f 4804/4804 4735/4735 4725/4725
f 4725/4725 4848/4848 4804/4804
f 4913/4913 4914/4914 4915/4915
f 4848/4848 4789/4789 4806/4806
f 4789/4789 4752/4752 4806/4806
f 4753/4753 4806/4806 4752/4752
f 4752/4752 4751/4751 4753/4753
f 4754/4754 4753/4753 4751/4751
f 5339/5339 5352/5352 5351/5351
f 5351/5351 5338/5338 5339/5339
f 5331/5331 5339/5339 5338/5338
f 5338/5338 5337/5337 5331/5331
f 5337/5337 5326/5326 5331/5331
f 5319/5319 5331/5331 5326/5326
f 5326/5326 5244/5244 5319/5319
f 5282/5282 5319/5319 5244/5244
f 5244/5244 5266/5266 5282/5282
f 2354/2354 2355/2355 2356/2356
f 2356/2356 2357/2357 2354/2354
f 2354/2354 2357/2357 2179/2179
f 2179/2179 2358/2358 2354/2354
f 2359/2359 2354/2354 2358/2358
f 2360/2360 2359/2359 2358/2358
f 2358/2358 2361/2361 2360/2360
f 2362/2362 2360/2360 2361/2361
f 2361/2361 2325/2325 2362/2362
f 2325/2325 2361/2361 2322/2322
f 2177/2177 2322/2322 2361/2361
f 2360/2360 2362/2362 2363/2363
f 2361/2361 2358/2358 2177/2177
f 2359/2359 2360/2360 2355/2355
f 2357/2357 2356/2356 2364/2364
f 2364/2364 2365/2365 2357/2357
f 2366/2366 2357/2357 2365/2365
f 2365/2365 2367/2367 2366/2366
f 2368/2368 2366/2366 2367/2367
f 2367/2367 2369/2369 2368/2368
f 2368/2368 2369/2369 2185/2185
f 2369/2369 2367/2367 2370/2370
f 2370/2370 2371/2371 2369/2369
f 2369/2369 2371/2371 2186/2186
f 2371/2371 2370/2370 2372/2372
f 2372/2372 2373/2373 2371/2371
f 2374/2374 2371/2371 2373/2373
f 2373/2373 2375/2375 2374/2374
f 2376/2376 2374/2374 2375/2375
f 2375/2375 2377/2377 2376/2376
f 2376/2376 2377/2377 2193/2193
f 2377/2377 2375/2375 2378/2378
f 2378/2378 2379/2379 2377/2377
f 2377/2377 2379/2379 2194/2194
f 2379/2379 2378/2378 2380/2380
f 2380/2380 2381/2381 2379/2379
f 2382/2382 2379/2379 2381/2381
f 2381/2381 2383/2383 2382/2382
f 2384/2384 2382/2382 2383/2383
f 2384/2384 2383/2383 2385/2385
f 2385/2385 2386/2386 2384/2384
f 2386/2386 2385/2385 2387/2387
f 2387/2387 2200/2200 2386/2386
f 2200/2200 2387/2387 2388/2388
f 2389/2389 2388/2388 2387/2387
f 2387/2387 2390/2390 2389/2389
f 2389/2389 2390/2390 2391/2391
f 2391/2391 2392/2392 2389/2389
f 2393/2393 2389/2389 2392/2392
f 2392/2392 2206/2206 2393/2393
f 2393/2393 2206/2206 2388/2388
f 2392/2392 2391/2391 2394/2394
f 2394/2394 2207/2207 2392/2392
f 2207/2207 2394/2394 2395/2395
f 2395/2395 2394/2394 2221/2221
f 2396/2396 2221/2221 2394/2394
f 2394/2394 2397/2397 2396/2396
f 2398/2398 2396/2396 2397/2397
f 2397/2397 2399/2399 2398/2398
f 2398/2398 2399/2399 2400/2400
f 2400/2400 2401/2401 2398/2398
f 2402/2402 2398/2398 2401/2401
f 2401/2401 2222/2222 2402/2402
f 2402/2402 2222/2222 2396/2396
f 2401/2401 2400/2400 2227/2227
f 2403/2403 2227/2227 2400/2400
f 2400/2400 2404/2404 2403/2403
f 2405/2405 2403/2403 2404/2404
f 2404/2404 2406/2406 2405/2405
f 2405/2405 2406/2406 2407/2407
f 2408/2408 2407/2407 2406/2406
f 5100/5100 5099/5099 5088/5088
f 5001/5001 5088/5088 5099/5099
f 5099/5099 4999/4999 5001/5001
f 5000/5000 5001/5001 4999/4999
f 4999/4999 4964/4964 5000/5000
f 5000/5000 4964/4964 5022/5022
f 5022/5022 5089/5089 5000/5000
f 5073/5073 5000/5000 5089/5089
f 5089/5089 5074/5074 5073/5073
f 5073/5073 5074/5074 5001/5001
f 5074/5074 5089/5089 5108/5108
f 2409/2409 2231/2231 2410/2410
f 2410/2410 2231/2231 2408/2408
f 2231/2231 2409/2409 2237/2237
f 5024/5024 5108/5108 5089/5089
f 5089/5089 5022/5022 5024/5024
f 5009/5009 5022/5022 4964/4964
f 4964/4964 4963/4963 5009/5009
f 5055/5055 5009/5009 4963/4963
f 4963/4963 4964/4964 4936/4936
f 4936/4936 4934/4934 4963/4963
f 5113/5113 4963/4963 4934/4934
f 4934/4934 4930/4930 5113/5113
f 4930/4930 4934/4934 4931/4931
f 4931/4931 4929/4929 4930/4930
f 4923/4923 4930/4930 4929/4929
f 4929/4929 4928/4928 4923/4923
f 4921/4921 4923/4923 4928/4928
f 4928/4928 4929/4929 4942/4942
f 4942/4942 5010/5010 4928/4928
f 4985/4985 4928/4928 5010/5010
f 5145/5145 5144/5144 5141/5141
f 4979/4979 5010/5010 4947/4947
f 4947/4947 4965/4965 4979/4979
f 4987/4987 4979/4979 4965/4965
f 4965/4965 5048/5048 4987/4987
f 4990/4990 4987/4987 5048/5048
f 5048/5048 4965/4965 5103/5103
f 5103/5103 5115/5115 5048/5048
f 5107/5107 5048/5048 5115/5115
f 5115/5115 5116/5116 5107/5107
f 5116/5116 5115/5115 5135/5135
f 5116/5116 5135/5135 5137/5137
f 5137/5137 5121/5121 5116/5116
f 5120/5120 5116/5116 5121/5121
f 5124/5124 5121/5121 5137/5137
f 5137/5137 5138/5138 5124/5124
f 2411/2411 2412/2412 2413/2413
f 2413/2413 2414/2414 2411/2411
f 2411/2411 2414/2414 2415/2415
f 2415/2415 2416/2416 2411/2411
f 2417/2417 2411/2411 2416/2416
f 2416/2416 2418/2418 2417/2417
f 2417/2417 2418/2418 2419/2419
f 2419/2419 2420/2420 2417/2417
f 2417/2417 2420/2420 2421/2421
f 2420/2420 2419/2419 2422/2422
f 2422/2422 2423/2423 2420/2420
f 2420/2420 2423/2423 2424/2424
f 2424/2424 2423/2423 2425/2425
f 2425/2425 2423/2423 2422/2422
f 2422/2422 2426/2426 2425/2425
f 2427/2427 2425/2425 2426/2426
f 2426/2426 2428/2428 2427/2427
f 2427/2427 2428/2428 2429/2429
f 2429/2429 2430/2430 2427/2427
f 2427/2427 2430/2430 2431/2431
f 2431/2431 2432/2432 2427/2427
f 2427/2427 2432/2432 2433/2433
f 5092/5092 5128/5128 5079/5079
f 5079/5079 5080/5080 5092/5092
f 5092/5092 5080/5080 5081/5081
f 5081/5081 5080/5080 5078/5078
f 5078/5078 5080/5080 5079/5079
f 5079/5079 5077/5077 5078/5078
f 5066/5066 5078/5078 5077/5077
f 5077/5077 5065/5065 5066/5066
f 5065/5065 5064/5064 5066/5066
f 5172/5172 5173/5173 5170/5170
f 5170/5170 5171/5171 5172/5172
f 5005/5005 5006/5006 5087/5087
f 5003/5003 5005/5005 5087/5087
f 5087/5087 5114/5114 5003/5003
f 4952/4952 5003/5003 5114/5114
f 5114/5114 4971/4971 4952/4952
f 4971/4971 4968/4968 4952/4952
f 4960/4960 4952/4952 4968/4968
f 4968/4968 4962/4962 4960/4960
f 4961/4961 4960/4960 4962/4962
f 5002/5002 4961/4961 4962/4962
f 4962/4962 4974/4974 5002/5002
f 5160/5160 5166/5166 5165/5165
f 5165/5165 5164/5164 5160/5160
f 5164/5164 5163/5163 5160/5160
f 5161/5161 5160/5160 5163/5163
f 5027/5027 5028/5028 5029/5029
f 5030/5030 5029/5029 5028/5028
f 5032/5032 5030/5030 5028/5028
f 5028/5028 5062/5062 5032/5032
f 5037/5037 5032/5032 5062/5062
f 5062/5062 5043/5043 5037/5037
f 5043/5043 5042/5042 5037/5037
f 5041/5041 5037/5037 5042/5042
f 2434/2434 2435/2435 2436/2436
f 2437/2437 2436/2436 2435/2435
f 2253/2253 2437/2437 2435/2435
f 2437/2437 2253/2253 2245/2245
f 2436/2436 2437/2437 2245/2245
f 2435/2435 2434/2434 2260/2260
f 2254/2254 2435/2435 2260/2260
f 5037/5037 5041/5041 5039/5039
f 5042/5042 5043/5043 5044/5044
f 5043/5043 5062/5062 5119/5119
f 5032/5032 5037/5037 5036/5036
f 5062/5062 5028/5028 5016/5016
f 5030/5030 5032/5032 5031/5031
f 5029/5029 5030/5030 5031/5031
f 5028/5028 5027/5027 5016/5016
f 5160/5160 5161/5161 5162/5162
f 5027/5027 5011/5011 5013/5013
f 5011/5011 4974/4974 4975/4975
f 5002/5002 4956/4956 4938/4938
f 4974/4974 4962/4962 4969/4969
f 4961/4961 5002/5002 4953/4953
f 4960/4960 4961/4961 4953/4953
f 4962/4962 4968/4968 4969/4969
f 4952/4952 4960/4960 4937/4937
f 4968/4968 4971/4971 4970/4970
f 4971/4971 5114/5114 4977/4977
f 5003/5003 4952/4952 4967/4967
f 5114/5114 5087/5087 5019/5019
f 5005/5005 5003/5003 5004/5004
f 5006/5006 5005/5005 5004/5004
f 5087/5087 5064/5064 5019/5019
f 2438/2438 2439/2439 2440/2440
f 5064/5064 5065/5065 5063/5063
f 5065/5065 5077/5077 5098/5098
f 5078/5078 5066/5066 5086/5086
f 5077/5077 5079/5079 5091/5091
f 5091/5091 5079/5079 5128/5128
f 5128/5128 5129/5129 5091/5091
f 5091/5091 5129/5129 5130/5130
f 2441/2441 2442/2442 2443/2443
f 2443/2443 2444/2444 2441/2441
f 2441/2441 2444/2444 2445/2445
f 2445/2445 2446/2446 2441/2441
f 2447/2447 2441/2441 2446/2446
f 2446/2446 2448/2448 2447/2447
f 2447/2447 2448/2448 2449/2449
f 2449/2449 2450/2450 2447/2447
f 2447/2447 2450/2450 2451/2451
f 2451/2451 2452/2452 2447/2447
f 2447/2447 2452/2452 2442/2442
f 4782/4782 4853/4853 4852/4852
f 4852/4852 4854/4854 4788/4788
f 4756/4756 4788/4788 4854/4854
f 4854/4854 4813/4813 4756/4756
f 4756/4756 4813/4813 4810/4810
f 4810/4810 4758/4758 4756/4756
f 4758/4758 4810/4810 4811/4811
f 2453/2453 2454/2454 2455/2455
f 2455/2455 2456/2456 2453/2453
f 2453/2453 2456/2456 2457/2457
f 2457/2457 2458/2458 2453/2453
f 2453/2453 2458/2458 2459/2459
f 2459/2459 2460/2460 2453/2453
f 2453/2453 2460/2460 2461/2461
f 2462/2462 2461/2461 2460/2460
f 2460/2460 2463/2463 2462/2462
f 2462/2462 2463/2463 2464/2464
f 2464/2464 2465/2465 2462/2462
f 4803/4803 4857/4857 4856/4856
f 4856/4856 4851/4851 4803/4803
f 4803/4803 4851/4851 4801/4801
f 4815/4815 4801/4801 4851/4851
f 4900/4900 4901/4901 4902/4902
f 4902/4902 4901/4901 4903/4903
f 4903/4903 4904/4904 4902/4902
f 4815/4815 4855/4855 4814/4814
f 4855/4855 4835/4835 4830/4830
f 4830/4830 4839/4839 4855/4855
f 4912/4912 4911/4911 4910/4910
f 4827/4827 4839/4839 4830/4830
f 4830/4830 4829/4829 4827/4827
f 4828/4828 4827/4827 4829/4829
f 4829/4829 4838/4838 4828/4828
f 5359/5359 5348/5348 5311/5311
f 5311/5311 5333/5333 5359/5359
f 5359/5359 5333/5333 5381/5381
f 5333/5333 5311/5311 5307/5307
f 5307/5307 5349/5349 5333/5333
f 5401/5401 5402/5402 5403/5403
f 5281/5281 5349/5349 5307/5307
f 5307/5307 5306/5306 5281/5281
f 5305/5305 5281/5281 5306/5306
f 5306/5306 5312/5312 5305/5305
f 5305/5305 5312/5312 5382/5382
f 5382/5382 5350/5350 5305/5305
f 5305/5305 5350/5350 5275/5275
f 5392/5392 5391/5391 5393/5393
f 5350/5350 5320/5320 5314/5314
f 5304/5304 5314/5314 5320/5320
f 5320/5320 5303/5303 5304/5304
f 5304/5304 5303/5303 5302/5302
f 5299/5299 5302/5302 5303/5303
f 5303/5303 5360/5360 5299/5299
f 5298/5298 5299/5299 5360/5360
f 5360/5360 5300/5300 5298/5298
f 5295/5295 5298/5298 5300/5300
f 5300/5300 5374/5374 5295/5295
f 5295/5295 5374/5374 5293/5293
f 5293/5293 5294/5294 5295/5295
f 5296/5296 5295/5295 5294/5294
f 5294/5294 5297/5297 5296/5296
f 5296/5296 5297/5297 5298/5298
f 5297/5297 5294/5294 5353/5353
f 5353/5353 5301/5301 5297/5297
f 5297/5297 5301/5301 5299/5299
f 5410/5410 5414/5414 5413/5413
f 5269/5269 5233/5233 5353/5353
f 5353/5353 5250/5250 5269/5269
f 5269/5269 5250/5250 5191/5191
f 5191/5191 5186/5186 5269/5269
f 5190/5190 5269/5269 5186/5186
f 5186/5186 5189/5189 5190/5190
f 5190/5190 5189/5189 5233/5233
f 5327/5327 5233/5233 5189/5189
f 5189/5189 5219/5219 5327/5327
f 5189/5189 5186/5186 5183/5183
f 5186/5186 5191/5191 5185/5185
f 5192/5192 5185/5185 5191/5191
f 5191/5191 5193/5193 5192/5192
f 5201/5201 5192/5192 5193/5193
f 5193/5193 5202/5202 5201/5201
f 5201/5201 5202/5202 5279/5279
f 5212/5212 5279/5279 5202/5202
f 5202/5202 5211/5211 5212/5212
f 5213/5213 5212/5212 5211/5211
f 5211/5211 5214/5214 5213/5213
f 5217/5217 5213/5213 5214/5214
f 4402/4402 4401/4401 4407/4407
f 4407/4407 4401/4401 4427/4427
f 5251/5251 5223/5223 5217/5217
f 5218/5218 5217/5217 5223/5223
f 5223/5223 5240/5240 5218/5218
f 5218/5218 5240/5240 5213/5213
f 5240/5240 5223/5223 5270/5270
f 5426/5426 5427/5427 5428/5428
f 5428/5428 5427/5427 5429/5429
f 5238/5238 5270/5270 5253/5253
f 5253/5253 5209/5209 5238/5238
f 5207/5207 5238/5238 5209/5209
f 5209/5209 5205/5205 5207/5207
f 5206/5206 5207/5207 5205/5205
f 5205/5205 5204/5204 5206/5206
f 5206/5206 5204/5204 5208/5208
f 5271/5271 5208/5208 5204/5204
f 5204/5204 5196/5196 5271/5271
f 5204/5204 5205/5205 5203/5203
f 5208/5208 5207/5207 5206/5206
f 5207/5207 5208/5208 5259/5259
f 5417/5417 5418/5418 5415/5415
f 5205/5205 5209/5209 5313/5313
f 5254/5254 5313/5313 5209/5209
f 5257/5257 5313/5313 5254/5254
f 5254/5254 5256/5256 5257/5257
f 5283/5283 5257/5257 5256/5256
f 5256/5256 5330/5330 5283/5283
f 5288/5288 5283/5283 5330/5330
f 5330/5330 5379/5379 5288/5288
f 5354/5354 5288/5288 5379/5379
f 5379/5379 5355/5355 5354/5354
f 5354/5354 5355/5355 5340/5340
f 5434/5434 5435/5435 5436/5436
f 4468/4468 4497/4497 4537/4537
f 4537/4537 4497/4497 4538/4538
f 4497/4497 4468/4468 4467/4467
f 4467/4467 4479/4479 4497/4497
f 4532/4532 4497/4497 4479/4479
f 4612/4612 4611/4611 4613/4613
f 4526/4526 4532/4532 4527/4527
f 4527/4527 4524/4524 4526/4526
f 4526/4526 4524/4524 4525/4525
f 4524/4524 4527/4527 4560/4560
f 4560/4560 4471/4471 4524/4524
f 4524/4524 4471/4471 4523/4523
f 4471/4471 4560/4560 4440/4440
f 4439/4439 4471/4471 4440/4440
f 4440/4440 4437/4437 4439/4439
f 4438/4438 4439/4439 4437/4437
f 4437/4437 4436/4436 4438/4438
f 4586/4586 4587/4587 4588/4588
f 4588/4588 4589/4589 4586/4586
f 4425/4425 4426/4426 4499/4499
f 4499/4499 4361/4361 4425/4425
f 4425/4425 4361/4361 4424/4424
f 4363/4363 4424/4424 4361/4361
f 4361/4361 4358/4358 4363/4363
f 4364/4364 4363/4363 4358/4358
f 4358/4358 4394/4394 4364/4364
f 4373/4373 4364/4364 4394/4394
f 4394/4394 4383/4383 4373/4373
f 4373/4373 4383/4383 4377/4377
f 4377/4377 4376/4376 4373/4373
f 4366/4366 4373/4373 4376/4376
f 4376/4376 4365/4365 4366/4366
f 4366/4366 4365/4365 4364/4364
f 4365/4365 4376/4376 4368/4368
f 4368/4368 4367/4367 4365/4365
f 4365/4365 4367/4367 4363/4363
f 4367/4367 4368/4368 4395/4395
f 4395/4395 4553/4553 4367/4367
f 4541/4541 4367/4367 4553/4553
f 4604/4604 4603/4603 4602/4602
f 4601/4601 4602/4602 4603/4603
f 4492/4492 4494/4494 4557/4557
f 4557/4557 4494/4494 4447/4447
f 4442/4442 4447/4447 4494/4494
f 4600/4600 4598/4598 4597/4597
f 4596/4596 4597/4597 4598/4598
f 4598/4598 4599/4599 4596/4596
f 4445/4445 4495/4495 4551/4551
f 2466/2466 2390/2390 2467/2467
f 2467/2467 2390/2390 2468/2468
f 4472/4472 4443/4443 4445/4445
f 4444/4444 4445/4445 4443/4443
f 4443/4443 4441/4441 4444/4444
f 4444/4444 4441/4441 4495/4495
f 4441/4441 4443/4443 4439/4439
f 4443/4443 4472/4472 4471/4471
f 4473/4473 4471/4471 4472/4472
f 2385/2385 2468/2468 2390/2390
f 2390/2390 2466/2466 2469/2469
f 2470/2470 2469/2469 2466/2466
f 2469/2469 2470/2470 2471/2471
f 2471/2471 2472/2472 2469/2469
f 2391/2391 2469/2469 2472/2472
f 2473/2473 2472/2472 2471/2471
f 2472/2472 2473/2473 2397/2397
f 2471/2471 2470/2470 2473/2473
f 2474/2474 2473/2473 2470/2470
f 4493/4493 4489/4489 4490/4490
f 4488/4488 4490/4490 4489/4489
f 4489/4489 4487/4487 4488/4488
f 4485/4485 4488/4488 4487/4487
f 4487/4487 4482/4482 4485/4485
f 4485/4485 4482/4482 4484/4484
f 4484/4484 4486/4486 4485/4485
f 4512/4512 4485/4485 4486/4486
f 4618/4618 4619/4619 4620/4620
f 4512/4512 4491/4491 4488/4488
f 4619/4619 4618/4618 4621/4621
f 2475/2475 2399/2399 2476/2476
f 2476/2476 2399/2399 2474/2474
f 2399/2399 2475/2475 2404/2404
f 5099/5099 5101/5101 5105/5105
f 5105/5105 5069/5069 5099/5099
f 4998/4998 5099/5099 5069/5069
f 5069/5069 5059/5059 4998/4998
f 4997/4997 4998/4998 5059/5059
f 5059/5059 4996/4996 4997/4997
f 4997/4997 4996/4996 4995/4995
f 4984/4984 4995/4995 4996/4996
f 4996/4996 5093/5093 4984/4984
f 5033/5033 4984/4984 5093/5093
f 5093/5093 4980/4980 5033/5033
f 4931/4931 5033/5033 4980/4980
f 5033/5033 4931/4931 4935/4935
f 4935/4935 4936/4936 5033/5033
f 4980/4980 5093/5093 4951/4951
f 4951/4951 4944/4944 4980/4980
f 4929/4929 4980/4980 4944/4944
f 4944/4944 4943/4943 4929/4929
f 4943/4943 4944/4944 4949/4949
f 4949/4949 4957/4957 4943/4943
f 4945/4945 4943/4943 4957/4957
f 4957/4957 4948/4948 4945/4945
f 4947/4947 4945/4945 4948/4948
f 4945/4945 4947/4947 4946/4946
f 4946/4946 4942/4942 4945/4945
f 4948/4948 4957/4957 4958/4958
f 4958/4958 4992/4992 4948/4948
f 4965/4965 4948/4948 4992/4992
f 4992/4992 5051/5051 4965/4965
f 5051/5051 4992/4992 4994/4994
f 4994/4994 5052/5052 5051/5051
f 5072/5072 5051/5051 5052/5052
f 5052/5052 5096/5096 5072/5072
f 5135/5135 5072/5072 5096/5096
f 5072/5072 5135/5135 5104/5104
f 5104/5104 5103/5103 5072/5072
f 5096/5096 5052/5052 5057/5057
f 5090/5090 5096/5096 5057/5057
f 5057/5057 5068/5068 5090/5090
f 5090/5090 5068/5068 5106/5106
f 5106/5106 5133/5133 5090/5090
f 5137/5137 5090/5090 5133/5133
f 2477/2477 2478/2478 2479/2479
f 2479/2479 2480/2480 2477/2477
f 2413/2413 2477/2477 2480/2480
f 2481/2481 2480/2480 2479/2479
f 2479/2479 2482/2482 2481/2481
f 2483/2483 2481/2481 2482/2482
f 2482/2482 2484/2484 2483/2483
f 2483/2483 2484/2484 2485/2485
f 2485/2485 2486/2486 2483/2483
f 2487/2487 2483/2483 2486/2486
f 2486/2486 2488/2488 2487/2487
f 2487/2487 2488/2488 2489/2489
f 2489/2489 2490/2490 2487/2487
f 2487/2487 2490/2490 2416/2416
f 2490/2490 2489/2489 2491/2491
f 2491/2491 2492/2492 2490/2490
f 2490/2490 2492/2492 2418/2418
f 2418/2418 2492/2492 2493/2493
f 2493/2493 2492/2492 2491/2491
f 2491/2491 2494/2494 2493/2493
f 2495/2495 2493/2493 2494/2494
f 2494/2494 2496/2496 2495/2495
f 2495/2495 2496/2496 2497/2497
f 2497/2497 2498/2498 2495/2495
f 2495/2495 2498/2498 2426/2426
f 2498/2498 2497/2497 2499/2499
f 2499/2499 2500/2500 2498/2498
f 2498/2498 2500/2500 2428/2428
f 2428/2428 2500/2500 2501/2501
f 2501/2501 2500/2500 2499/2499
f 2499/2499 2502/2502 2501/2501
f 2503/2503 2501/2501 2502/2502
f 2502/2502 2504/2504 2503/2503
f 2503/2503 2504/2504 2505/2505
f 2505/2505 2506/2506 2503/2503
f 2503/2503 2506/2506 2446/2446
f 2506/2506 2505/2505 2507/2507
f 2507/2507 2508/2508 2506/2506
f 2506/2506 2508/2508 2448/2448
f 2448/2448 2508/2508 2509/2509
f 2509/2509 2508/2508 2507/2507
f 2507/2507 2510/2510 2509/2509
f 2511/2511 2509/2509 2510/2510
f 2510/2510 2512/2512 2511/2511
f 2511/2511 2512/2512 2513/2513
f 2513/2513 2514/2514 2511/2511
f 2511/2511 2514/2514 2457/2457
f 2457/2457 2515/2515 2511/2511
f 2511/2511 2515/2515 2449/2449
f 2514/2514 2513/2513 2516/2516
f 2516/2516 2517/2517 2514/2514
f 2514/2514 2517/2517 2458/2458
f 2458/2458 2517/2517 2518/2518
f 2518/2518 2517/2517 2516/2516
f 2516/2516 2519/2519 2518/2518
f 2520/2520 2518/2518 2519/2519
f 2519/2519 2521/2521 2520/2520
f 2520/2520 2521/2521 2522/2522
f 2522/2522 2523/2523 2520/2520
f 2520/2520 2523/2523 2524/2524
f 2524/2524 2525/2525 2520/2520
f 2520/2520 2525/2525 2459/2459
f 2525/2525 2524/2524 2464/2464
f 2526/2526 2464/2464 2524/2524
f 2524/2524 2527/2527 2526/2526
f 2526/2526 2527/2527 2528/2528
f 2528/2528 2529/2529 2526/2526
f 2526/2526 2529/2529 2530/2530
f 2530/2530 2531/2531 2526/2526
f 2526/2526 2531/2531 2465/2465
f 4836/4836 4834/4834 4835/4835
f 2532/2532 2530/2530 2529/2529
f 2529/2529 2533/2533 2532/2532
f 2532/2532 2533/2533 2534/2534
f 2534/2534 2535/2535 2532/2532
f 4830/4830 4833/4833 4831/4831
f 2535/2535 2534/2534 2536/2536
f 2536/2536 2537/2537 2535/2535
f 4829/4829 4831/4831 4832/4832
f 2538/2538 2537/2537 2536/2536
f 2536/2536 2539/2539 2538/2538
f 2540/2540 2538/2538 2539/2539
f 2539/2539 2541/2541 2540/2540
f 2540/2540 2541/2541 2542/2542
f 2542/2542 2543/2543 2540/2540
f 5307/5307 5309/5309 5308/5308
f 2543/2543 2542/2542 2544/2544
f 2544/2544 2545/2545 2543/2543
f 5306/5306 5308/5308 5336/5336
f 2546/2546 2545/2545 2544/2544
f 2544/2544 2547/2547 2546/2546
f 2548/2548 2546/2546 2547/2547
f 2547/2547 2549/2549 2548/2548
f 2548/2548 2549/2549 2550/2550
f 2550/2550 2551/2551 2548/2548
f 5322/5322 5325/5325 5324/5324
f 5324/5324 5323/5323 5322/5322
f 5322/5322 5323/5323 5321/5321
f 5321/5321 5320/5320 5322/5322
f 5332/5332 5321/5321 5323/5323
f 5323/5323 5357/5357 5332/5332
f 5332/5332 5357/5357 5383/5383
f 5383/5383 5384/5384 5332/5332
f 5332/5332 5384/5384 5360/5360
f 5361/5361 5360/5360 5384/5384
f 5384/5384 5364/5364 5361/5361
f 5363/5363 5361/5361 5364/5364
f 5364/5364 5365/5365 5363/5363
f 5363/5363 5365/5365 5362/5362
f 5367/5367 5362/5362 5365/5365
f 4546/4546 4500/4500 4519/4519
f 4460/4460 4519/4519 4500/4500
f 4500/4500 4475/4475 4460/4460
f 4457/4457 4460/4460 4475/4475
f 4475/4475 4452/4452 4457/4457
f 4457/4457 4452/4452 4456/4456
f 4456/4456 4458/4458 4457/4457
f 4459/4459 4457/4457 4458/4458
f 4458/4458 4461/4461 4459/4459
f 4459/4459 4461/4461 4460/4460
f 4461/4461 4458/4458 4462/4462
f 5318/5318 5374/5374 5380/5380
f 5380/5380 5374/5374 5367/5367
f 5374/5374 5318/5318 5292/5292
f 5317/5317 5292/5292 5318/5318
f 4462/4462 4542/4542 4543/4543
f 4543/4543 4542/4542 4410/4410
f 5216/5216 5239/5239 5317/5317
f 5291/5291 5317/5317 5239/5239
f 5239/5239 5290/5290 5291/5291
f 5291/5291 5290/5290 5292/5292
f 5293/5293 5292/5292 5290/5290
f 5290/5290 5250/5250 5293/5293
f 5210/5210 5250/5250 5290/5290
f 5250/5250 5210/5210 5193/5193
f 5290/5290 5239/5239 5210/5210
f 5211/5211 5210/5210 5239/5239
f 5239/5239 5216/5216 5211/5211
f 5215/5215 5211/5211 5216/5216
f 4410/4410 4409/4409 4405/4405
f 4403/4403 4405/4405 4409/4409
f 4409/4409 4399/4399 4403/4403
f 4403/4403 4399/4399 4400/4400
f 4398/4398 4400/4400 4399/4399
f 4399/4399 4397/4397 4398/4398
f 4391/4391 4398/4398 4397/4397
f 4397/4397 4389/4389 4391/4391
f 4390/4390 4391/4391 4389/4389
f 4389/4389 4375/4375 4390/4390
f 4390/4390 4375/4375 4433/4433
f 4433/4433 4393/4393 4390/4390
f 4392/4392 4390/4390 4393/4393
f 4393/4393 4411/4411 4392/4392
f 4392/4392 4411/4411 4391/4391
f 4411/4411 4393/4393 4528/4528
f 4528/4528 4401/4401 4411/4411
f 4411/4411 4401/4401 4398/4398
f 4401/4401 4528/4528 4428/4428
f 4466/4466 4428/4428 4528/4528
f 4528/4528 4558/4558 4466/4466
f 4466/4466 4558/4558 4479/4479
f 4428/4428 4466/4466 4465/4465
f 4465/4465 4464/4464 4428/4428
f 4427/4427 4428/4428 4464/4464
f 5377/5377 5376/5376 5251/5251
f 5378/5378 5376/5376 5377/5377
f 4467/4467 4464/4464 4465/4465
f 4465/4465 4466/4466 4467/4467
f 4558/4558 4528/4528 4393/4393
f 4393/4393 4433/4433 4558/4558
f 4435/4435 4558/4558 4433/4433
f 4433/4433 4434/4434 4435/4435
f 4446/4446 4435/4435 4434/4434
f 4446/4446 4434/4434 4437/4437
f 4606/4606 4605/4605 4608/4608
f 4560/4560 4558/4558 4435/4435
f 4434/4434 4433/4433 4375/4375
f 4434/4434 4375/4375 4436/4436
f 4375/4375 4389/4389 4362/4362
f 4360/4360 4375/4375 4362/4362
f 4362/4362 4356/4356 4360/4360
f 4358/4358 4360/4360 4356/4356
f 4356/4356 4357/4357 4358/4358
f 4369/4369 4358/4358 4357/4357
f 4357/4357 4370/4370 4369/4369
f 4371/4371 4369/4369 4370/4370
f 4370/4370 4372/4372 4371/4371
f 4371/4371 4372/4372 4418/4418
f 4522/4522 4418/4418 4372/4372
f 4372/4372 4413/4413 4522/4522
f 4581/4581 4582/4582 4577/4577
f 4577/4577 4580/4580 4581/4581
f 4419/4419 4474/4474 4423/4423
f 4423/4423 4421/4421 4419/4419
f 4419/4419 4421/4421 4420/4420
f 4420/4420 4416/4416 4419/4419
f 4417/4417 4419/4419 4416/4416
f 4416/4416 4415/4415 4417/4417
f 4417/4417 4415/4415 4474/4474
f 4415/4415 4416/4416 4412/4412
f 4412/4412 4383/4383 4415/4415
f 4415/4415 4383/4383 4522/4522
f 4383/4383 4412/4412 4380/4380
f 4431/4431 4380/4380 4412/4412
f 4412/4412 4549/4549 4431/4431
f 4431/4431 4549/4549 4432/4432
f 4432/4432 4382/4382 4431/4431
f 4381/4381 4431/4431 4382/4382
f 4382/4382 4379/4379 4381/4381
f 4381/4381 4379/4379 4380/4380
f 4377/4377 4380/4380 4379/4379
f 4379/4379 4378/4378 4377/4377
f 4414/4414 4378/4378 4379/4379
f 4378/4378 4414/4414 4386/4386
f 4386/4386 4385/4385 4378/4378
f 4384/4384 4378/4378 4385/4385
f 4385/4385 4430/4430 4384/4384
f 4396/4396 4384/4384 4430/4430
f 4430/4430 4480/4480 4396/4396
f 4396/4396 4480/4480 4395/4395
f 4480/4480 4430/4430 4481/4481
f 4481/4481 4482/4482 4480/4480
f 4480/4480 4482/4482 4553/4553
f 4482/4482 4481/4481 4483/4483
f 5093/5093 5060/5060 5094/5094
f 4395/4395 4384/4384 4396/4396
f 5094/5094 4982/4982 5093/5093
f 4368/4368 4378/4378 4384/4384
f 4982/4982 4981/4981 4951/4951
f 4950/4950 4951/4951 4981/4981
f 4981/4981 4949/4949 4950/4950
f 4949/4949 4981/4981 4966/4966
f 4379/4379 4382/4382 4414/4414
f 4957/4957 4966/4966 5047/5047
f 5047/5047 4959/4959 4957/4957
f 4550/4550 4432/4432 4549/4549
f 4549/4549 4555/4555 4550/4550
f 4994/4994 5061/5061 5053/5053
f 5061/5061 4994/4994 4993/4993
f 4993/4993 4958/4958 5061/5061
f 4555/4555 4549/4549 4544/4544
f 4544/4544 4559/4559 4555/4555
f 5052/5052 5053/5053 5054/5054
f 5054/5054 5056/5056 5052/5052
f 4566/4566 4559/4559 4565/4565
f 4566/4566 4565/4565 4567/4567
f 4567/4567 4568/4568 4566/4566
f 5057/5057 5056/5056 5058/5058
f 4569/4569 4568/4568 4567/4567
f 4567/4567 4570/4570 4569/4569
f 2552/2552 2553/2553 2554/2554
f 2554/2554 2555/2555 2552/2552
f 2552/2552 2555/2555 2556/2556
f 2556/2556 2557/2557 2552/2552
f 2479/2479 2552/2552 2557/2557
f 2557/2557 2556/2556 2558/2558
f 2558/2558 2559/2559 2557/2557
f 2482/2482 2557/2557 2559/2559
f 2560/2560 2559/2559 2558/2558
f 2558/2558 2561/2561 2560/2560
f 2562/2562 2560/2560 2561/2561
f 2561/2561 2563/2563 2562/2562
f 2562/2562 2563/2563 2564/2564
f 2564/2564 2565/2565 2562/2562
f 2566/2566 2562/2562 2565/2565
f 2565/2565 2567/2567 2566/2566
f 2566/2566 2567/2567 2568/2568
f 2568/2568 2569/2569 2566/2566
f 2566/2566 2569/2569 2486/2486
f 2569/2569 2568/2568 2570/2570
f 2570/2570 2571/2571 2569/2569
f 2569/2569 2571/2571 2488/2488
f 2488/2488 2571/2571 2572/2572
f 2572/2572 2571/2571 2570/2570
f 2570/2570 2573/2573 2572/2572
f 2574/2574 2572/2572 2573/2573
f 2573/2573 2575/2575 2574/2574
f 2574/2574 2575/2575 2576/2576
f 2576/2576 2577/2577 2574/2574
f 2574/2574 2577/2577 2494/2494
f 2577/2577 2576/2576 2578/2578
f 2578/2578 2579/2579 2577/2577
f 2577/2577 2579/2579 2496/2496
f 2496/2496 2579/2579 2580/2580
f 2580/2580 2579/2579 2578/2578
f 2578/2578 2581/2581 2580/2580
f 2582/2582 2580/2580 2581/2581
f 2581/2581 2583/2583 2582/2582
f 2582/2582 2583/2583 2584/2584
f 2584/2584 2585/2585 2582/2582
f 2582/2582 2585/2585 2502/2502
f 2585/2585 2584/2584 2586/2586
f 2586/2586 2587/2587 2585/2585
f 2585/2585 2587/2587 2504/2504
f 2504/2504 2587/2587 2588/2588
f 2588/2588 2587/2587 2586/2586
f 2586/2586 2589/2589 2588/2588
f 2590/2590 2588/2588 2589/2589
f 2589/2589 2591/2591 2590/2590
f 2590/2590 2591/2591 2592/2592
f 2592/2592 2593/2593 2590/2590
f 2590/2590 2593/2593 2510/2510
f 2593/2593 2592/2592 2594/2594
f 2594/2594 2595/2595 2593/2593
f 2593/2593 2595/2595 2512/2512
f 2512/2512 2595/2595 2596/2596
f 2596/2596 2595/2595 2594/2594
f 2594/2594 2597/2597 2596/2596
f 2598/2598 2596/2596 2597/2597
f 2597/2597 2599/2599 2598/2598
f 2598/2598 2599/2599 2600/2600
f 2600/2600 2601/2601 2598/2598
f 2598/2598 2601/2601 2519/2519
f 2601/2601 2600/2600 2602/2602
f 2602/2602 2603/2603 2601/2601
f 2601/2601 2603/2603 2521/2521
f 2521/2521 2603/2603 2604/2604
f 2604/2604 2603/2603 2602/2602
f 2602/2602 2605/2605 2604/2604
f 2606/2606 2604/2604 2605/2605
f 2605/2605 2607/2607 2606/2606
f 2606/2606 2607/2607 2608/2608
f 2608/2608 2609/2609 2606/2606
f 2606/2606 2609/2609 2610/2610
f 2610/2610 2611/2611 2606/2606
f 2606/2606 2611/2611 2522/2522
f 2611/2611 2610/2610 2612/2612
f 2612/2612 2613/2613 2611/2611
f 2611/2611 2613/2613 2523/2523
f 2523/2523 2613/2613 2527/2527
f 2527/2527 2613/2613 2612/2612
f 2614/2614 2612/2612 2610/2610
f 2610/2610 2615/2615 2614/2614
f 2614/2614 2615/2615 2616/2616
f 2616/2616 2617/2617 2614/2614
f 2614/2614 2617/2617 2618/2618
f 2618/2618 2619/2619 2614/2614
f 2614/2614 2619/2619 2528/2528
f 2619/2619 2618/2618 2534/2534
f 2620/2620 2618/2618 2617/2617
f 2617/2617 2621/2621 2620/2620
f 2620/2620 2621/2621 2622/2622
f 2622/2622 2623/2623 2620/2620
f 2536/2536 2620/2620 2623/2623
f 2623/2623 2622/2622 2624/2624
f 2624/2624 2625/2625 2623/2623
f 2539/2539 2623/2623 2625/2625
f 2626/2626 2625/2625 2624/2624
f 2624/2624 2627/2627 2626/2626
f 2628/2628 2626/2626 2627/2627
f 2627/2627 2629/2629 2628/2628
f 2628/2628 2629/2629 2630/2630
f 2630/2630 2631/2631 2628/2628
f 2544/2544 2628/2628 2631/2631
f 2631/2631 2630/2630 2632/2632
f 2632/2632 2633/2633 2631/2631
f 2547/2547 2631/2631 2633/2633
f 2634/2634 2633/2633 2632/2632
f 2632/2632 2635/2635 2634/2634
f 2636/2636 2634/2634 2635/2635
f 2635/2635 2637/2637 2636/2636
f 2636/2636 2637/2637 2638/2638
f 2638/2638 2639/2639 2636/2636
f 2640/2640 2636/2636 2639/2639
f 2639/2639 2641/2641 2640/2640
f 2640/2640 2641/2641 2642/2642
f 2642/2642 2643/2643 2640/2640
f 2640/2640 2643/2643 2551/2551
f 5431/5431 5432/5432 5433/5433
f 5368/5368 5383/5383 5372/5372
f 5372/5372 5371/5371 5368/5368
f 5368/5368 5371/5371 5370/5370
f 5370/5370 5369/5369 5368/5368
f 5368/5368 5369/5369 5366/5366
f 5366/5366 5364/5364 5368/5368
f 4571/4571 4547/4547 4572/4572
f 4572/4572 4573/4573 4571/4571
f 4571/4571 4573/4573 4514/4514
f 4514/4514 4503/4503 4571/4571
f 4617/4617 4616/4616 4615/4615
f 4614/4614 4615/4615 4616/4616
f 4503/4503 4478/4478 4540/4540
f 4477/4477 4540/4540 4478/4478
f 4478/4478 4476/4476 4477/4477
f 4477/4477 4476/4476 4454/4454
f 4453/4453 4454/4454 4476/4476
f 4476/4476 4564/4564 4453/4453
f 4498/4498 4453/4453 4564/4564
f 4498/4498 4564/4564 4496/4496
f 4496/4496 4463/4463 4498/4498
f 4451/4451 4498/4498 4463/4463
f 4463/4463 4448/4448 4451/4451
f 4448/4448 4450/4450 4451/4451
f 4450/4450 4448/4448 4449/4449
f 4449/4449 4452/4452 4450/4450
f 4450/4450 4452/4452 4453/4453
f 4452/4452 4449/4449 4455/4455
f 4515/4515 4455/4455 4449/4449
f 4449/4449 4429/4429 4515/4515
f 4515/4515 4429/4429 4388/4388
f 4388/4388 4406/4406 4515/4515
f 4516/4516 4515/4515 4406/4406
f 4406/4406 4520/4520 4516/4516
f 4516/4516 4520/4520 4455/4455
f 4456/4456 4455/4455 4520/4520
f 4520/4520 4542/4542 4456/4456
f 4404/4404 4542/4542 4520/4520
f 4542/4542 4404/4404 4409/4409
f 4520/4520 4406/4406 4404/4404
f 4397/4397 4404/4404 4406/4406
f 4406/4406 4388/4388 4397/4397
f 4387/4387 4397/4397 4388/4388
f 4388/4388 4359/4359 4387/4387
f 4374/4374 4387/4387 4359/4359
f 4374/4374 4359/4359 4356/4356
f 4362/4362 4387/4387 4374/4374
f 4359/4359 4388/4388 4429/4429
f 4359/4359 4429/4429 4357/4357
f 4455/4455 4515/4515 4516/4516
f 4429/4429 4449/4449 4448/4448
f 4408/4408 4429/4429 4448/4448
f 4429/4429 4408/4408 4370/4370
f 4448/4448 4463/4463 4408/4408
f 4413/4413 4408/4408 4463/4463
f 4451/4451 4450/4450 4498/4498
f 4463/4463 4496/4496 4413/4413
f 4576/4576 4577/4577 4578/4578
f 4578/4578 4579/4579 4576/4576
f 4521/4521 4470/4470 4545/4545
f 4545/4545 4554/4554 4521/4521
f 4521/4521 4554/4554 4469/4469
f 4517/4517 4469/4469 4554/4554
f 4591/4591 4592/4592 4593/4593
f 4593/4593 4594/4594 4591/4591
f 4518/4518 4517/4517 4533/4533
f 4533/4533 4534/4534 4518/4518
f 4518/4518 4534/4534 4535/4535
f 4535/4535 4548/4548 4518/4518
f 4548/4548 4421/4421 4518/4518
f 4421/4421 4548/4548 4422/4422
f 4565/4565 4422/4422 4548/4548
f 4422/4422 4565/4565 4552/4552
f 4552/4552 4544/4544 4422/4422
f 4420/4420 4422/4422 4544/4544
f 4548/4548 4535/4535 4567/4567
f 4567/4567 4535/4535 4563/4563
f 4536/4536 4563/4563 4535/4535
f 2644/2644 2645/2645 2646/2646
f 2646/2646 2647/2647 2644/2644
f 2554/2554 2644/2644 2647/2647
f 2648/2648 2647/2647 2646/2646
f 2646/2646 2649/2649 2648/2648
f 2650/2650 2648/2648 2649/2649
f 2649/2649 2651/2651 2650/2650
f 2650/2650 2651/2651 2652/2652
f 2652/2652 2653/2653 2650/2650
f 2558/2558 2650/2650 2653/2653
f 2653/2653 2652/2652 2654/2654
f 2654/2654 2655/2655 2653/2653
f 2561/2561 2653/2653 2655/2655
f 2656/2656 2655/2655 2654/2654
f 2654/2654 2657/2657 2656/2656
f 2658/2658 2656/2656 2657/2657
f 2657/2657 2659/2659 2658/2658
f 2658/2658 2659/2659 2660/2660
f 2660/2660 2661/2661 2658/2658
f 2662/2662 2658/2658 2661/2661
f 2661/2661 2663/2663 2662/2662
f 2662/2662 2663/2663 2664/2664
f 2664/2664 2665/2665 2662/2662
f 2662/2662 2665/2665 2565/2565
f 2665/2665 2664/2664 2666/2666
f 2666/2666 2667/2667 2665/2665
f 2665/2665 2667/2667 2567/2567
f 2567/2567 2667/2667 2668/2668
f 2668/2668 2667/2667 2666/2666
f 2666/2666 2669/2669 2668/2668
f 2670/2670 2668/2668 2669/2669
f 2669/2669 2671/2671 2670/2670
f 2670/2670 2671/2671 2672/2672
f 2672/2672 2673/2673 2670/2670
f 2670/2670 2673/2673 2573/2573
f 2673/2673 2672/2672 2674/2674
f 2674/2674 2675/2675 2673/2673
f 2673/2673 2675/2675 2575/2575
f 2575/2575 2675/2675 2676/2676
f 2676/2676 2675/2675 2674/2674
f 2674/2674 2677/2677 2676/2676
f 2678/2678 2676/2676 2677/2677
f 2677/2677 2679/2679 2678/2678
f 2678/2678 2679/2679 2680/2680
f 2680/2680 2681/2681 2678/2678
f 2678/2678 2681/2681 2581/2581
f 2681/2681 2680/2680 2682/2682
f 2682/2682 2683/2683 2681/2681
f 2681/2681 2683/2683 2583/2583
f 2583/2583 2683/2683 2684/2684
f 2684/2684 2683/2683 2682/2682
f 2682/2682 2685/2685 2684/2684
f 2686/2686 2684/2684 2685/2685
f 2685/2685 2687/2687 2686/2686
f 2686/2686 2687/2687 2688/2688
f 2688/2688 2689/2689 2686/2686
f 2686/2686 2689/2689 2589/2589
f 2689/2689 2688/2688 2690/2690
f 2690/2690 2691/2691 2689/2689
f 2689/2689 2691/2691 2591/2591
f 2591/2591 2691/2691 2692/2692
f 2692/2692 2691/2691 2690/2690
f 2690/2690 2693/2693 2692/2692
f 2694/2694 2692/2692 2693/2693
f 2693/2693 2695/2695 2694/2694
f 2694/2694 2695/2695 2696/2696
f 2696/2696 2697/2697 2694/2694
f 2694/2694 2697/2697 2597/2597
f 2697/2697 2696/2696 2698/2698
f 2698/2698 2699/2699 2697/2697
f 2697/2697 2699/2699 2599/2599
f 2599/2599 2699/2699 2700/2700
f 2700/2700 2699/2699 2698/2698
f 2698/2698 2701/2701 2700/2700
f 2702/2702 2700/2700 2701/2701
f 2701/2701 2703/2703 2702/2702
f 2702/2702 2703/2703 2704/2704
f 2704/2704 2705/2705 2702/2702
f 2702/2702 2705/2705 2605/2605
f 2705/2705 2704/2704 2706/2706
f 2706/2706 2707/2707 2705/2705
f 2705/2705 2707/2707 2607/2607
f 2607/2607 2707/2707 2708/2708
f 2708/2708 2707/2707 2706/2706
f 2706/2706 2709/2709 2708/2708
f 2710/2710 2708/2708 2709/2709
f 2709/2709 2711/2711 2710/2710
f 2710/2710 2711/2711 2712/2712
f 2712/2712 2713/2713 2710/2710
f 2710/2710 2713/2713 2714/2714
f 2714/2714 2715/2715 2710/2710
f 2710/2710 2715/2715 2608/2608
f 2715/2715 2714/2714 2716/2716
f 2716/2716 2717/2717 2715/2715
f 2715/2715 2717/2717 2609/2609
f 2609/2609 2717/2717 2615/2615
f 2615/2615 2717/2717 2716/2716
f 2718/2718 2716/2716 2714/2714
f 2714/2714 2719/2719 2718/2718
f 2718/2718 2719/2719 2720/2720
f 2720/2720 2721/2721 2718/2718
f 2718/2718 2721/2721 2722/2722
f 2722/2722 2723/2723 2718/2718
f 2718/2718 2723/2723 2616/2616
f 2723/2723 2722/2722 2622/2622
f 2724/2724 2722/2722 2721/2721
f 2721/2721 2725/2725 2724/2724
f 2724/2724 2725/2725 2726/2726
f 2726/2726 2727/2727 2724/2724
f 2624/2624 2724/2724 2727/2727
f 2727/2727 2726/2726 2728/2728
f 2728/2728 2729/2729 2727/2727
f 2627/2627 2727/2727 2729/2729
f 2730/2730 2729/2729 2728/2728
f 2728/2728 2731/2731 2730/2730
f 2732/2732 2730/2730 2731/2731
f 2731/2731 2733/2733 2732/2732
f 2732/2732 2733/2733 2734/2734
f 2734/2734 2735/2735 2732/2732
f 2632/2632 2732/2732 2735/2735
f 2735/2735 2734/2734 2736/2736
f 2736/2736 2737/2737 2735/2735
f 2635/2635 2735/2735 2737/2737
f 2738/2738 2737/2737 2736/2736
f 2736/2736 2739/2739 2738/2738
f 2740/2740 2738/2738 2739/2739
f 2739/2739 2741/2741 2740/2740
f 2740/2740 2741/2741 2742/2742
f 2742/2742 2743/2743 2740/2740
f 2744/2744 2740/2740 2743/2743
f 2743/2743 2745/2745 2744/2744
f 2744/2744 2745/2745 2746/2746
f 2746/2746 2747/2747 2744/2744
f 2744/2744 2747/2747 2639/2639
f 2747/2747 2746/2746 2748/2748
f 2748/2748 2749/2749 2747/2747
f 2747/2747 2749/2749 2641/2641
f 2641/2641 2749/2749 2750/2750
f 2750/2750 2749/2749 2748/2748
f 2751/2751 2748/2748 2746/2746
f 2746/2746 2752/2752 2751/2751
f 2751/2751 2752/2752 2753/2753
f 2753/2753 2754/2754 2751/2751
f 2751/2751 2754/2754 2755/2755
f 2755/2755 2756/2756 2751/2751
f 2751/2751 2756/2756 2757/2757
f 4574/4574 4507/4507 4514/4514
f 4502/4502 4514/4514 4507/4507
f 4507/4507 4506/4506 4502/4502
f 4502/4502 4506/4506 4505/4505
f 4505/4505 4504/4504 4502/4502
f 4502/4502 4504/4504 4501/4501
f 4501/4501 4478/4478 4502/4502
f 4556/4556 4501/4501 4504/4504
f 4504/4504 4509/4509 4556/4556
f 4556/4556 4509/4509 4510/4510
f 4510/4510 4531/4531 4556/4556
f 4531/4531 4564/4564 4556/4556
f 4583/4583 4584/4584 4579/4579
f 4531/4531 4510/4510 4529/4529
f 4529/4529 4510/4510 4511/4511
f 4511/4511 4530/4530 4529/4529
f 4529/4529 4530/4530 4562/4562
f 2758/2758 2759/2759 2760/2760
f 2760/2760 2761/2761 2758/2758
f 2758/2758 2761/2761 2762/2762
f 2762/2762 2763/2763 2758/2758
f 2646/2646 2758/2758 2763/2763
f 2763/2763 2762/2762 2764/2764
f 2764/2764 2765/2765 2763/2763
f 2649/2649 2763/2763 2765/2765
f 2766/2766 2765/2765 2764/2764
f 2764/2764 2767/2767 2766/2766
f 2768/2768 2766/2766 2767/2767
f 2767/2767 2769/2769 2768/2768
f 2768/2768 2769/2769 2770/2770
f 2770/2770 2771/2771 2768/2768
f 2654/2654 2768/2768 2771/2771
f 2771/2771 2770/2770 2772/2772
f 2772/2772 2773/2773 2771/2771
f 2657/2657 2771/2771 2773/2773
f 2774/2774 2773/2773 2772/2772
f 2772/2772 2775/2775 2774/2774
f 2774/2774 2775/2775 2776/2776
f 2776/2776 2777/2777 2774/2774
f 2660/2660 2774/2774 2777/2777
f 2777/2777 2776/2776 2778/2778
f 2778/2778 2779/2779 2777/2777
f 2779/2779 2780/2780 2777/2777
f 2781/2781 2777/2777 2780/2780
f 2780/2780 2782/2782 2781/2781
f 2783/2783 2781/2781 2782/2782
f 2784/2784 2783/2783 2782/2782
f 2782/2782 2785/2785 2784/2784
f 2786/2786 2784/2784 2785/2785
f 2785/2785 2787/2787 2786/2786
f 2787/2787 2788/2788 2786/2786
f 2789/2789 2786/2786 2788/2788
f 2788/2788 2790/2790 2789/2789
f 2791/2791 2789/2789 2790/2790
f 2792/2792 2791/2791 2790/2790
f 2790/2790 2793/2793 2792/2792
f 2794/2794 2792/2792 2793/2793
f 2793/2793 2795/2795 2794/2794
f 2795/2795 2796/2796 2794/2794
f 2797/2797 2794/2794 2796/2796
f 2796/2796 2798/2798 2797/2797
f 2799/2799 2797/2797 2798/2798
f 2798/2798 2800/2800 2799/2799
f 2799/2799 2800/2800 2679/2679
f 2800/2800 2798/2798 2801/2801
f 2801/2801 2802/2802 2800/2800
f 2800/2800 2802/2802 2680/2680
f 2802/2802 2801/2801 2803/2803
f 2803/2803 2804/2804 2802/2802
f 2805/2805 2802/2802 2804/2804
f 2804/2804 2806/2806 2805/2805
f 2807/2807 2805/2805 2806/2806
f 2806/2806 2808/2808 2807/2807
f 2807/2807 2808/2808 2687/2687
f 2808/2808 2806/2806 2809/2809
f 2809/2809 2810/2810 2808/2808
f 2808/2808 2810/2810 2688/2688
f 2810/2810 2809/2809 2811/2811
f 2811/2811 2812/2812 2810/2810
f 2813/2813 2810/2810 2812/2812
f 2812/2812 2814/2814 2813/2813
f 2815/2815 2813/2813 2814/2814
f 2814/2814 2816/2816 2815/2815
f 2815/2815 2816/2816 2695/2695
f 2816/2816 2814/2814 2817/2817
f 2817/2817 2818/2818 2816/2816
f 2816/2816 2818/2818 2696/2696
f 2818/2818 2817/2817 2819/2819
f 2820/2820 2818/2818 2819/2819
f 2821/2821 2820/2820 2819/2819
f 2819/2819 2822/2822 2821/2821
f 2821/2821 2822/2822 2823/2823
f 2823/2823 2824/2824 2821/2821
f 2825/2825 2821/2821 2824/2824
f 2824/2824 2826/2826 2825/2825
f 2825/2825 2826/2826 2827/2827
f 2827/2827 2828/2828 2825/2825
f 2825/2825 2828/2828 2829/2829
f 2829/2829 2830/2830 2825/2825
f 2825/2825 2830/2830 2820/2820
f 2830/2830 2831/2831 2820/2820
f 2831/2831 2830/2830 2832/2832
f 2832/2832 2703/2703 2831/2831
f 2833/2833 2703/2703 2832/2832
f 2832/2832 2830/2830 2833/2833
f 2829/2829 2833/2833 2830/2830
f 2833/2833 2829/2829 2834/2834
f 2834/2834 2704/2704 2833/2833
f 2835/2835 2834/2834 2829/2829
f 2836/2836 2834/2834 2835/2835
f 2837/2837 2836/2836 2835/2835
f 2835/2835 2838/2838 2837/2837
f 2837/2837 2838/2838 2839/2839
f 2839/2839 2840/2840 2837/2837
f 2841/2841 2837/2837 2840/2840
f 2840/2840 2842/2842 2841/2841
f 2841/2841 2842/2842 2843/2843
f 2843/2843 2844/2844 2841/2841
f 2841/2841 2844/2844 2845/2845
f 2845/2845 2846/2846 2841/2841
f 2841/2841 2846/2846 2836/2836
f 2846/2846 2847/2847 2836/2836
f 2847/2847 2846/2846 2848/2848
f 2848/2848 2711/2711 2847/2847
f 2849/2849 2711/2711 2848/2848
f 2848/2848 2846/2846 2849/2849
f 2845/2845 2849/2849 2846/2846
f 2849/2849 2845/2845 2850/2850
f 2850/2850 2712/2712 2849/2849
f 2712/2712 2850/2850 2851/2851
f 2851/2851 2850/2850 2852/2852
f 2851/2851 2852/2852 2853/2853
f 2853/2853 2854/2854 2851/2851
f 2851/2851 2854/2854 2713/2713
f 2713/2713 2854/2854 2719/2719
f 2719/2719 2854/2854 2853/2853
f 2855/2855 2853/2853 2852/2852
f 2852/2852 2856/2856 2855/2855
f 2855/2855 2856/2856 2857/2857
f 2857/2857 2858/2858 2855/2855
f 2855/2855 2858/2858 2859/2859
f 2859/2859 2860/2860 2855/2855
f 2855/2855 2860/2860 2720/2720
f 2860/2860 2859/2859 2726/2726
f 2861/2861 2859/2859 2858/2858
f 2858/2858 2862/2862 2861/2861
f 2861/2861 2862/2862 2863/2863
f 2863/2863 2864/2864 2861/2861
f 2728/2728 2861/2861 2864/2864
f 2864/2864 2863/2863 2865/2865
f 2865/2865 2866/2866 2864/2864
f 2731/2731 2864/2864 2866/2866
f 2867/2867 2866/2866 2865/2865
f 2865/2865 2868/2868 2867/2867
f 2869/2869 2867/2867 2868/2868
f 2868/2868 2870/2870 2869/2869
f 2869/2869 2870/2870 2871/2871
f 2871/2871 2872/2872 2869/2869
f 2736/2736 2869/2869 2872/2872
f 2872/2872 2871/2871 2873/2873
f 2873/2873 2874/2874 2872/2872
f 2739/2739 2872/2872 2874/2874
f 2875/2875 2874/2874 2873/2873
f 2873/2873 2876/2876 2875/2875
f 2877/2877 2875/2875 2876/2876
f 2876/2876 2878/2878 2877/2877
f 2877/2877 2878/2878 2879/2879
f 2879/2879 2880/2880 2877/2877
f 2881/2881 2877/2877 2880/2880
f 2880/2880 2882/2882 2881/2881
f 2881/2881 2882/2882 2883/2883
f 2883/2883 2884/2884 2881/2881
f 2881/2881 2884/2884 2743/2743
f 2884/2884 2883/2883 2885/2885
f 2885/2885 2886/2886 2884/2884
f 2884/2884 2886/2886 2745/2745
f 2745/2745 2886/2886 2752/2752
f 2752/2752 2886/2886 2885/2885
f 2887/2887 2885/2885 2883/2883
f 2883/2883 2888/2888 2887/2887
f 2887/2887 2888/2888 2889/2889
f 2889/2889 2890/2890 2887/2887
f 2887/2887 2890/2890 2891/2891
f 2891/2891 2892/2892 2887/2887
f 2887/2887 2892/2892 2753/2753
f 2892/2892 2891/2891 2893/2893
f 2893/2893 2894/2894 2892/2892
f 2892/2892 2894/2894 2754/2754
f 2754/2754 2894/2894 2895/2895
f 2895/2895 2894/2894 2893/2893
f 2896/2896 2893/2893 2891/2891
f 2891/2891 2897/2897 2896/2896
f 2896/2896 2897/2897 2898/2898
f 2898/2898 2899/2899 2896/2896
f 2896/2896 2899/2899 2900/2900
f 2900/2900 2901/2901 2896/2896
f 2896/2896 2901/2901 2902/2902
f 2899/2899 2898/2898 2762/2762
f 2903/2903 2898/2898 2897/2897
f 2897/2897 2904/2904 2903/2903
f 2903/2903 2904/2904 2905/2905
f 2905/2905 2906/2906 2903/2903
f 2764/2764 2903/2903 2906/2906
f 2906/2906 2905/2905 2907/2907
f 2907/2907 2908/2908 2906/2906
f 2767/2767 2906/2906 2908/2908
f 2909/2909 2908/2908 2907/2907
f 2907/2907 2910/2910 2909/2909
f 2911/2911 2909/2909 2910/2910
f 2910/2910 2912/2912 2911/2911
f 2911/2911 2912/2912 2913/2913
f 2913/2913 2914/2914 2911/2911
f 2772/2772 2911/2911 2914/2914
f 2914/2914 2913/2913 2915/2915
f 2915/2915 2916/2916 2914/2914
f 2775/2775 2914/2914 2916/2916
f 2916/2916 2917/2917 2775/2775
f 2917/2917 2916/2916 2918/2918
f 2776/2776 2917/2917 2918/2918
f 2919/2919 2918/2918 2916/2916
f 2918/2918 2919/2919 2920/2920
f 2778/2778 2918/2918 2920/2920
f 2920/2920 2921/2921 2778/2778
f 2922/2922 2921/2921 2920/2920
f 2920/2920 2923/2923 2922/2922
f 2924/2924 2922/2922 2923/2923
f 2923/2923 2925/2925 2924/2924
f 2925/2925 2926/2926 2924/2924
f 2927/2927 2924/2924 2926/2926
f 2927/2927 2926/2926 2928/2928
f 2928/2928 2929/2929 2927/2927
f 2930/2930 2927/2927 2929/2929
f 2929/2929 2931/2931 2930/2930
f 2930/2930 2931/2931 2932/2932
f 2932/2932 2933/2933 2930/2930
f 2934/2934 2930/2930 2933/2933
f 2933/2933 2935/2935 2934/2934
f 2935/2935 2936/2936 2934/2934
f 2937/2937 2934/2934 2936/2936
f 2937/2937 2936/2936 2938/2938
f 2938/2938 2939/2939 2937/2937
f 2937/2937 2939/2939 2921/2921
f 2921/2921 2939/2939 2779/2779
f 2779/2779 2939/2939 2938/2938
f 2940/2940 2938/2938 2936/2936
f 2936/2936 2941/2941 2940/2940
f 2940/2940 2941/2941 2942/2942
f 2942/2942 2943/2943 2940/2940
f 2940/2940 2943/2943 2785/2785
f 2943/2943 2942/2942 2944/2944
f 2944/2944 2945/2945 2943/2943
f 2943/2943 2945/2945 2787/2787
f 2787/2787 2945/2945 2946/2946
f 2946/2946 2945/2945 2944/2944
f 2944/2944 2947/2947 2946/2946
f 2948/2948 2946/2946 2947/2947
f 2947/2947 2949/2949 2948/2948
f 2950/2950 2948/2948 2949/2949
f 2949/2949 2951/2951 2950/2950
f 2952/2952 2950/2950 2951/2951
f 2952/2952 2951/2951 2953/2953
f 2953/2953 2954/2954 2952/2952
f 2955/2955 2952/2952 2954/2954
f 2956/2956 2955/2955 2954/2954
f 2954/2954 2957/2957 2956/2956
f 2956/2956 2957/2957 2958/2958
f 2958/2958 2959/2959 2956/2956
f 2960/2960 2956/2956 2959/2959
f 2959/2959 2961/2961 2960/2960
f 2960/2960 2961/2961 2962/2962
f 2962/2962 2963/2963 2960/2960
f 2960/2960 2963/2963 2964/2964
f 2964/2964 2965/2965 2960/2960
f 2960/2960 2965/2965 2955/2955
f 2965/2965 2966/2966 2955/2955
f 2966/2966 2965/2965 2967/2967
f 2966/2966 2967/2967 2968/2968
f 2968/2968 2969/2969 2966/2966
f 2952/2952 2966/2966 2969/2969
f 2969/2969 2970/2970 2952/2952
f 2970/2970 2969/2969 2971/2971
f 2971/2971 2972/2972 2970/2970
f 2970/2970 2972/2972 2973/2973
f 2973/2973 2950/2950 2970/2970
f 2973/2973 2972/2972 2795/2795
f 2795/2795 2972/2972 2971/2971
f 2974/2974 2971/2971 2969/2969
f 2796/2796 2971/2971 2974/2974
f 2969/2969 2968/2968 2974/2974
f 2974/2974 2968/2968 2975/2975
f 2975/2975 2976/2976 2974/2974
f 2974/2974 2976/2976 2801/2801
f 2976/2976 2975/2975 2977/2977
f 2977/2977 2978/2978 2976/2976
f 2976/2976 2978/2978 2803/2803
f 2803/2803 2978/2978 2979/2979
f 2979/2979 2978/2978 2977/2977
f 2977/2977 2980/2980 2979/2979
f 2981/2981 2979/2979 2980/2980
f 2980/2980 2982/2982 2981/2981
f 2981/2981 2982/2982 2983/2983
f 2983/2983 2984/2984 2981/2981
f 2981/2981 2984/2984 2809/2809
f 2984/2984 2983/2983 2985/2985
f 2985/2985 2986/2986 2984/2984
f 2984/2984 2986/2986 2811/2811
f 2811/2811 2986/2986 2987/2987
f 2987/2987 2986/2986 2985/2985
f 2985/2985 2988/2988 2987/2987
f 2989/2989 2987/2987 2988/2988
f 2988/2988 2990/2990 2989/2989
f 2989/2989 2990/2990 2991/2991
f 2991/2991 2992/2992 2989/2989
f 2989/2989 2992/2992 2817/2817
f 2992/2992 2991/2991 2823/2823
f 2993/2993 2823/2823 2991/2991
f 2991/2991 2994/2994 2993/2993
f 2994/2994 2995/2995 2993/2993
f 2996/2996 2993/2993 2995/2995
f 2996/2996 2995/2995 2997/2997
f 2997/2997 2998/2998 2996/2996
f 2996/2996 2998/2998 2999/2999
f 2999/2999 3000/3000 2996/2996
f 3000/3000 2999/2999 3001/3001
f 3001/3001 3002/3002 3000/3000
f 3003/3003 3000/3000 3002/3002
f 3002/3002 3004/3004 3003/3003
f 3004/3004 2826/2826 3003/3003
f 2826/2826 3004/3004 3005/3005
f 3004/3004 3002/3002 3005/3005
f 3006/3006 3005/3005 3002/3002
f 3005/3005 3006/3006 3007/3007
f 2827/2827 3005/3005 3007/3007
f 3007/3007 2839/2839 2827/2827
f 3008/3008 3007/3007 3006/3006
f 3008/3008 3006/3006 3009/3009
f 3009/3009 3010/3010 3008/3008
f 3008/3008 3010/3010 3011/3011
f 3011/3011 3012/3012 3008/3008
f 3012/3012 3011/3011 3013/3013
f 3013/3013 3014/3014 3012/3012
f 3015/3015 3012/3012 3014/3014
f 3014/3014 3016/3016 3015/3015
f 3016/3016 2842/2842 3015/3015
f 2842/2842 3016/3016 3017/3017
f 3016/3016 3014/3014 3017/3017
f 3014/3014 3018/3018 3017/3017
f 3019/3019 3017/3017 3018/3018
f 3018/3018 3020/3020 3019/3019
f 3021/3021 3019/3019 3020/3020
f 3022/3022 3021/3021 3020/3020
f 3020/3020 3023/3023 3022/3022
f 3022/3022 3023/3023 3024/3024
f 3024/3024 3025/3025 3022/3022
f 3026/3026 3022/3022 3025/3025
f 3025/3025 3027/3027 3026/3026
f 3026/3026 3027/3027 3028/3028
f 3028/3028 3029/3029 3026/3026
f 3026/3026 3029/3029 3030/3030
f 3030/3030 3031/3031 3026/3026
f 3026/3026 3031/3031 3021/3021
f 3031/3031 3032/3032 3021/3021
f 3032/3032 3031/3031 3033/3033
f 3032/3032 3033/3033 3034/3034
f 3034/3034 3035/3035 3032/3032
f 3019/3019 3032/3032 3035/3035
f 3035/3035 3036/3036 3019/3019
f 2843/2843 3019/3019 3036/3036
f 3036/3036 3035/3035 3037/3037
f 3037/3037 3038/3038 3036/3036
f 3036/3036 3038/3038 2844/2844
f 2844/2844 3038/3038 3039/3039
f 3039/3039 3038/3038 3037/3037
f 3037/3037 3040/3040 3039/3039
f 3040/3040 2850/2850 3039/3039
f 2850/2850 3040/3040 3041/3041
f 3042/3042 3041/3041 3040/3040
f 3043/3043 3042/3042 3040/3040
f 3044/3044 3042/3042 3043/3043
f 3043/3043 3045/3045 3044/3044
f 3046/3046 3044/3044 3045/3045
f 3045/3045 3047/3047 3046/3046
f 3046/3046 3047/3047 3048/3048
f 3048/3048 3049/3049 3046/3046
f 3050/3050 3046/3046 3049/3049
f 3049/3049 3051/3051 3050/3050
f 3051/3051 3052/3052 3050/3050
f 3053/3053 3050/3050 3052/3052
f 3053/3053 3052/3052 2863/2863
f 2857/2857 3050/3050 3053/3053
f 3050/3050 2857/2857 3054/3054
f 3054/3054 3044/3044 3050/3050
f 3052/3052 3051/3051 3055/3055
f 3052/3052 3055/3055 2865/2865
f 2865/2865 3055/3055 3056/3056
f 3057/3057 3056/3056 3055/3055
f 3055/3055 3058/3058 3057/3057
f 3058/3058 3059/3059 3057/3057
f 3060/3060 3057/3057 3059/3059
f 3060/3060 3059/3059 3061/3061
f 3061/3061 3062/3062 3060/3060
f 3063/3063 3060/3060 3062/3062
f 3062/3062 3064/3064 3063/3063
f 3063/3063 3064/3064 3065/3065
f 3065/3065 3066/3066 3063/3063
f 3067/3067 3063/3063 3066/3066
f 3066/3066 3068/3068 3067/3067
f 3068/3068 3069/3069 3067/3067
f 3070/3070 3067/3067 3069/3069
f 3070/3070 3069/3069 2871/2871
f 3067/3067 3070/3070 3056/3056
f 2868/2868 3056/3056 3070/3070
f 3069/3069 3068/3068 3071/3071
f 3069/3069 3071/3071 2873/2873
f 2873/2873 3071/3071 3072/3072
f 3073/3073 3072/3072 3071/3071
f 3071/3071 3074/3074 3073/3073
f 3074/3074 3075/3075 3073/3073
f 3076/3076 3073/3073 3075/3075
f 3076/3076 3075/3075 3077/3077
f 3077/3077 3078/3078 3076/3076
f 3079/3079 3076/3076 3078/3078
f 3078/3078 3080/3080 3079/3079
f 3079/3079 3080/3080 3081/3081
f 3081/3081 3082/3082 3079/3079
f 3083/3083 3079/3079 3082/3082
f 3082/3082 3084/3084 3083/3083
f 3084/3084 3085/3085 3083/3083
f 3086/3086 3083/3083 3085/3085
f 3086/3086 3085/3085 2879/2879
f 3087/3087 2879/2879 3085/3085
f 3085/3085 3088/3088 3087/3087
f 3087/3087 3088/3088 3089/3089
f 3089/3089 3090/3090 3087/3087
f 3087/3087 3090/3090 3091/3091
f 3091/3091 3092/3092 3087/3087
f 3087/3087 3092/3092 2880/2880
f 3092/3092 3091/3091 3093/3093
f 3093/3093 3094/3094 3092/3092
f 3092/3092 3094/3094 2882/2882
f 2882/2882 3094/3094 2888/2888
f 2888/2888 3094/3094 3093/3093
f 2907/2907 3093/3093 3091/3091
f 2889/2889 3093/3093 2907/2907
f 2910/2910 3091/3091 3090/3090
f 3090/3090 3089/3089 2913/2913
f 3095/3095 3089/3089 3088/3088
f 3088/3088 3096/3096 3095/3095
f 3096/3096 3097/3097 3095/3095
f 3098/3098 3095/3095 3097/3097
f 3098/3098 3097/3097 3099/3099
f 3099/3099 3100/3100 3098/3098
f 3101/3101 3098/3098 3100/3100
f 3100/3100 3102/3102 3101/3101
f 3101/3101 3102/3102 3103/3103
f 3103/3103 2919/2919 3101/3101
f 3101/3101 2919/2919 2915/2915
f 3103/3103 3102/3102 3104/3104
f 3104/3104 3105/3105 3103/3103
f 3103/3103 3105/3105 2920/2920
f 3104/3104 3106/3106 3105/3105
f 3107/3107 3105/3105 3106/3106
f 3108/3108 3107/3107 3106/3106
f 3106/3106 3109/3109 3108/3108
f 3110/3110 3108/3108 3109/3109
f 3109/3109 3111/3111 3110/3110
f 3110/3110 3111/3111 3112/3112
f 3112/3112 3113/3113 3110/3110
f 2928/2928 3110/3110 3113/3113
f 3113/3113 3114/3114 2928/2928
f 2928/2928 3114/3114 3115/3115
f 3116/3116 3115/3115 3114/3114
f 3114/3114 3117/3117 3116/3116
f 3116/3116 3117/3117 3118/3118
f 3118/3118 3119/3119 3116/3116
f 3120/3120 3116/3116 3119/3119
f 3119/3119 3121/3121 3120/3120
f 3120/3120 3121/3121 3122/3122
f 3122/3122 3123/3123 3120/3120
f 3120/3120 3123/3123 3124/3124
f 3124/3124 3125/3125 3120/3120
f 3120/3120 3125/3125 3115/3115
f 2929/2929 3115/3115 3125/3125
f 3125/3125 3124/3124 2932/2932
f 3126/3126 2932/2932 3124/3124
f 3124/3124 3127/3127 3126/3126
f 3126/3126 3127/3127 3128/3128
f 3128/3128 3129/3129 3126/3126
f 3126/3126 3129/3129 3130/3130
f 3130/3130 3131/3131 3126/3126
f 3126/3126 3131/3131 2933/2933
f 3131/3131 3130/3130 3132/3132
f 3133/3133 3131/3131 3132/3132
f 2941/2941 3133/3133 3132/3132
f 3133/3133 2941/2941 2935/2935
f 3131/3131 3133/3133 2935/2935
f 3134/3134 3132/3132 3130/3130
f 3130/3130 3135/3135 3134/3134
f 3136/3136 3134/3134 3135/3135
f 3137/3137 3136/3136 3135/3135
f 3135/3135 3138/3138 3137/3137
f 3137/3137 3138/3138 3139/3139
f 3139/3139 3140/3140 3137/3137
f 3141/3141 3137/3137 3140/3140
f 3140/3140 3142/3142 3141/3141
f 3141/3141 3142/3142 3143/3143
f 3143/3143 3144/3144 3141/3141
f 3141/3141 3144/3144 2953/2953
f 2953/2953 3145/3145 3141/3141
f 3141/3141 3145/3145 3136/3136
f 3145/3145 3146/3146 3136/3136
f 3146/3146 3145/3145 3147/3147
f 3146/3146 3147/3147 2949/2949
f 2951/2951 3147/3147 3145/3145
f 3144/3144 3143/3143 2958/2958
f 3148/3148 2958/2958 3143/3143
f 3143/3143 3149/3149 3148/3148
f 3148/3148 3149/3149 3150/3150
f 3150/3150 3151/3151 3148/3148
f 3148/3148 3151/3151 3152/3152
f 3152/3152 3153/3153 3148/3148
f 3148/3148 3153/3153 2959/2959
f 3153/3153 3152/3152 3154/3154
f 3154/3154 3155/3155 3153/3153
f 3153/3153 3155/3155 2961/2961
f 2961/2961 3155/3155 3156/3156
f 3156/3156 3155/3155 3154/3154
f 3154/3154 3157/3157 3156/3156
f 3158/3158 3156/3156 3157/3157
f 3157/3157 3159/3159 3158/3158
f 3158/3158 3159/3159 3160/3160
f 3160/3160 3161/3161 3158/3158
f 3158/3158 3161/3161 3162/3162
f 3162/3162 3163/3163 3158/3158
f 3158/3158 3163/3163 2962/2962
f 3163/3163 3162/3162 3164/3164
f 3164/3164 3165/3165 3163/3163
f 3163/3163 3165/3165 2963/2963
f 2963/2963 3165/3165 3166/3166
f 3166/3166 3165/3165 3164/3164
f 3164/3164 3167/3167 3166/3166
f 3167/3167 3168/3168 3166/3166
f 2964/2964 3166/3166 3168/3168
f 3168/3168 3169/3169 2964/2964
f 3168/3168 2975/2975 3169/3169
f 3168/3168 3167/3167 3170/3170
f 3168/3168 3170/3170 2980/2980
f 3167/3167 3171/3171 3170/3170
f 3172/3172 3170/3170 3171/3171
f 3171/3171 3173/3173 3172/3172
f 2982/2982 3172/3172 3173/3173
f 3173/3173 3171/3171 3174/3174
f 3173/3173 3174/3174 3175/3175
f 2983/2983 3173/3173 3175/3175
f 3176/3176 3175/3175 3174/3174
f 3176/3176 3174/3174 3177/3177
f 3177/3177 3178/3178 3176/3176
f 3176/3176 3178/3178 3179/3179
f 3179/3179 3180/3180 3176/3176
f 3180/3180 3179/3179 3181/3181
f 3181/3181 3182/3182 3180/3180
f 3183/3183 3180/3180 3182/3182
f 3182/3182 3184/3184 3183/3183
f 3184/3184 2990/2990 3183/3183
f 2990/2990 3184/3184 2994/2994
f 3184/3184 3182/3182 2994/2994
f 3180/3180 3183/3183 3175/3175
f 3183/3183 2988/2988 3175/3175
f 2995/2995 3182/3182 3181/3181
f 3181/3181 3179/3179 3185/3185
f 3185/3185 3186/3186 3181/3181
f 3181/3181 3186/3186 3187/3187
f 3187/3187 2997/2997 3181/3181
f 2997/2997 3187/3187 3188/3188
f 3189/3189 3188/3188 3187/3187
f 3187/3187 3190/3190 3189/3189
f 3189/3189 3190/3190 3191/3191
f 3191/3191 3192/3192 3189/3189
f 3189/3189 3192/3192 3193/3193
f 3193/3193 3194/3194 3189/3189
f 3189/3189 3194/3194 3195/3195
f 3196/3196 3195/3195 3194/3194
f 3194/3194 3197/3197 3196/3196
f 3196/3196 3197/3197 3198/3198
f 3198/3198 3199/3199 3196/3196
f 3001/3001 3196/3196 3199/3199
f 3199/3199 3009/3009 3001/3001
f 3009/3009 3199/3199 3200/3200
f 3201/3201 3200/3200 3199/3199
f 3202/3202 3200/3200 3201/3201
f 3201/3201 3203/3203 3202/3202
f 3204/3204 3202/3202 3203/3203
f 3203/3203 3205/3205 3204/3204
f 3204/3204 3205/3205 3206/3206
f 3206/3206 3207/3207 3204/3204
f 3013/3013 3204/3204 3207/3207
f 3207/3207 3208/3208 3013/3013
f 3013/3013 3208/3208 3018/3018
f 3208/3208 3207/3207 3024/3024
f 3209/3209 3024/3024 3207/3207
f 3207/3207 3206/3206 3209/3209
f 3209/3209 3206/3206 3210/3210
f 3210/3210 3211/3211 3209/3209
f 3209/3209 3211/3211 3212/3212
f 3212/3212 3213/3213 3209/3209
f 3209/3209 3213/3213 3025/3025
f 3213/3213 3212/3212 3214/3214
f 3214/3214 3215/3215 3213/3213
f 3213/3213 3215/3215 3027/3027
f 3027/3027 3215/3215 3216/3216
f 3216/3216 3215/3215 3214/3214
f 3214/3214 3217/3217 3216/3216
f 3218/3218 3216/3216 3217/3217
f 3217/3217 3219/3219 3218/3218
f 3218/3218 3219/3219 3220/3220
f 3220/3220 3221/3221 3218/3218
f 3218/3218 3221/3221 3222/3222
f 3222/3222 3223/3223 3218/3218
f 3218/3218 3223/3223 3028/3028
f 3223/3223 3222/3222 3224/3224
f 3224/3224 3225/3225 3223/3223
f 3223/3223 3225/3225 3029/3029
f 3029/3029 3225/3225 3226/3226
f 3226/3226 3225/3225 3224/3224
f 3224/3224 3227/3227 3226/3226
f 3227/3227 3228/3228 3226/3226
f 3030/3030 3226/3226 3228/3228
f 3228/3228 3229/3229 3030/3030
f 3228/3228 3230/3230 3229/3229
f 3034/3034 3229/3229 3230/3230
f 3043/3043 3034/3034 3230/3230
f 3230/3230 3228/3228 3231/3231
f 3045/3045 3230/3230 3231/3231
f 3232/3232 3231/3231 3228/3228
f 3228/3228 3233/3233 3232/3232
f 3234/3234 3232/3232 3233/3233
f 3233/3233 3235/3235 3234/3234
f 3236/3236 3234/3234 3235/3235
f 3236/3236 3235/3235 3237/3237
f 3237/3237 3238/3238 3236/3236
f 3239/3239 3236/3236 3238/3238
f 3238/3238 3240/3240 3239/3239
f 3241/3241 3239/3239 3240/3240
f 3242/3242 3241/3241 3240/3240
f 3240/3240 3243/3243 3242/3242
f 3242/3242 3243/3243 3244/3244
f 3244/3244 3245/3245 3242/3242
f 3246/3246 3242/3242 3245/3245
f 3245/3245 3247/3247 3246/3246
f 3246/3246 3247/3247 3248/3248
f 3248/3248 3249/3249 3246/3246
f 3246/3246 3249/3249 3250/3250
f 3250/3250 3251/3251 3246/3246
f 3246/3246 3251/3251 3241/3241
f 3241/3241 3251/3251 3252/3252
f 3253/3253 3252/3252 3251/3251
f 3251/3251 3254/3254 3253/3253
f 3255/3255 3253/3253 3254/3254
f 3254/3254 3256/3256 3255/3255
f 3077/3077 3255/3255 3256/3256
f 3257/3257 3255/3255 3077/3077
f 3077/3077 3065/3065 3257/3257
f 3258/3258 3257/3257 3065/3065
f 3257/3257 3258/3258 3239/3239
f 3239/3239 3252/3252 3257/3257
f 3259/3259 3239/3239 3258/3258
f 3062/3062 3259/3259 3258/3258
f 3255/3255 3257/3257 3252/3252
f 3256/3256 3254/3254 3260/3260
f 3260/3260 3261/3261 3256/3256
f 3078/3078 3256/3256 3261/3261
f 3261/3261 3260/3260 3262/3262
f 3261/3261 3262/3262 3081/3081
f 3099/3099 3081/3081 3262/3262
f 3262/3262 3263/3263 3099/3099
f 3099/3099 3263/3263 3264/3264
f 3265/3265 3264/3264 3263/3263
f 3263/3263 3266/3266 3265/3265
f 3266/3266 3267/3267 3265/3265
f 3268/3268 3265/3265 3267/3267
f 3268/3268 3267/3267 3269/3269
f 3269/3269 3270/3270 3268/3268
f 3109/3109 3268/3268 3270/3270
f 3271/3271 3270/3270 3269/3269
f 3269/3269 3272/3272 3271/3271
f 3273/3273 3271/3271 3272/3272
f 3272/3272 3274/3274 3273/3273
f 3273/3273 3274/3274 3275/3275
f 3275/3275 3276/3276 3273/3273
f 3277/3277 3273/3273 3276/3276
f 3276/3276 3278/3278 3277/3277
f 3277/3277 3278/3278 3279/3279
f 3279/3279 3280/3280 3277/3277
f 3277/3277 3280/3280 3113/3113
f 3280/3280 3279/3279 3118/3118
f 3281/3281 3118/3118 3279/3279
f 3279/3279 3282/3282 3281/3281
f 3281/3281 3282/3282 3283/3283
f 3283/3283 3284/3284 3281/3281
f 3281/3281 3284/3284 3285/3285
f 3285/3285 3286/3286 3281/3281
f 3281/3281 3286/3286 3119/3119
f 3286/3286 3285/3285 3287/3287
f 3287/3287 3288/3288 3286/3286
f 3286/3286 3288/3288 3121/3121
f 3121/3121 3288/3288 3289/3289
f 3289/3289 3288/3288 3287/3287
f 3287/3287 3290/3290 3289/3289
f 3291/3291 3289/3289 3290/3290
f 3290/3290 3292/3292 3291/3291
f 3291/3291 3292/3292 3293/3293
f 3293/3293 3294/3294 3291/3291
f 3291/3291 3294/3294 3295/3295
f 3295/3295 3296/3296 3291/3291
f 3291/3291 3296/3296 3122/3122
f 3296/3296 3295/3295 3297/3297
f 3297/3297 3298/3298 3296/3296
f 3296/3296 3298/3298 3123/3123
f 3123/3123 3298/3298 3127/3127
f 3127/3127 3298/3298 3297/3297
f 3299/3299 3297/3297 3295/3295
f 3295/3295 3300/3300 3299/3299
f 3299/3299 3300/3300 3301/3301
f 3301/3301 3302/3302 3299/3299
f 3299/3299 3302/3302 3140/3140
f 3302/3302 3301/3301 3303/3303
f 3303/3303 3304/3304 3302/3302
f 3302/3302 3304/3304 3142/3142
f 3142/3142 3304/3304 3149/3149
f 3149/3149 3304/3304 3303/3303
f 3305/3305 3303/3303 3301/3301
f 3301/3301 3306/3306 3305/3305
f 3305/3305 3306/3306 3307/3307
f 3307/3307 3308/3308 3305/3305
f 3305/3305 3308/3308 3309/3309
f 3309/3309 3310/3310 3305/3305
f 3305/3305 3310/3310 3150/3150
f 3310/3310 3309/3309 3311/3311
f 3311/3311 3312/3312 3310/3310
f 3310/3310 3312/3312 3151/3151
f 3151/3151 3312/3312 3313/3313
f 3313/3313 3312/3312 3311/3311
f 3311/3311 3314/3314 3313/3313
f 3315/3315 3313/3313 3314/3314
f 3314/3314 3316/3316 3315/3315
f 3315/3315 3316/3316 3317/3317
f 3317/3317 3318/3318 3315/3315
f 3315/3315 3318/3318 3157/3157
f 3318/3318 3317/3317 3319/3319
f 3319/3319 3320/3320 3318/3318
f 3318/3318 3320/3320 3159/3159
f 3159/3159 3320/3320 3321/3321
f 3321/3321 3320/3320 3319/3319
f 3319/3319 3322/3322 3321/3321
f 3323/3323 3321/3321 3322/3322
f 3322/3322 3324/3324 3323/3323
f 3323/3323 3324/3324 3325/3325
f 3325/3325 3326/3326 3323/3323
f 3323/3323 3326/3326 3327/3327
f 3327/3327 3328/3328 3323/3323
f 3323/3323 3328/3328 3160/3160
f 3328/3328 3327/3327 3329/3329
f 3329/3329 3330/3330 3328/3328
f 3328/3328 3330/3330 3161/3161
f 3161/3161 3330/3330 3331/3331
f 3331/3331 3330/3330 3329/3329
f 3329/3329 3332/3332 3331/3331
f 3333/3333 3331/3331 3332/3332
f 3332/3332 3177/3177 3333/3333
f 3177/3177 3332/3332 3334/3334
f 3335/3335 3334/3334 3332/3332
f 3185/3185 3334/3334 3335/3335
f 3335/3335 3336/3336 3185/3185
f 3337/3337 3336/3336 3335/3335
f 3335/3335 3338/3338 3337/3337
f 3339/3339 3337/3337 3338/3338
f 3338/3338 3340/3340 3339/3339
f 3339/3339 3340/3340 3341/3341
f 3341/3341 3342/3342 3339/3339
f 3343/3343 3339/3339 3342/3342
f 3342/3342 3344/3344 3343/3343
f 3343/3343 3344/3344 3345/3345
f 3345/3345 3346/3346 3343/3343
f 3343/3343 3346/3346 3191/3191
f 3191/3191 3347/3347 3343/3343
f 3343/3343 3347/3347 3337/3337
f 3346/3346 3345/3345 3348/3348
f 3348/3348 3349/3349 3346/3346
f 3346/3346 3349/3349 3192/3192
f 3192/3192 3349/3349 3350/3350
f 3350/3350 3349/3349 3348/3348
f 3348/3348 3351/3351 3350/3350
f 3352/3352 3350/3350 3351/3351
f 3351/3351 3353/3353 3352/3352
f 3352/3352 3353/3353 3354/3354
f 3354/3354 3355/3355 3352/3352
f 3352/3352 3355/3355 3356/3356
f 3356/3356 3357/3357 3352/3352
f 3352/3352 3357/3357 3193/3193
f 3357/3357 3356/3356 3198/3198
f 3201/3201 3198/3198 3356/3356
f 3356/3356 3358/3358 3201/3201
f 3201/3201 3358/3358 3359/3359
f 3360/3360 3359/3359 3358/3358
f 3358/3358 3361/3361 3360/3360
f 3360/3360 3361/3361 3362/3362
f 3362/3362 3363/3363 3360/3360
f 3364/3364 3360/3360 3363/3363
f 3363/3363 3365/3365 3364/3364
f 3364/3364 3365/3365 3366/3366
f 3366/3366 3367/3367 3364/3364
f 3364/3364 3367/3367 3210/3210
f 3210/3210 3368/3368 3364/3364
f 3364/3364 3368/3368 3359/3359
f 3203/3203 3359/3359 3368/3368
f 3367/3367 3366/3366 3369/3369
f 3369/3369 3370/3370 3367/3367
f 3367/3367 3370/3370 3211/3211
f 3211/3211 3370/3370 3371/3371
f 3371/3371 3370/3370 3369/3369
f 3369/3369 3372/3372 3371/3371
f 3373/3373 3371/3371 3372/3372
f 3372/3372 3374/3374 3373/3373
f 3373/3373 3374/3374 3375/3375
f 3375/3375 3376/3376 3373/3373
f 3373/3373 3376/3376 3217/3217
f 3376/3376 3375/3375 3377/3377
f 3377/3377 3378/3378 3376/3376
f 3376/3376 3378/3378 3219/3219
f 3219/3219 3378/3378 3379/3379
f 3379/3379 3378/3378 3377/3377
f 3377/3377 3380/3380 3379/3379
f 3381/3381 3379/3379 3380/3380
f 3380/3380 3382/3382 3381/3381
f 3381/3381 3382/3382 3383/3383
f 3383/3383 3384/3384 3381/3381
f 3381/3381 3384/3384 3385/3385
f 3385/3385 3386/3386 3381/3381
f 3381/3381 3386/3386 3220/3220
f 3386/3386 3385/3385 3387/3387
f 3387/3387 3388/3388 3386/3386
f 3386/3386 3388/3388 3221/3221
f 3221/3221 3388/3388 3389/3389
f 3389/3389 3388/3388 3387/3387
f 3387/3387 3390/3390 3389/3389
f 3391/3391 3389/3389 3390/3390
f 3390/3390 3392/3392 3391/3391
f 3391/3391 3392/3392 3238/3238
f 3392/3392 3390/3390 3244/3244
f 3393/3393 3244/3244 3390/3390
f 3222/3222 3389/3389 3391/3391
f 3390/3390 3387/3387 3393/3393
f 3393/3393 3387/3387 3385/3385
f 3385/3385 3394/3394 3393/3393
f 3393/3393 3394/3394 3395/3395
f 3395/3395 3396/3396 3393/3393
f 3393/3393 3396/3396 3245/3245
f 3396/3396 3395/3395 3397/3397
f 3397/3397 3398/3398 3396/3396
f 3396/3396 3398/3398 3247/3247
f 3247/3247 3398/3398 3399/3399
f 3399/3399 3398/3398 3397/3397
f 3397/3397 3400/3400 3399/3399
f 3401/3401 3399/3399 3400/3400
f 3400/3400 3402/3402 3401/3401
f 3401/3401 3402/3402 3403/3403
f 3403/3403 3404/3404 3401/3401
f 3401/3401 3404/3404 3405/3405
f 3405/3405 3406/3406 3401/3401
f 3401/3401 3406/3406 3248/3248
f 3406/3406 3405/3405 3407/3407
f 3407/3407 3408/3408 3406/3406
f 3406/3406 3408/3408 3249/3249
f 3249/3249 3408/3408 3409/3409
f 3409/3409 3408/3408 3407/3407
f 3407/3407 3410/3410 3409/3409
f 3260/3260 3409/3409 3410/3410
f 3410/3410 3411/3411 3260/3260
f 3411/3411 3410/3410 3267/3267
f 3409/3409 3260/3260 3250/3250
f 3410/3410 3407/3407 3269/3269
f 3269/3269 3407/3407 3405/3405
f 3272/3272 3405/3405 3404/3404
f 3404/3404 3403/3403 3275/3275
f 3412/3412 3275/3275 3403/3403
f 3403/3403 3413/3413 3412/3412
f 3412/3412 3413/3413 3414/3414
f 3414/3414 3415/3415 3412/3412
f 3412/3412 3415/3415 3416/3416
f 3416/3416 3417/3417 3412/3412
f 3412/3412 3417/3417 3276/3276
f 3417/3417 3416/3416 3418/3418
f 3418/3418 3419/3419 3417/3417
f 3417/3417 3419/3419 3278/3278
f 3278/3278 3419/3419 3282/3282
f 3282/3282 3419/3419 3418/3418
f 3420/3420 3418/3418 3416/3416
f 3416/3416 3421/3421 3420/3420
f 3420/3420 3421/3421 3422/3422
f 3422/3422 3423/3423 3420/3420
f 3420/3420 3423/3423 3424/3424
f 3424/3424 3425/3425 3420/3420
f 3420/3420 3425/3425 3283/3283
f 3425/3425 3424/3424 3426/3426
f 3426/3426 3427/3427 3425/3425
f 3425/3425 3427/3427 3284/3284
f 3284/3284 3427/3427 3428/3428
f 3428/3428 3427/3427 3426/3426
f 3426/3426 3429/3429 3428/3428
f 3430/3430 3428/3428 3429/3429
f 3429/3429 3431/3431 3430/3430
f 3430/3430 3431/3431 3432/3432
f 3432/3432 3433/3433 3430/3430
f 3430/3430 3433/3433 3290/3290
f 3433/3433 3432/3432 3434/3434
f 3434/3434 3435/3435 3433/3433
f 3433/3433 3435/3435 3292/3292
f 3292/3292 3435/3435 3436/3436
f 3436/3436 3435/3435 3434/3434
f 3434/3434 3437/3437 3436/3436
f 3438/3438 3436/3436 3437/3437
f 3437/3437 3439/3439 3438/3438
f 3438/3438 3439/3439 3440/3440
f 3440/3440 3441/3441 3438/3438
f 3438/3438 3441/3441 3307/3307
f 3307/3307 3442/3442 3438/3438
f 3438/3438 3442/3442 3293/3293
f 3441/3441 3440/3440 3443/3443
f 3443/3443 3444/3444 3441/3441
f 3441/3441 3444/3444 3308/3308
f 3308/3308 3444/3444 3445/3445
f 3445/3445 3444/3444 3443/3443
f 3443/3443 3446/3446 3445/3445
f 3447/3447 3445/3445 3446/3446
f 3446/3446 3448/3448 3447/3447
f 3447/3447 3448/3448 3449/3449
f 3449/3449 3450/3450 3447/3447
f 3447/3447 3450/3450 3314/3314
f 3450/3450 3449/3449 3451/3451
f 3451/3451 3452/3452 3450/3450
f 3450/3450 3452/3452 3316/3316
f 3316/3316 3452/3452 3453/3453
f 3453/3453 3452/3452 3451/3451
f 3451/3451 3454/3454 3453/3453
f 3455/3455 3453/3453 3454/3454
f 3454/3454 3456/3456 3455/3455
f 3455/3455 3456/3456 3457/3457
f 3457/3457 3458/3458 3455/3455
f 3455/3455 3458/3458 3322/3322
f 3458/3458 3457/3457 3459/3459
f 3459/3459 3460/3460 3458/3458
f 3458/3458 3460/3460 3324/3324
f 3324/3324 3460/3460 3461/3461
f 3461/3461 3460/3460 3459/3459
f 3459/3459 3462/3462 3461/3461
f 3463/3463 3461/3461 3462/3462
f 3462/3462 3464/3464 3463/3463
f 3463/3463 3464/3464 3465/3465
f 3465/3465 3466/3466 3463/3463
f 3463/3463 3466/3466 3342/3342
f 3466/3466 3465/3465 3467/3467
f 3467/3467 3468/3468 3466/3466
f 3466/3466 3468/3468 3344/3344
f 3344/3344 3468/3468 3469/3469
f 3469/3469 3468/3468 3467/3467
f 3467/3467 3470/3470 3469/3469
f 3471/3471 3469/3469 3470/3470
f 3470/3470 3472/3472 3471/3471
f 3471/3471 3472/3472 3473/3473
f 3473/3473 3474/3474 3471/3471
f 3471/3471 3474/3474 3351/3351
f 3474/3474 3473/3473 3475/3475
f 3475/3475 3476/3476 3474/3474
f 3474/3474 3476/3476 3353/3353
f 3353/3353 3476/3476 3477/3477
f 3477/3477 3476/3476 3475/3475
f 3475/3475 3478/3478 3477/3477
f 3479/3479 3477/3477 3478/3478
f 3478/3478 3480/3480 3479/3479
f 3479/3479 3480/3480 3481/3481
f 3481/3481 3482/3482 3479/3479
f 3479/3479 3482/3482 3363/3363
f 3482/3482 3481/3481 3483/3483
f 3483/3483 3484/3484 3482/3482
f 3482/3482 3484/3484 3365/3365
f 3365/3365 3484/3484 3485/3485
f 3485/3485 3484/3484 3483/3483
f 3483/3483 3486/3486 3485/3485
f 3487/3487 3485/3485 3486/3486
f 3486/3486 3488/3488 3487/3487
f 3487/3487 3488/3488 3489/3489
f 3489/3489 3490/3490 3487/3487
f 3487/3487 3490/3490 3372/3372
f 3490/3490 3489/3489 3491/3491
f 3491/3491 3492/3492 3490/3490
f 3490/3490 3492/3492 3374/3374
f 3374/3374 3492/3492 3493/3493
f 3493/3493 3492/3492 3491/3491
f 3491/3491 3494/3494 3493/3493
f 3495/3495 3493/3493 3494/3494
f 3494/3494 3496/3496 3495/3495
f 3495/3495 3496/3496 3497/3497
f 3497/3497 3498/3498 3495/3495
f 3495/3495 3498/3498 3380/3380
f 3498/3498 3497/3497 3499/3499
f 3499/3499 3500/3500 3498/3498
f 3498/3498 3500/3500 3382/3382
f 3382/3382 3500/3500 3501/3501
f 3501/3501 3500/3500 3499/3499
f 3499/3499 3502/3502 3501/3501
f 3503/3503 3501/3501 3502/3502
f 3502/3502 3504/3504 3503/3503
f 3503/3503 3504/3504 3505/3505
f 3505/3505 3506/3506 3503/3503
f 3503/3503 3506/3506 3507/3507
f 3507/3507 3508/3508 3503/3503
f 3503/3503 3508/3508 3383/3383
f 3508/3508 3507/3507 3509/3509
f 3509/3509 3510/3510 3508/3508
f 3508/3508 3510/3510 3384/3384
f 3384/3384 3510/3510 3394/3394
f 3394/3394 3510/3510 3509/3509
f 3511/3511 3509/3509 3507/3507
f 3507/3507 3512/3512 3511/3511
f 3511/3511 3512/3512 3513/3513
f 3513/3513 3514/3514 3511/3511
f 3511/3511 3514/3514 3400/3400
f 3514/3514 3513/3513 3515/3515
f 3515/3515 3516/3516 3514/3514
f 3514/3514 3516/3516 3402/3402
f 3402/3402 3516/3516 3413/3413
f 3413/3413 3516/3516 3515/3515
f 3517/3517 3515/3515 3513/3513
f 3513/3513 3518/3518 3517/3517
f 3517/3517 3518/3518 3519/3519
f 3519/3519 3520/3520 3517/3517
f 3517/3517 3520/3520 3521/3521
f 3521/3521 3522/3522 3517/3517
f 3517/3517 3522/3522 3414/3414
f 3522/3522 3521/3521 3523/3523
f 3523/3523 3524/3524 3522/3522
f 3522/3522 3524/3524 3415/3415
f 3415/3415 3524/3524 3421/3421
f 3421/3421 3524/3524 3523/3523
f 3525/3525 3523/3523 3521/3521
f 3521/3521 3526/3526 3525/3525
f 3525/3525 3526/3526 3527/3527
f 3527/3527 3528/3528 3525/3525
f 3525/3525 3528/3528 3529/3529
f 3529/3529 3530/3530 3525/3525
f 3525/3525 3530/3530 3422/3422
f 3530/3530 3529/3529 3531/3531
f 3531/3531 3532/3532 3530/3530
f 3530/3530 3532/3532 3423/3423
f 3423/3423 3532/3532 3533/3533
f 3533/3533 3532/3532 3531/3531
f 3531/3531 3534/3534 3533/3533
f 3535/3535 3533/3533 3534/3534
f 3534/3534 3536/3536 3535/3535
f 3535/3535 3536/3536 3537/3537
f 3537/3537 3538/3538 3535/3535
f 3535/3535 3538/3538 3429/3429
f 3538/3538 3537/3537 3539/3539
f 3539/3539 3540/3540 3538/3538
f 3538/3538 3540/3540 3431/3431
f 3431/3431 3540/3540 3541/3541
f 3541/3541 3540/3540 3539/3539
f 3539/3539 3542/3542 3541/3541
f 3543/3543 3541/3541 3542/3542
f 3542/3542 3544/3544 3543/3543
f 3543/3543 3544/3544 3545/3545
f 3545/3545 3546/3546 3543/3543
f 3543/3543 3546/3546 3437/3437
f 3546/3546 3545/3545 3547/3547
f 3547/3547 3548/3548 3546/3546
f 3546/3546 3548/3548 3439/3439
f 3439/3439 3548/3548 3549/3549
f 3549/3549 3548/3548 3547/3547
f 3547/3547 3550/3550 3549/3549
f 3551/3551 3549/3549 3550/3550
f 3550/3550 3552/3552 3551/3551
f 3551/3551 3552/3552 3553/3553
f 3553/3553 3554/3554 3551/3551
f 3551/3551 3554/3554 3446/3446
f 3554/3554 3553/3553 3555/3555
f 3555/3555 3556/3556 3554/3554
f 3554/3554 3556/3556 3448/3448
f 3448/3448 3556/3556 3557/3557
f 3557/3557 3556/3556 3555/3555
f 3555/3555 3558/3558 3557/3557
f 3559/3559 3557/3557 3558/3558
f 3558/3558 3560/3560 3559/3559
f 3559/3559 3560/3560 3561/3561
f 3561/3561 3562/3562 3559/3559
f 3559/3559 3562/3562 3454/3454
f 3562/3562 3561/3561 3563/3563
f 3563/3563 3564/3564 3562/3562
f 3562/3562 3564/3564 3456/3456
f 3456/3456 3564/3564 3565/3565
f 3565/3565 3564/3564 3563/3563
f 3563/3563 3566/3566 3565/3565
f 3567/3567 3565/3565 3566/3566
f 3566/3566 3568/3568 3567/3567
f 3567/3567 3568/3568 3569/3569
f 3569/3569 3570/3570 3567/3567
f 3567/3567 3570/3570 3462/3462
f 3570/3570 3569/3569 3571/3571
f 3571/3571 3572/3572 3570/3570
f 3570/3570 3572/3572 3464/3464
f 3464/3464 3572/3572 3573/3573
f 3573/3573 3572/3572 3571/3571
f 3571/3571 3574/3574 3573/3573
f 3575/3575 3573/3573 3574/3574
f 3574/3574 3576/3576 3575/3575
f 3575/3575 3576/3576 3577/3577
f 3577/3577 3578/3578 3575/3575
f 3575/3575 3578/3578 3470/3470
f 3578/3578 3577/3577 3579/3579
f 3579/3579 3580/3580 3578/3578
f 3578/3578 3580/3580 3472/3472
f 3472/3472 3580/3580 3581/3581
f 3581/3581 3580/3580 3579/3579
f 3579/3579 3582/3582 3581/3581
f 3583/3583 3581/3581 3582/3582
f 3582/3582 3584/3584 3583/3583
f 3583/3583 3584/3584 3585/3585
f 3585/3585 3586/3586 3583/3583
f 3583/3583 3586/3586 3478/3478
f 3586/3586 3585/3585 3587/3587
f 3587/3587 3588/3588 3586/3586
f 3586/3586 3588/3588 3480/3480
f 3480/3480 3588/3588 3589/3589
f 3589/3589 3588/3588 3587/3587
f 3587/3587 3590/3590 3589/3589
f 3591/3591 3589/3589 3590/3590
f 3590/3590 3592/3592 3591/3591
f 3591/3591 3592/3592 3593/3593
f 3593/3593 3594/3594 3591/3591
f 3591/3591 3594/3594 3486/3486
f 3594/3594 3593/3593 3595/3595
f 3595/3595 3596/3596 3594/3594
f 3594/3594 3596/3596 3488/3488
f 3488/3488 3596/3596 3597/3597
f 3597/3597 3596/3596 3595/3595
f 3595/3595 3598/3598 3597/3597
f 3599/3599 3597/3597 3598/3598
f 3598/3598 3600/3600 3599/3599
f 3599/3599 3600/3600 3601/3601
f 3601/3601 3602/3602 3599/3599
f 3599/3599 3602/3602 3494/3494
f 3602/3602 3601/3601 3603/3603
f 3603/3603 3604/3604 3602/3602
f 3602/3602 3604/3604 3496/3496
f 3496/3496 3604/3604 3605/3605
f 3605/3605 3604/3604 3603/3603
f 3603/3603 3606/3606 3605/3605
f 3607/3607 3605/3605 3606/3606
f 3606/3606 3608/3608 3607/3607
f 3607/3607 3608/3608 3609/3609
f 3609/3609 3610/3610 3607/3607
f 3607/3607 3610/3610 3502/3502
f 3610/3610 3609/3609 3611/3611
f 3611/3611 3612/3612 3610/3610
f 3610/3610 3612/3612 3504/3504
f 3504/3504 3612/3612 3613/3613
f 3613/3613 3612/3612 3611/3611
f 3611/3611 3614/3614 3613/3613
f 3615/3615 3613/3613 3614/3614
f 3614/3614 3616/3616 3615/3615
f 3615/3615 3616/3616 3617/3617
f 3617/3617 3618/3618 3615/3615
f 3615/3615 3618/3618 3519/3519
f 3519/3519 3619/3619 3615/3615
f 3615/3615 3619/3619 3505/3505
f 3618/3618 3617/3617 3620/3620
f 3620/3620 3621/3621 3618/3618
f 3618/3618 3621/3621 3520/3520
f 3520/3520 3621/3621 3526/3526
f 3526/3526 3621/3621 3620/3620
f 3622/3622 3620/3620 3617/3617
f 3617/3617 3623/3623 3622/3622
f 3622/3622 3623/3623 3624/3624
f 3624/3624 3625/3625 3622/3622
f 3622/3622 3625/3625 3626/3626
f 3626/3626 3627/3627 3622/3622
f 3622/3622 3627/3627 3527/3527
f 3627/3627 3626/3626 3628/3628
f 3628/3628 3629/3629 3627/3627
f 3627/3627 3629/3629 3528/3528
f 3528/3528 3629/3629 3630/3630
f 3630/3630 3629/3629 3628/3628
f 3628/3628 3631/3631 3630/3630
f 3632/3632 3630/3630 3631/3631
f 3631/3631 3633/3633 3632/3632
f 3632/3632 3633/3633 3634/3634
f 3634/3634 3635/3635 3632/3632
f 3632/3632 3635/3635 3534/3534
f 3635/3635 3634/3634 3636/3636
f 3636/3636 3637/3637 3635/3635
f 3635/3635 3637/3637 3536/3536
f 3536/3536 3637/3637 3638/3638
f 3638/3638 3637/3637 3636/3636
f 3636/3636 3639/3639 3638/3638
f 3640/3640 3638/3638 3639/3639
f 3639/3639 3641/3641 3640/3640
f 3640/3640 3641/3641 3642/3642
f 3642/3642 3643/3643 3640/3640
f 3640/3640 3643/3643 3542/3542
f 3643/3643 3642/3642 3644/3644
f 3644/3644 3645/3645 3643/3643
f 3643/3643 3645/3645 3544/3544
f 3544/3544 3645/3645 3646/3646
f 3646/3646 3645/3645 3644/3644
f 3644/3644 3647/3647 3646/3646
f 3648/3648 3646/3646 3647/3647
f 3647/3647 3649/3649 3648/3648
f 3648/3648 3649/3649 3650/3650
f 3650/3650 3651/3651 3648/3648
f 3648/3648 3651/3651 3550/3550
f 3651/3651 3650/3650 3652/3652
f 3652/3652 3653/3653 3651/3651
f 3651/3651 3653/3653 3552/3552
f 3552/3552 3653/3653 3654/3654
f 3654/3654 3653/3653 3652/3652
f 3652/3652 3655/3655 3654/3654
f 3656/3656 3654/3654 3655/3655
f 3655/3655 3657/3657 3656/3656
f 3656/3656 3657/3657 3658/3658
f 3658/3658 3659/3659 3656/3656
f 3656/3656 3659/3659 3558/3558
f 3659/3659 3658/3658 3660/3660
f 3660/3660 3661/3661 3659/3659
f 3659/3659 3661/3661 3560/3560
f 3560/3560 3661/3661 3662/3662
f 3662/3662 3661/3661 3660/3660
f 3660/3660 3663/3663 3662/3662
f 3664/3664 3662/3662 3663/3663
f 3663/3663 3665/3665 3664/3664
f 3664/3664 3665/3665 3666/3666
f 3666/3666 3667/3667 3664/3664
f 3664/3664 3667/3667 3566/3566
f 3667/3667 3666/3666 3668/3668
f 3668/3668 3669/3669 3667/3667
f 3667/3667 3669/3669 3568/3568
f 3568/3568 3669/3669 3670/3670
f 3670/3670 3669/3669 3668/3668
f 3668/3668 3671/3671 3670/3670
f 3672/3672 3670/3670 3671/3671
f 3671/3671 3673/3673 3672/3672
f 3672/3672 3673/3673 3674/3674
f 3674/3674 3675/3675 3672/3672
f 3672/3672 3675/3675 3574/3574
f 3675/3675 3674/3674 3676/3676
f 3676/3676 3677/3677 3675/3675
f 3675/3675 3677/3677 3576/3576
f 3576/3576 3677/3677 3678/3678
f 3678/3678 3677/3677 3676/3676
f 3676/3676 3679/3679 3678/3678
f 3680/3680 3678/3678 3679/3679
f 3679/3679 3681/3681 3680/3680
f 3680/3680 3681/3681 3682/3682
f 3682/3682 3683/3683 3680/3680
f 3680/3680 3683/3683 3582/3582
f 3683/3683 3682/3682 3684/3684
f 3684/3684 3685/3685 3683/3683
f 3683/3683 3685/3685 3584/3584
f 3584/3584 3685/3685 3686/3686
f 3686/3686 3685/3685 3684/3684
f 3684/3684 3687/3687 3686/3686
f 3688/3688 3686/3686 3687/3687
f 3687/3687 3689/3689 3688/3688
f 3688/3688 3689/3689 3690/3690
f 3690/3690 3691/3691 3688/3688
f 3688/3688 3691/3691 3590/3590
f 3691/3691 3690/3690 3692/3692
f 3692/3692 3693/3693 3691/3691
f 3691/3691 3693/3693 3592/3592
f 3592/3592 3693/3693 3694/3694
f 3694/3694 3693/3693 3692/3692
f 3692/3692 3695/3695 3694/3694
f 3696/3696 3694/3694 3695/3695
f 3695/3695 3697/3697 3696/3696
f 3696/3696 3697/3697 3698/3698
f 3698/3698 3699/3699 3696/3696
f 3696/3696 3699/3699 3598/3598
f 3699/3699 3698/3698 3700/3700
f 3700/3700 3701/3701 3699/3699
f 3699/3699 3701/3701 3600/3600
f 3600/3600 3701/3701 3702/3702
f 3702/3702 3701/3701 3700/3700
f 3700/3700 3703/3703 3702/3702
f 3704/3704 3702/3702 3703/3703
f 3703/3703 3705/3705 3704/3704
f 3704/3704 3705/3705 3706/3706
f 3706/3706 3707/3707 3704/3704
f 3704/3704 3707/3707 3606/3606
f 3707/3707 3706/3706 3708/3708
f 3708/3708 3709/3709 3707/3707
f 3707/3707 3709/3709 3608/3608
f 3608/3608 3709/3709 3710/3710
f 3710/3710 3709/3709 3708/3708
f 3708/3708 3711/3711 3710/3710
f 3712/3712 3710/3710 3711/3711
f 3711/3711 3713/3713 3712/3712
f 3712/3712 3713/3713 3714/3714
f 3714/3714 3715/3715 3712/3712
f 3712/3712 3715/3715 3614/3614
f 3715/3715 3714/3714 3716/3716
f 3716/3716 3717/3717 3715/3715
f 3715/3715 3717/3717 3616/3616
f 3616/3616 3717/3717 3623/3623
f 3623/3623 3717/3717 3716/3716
f 3718/3718 3716/3716 3714/3714
f 3714/3714 3719/3719 3718/3718
f 3718/3718 3719/3719 3720/3720
f 3720/3720 3721/3721 3718/3718
f 3718/3718 3721/3721 3722/3722
f 3722/3722 3723/3723 3718/3718
f 3718/3718 3723/3723 3624/3624
f 3723/3723 3722/3722 3724/3724
f 3724/3724 3725/3725 3723/3723
f 3723/3723 3725/3725 3625/3625
f 3625/3625 3725/3725 3726/3726
f 3726/3726 3725/3725 3724/3724
f 3724/3724 3727/3727 3726/3726
f 3728/3728 3726/3726 3727/3727
f 3727/3727 3729/3729 3728/3728
f 3728/3728 3729/3729 3730/3730
f 3730/3730 3731/3731 3728/3728
f 3728/3728 3731/3731 3631/3631
f 3731/3731 3730/3730 3732/3732
f 3732/3732 3733/3733 3731/3731
f 3731/3731 3733/3733 3633/3633
f 3633/3633 3733/3733 3734/3734
f 3734/3734 3733/3733 3732/3732
f 3732/3732 3735/3735 3734/3734
f 3736/3736 3734/3734 3735/3735
f 3735/3735 3737/3737 3736/3736
f 3736/3736 3737/3737 3738/3738
f 3738/3738 3739/3739 3736/3736
f 3736/3736 3739/3739 3639/3639
f 3739/3739 3738/3738 3740/3740
f 3740/3740 3741/3741 3739/3739
f 3739/3739 3741/3741 3641/3641
f 3641/3641 3741/3741 3742/3742
f 3742/3742 3741/3741 3740/3740
f 3740/3740 3743/3743 3742/3742
f 3744/3744 3742/3742 3743/3743
f 3743/3743 3745/3745 3744/3744
f 3744/3744 3745/3745 3746/3746
f 3746/3746 3747/3747 3744/3744
f 3744/3744 3747/3747 3647/3647
f 3747/3747 3746/3746 3748/3748
f 3748/3748 3749/3749 3747/3747
f 3747/3747 3749/3749 3649/3649
f 3649/3649 3749/3749 3750/3750
f 3750/3750 3749/3749 3748/3748
f 3748/3748 3751/3751 3750/3750
f 3752/3752 3750/3750 3751/3751
f 3751/3751 3753/3753 3752/3752
f 3752/3752 3753/3753 3754/3754
f 3754/3754 3755/3755 3752/3752
f 3752/3752 3755/3755 3655/3655
f 3755/3755 3754/3754 3756/3756
f 3756/3756 3757/3757 3755/3755
f 3755/3755 3757/3757 3657/3657
f 3657/3657 3757/3757 3758/3758
f 3758/3758 3757/3757 3756/3756
f 3756/3756 3759/3759 3758/3758
f 3760/3760 3758/3758 3759/3759
f 3759/3759 3761/3761 3760/3760
f 3760/3760 3761/3761 3762/3762
f 3762/3762 3763/3763 3760/3760
f 3760/3760 3763/3763 3663/3663
f 3763/3763 3762/3762 3764/3764
f 3764/3764 3765/3765 3763/3763
f 3763/3763 3765/3765 3665/3665
f 3665/3665 3765/3765 3766/3766
f 3766/3766 3765/3765 3764/3764
f 3764/3764 3767/3767 3766/3766
f 3768/3768 3766/3766 3767/3767
f 3767/3767 3769/3769 3768/3768
f 3768/3768 3769/3769 3770/3770
f 3770/3770 3771/3771 3768/3768
f 3768/3768 3771/3771 3671/3671
f 3771/3771 3770/3770 3772/3772
f 3772/3772 3773/3773 3771/3771
f 3771/3771 3773/3773 3673/3673
f 3673/3673 3773/3773 3774/3774
f 3774/3774 3773/3773 3772/3772
f 3772/3772 3775/3775 3774/3774
f 3776/3776 3774/3774 3775/3775
f 3775/3775 3777/3777 3776/3776
f 3776/3776 3777/3777 3778/3778
f 3778/3778 3779/3779 3776/3776
f 3776/3776 3779/3779 3679/3679
f 3779/3779 3778/3778 3780/3780
f 3780/3780 3781/3781 3779/3779
f 3779/3779 3781/3781 3681/3681
f 3681/3681 3781/3781 3782/3782
f 3782/3782 3781/3781 3780/3780
f 3780/3780 3783/3783 3782/3782
f 3784/3784 3782/3782 3783/3783
f 3783/3783 3785/3785 3784/3784
f 3784/3784 3785/3785 3786/3786
f 3786/3786 3787/3787 3784/3784
f 3784/3784 3787/3787 3687/3687
f 3787/3787 3786/3786 3788/3788
f 3788/3788 3789/3789 3787/3787
f 3787/3787 3789/3789 3689/3689
f 3689/3689 3789/3789 3790/3790
f 3790/3790 3789/3789 3788/3788
f 3788/3788 3791/3791 3790/3790
f 3792/3792 3790/3790 3791/3791
f 3791/3791 3793/3793 3792/3792
f 3792/3792 3793/3793 3794/3794
f 3794/3794 3795/3795 3792/3792
f 3792/3792 3795/3795 3695/3695
f 3795/3795 3794/3794 3796/3796
f 3796/3796 3797/3797 3795/3795
f 3795/3795 3797/3797 3697/3697
f 3697/3697 3797/3797 3798/3798
f 3798/3798 3797/3797 3796/3796
f 3796/3796 3799/3799 3798/3798
f 3800/3800 3798/3798 3799/3799
f 3799/3799 3801/3801 3800/3800
f 3800/3800 3801/3801 3802/3802
f 3802/3802 3803/3803 3800/3800
f 3800/3800 3803/3803 3703/3703
f 3803/3803 3802/3802 3804/3804
f 3804/3804 3805/3805 3803/3803
f 3803/3803 3805/3805 3705/3705
f 3705/3705 3805/3805 3806/3806
f 3806/3806 3805/3805 3804/3804
f 3804/3804 3807/3807 3806/3806
f 3808/3808 3806/3806 3807/3807
f 3807/3807 3809/3809 3808/3808
f 3808/3808 3809/3809 3810/3810
f 3810/3810 3811/3811 3808/3808
f 3808/3808 3811/3811 3711/3711
f 3811/3811 3810/3810 3812/3812
f 3812/3812 3813/3813 3811/3811
f 3811/3811 3813/3813 3713/3713
f 3713/3713 3813/3813 3719/3719
f 3719/3719 3813/3813 3812/3812
f 3812/3812 3810/3810 3814/3814
f 3720/3720 3812/3812 3814/3814
f 3814/3814 3815/3815 3720/3720
f 5437/5437 5438/5438 5439/5439
f 3816/3816 3817/3817 3815/3815
f 3818/3818 3815/3815 3817/3817
f 3817/3817 3819/3819 3818/3818
f 3721/3721 3818/3818 3819/3819
f 3819/3819 3817/3817 3820/3820
f 5440/5440 5441/5441 5442/5442
f 3722/3722 3819/3819 3821/3821
f 5441/5441 5440/5440 5443/5443
f 3821/3821 3822/3822 3823/3823
f 5545/5545 5546/5546 5547/5547
f 3727/3727 3821/3821 3824/3824
f 3824/3824 3823/3823 3825/3825
f 3825/3825 3826/3826 3824/3824
f 3729/3729 3824/3824 3826/3826
f 3729/3729 3826/3826 3827/3827
f 3825/3825 3827/3827 3826/3826
f 3827/3827 3825/3825 3828/3828
f 5548/5548 5549/5549 5550/5550
f 3730/3730 3827/3827 3829/3829
f 3829/3829 3828/3828 3830/3830
f 3829/3829 3830/3830 3831/3831
f 5551/5551 5552/5552 5553/5553
f 3832/3832 3735/3735 3829/3829
f 3832/3832 3831/3831 3833/3833
f 3833/3833 3834/3834 3832/3832
f 3834/3834 3737/3737 3832/3832
f 3737/3737 3834/3834 3835/3835
f 3834/3834 3833/3833 3835/3835
f 3836/3836 3835/3835 3833/3833
f 3833/3833 3837/3837 3836/3836
f 3838/3838 3836/3836 3837/3837
f 3839/3839 3838/3838 3837/3837
f 3839/3839 3837/3837 3840/3840
f 5455/5455 5451/5451 5458/5458
f 5450/5450 5458/5458 5451/5451
f 5450/5450 5451/5451 5449/5449
f 5449/5449 5448/5448 5450/5450
f 5450/5450 5448/5448 5532/5532
f 5532/5532 5523/5523 5450/5450
f 5450/5450 5523/5523 5522/5522
f 5522/5522 5521/5521 5450/5450
f 5521/5521 5520/5520 5450/5450
f 5520/5520 5513/5513 5450/5450
f 5512/5512 5450/5450 5513/5513
f 5513/5513 5514/5514 5512/5512
f 3841/3841 3842/3842 3843/3843
f 3841/3841 3843/3843 3844/3844
f 3845/3845 3841/3841 3844/3844
f 3845/3845 3844/3844 3846/3846
f 3847/3847 3845/3845 3846/3846
f 3793/3793 3847/3847 3846/3846
f 3847/3847 3793/3793 3848/3848
f 5554/5554 5555/5555 5556/5556
f 3848/3848 3849/3849 3845/3845
f 5557/5557 5558/5558 5559/5559
f 3850/3850 3851/3851 3849/3849
f 5510/5510 5511/5511 5508/5508
f 5508/5508 5507/5507 5510/5510
f 5507/5507 5505/5505 5510/5510
f 5512/5512 5510/5510 5505/5505
f 5505/5505 5507/5507 5506/5506
f 5506/5506 5504/5504 5505/5505
f 5450/5450 5505/5505 5504/5504
f 5450/5450 5504/5504 5497/5497
f 5450/5450 5497/5497 5496/5496
f 5496/5496 5489/5489 5450/5450
f 5450/5450 5489/5489 5488/5488
f 5488/5488 5481/5481 5450/5450
f 5450/5450 5481/5481 5480/5480
f 5480/5480 5479/5479 5450/5450
f 5479/5479 5478/5478 5450/5450
f 5478/5478 5469/5469 5450/5450
f 5468/5468 5450/5450 5469/5469
f 5469/5469 5470/5470 5468/5468
f 3852/3852 3853/3853 3854/3854
f 3852/3852 3854/3854 3855/3855
f 3856/3856 3852/3852 3855/3855
f 3856/3856 3855/3855 3857/3857
f 3858/3858 3856/3856 3857/3857
f 3745/3745 3858/3858 3857/3857
f 3858/3858 3745/3745 3859/3859
f 3856/3856 3858/3858 3859/3859
f 3859/3859 3860/3860 3856/3856
f 5465/5465 5467/5467 5466/5466
f 5466/5466 5462/5462 5465/5465
f 5464/5464 5465/5465 5462/5462
f 5462/5462 5461/5461 5464/5464
f 5461/5461 5459/5459 5464/5464
f 5468/5468 5464/5464 5459/5459
f 5459/5459 5461/5461 5460/5460
f 5461/5461 5462/5462 5460/5460
f 3860/3860 3861/3861 3852/3852
f 3862/3862 3863/3863 3836/3836
f 3859/3859 3743/3743 3863/3863
f 5560/5560 5561/5561 5562/5562
f 3855/3855 3864/3864 3865/3865
f 5475/5475 5476/5476 5472/5472
f 5472/5472 5474/5474 5475/5475
f 3866/3866 3867/3867 3868/3868
f 3866/3866 3868/3868 3869/3869
f 3870/3870 3866/3866 3869/3869
f 3866/3866 3870/3870 3871/3871
f 3871/3871 3872/3872 3866/3866
f 3872/3872 3871/3871 3873/3873
f 3873/3873 3874/3874 3872/3872
f 5563/5563 5564/5564 5565/5565
f 3875/3875 3874/3874 3753/3753
f 3872/3872 3875/3875 3867/3867
f 3873/3873 3753/3753 3874/3874
f 5566/5566 5567/5567 5568/5568
f 3871/3871 3876/3876 3877/3877
f 3876/3876 3878/3878 3877/3877
f 5569/5569 5570/5570 5571/5571
f 3878/3878 3879/3879 3880/3880
f 5572/5572 5573/5573 5574/5574
f 5575/5575 5572/5572 5574/5574
f 3879/3879 3881/3881 3882/3882
f 5576/5576 5577/5577 5578/5578
f 3881/3881 3883/3883 3884/3884
f 3883/3883 3885/3885 3884/3884
f 5579/5579 5580/5580 5581/5581
f 3885/3885 3886/3886 3887/3887
f 3888/3888 3887/3887 3886/3886
f 5582/5582 5583/5583 5584/5584
f 3769/3769 3888/3888 3889/3889
f 3889/3889 3886/3886 3890/3890
f 5585/5585 5586/5586 5587/5587
f 3770/3770 3889/3889 3891/3891
f 3891/3891 3890/3890 3892/3892
f 3891/3891 3892/3892 3893/3893
f 5588/5588 5589/5589 5590/5590
f 3775/3775 3891/3891 3894/3894
f 3894/3894 3893/3893 3895/3895
f 5591/5591 5592/5592 5593/5593
f 3777/3777 3894/3894 3896/3896
f 3777/3777 3896/3896 3897/3897
f 3895/3895 3897/3897 3896/3896
f 3897/3897 3895/3895 3898/3898
f 5594/5594 5595/5595 5596/5596
f 3778/3778 3897/3897 3899/3899
f 3899/3899 3898/3898 3900/3900
f 3899/3899 3900/3900 3901/3901
f 5597/5597 5598/5598 5599/5599
f 3902/3902 3783/3783 3899/3899
f 3902/3902 3901/3901 3903/3903
f 3903/3903 3904/3904 3902/3902
f 3904/3904 3785/3785 3902/3902
f 3785/3785 3904/3904 3905/3905
f 5600/5600 5601/5601 5602/5602
f 3906/3906 3905/3905 3903/3903
f 3903/3903 3907/3907 3906/3906
f 3908/3908 3906/3906 3907/3907
f 5509/5509 5506/5506 5508/5508
f 5603/5603 5604/5604 5605/5605
f 3786/3786 3905/3905 3850/3850
f 3907/3907 3903/3903 3901/3901
f 3901/3901 3909/3909 3907/3907
f 3910/3910 3907/3907 3909/3909
f 5501/5501 5502/5502 5500/5500
f 5500/5500 5499/5499 5501/5501
f 5497/5497 5501/5501 5499/5499
f 5497/5497 5499/5499 5498/5498
f 5500/5500 5498/5498 5499/5499
f 5498/5498 5500/5500 5503/5503
f 3898/3898 3911/3911 3912/3912
f 3913/3913 3912/3912 3911/3911
f 3911/3911 3914/3914 3913/3913
f 3914/3914 3911/3911 3893/3893
f 3911/3911 3898/3898 3895/3895
f 3911/3911 3895/3895 3893/3893
f 5493/5493 5494/5494 5492/5492
f 5491/5491 5493/5493 5492/5492
f 5492/5492 5490/5490 5491/5491
f 5489/5489 5491/5491 5490/5490
f 5493/5493 5491/5491 5489/5489
f 5490/5490 5492/5492 5495/5495
f 3890/3890 3915/3915 3916/3916
f 3917/3917 3916/3916 3915/3915
f 3915/3915 3918/3918 3917/3917
f 3918/3918 3915/3915 3885/3885
f 3915/3915 3890/3890 3886/3886
f 3887/3887 3888/3888 3769/3769
f 3886/3886 3885/3885 3915/3915
f 3884/3884 3887/3887 3767/3767
f 5486/5486 5484/5484 5485/5485
f 5483/5483 5485/5485 5484/5484
f 5484/5484 5482/5482 5483/5483
f 5481/5481 5483/5483 5482/5482
f 5485/5485 5483/5483 5481/5481
f 5484/5484 5487/5487 5482/5482
f 3881/3881 3919/3919 3920/3920
f 3921/3921 3920/3920 3919/3919
f 3919/3919 3922/3922 3921/3921
f 3922/3922 3919/3919 3878/3878
f 3882/3882 3884/3884 3762/3762
f 3881/3881 3879/3879 3919/3919
f 3923/3923 3882/3882 3761/3761
f 3880/3880 3923/3923 3761/3761
f 3879/3879 3878/3878 3919/3919
f 3877/3877 3880/3880 3759/3759
f 5544/5544 5542/5542 5539/5539
f 5540/5540 5539/5539 5542/5542
f 5541/5541 5540/5540 5542/5542
f 5540/5540 5541/5541 5479/5479
f 5539/5539 5540/5540 5479/5479
f 3877/3877 3754/3754 3873/3873
f 5542/5542 5543/5543 5541/5541
f 3867/3867 3866/3866 3872/3872
f 5474/5474 5472/5472 5471/5471
f 5474/5474 5471/5471 5469/5469
f 5470/5470 5471/5471 5472/5472
f 5476/5476 5475/5475 5477/5477
f 3865/3865 3875/3875 3751/3751
f 3865/3865 3746/3746 3857/3857
f 3852/3852 3856/3856 3860/3860
f 5472/5472 5473/5473 5470/5470
f 3853/3853 3852/3852 3861/3861
f 5470/5470 5469/5469 5471/5471
f 5450/5450 5468/5468 5459/5459
f 5469/5469 5478/5478 5474/5474
f 5478/5478 5479/5479 5541/5541
f 5479/5479 5480/5480 5539/5539
f 5482/5482 5480/5480 5481/5481
f 5481/5481 5488/5488 5485/5485
f 5490/5490 5488/5488 5489/5489
f 5489/5489 5496/5496 5493/5493
f 5498/5498 5496/5496 5497/5497
f 5501/5501 5497/5497 5504/5504
f 3910/3910 3908/3908 3907/3907
f 5507/5507 5508/5508 5506/5506
f 3849/3849 3924/3924 3841/3841
f 3851/3851 3850/3850 3906/3906
f 3848/3848 3791/3791 3850/3850
f 5606/5606 5607/5607 5608/5608
f 3844/3844 3925/3925 3926/3926
f 3927/3927 3926/3926 3925/3925
f 5516/5516 5518/5518 5519/5519
f 3928/3928 3927/3927 3929/3929
f 3928/3928 3929/3929 3930/3930
f 3931/3931 3928/3928 3930/3930
f 3928/3928 3931/3931 3932/3932
f 3932/3932 3933/3933 3928/3928
f 3933/3933 3932/3932 3934/3934
f 5609/5609 5610/5610 5611/5611
f 5612/5612 5611/5611 5610/5610
f 3935/3935 3936/3936 3801/3801
f 3933/3933 3935/3935 3927/3927
f 3934/3934 3801/3801 3936/3936
f 5613/5613 5614/5614 5615/5615
f 3932/3932 3937/3937 3938/3938
f 3937/3937 3939/3939 3938/3938
f 5616/5616 5617/5617 5618/5618
f 3939/3939 3940/3940 3941/3941
f 3942/3942 3941/3941 3940/3940
f 5619/5619 5620/5620 5621/5621
f 3940/3940 3943/3943 3944/3944
f 5530/5530 5531/5531 5529/5529
f 5529/5529 5526/5526 5530/5530
f 5526/5526 5529/5529 5524/5524
f 5526/5526 5524/5524 5525/5525
f 5525/5525 5527/5527 5526/5526
f 5528/5528 5526/5526 5527/5527
f 3945/3945 3946/3946 3816/3816
f 3946/3946 3945/3945 3947/3947
f 3947/3947 3948/3948 3946/3946
f 3820/3820 3946/3946 3948/3948
f 5527/5527 5525/5525 5523/5523
f 5523/5523 5525/5525 5524/5524
f 3943/3943 3949/3949 3950/3950
f 3951/3951 3950/3950 3949/3949
f 3949/3949 3952/3952 3951/3951
f 3952/3952 3949/3949 3939/3939
f 3943/3943 3940/3940 3949/3949
f 3942/3942 3944/3944 3809/3809
f 3941/3941 3942/3942 3809/3809
f 3940/3940 3939/3939 3949/3949
f 3938/3938 3941/3941 3807/3807
f 5538/5538 5536/5536 5533/5533
f 5534/5534 5533/5533 5536/5536
f 5535/5535 5534/5534 5536/5536
f 5534/5534 5535/5535 5521/5521
f 5533/5533 5534/5534 5521/5521
f 3938/3938 3802/3802 3934/3934
f 5536/5536 5537/5537 5535/5535
f 3927/3927 3928/3928 3933/3933
f 5518/5518 5516/5516 5515/5515
f 5518/5518 5515/5515 5513/5513
f 5514/5514 5515/5515 5516/5516
f 5622/5622 5623/5623 5624/5624
f 3926/3926 3935/3935 3799/3799
f 3926/3926 3794/3794 3846/3846
f 3841/3841 3845/3845 3849/3849
f 5516/5516 5517/5517 5514/5514
f 3842/3842 3841/3841 3924/3924
f 5514/5514 5513/5513 5515/5515
f 5450/5450 5512/5512 5505/5505
f 5513/5513 5520/5520 5518/5518
f 5520/5520 5521/5521 5535/5535
f 5521/5521 5522/5522 5533/5533
f 5524/5524 5522/5522 5523/5523
f 5523/5523 5532/5532 5527/5527
f 5444/5444 5532/5532 5448/5448
f 5448/5448 5445/5445 5444/5444
f 5443/5443 5444/5444 5445/5445
f 5445/5445 5446/5446 5443/5443
f 5446/5446 5445/5445 5448/5448
f 5448/5448 5449/5449 5446/5446
f 3953/3953 3954/3954 3955/3955
f 3955/3955 3956/3956 3953/3953
f 3828/3828 3953/3953 3956/3956
f 3954/3954 3953/3953 3823/3823
f 5452/5452 5449/5449 5451/5451
f 5451/5451 5453/5453 5452/5452
f 5454/5454 5452/5452 5453/5453
f 5454/5454 5453/5453 5455/5455
f 5450/5450 5459/5459 5458/5458
f 5451/5451 5455/5455 5453/5453
f 3831/3831 3840/3840 3837/3837
f 5460/5460 5458/5458 5459/5459
f 5463/5463 5460/5460 5462/5462
f 5625/5625 5626/5626 5627/5627
f 3738/3738 3835/3835 3863/3863
f 3837/3837 3833/3833 3831/3831
f 5455/5455 5456/5456 5454/5454
f 5452/5452 5454/5454 5457/5457
f 3953/3953 3828/3828 3825/3825
f 3953/3953 3825/3825 3823/3823
f 5446/5446 5447/5447 5443/5443
f 5444/5444 5443/5443 5440/5440
f 3946/3946 3820/3820 3817/3817
f 3815/3815 3818/3818 3721/3721
f 3817/3817 3816/3816 3946/3946
f 3957/3957 3816/3816 3814/3814
f 3944/3944 3814/3814 3810/3810
f 3810/3810 3809/3809 3944/3944
f 3809/3809 3807/3807 3941/3941
f 3706/3706 3806/3806 3808/3808
f 3807/3807 3804/3804 3938/3938
f 3802/3802 3938/3938 3804/3804
f 3801/3801 3934/3934 3802/3802
f 3801/3801 3799/3799 3935/3935
f 3698/3698 3798/3798 3800/3800
f 3799/3799 3796/3796 3926/3926
f 3794/3794 3926/3926 3796/3796
f 3793/3793 3846/3846 3794/3794
f 3791/3791 3848/3848 3793/3793
f 3690/3690 3790/3790 3792/3792
f 3788/3788 3850/3850 3791/3791
f 3850/3850 3788/3788 3786/3786
f 3905/3905 3786/3786 3785/3785
f 3783/3783 3902/3902 3785/3785
f 3682/3682 3782/3782 3784/3784
f 3780/3780 3899/3899 3783/3783
f 3899/3899 3780/3780 3778/3778
f 3897/3897 3778/3778 3777/3777
f 3894/3894 3777/3777 3775/3775
f 3674/3674 3774/3774 3776/3776
f 3891/3891 3775/3775 3772/3772
f 3891/3891 3772/3772 3770/3770
f 3889/3889 3770/3770 3769/3769
f 3769/3769 3767/3767 3887/3887
f 3666/3666 3766/3766 3768/3768
f 3767/3767 3764/3764 3884/3884
f 3764/3764 3762/3762 3884/3884
f 3762/3762 3761/3761 3882/3882
f 3761/3761 3759/3759 3880/3880
f 3658/3658 3758/3758 3760/3760
f 3759/3759 3756/3756 3877/3877
f 3754/3754 3877/3877 3756/3756
f 3753/3753 3873/3873 3754/3754
f 3753/3753 3751/3751 3875/3875
f 3650/3650 3750/3750 3752/3752
f 3751/3751 3748/3748 3865/3865
f 3746/3746 3865/3865 3748/3748
f 3745/3745 3857/3857 3746/3746
f 3743/3743 3859/3859 3745/3745
f 3642/3642 3742/3742 3744/3744
f 3740/3740 3863/3863 3743/3743
f 3863/3863 3740/3740 3738/3738
f 3835/3835 3738/3738 3737/3737
f 3735/3735 3832/3832 3737/3737
f 3634/3634 3734/3734 3736/3736
f 3732/3732 3829/3829 3735/3735
f 3829/3829 3732/3732 3730/3730
f 3827/3827 3730/3730 3729/3729
f 3824/3824 3729/3729 3727/3727
f 3626/3626 3726/3726 3728/3728
f 3821/3821 3727/3727 3724/3724
f 3821/3821 3724/3724 3722/3722
f 3819/3819 3722/3722 3721/3721
f 3721/3721 3720/3720 3815/3815
f 3812/3812 3720/3720 3719/3719
f 3624/3624 3716/3716 3718/3718
f 3719/3719 3714/3714 3713/3713
f 3713/3713 3711/3711 3811/3811
f 3609/3609 3710/3710 3712/3712
f 3711/3711 3708/3708 3808/3808
f 3808/3808 3708/3708 3706/3706
f 3806/3806 3706/3706 3705/3705
f 3705/3705 3703/3703 3803/3803
f 3601/3601 3702/3702 3704/3704
f 3703/3703 3700/3700 3800/3800
f 3800/3800 3700/3700 3698/3698
f 3798/3798 3698/3698 3697/3697
f 3697/3697 3695/3695 3795/3795
f 3593/3593 3694/3694 3696/3696
f 3695/3695 3692/3692 3792/3792
f 3792/3792 3692/3692 3690/3690
f 3790/3790 3690/3690 3689/3689
f 3689/3689 3687/3687 3787/3787
f 3585/3585 3686/3686 3688/3688
f 3687/3687 3684/3684 3784/3784
f 3784/3784 3684/3684 3682/3682
f 3782/3782 3682/3682 3681/3681
f 3681/3681 3679/3679 3779/3779
f 3577/3577 3678/3678 3680/3680
f 3679/3679 3676/3676 3776/3776
f 3776/3776 3676/3676 3674/3674
f 3774/3774 3674/3674 3673/3673
f 3673/3673 3671/3671 3771/3771
f 3569/3569 3670/3670 3672/3672
f 3671/3671 3668/3668 3768/3768
f 3768/3768 3668/3668 3666/3666
f 3766/3766 3666/3666 3665/3665
f 3665/3665 3663/3663 3763/3763
f 3561/3561 3662/3662 3664/3664
f 3663/3663 3660/3660 3760/3760
f 3760/3760 3660/3660 3658/3658
f 3758/3758 3658/3658 3657/3657
f 3657/3657 3655/3655 3755/3755
f 3553/3553 3654/3654 3656/3656
f 3655/3655 3652/3652 3752/3752
f 3752/3752 3652/3652 3650/3650
f 3750/3750 3650/3650 3649/3649
f 3649/3649 3647/3647 3747/3747
f 3545/3545 3646/3646 3648/3648
f 3647/3647 3644/3644 3744/3744
f 3744/3744 3644/3644 3642/3642
f 3742/3742 3642/3642 3641/3641
f 3641/3641 3639/3639 3739/3739
f 3537/3537 3638/3638 3640/3640
f 3639/3639 3636/3636 3736/3736
f 3736/3736 3636/3636 3634/3634
f 3734/3734 3634/3634 3633/3633
f 3633/3633 3631/3631 3731/3731
f 3529/3529 3630/3630 3632/3632
f 3631/3631 3628/3628 3728/3728
f 3728/3728 3628/3628 3626/3626
f 3726/3726 3626/3626 3625/3625
f 3625/3625 3624/3624 3723/3723
f 3716/3716 3624/3624 3623/3623
f 3527/3527 3620/3620 3622/3622
f 3623/3623 3617/3617 3616/3616
f 3616/3616 3614/3614 3715/3715
f 3505/3505 3613/3613 3615/3615
f 3614/3614 3611/3611 3712/3712
f 3712/3712 3611/3611 3609/3609
f 3710/3710 3609/3609 3608/3608
f 3608/3608 3606/3606 3707/3707
f 3497/3497 3605/3605 3607/3607
f 3606/3606 3603/3603 3704/3704
f 3704/3704 3603/3603 3601/3601
f 3702/3702 3601/3601 3600/3600
f 3600/3600 3598/3598 3699/3699
f 3489/3489 3597/3597 3599/3599
f 3598/3598 3595/3595 3696/3696
f 3696/3696 3595/3595 3593/3593
f 3694/3694 3593/3593 3592/3592
f 3592/3592 3590/3590 3691/3691
f 3481/3481 3589/3589 3591/3591
f 3590/3590 3587/3587 3688/3688
f 3688/3688 3587/3587 3585/3585
f 3686/3686 3585/3585 3584/3584
f 3584/3584 3582/3582 3683/3683
f 3473/3473 3581/3581 3583/3583
f 3582/3582 3579/3579 3680/3680
f 3680/3680 3579/3579 3577/3577
f 3678/3678 3577/3577 3576/3576
f 3576/3576 3574/3574 3675/3675
f 3465/3465 3573/3573 3575/3575
f 3574/3574 3571/3571 3672/3672
f 3672/3672 3571/3571 3569/3569
f 3670/3670 3569/3569 3568/3568
f 3568/3568 3566/3566 3667/3667
f 3457/3457 3565/3565 3567/3567
f 3566/3566 3563/3563 3664/3664
f 3664/3664 3563/3563 3561/3561
f 3662/3662 3561/3561 3560/3560
f 3560/3560 3558/3558 3659/3659
f 3449/3449 3557/3557 3559/3559
f 3558/3558 3555/3555 3656/3656
f 3656/3656 3555/3555 3553/3553
f 3654/3654 3553/3553 3552/3552
f 3552/3552 3550/3550 3651/3651
f 3440/3440 3549/3549 3551/3551
f 3550/3550 3547/3547 3648/3648
f 3648/3648 3547/3547 3545/3545
f 3646/3646 3545/3545 3544/3544
f 3544/3544 3542/3542 3643/3643
f 3432/3432 3541/3541 3543/3543
f 3542/3542 3539/3539 3640/3640
f 3640/3640 3539/3539 3537/3537
f 3638/3638 3537/3537 3536/3536
f 3536/3536 3534/3534 3635/3635
f 3424/3424 3533/3533 3535/3535
f 3534/3534 3531/3531 3632/3632
f 3632/3632 3531/3531 3529/3529
f 3630/3630 3529/3529 3528/3528
f 3528/3528 3527/3527 3627/3627
f 3620/3620 3527/3527 3526/3526
f 3422/3422 3523/3523 3525/3525
f 3526/3526 3521/3521 3520/3520
f 3520/3520 3519/3519 3618/3618
f 3619/3619 3519/3519 3518/3518
f 3518/3518 3958/3958 3619/3619
f 3619/3619 3958/3958 3506/3506
f 3506/3506 3958/3958 3512/3512
f 3512/3512 3958/3958 3518/3518
f 3414/3414 3515/3515 3517/3517
f 3518/3518 3513/3513 3512/3512
f 3395/3395 3509/3509 3511/3511
f 3512/3512 3507/3507 3506/3506
f 3506/3506 3505/3505 3619/3619
f 3613/3613 3505/3505 3504/3504
f 3504/3504 3502/3502 3610/3610
f 3383/3383 3501/3501 3503/3503
f 3502/3502 3499/3499 3607/3607
f 3607/3607 3499/3499 3497/3497
f 3605/3605 3497/3497 3496/3496
f 3496/3496 3494/3494 3602/3602
f 3375/3375 3493/3493 3495/3495
f 3494/3494 3491/3491 3599/3599
f 3599/3599 3491/3491 3489/3489
f 3597/3597 3489/3489 3488/3488
f 3488/3488 3486/3486 3594/3594
f 3366/3366 3485/3485 3487/3487
f 3486/3486 3483/3483 3591/3591
f 3591/3591 3483/3483 3481/3481
f 3589/3589 3481/3481 3480/3480
f 3480/3480 3478/3478 3586/3586
f 3354/3354 3477/3477 3479/3479
f 3479/3479 3362/3362 3354/3354
f 3478/3478 3475/3475 3583/3583
f 3583/3583 3475/3475 3473/3473
f 3581/3581 3473/3473 3472/3472
f 3472/3472 3470/3470 3578/3578
f 3345/3345 3469/3469 3471/3471
f 3470/3470 3467/3467 3575/3575
f 3575/3575 3467/3467 3465/3465
f 3573/3573 3465/3465 3464/3464
f 3464/3464 3462/3462 3570/3570
f 3325/3325 3461/3461 3463/3463
f 3463/3463 3341/3341 3325/3325
f 3462/3462 3459/3459 3567/3567
f 3567/3567 3459/3459 3457/3457
f 3565/3565 3457/3457 3456/3456
f 3456/3456 3454/3454 3562/3562
f 3317/3317 3453/3453 3455/3455
f 3454/3454 3451/3451 3559/3559
f 3559/3559 3451/3451 3449/3449
f 3557/3557 3449/3449 3448/3448
f 3448/3448 3446/3446 3554/3554
f 3309/3309 3445/3445 3447/3447
f 3446/3446 3443/3443 3551/3551
f 3551/3551 3443/3443 3440/3440
f 3549/3549 3440/3440 3439/3439
f 3439/3439 3437/3437 3546/3546
f 3293/3293 3436/3436 3438/3438
f 3437/3437 3434/3434 3543/3543
f 3543/3543 3434/3434 3432/3432
f 3541/3541 3432/3432 3431/3431
f 3431/3431 3429/3429 3538/3538
f 3285/3285 3428/3428 3430/3430
f 3429/3429 3426/3426 3535/3535
f 3535/3535 3426/3426 3424/3424
f 3533/3533 3424/3424 3423/3423
f 3423/3423 3422/3422 3530/3530
f 3523/3523 3422/3422 3421/3421
f 3283/3283 3418/3418 3420/3420
f 3421/3421 3416/3416 3415/3415
f 3415/3415 3414/3414 3522/3522
f 3515/3515 3414/3414 3413/3413
f 3413/3413 3403/3403 3402/3402
f 3402/3402 3400/3400 3514/3514
f 3248/3248 3399/3399 3401/3401
f 3400/3400 3397/3397 3511/3511
f 3511/3511 3397/3397 3395/3395
f 3509/3509 3395/3395 3394/3394
f 3394/3394 3385/3385 3384/3384
f 3384/3384 3383/3383 3508/3508
f 3501/3501 3383/3383 3382/3382
f 3382/3382 3380/3380 3498/3498
f 3220/3220 3379/3379 3381/3381
f 3380/3380 3377/3377 3495/3495
f 3495/3495 3377/3377 3375/3375
f 3493/3493 3375/3375 3374/3374
f 3374/3374 3372/3372 3490/3490
f 3212/3212 3371/3371 3373/3373
f 3372/3372 3369/3369 3487/3487
f 3487/3487 3369/3369 3366/3366
f 3485/3485 3366/3366 3365/3365
f 3365/3365 3363/3363 3482/3482
f 3363/3363 3362/3362 3479/3479
f 3362/3362 3361/3361 3355/3355
f 3355/3355 3361/3361 3358/3358
f 3359/3359 3360/3360 3364/3364
f 3358/3358 3356/3356 3355/3355
f 3355/3355 3354/3354 3362/3362
f 3477/3477 3354/3354 3353/3353
f 3353/3353 3351/3351 3474/3474
f 3193/3193 3350/3350 3352/3352
f 3351/3351 3348/3348 3471/3471
f 3471/3471 3348/3348 3345/3345
f 3469/3469 3345/3345 3344/3344
f 3344/3344 3342/3342 3466/3466
f 3342/3342 3341/3341 3463/3463
f 3341/3341 3340/3340 3326/3326
f 3326/3326 3340/3340 3338/3338
f 3337/3337 3339/3339 3343/3343
f 3327/3327 3338/3338 3335/3335
f 3336/3336 3337/3337 3347/3347
f 3347/3347 3959/3959 3336/3336
f 3336/3336 3959/3959 3186/3186
f 3186/3186 3959/3959 3190/3190
f 3190/3190 3959/3959 3347/3347
f 3162/3162 3331/3331 3333/3333
f 3332/3332 3329/3329 3335/3335
f 3335/3335 3329/3329 3327/3327
f 3338/3338 3327/3327 3326/3326
f 3326/3326 3325/3325 3341/3341
f 3461/3461 3325/3325 3324/3324
f 3324/3324 3322/3322 3458/3458
f 3160/3160 3321/3321 3323/3323
f 3322/3322 3319/3319 3455/3455
f 3455/3455 3319/3319 3317/3317
f 3453/3453 3317/3317 3316/3316
f 3316/3316 3314/3314 3450/3450
f 3152/3152 3313/3313 3315/3315
f 3314/3314 3311/3311 3447/3447
f 3447/3447 3311/3311 3309/3309
f 3445/3445 3309/3309 3308/3308
f 3308/3308 3307/3307 3441/3441
f 3442/3442 3307/3307 3306/3306
f 3306/3306 3960/3960 3442/3442
f 3442/3442 3960/3960 3294/3294
f 3294/3294 3960/3960 3300/3300
f 3300/3300 3960/3960 3306/3306
f 3150/3150 3303/3303 3305/3305
f 3306/3306 3301/3301 3300/3300
f 3128/3128 3297/3297 3299/3299
f 3299/3299 3139/3139 3128/3128
f 3300/3300 3295/3295 3294/3294
f 3294/3294 3293/3293 3442/3442
f 3436/3436 3293/3293 3292/3292
f 3292/3292 3290/3290 3433/3433
f 3122/3122 3289/3289 3291/3291
f 3290/3290 3287/3287 3430/3430
f 3430/3430 3287/3287 3285/3285
f 3428/3428 3285/3285 3284/3284
f 3284/3284 3283/3283 3425/3425
f 3418/3418 3283/3283 3282/3282
f 3282/3282 3279/3279 3278/3278
f 3278/3278 3276/3276 3417/3417
f 3276/3276 3275/3275 3412/3412
f 3275/3275 3274/3274 3404/3404
f 3404/3404 3274/3274 3272/3272
f 3271/3271 3273/3273 3277/3277
f 3277/3277 3112/3112 3271/3271
f 3405/3405 3272/3272 3269/3269
f 3270/3270 3271/3271 3112/3112
f 3269/3269 3267/3267 3410/3410
f 3265/3265 3268/3268 3106/3106
f 3267/3267 3266/3266 3411/3411
f 3266/3266 3263/3263 3411/3411
f 3264/3264 3265/3265 3106/3106
f 3262/3262 3411/3411 3263/3263
f 3411/3411 3262/3262 3260/3260
f 3254/3254 3250/3250 3260/3260
f 3252/3252 3253/3253 3255/3255
f 3254/3254 3251/3251 3250/3250
f 3409/3409 3250/3250 3249/3249
f 3249/3249 3248/3248 3406/3406
f 3399/3399 3248/3248 3247/3247
f 3247/3247 3245/3245 3396/3396
f 3245/3245 3244/3244 3393/3393
f 3244/3244 3243/3243 3392/3392
f 3392/3392 3243/3243 3240/3240
f 3241/3241 3242/3242 3246/3246
f 3239/3239 3241/3241 3252/3252
f 3240/3240 3238/3238 3392/3392
f 3239/3239 3259/3259 3236/3236
f 3238/3238 3237/3237 3391/3391
f 3391/3391 3237/3237 3227/3227
f 3237/3237 3233/3233 3227/3227
f 3234/3234 3236/3236 3259/3259
f 3061/3061 3234/3234 3259/3259
f 3233/3233 3237/3237 3235/3235
f 3232/3232 3234/3234 3061/3061
f 3061/3061 3048/3048 3232/3232
f 3231/3231 3232/3232 3048/3048
f 3228/3228 3227/3227 3233/3233
f 3227/3227 3224/3224 3391/3391
f 3391/3391 3224/3224 3222/3222
f 3389/3389 3222/3222 3221/3221
f 3221/3221 3220/3220 3386/3386
f 3379/3379 3220/3220 3219/3219
f 3219/3219 3217/3217 3376/3376
f 3028/3028 3216/3216 3218/3218
f 3217/3217 3214/3214 3373/3373
f 3373/3373 3214/3214 3212/3212
f 3371/3371 3212/3212 3211/3211
f 3211/3211 3210/3210 3367/3367
f 3368/3368 3210/3210 3206/3206
f 3206/3206 3205/3205 3368/3368
f 3368/3368 3205/3205 3203/3203
f 3202/3202 3204/3204 3013/3013
f 3359/3359 3203/3203 3201/3201
f 3200/3200 3202/3202 3011/3011
f 3199/3199 3198/3198 3201/3201
f 3198/3198 3197/3197 3357/3357
f 3357/3357 3197/3197 3194/3194
f 3195/3195 3196/3196 3001/3001
f 3194/3194 3193/3193 3357/3357
f 3350/3350 3193/3193 3192/3192
f 3192/3192 3191/3191 3346/3346
f 3347/3347 3191/3191 3190/3190
f 3195/3195 3188/3188 3189/3189
f 3188/3188 3195/3195 2999/2999
f 3190/3190 3187/3187 3186/3186
f 3186/3186 3185/3185 3336/3336
f 3334/3334 3185/3185 3179/3179
f 3179/3179 3178/3178 3334/3334
f 3334/3334 3178/3178 3177/3177
f 3333/3333 3177/3177 3174/3174
f 3175/3175 3176/3176 3180/3180
f 3174/3174 3171/3171 3333/3333
f 3170/3170 3172/3172 2982/2982
f 3333/3333 3171/3171 3167/3167
f 3167/3167 3164/3164 3333/3333
f 3333/3333 3164/3164 3162/3162
f 3331/3331 3162/3162 3161/3161
f 3161/3161 3160/3160 3328/3328
f 3321/3321 3160/3160 3159/3159
f 3159/3159 3157/3157 3318/3318
f 2962/2962 3156/3156 3158/3158
f 3157/3157 3154/3154 3315/3315
f 3315/3315 3154/3154 3152/3152
f 3313/3313 3152/3152 3151/3151
f 3151/3151 3150/3150 3310/3310
f 3303/3303 3150/3150 3149/3149
f 3149/3149 3143/3143 3142/3142
f 3142/3142 3140/3140 3302/3302
f 3140/3140 3139/3139 3299/3299
f 3139/3139 3138/3138 3129/3129
f 3129/3129 3138/3138 3135/3135
f 3136/3136 3137/3137 3141/3141
f 3134/3134 3136/3136 3146/3146
f 3134/3134 3146/3146 2947/2947
f 3134/3134 2942/2942 3132/3132
f 3135/3135 3130/3130 3129/3129
f 3129/3129 3128/3128 3139/3139
f 3297/3297 3128/3128 3127/3127
f 3127/3127 3124/3124 3123/3123
f 3123/3123 3122/3122 3296/3296
f 3289/3289 3122/3122 3121/3121
f 3121/3121 3119/3119 3286/3286
f 3119/3119 3118/3118 3281/3281
f 3118/3118 3117/3117 3280/3280
f 3280/3280 3117/3117 3114/3114
f 3115/3115 3116/3116 3120/3120
f 3114/3114 3113/3113 3280/3280
f 3113/3113 3112/3112 3277/3277
f 3112/3112 3111/3111 3270/3270
f 3270/3270 3111/3111 3109/3109
f 3108/3108 3110/3110 2928/2928
f 3109/3109 3106/3106 3268/3268
f 3107/3107 3108/3108 2926/2926
f 3105/3105 3107/3107 2923/2923
f 3106/3106 3104/3104 3264/3264
f 3100/3100 3264/3264 3104/3104
f 3104/3104 3102/3102 3100/3100
f 3101/3101 2915/2915 3098/3098
f 3264/3264 3100/3100 3099/3099
f 3099/3099 3097/3097 3082/3082
f 3095/3095 3098/3098 2915/2915
f 3097/3097 3096/3096 3084/3084
f 3096/3096 3088/3088 3084/3084
f 3089/3089 3095/3095 2915/2915
f 3083/3083 3086/3086 3072/3072
f 2876/2876 3072/3072 3086/3086
f 3085/3085 3084/3084 3088/3088
f 3084/3084 3082/3082 3097/3097
f 3082/3082 3081/3081 3099/3099
f 3081/3081 3080/3080 3261/3261
f 3261/3261 3080/3080 3078/3078
f 3079/3079 3083/3083 3076/3076
f 3256/3256 3078/3078 3077/3077
f 3077/3077 3075/3075 3066/3066
f 3073/3073 3076/3076 3083/3083
f 3075/3075 3074/3074 3068/3068
f 3072/3072 3073/3073 3083/3083
f 3074/3074 3071/3071 3068/3068
f 3068/3068 3066/3066 3075/3075
f 3066/3066 3065/3065 3077/3077
f 3065/3065 3064/3064 3258/3258
f 3258/3258 3064/3064 3062/3062
f 3063/3063 3067/3067 3060/3060
f 3259/3259 3062/3062 3061/3061
f 3061/3061 3059/3059 3049/3049
f 3057/3057 3060/3060 3067/3067
f 3059/3059 3058/3058 3051/3051
f 3056/3056 3057/3057 3067/3067
f 3058/3058 3055/3055 3051/3051
f 3051/3051 3049/3049 3059/3059
f 3049/3049 3048/3048 3061/3061
f 3048/3048 3047/3047 3231/3231
f 3231/3231 3047/3047 3045/3045
f 3046/3046 3050/3050 3044/3044
f 3230/3230 3045/3045 3043/3043
f 3044/3044 3054/3054 3042/3042
f 3961/3961 3042/3042 3054/3054
f 3054/3054 2856/2856 3961/3961
f 3961/3961 2856/2856 3041/3041
f 3041/3041 3042/3042 3961/3961
f 3040/3040 3037/3037 3043/3043
f 3043/3043 3037/3037 3035/3035
f 3035/3035 3034/3034 3043/3043
f 3229/3229 3034/3034 3033/3033
f 3229/3229 3033/3033 3031/3031
f 3031/3031 3030/3030 3229/3229
f 3226/3226 3030/3030 3029/3029
f 3029/3029 3028/3028 3223/3223
f 3216/3216 3028/3028 3027/3027
f 3027/3027 3025/3025 3213/3213
f 3025/3025 3024/3024 3209/3209
f 3024/3024 3023/3023 3208/3208
f 3208/3208 3023/3023 3020/3020
f 3021/3021 3022/3022 3026/3026
f 3019/3019 3021/3021 3032/3032
f 3020/3020 3018/3018 3208/3208
f 3019/3019 2843/2843 3017/3017
f 3012/3012 3015/3015 3007/3007
f 3015/3015 2840/2840 3007/3007
f 3018/3018 3014/3014 3013/3013
f 3013/3013 3011/3011 3202/3202
f 3011/3011 3010/3010 3200/3200
f 3200/3200 3010/3010 3009/3009
f 3001/3001 3009/3009 3006/3006
f 3007/3007 3008/3008 3012/3012
f 3000/3000 3003/3003 2993/2993
f 3003/3003 2824/2824 2993/2993
f 3006/3006 3002/3002 3001/3001
f 3001/3001 2999/2999 3195/3195
f 2999/2999 2998/2998 3188/3188
f 3188/3188 2998/2998 2997/2997
f 3181/3181 2997/2997 2995/2995
f 2993/2993 2996/2996 3000/3000
f 2995/2995 2994/2994 3182/3182
f 2994/2994 2991/2991 2990/2990
f 2988/2988 3183/3183 2990/2990
f 2812/2812 2987/2987 2989/2989
f 2985/2985 3175/3175 2988/2988
f 3175/3175 2985/2985 2983/2983
f 3173/3173 2983/2983 2982/2982
f 2982/2982 2980/2980 3170/3170
f 2804/2804 2979/2979 2981/2981
f 2980/2980 2977/2977 3168/3168
f 2975/2975 3168/3168 2977/2977
f 2968/2968 3169/3169 2975/2975
f 3169/3169 2968/2968 2967/2967
f 3169/3169 2967/2967 2965/2965
f 2965/2965 2964/2964 3169/3169
f 3166/3166 2964/2964 2963/2963
f 2963/2963 2962/2962 3163/3163
f 3156/3156 2962/2962 2961/2961
f 2961/2961 2959/2959 3153/3153
f 2959/2959 2958/2958 3148/3148
f 2958/2958 2957/2957 3144/3144
f 3144/3144 2957/2957 2954/2954
f 2955/2955 2956/2956 2960/2960
f 2952/2952 2955/2955 2966/2966
f 2954/2954 2953/2953 3144/3144
f 3145/3145 2953/2953 2951/2951
f 2950/2950 2952/2952 2970/2970
f 2951/2951 2949/2949 3147/3147
f 2948/2948 2950/2950 2973/2973
f 2948/2948 2973/2973 2793/2793
f 2949/2949 2947/2947 3146/3146
f 2788/2788 2946/2946 2948/2948
f 2947/2947 2944/2944 3134/3134
f 2942/2942 3134/3134 2944/2944
f 2941/2941 3132/3132 2942/2942
f 2780/2780 2938/2938 2940/2940
f 2934/2934 2937/2937 2922/2922
f 2936/2936 2935/2935 2941/2941
f 2935/2935 2933/2933 3131/3131
f 2933/2933 2932/2932 3126/3126
f 2932/2932 2931/2931 3125/3125
f 3125/3125 2931/2931 2929/2929
f 2930/2930 2934/2934 2927/2927
f 3115/3115 2929/2929 2928/2928
f 2928/2928 2926/2926 3108/3108
f 2924/2924 2927/2927 2934/2934
f 2926/2926 2925/2925 3107/3107
f 2925/2925 2923/2923 3107/3107
f 2922/2922 2924/2924 2934/2934
f 2923/2923 2920/2920 3105/3105
f 2921/2921 2922/2922 2937/2937
f 3103/3103 2920/2920 2919/2919
f 2916/2916 2915/2915 2919/2919
f 2915/2915 2913/2913 3089/3089
f 2913/2913 2912/2912 3090/3090
f 3090/3090 2912/2912 2910/2910
f 2909/2909 2911/2911 2772/2772
f 3091/3091 2910/2910 2907/2907
f 2908/2908 2909/2909 2770/2770
f 2907/2907 2905/2905 2889/2889
f 2905/2905 2904/2904 2890/2890
f 2890/2890 2904/2904 2897/2897
f 2898/2898 2903/2903 2764/2764
f 2902/2902 2893/2893 2896/2896
f 2897/2897 2891/2891 2890/2890
f 2890/2890 2889/2889 2905/2905
f 3093/3093 2889/2889 2888/2888
f 2753/2753 2885/2885 2887/2887
f 2888/2888 2883/2883 2882/2882
f 2882/2882 2880/2880 3092/3092
f 2880/2880 2879/2879 3087/3087
f 2879/2879 2878/2878 3086/3086
f 3086/3086 2878/2878 2876/2876
f 2875/2875 2877/2877 2881/2881
f 2881/2881 2742/2742 2875/2875
f 3072/3072 2876/2876 2873/2873
f 2874/2874 2875/2875 2742/2742
f 2873/2873 2871/2871 3069/3069
f 2871/2871 2870/2870 3070/3070
f 3070/3070 2870/2870 2868/2868
f 2867/2867 2869/2869 2736/2736
f 3056/3056 2868/2868 2865/2865
f 2866/2866 2867/2867 2734/2734
f 2865/2865 2863/2863 3052/3052
f 2863/2863 2862/2862 3053/3053
f 3053/3053 2862/2862 2858/2858
f 2859/2859 2861/2861 2728/2728
f 2858/2858 2857/2857 3053/3053
f 2856/2856 3054/3054 2857/2857
f 2852/2852 3041/3041 2856/2856
f 2720/2720 2853/2853 2855/2855
f 3041/3041 2852/2852 2850/2850
f 3039/3039 2850/2850 2845/2845
f 3039/3039 2845/2845 2844/2844
f 2844/2844 2843/2843 3036/3036
f 2842/2842 3017/3017 2843/2843
f 2840/2840 3015/3015 2842/2842
f 2839/2839 3007/3007 2840/2840
f 2839/2839 2838/2838 2828/2828
f 2828/2828 2838/2838 2835/2835
f 2836/2836 2837/2837 2841/2841
f 2834/2834 2836/2836 2847/2847
f 2847/2847 2709/2709 2834/2834
f 2835/2835 2829/2829 2828/2828
f 2828/2828 2827/2827 2839/2839
f 3005/3005 2827/2827 2826/2826
f 2824/2824 3003/3003 2826/2826
f 2823/2823 2993/2993 2824/2824
f 2823/2823 2822/2822 2992/2992
f 2992/2992 2822/2822 2819/2819
f 2820/2820 2821/2821 2825/2825
f 2818/2818 2820/2820 2831/2831
f 2831/2831 2701/2701 2818/2818
f 2819/2819 2817/2817 2992/2992
f 2817/2817 2814/2814 2989/2989
f 2695/2695 2813/2813 2815/2815
f 2989/2989 2814/2814 2812/2812
f 2693/2693 2810/2810 2813/2813
f 2987/2987 2812/2812 2811/2811
f 2811/2811 2809/2809 2984/2984
f 2809/2809 2806/2806 2981/2981
f 2687/2687 2805/2805 2807/2807
f 2981/2981 2806/2806 2804/2804
f 2685/2685 2802/2802 2805/2805
f 2979/2979 2804/2804 2803/2803
f 2803/2803 2801/2801 2976/2976
f 2801/2801 2798/2798 2974/2974
f 2679/2679 2797/2797 2799/2799
f 2974/2974 2798/2798 2796/2796
f 2677/2677 2794/2794 2797/2797
f 2971/2971 2796/2796 2795/2795
f 2795/2795 2793/2793 2973/2973
f 2792/2792 2794/2794 2672/2672
f 2793/2793 2790/2790 2948/2948
f 2791/2791 2792/2792 2671/2671
f 2789/2789 2791/2791 2671/2671
f 2948/2948 2790/2790 2788/2788
f 2786/2786 2789/2789 2669/2669
f 2946/2946 2788/2788 2787/2787
f 2787/2787 2785/2785 2943/2943
f 2784/2784 2786/2786 2664/2664
f 2785/2785 2782/2782 2940/2940
f 2783/2783 2784/2784 2663/2663
f 2781/2781 2783/2783 2663/2663
f 2940/2940 2782/2782 2780/2780
f 2777/2777 2781/2781 2661/2661
f 2938/2938 2780/2780 2779/2779
f 2779/2779 2778/2778 2921/2921
f 2918/2918 2778/2778 2776/2776
f 2917/2917 2776/2776 2775/2775
f 2914/2914 2775/2775 2772/2772
f 2773/2773 2774/2774 2660/2660
f 2772/2772 2770/2770 2909/2909
f 2770/2770 2769/2769 2908/2908
f 2908/2908 2769/2769 2767/2767
f 2766/2766 2768/2768 2654/2654
f 2906/2906 2767/2767 2764/2764
f 2765/2765 2766/2766 2652/2652
f 2764/2764 2762/2762 2898/2898
f 2762/2762 2761/2761 2899/2899
f 2899/2899 2761/2761 2760/2760
f 2759/2759 2758/2758 2646/2646
f 2760/2760 2900/2900 2899/2899
f 4508/4508 4511/4511 4510/4510
f 4510/4510 4509/4509 4508/4508
f 4508/4508 4509/4509 4504/4504
f 4564/4564 4501/4501 4556/4556
f 4504/4504 4505/4505 4508/4508
f 2893/2893 2902/2902 2895/2895
f 2895/2895 2755/2755 2754/2754
f 2754/2754 2753/2753 2892/2892
f 2885/2885 2753/2753 2752/2752
f 2757/2757 2748/2748 2751/2751
f 2752/2752 2746/2746 2745/2745
f 2745/2745 2743/2743 2884/2884
f 2743/2743 2742/2742 2881/2881
f 2742/2742 2741/2741 2874/2874
f 2874/2874 2741/2741 2739/2739
f 2738/2738 2740/2740 2744/2744
f 2744/2744 2638/2638 2738/2738
f 2872/2872 2739/2739 2736/2736
f 2737/2737 2738/2738 2638/2638
f 2736/2736 2734/2734 2867/2867
f 2734/2734 2733/2733 2866/2866
f 2866/2866 2733/2733 2731/2731
f 2730/2730 2732/2732 2632/2632
f 2864/2864 2731/2731 2728/2728
f 2729/2729 2730/2730 2630/2630
f 2728/2728 2726/2726 2859/2859
f 2726/2726 2725/2725 2860/2860
f 2860/2860 2725/2725 2721/2721
f 2722/2722 2724/2724 2624/2624
f 2721/2721 2720/2720 2860/2860
f 2853/2853 2720/2720 2719/2719
f 2616/2616 2716/2716 2718/2718
f 2719/2719 2714/2714 2713/2713
f 2713/2713 2712/2712 2851/2851
f 2711/2711 2849/2849 2712/2712
f 2709/2709 2847/2847 2711/2711
f 2608/2608 2708/2708 2710/2710
f 2706/2706 2834/2834 2709/2709
f 2704/2704 2834/2834 2706/2706
f 2703/2703 2833/2833 2704/2704
f 2701/2701 2831/2831 2703/2703
f 2600/2600 2700/2700 2702/2702
f 2698/2698 2818/2818 2701/2701
f 2698/2698 2696/2696 2818/2818
f 2696/2696 2695/2695 2816/2816
f 2813/2813 2695/2695 2693/2693
f 2592/2592 2692/2692 2694/2694
f 2810/2810 2693/2693 2690/2690
f 2690/2690 2688/2688 2810/2810
f 2688/2688 2687/2687 2808/2808
f 2805/2805 2687/2687 2685/2685
f 2584/2584 2684/2684 2686/2686
f 2802/2802 2685/2685 2682/2682
f 2682/2682 2680/2680 2802/2802
f 2680/2680 2679/2679 2800/2800
f 2797/2797 2679/2679 2677/2677
f 2576/2576 2676/2676 2678/2678
f 2794/2794 2677/2677 2674/2674
f 2674/2674 2672/2672 2794/2794
f 2672/2672 2671/2671 2792/2792
f 2671/2671 2669/2669 2789/2789
f 2568/2568 2668/2668 2670/2670
f 2669/2669 2666/2666 2786/2786
f 2666/2666 2664/2664 2786/2786
f 2664/2664 2663/2663 2784/2784
f 2663/2663 2661/2661 2781/2781
f 2661/2661 2660/2660 2777/2777
f 2660/2660 2659/2659 2773/2773
f 2773/2773 2659/2659 2657/2657
f 2656/2656 2658/2658 2662/2662
f 2662/2662 2564/2564 2656/2656
f 2771/2771 2657/2657 2654/2654
f 2655/2655 2656/2656 2564/2564
f 2654/2654 2652/2652 2766/2766
f 2652/2652 2651/2651 2765/2765
f 2765/2765 2651/2651 2649/2649
f 2648/2648 2650/2650 2558/2558
f 2763/2763 2649/2649 2646/2646
f 2647/2647 2648/2648 2556/2556
f 2646/2646 2645/2645 2759/2759
f 4533/4533 4562/4562 4536/4536
f 4535/4535 4534/4534 4536/4536
f 4536/4536 4534/4534 4533/4533
f 4518/4518 4421/4421 4517/4517
f 4595/4595 4594/4594 4593/4593
f 4529/4529 4554/4554 4531/4531
f 4469/4469 4517/4517 4421/4421
f 4585/4585 4579/4579 4584/4584
f 4469/4469 4470/4470 4521/4521
f 4470/4470 4469/4469 4423/4423
f 4579/4579 4578/4578 4583/4583
f 4453/4453 4498/4498 4450/4450
f 4501/4501 4564/4564 4476/4476
f 4454/4454 4453/4453 4452/4452
f 4476/4476 4478/4478 4501/4501
f 4454/4454 4540/4540 4477/4477
f 4540/4540 4454/4454 4475/4475
f 4502/4502 4478/4478 4503/4503
f 4503/4503 4514/4514 4502/4502
f 4514/4514 4573/4573 4574/4574
f 4574/4574 4573/4573 4572/4572
f 4500/4500 4547/4547 4571/4571
f 4572/4572 4575/4575 4574/4574
f 2748/2748 2757/2757 2750/2750
f 2750/2750 2642/2642 2641/2641
f 2641/2641 2639/2639 2747/2747
f 2639/2639 2638/2638 2744/2744
f 2638/2638 2637/2637 2737/2737
f 2737/2737 2637/2637 2635/2635
f 2634/2634 2636/2636 2640/2640
f 2640/2640 2550/2550 2634/2634
f 2735/2735 2635/2635 2632/2632
f 2633/2633 2634/2634 2550/2550
f 2632/2632 2630/2630 2730/2730
f 2630/2630 2629/2629 2729/2729
f 2729/2729 2629/2629 2627/2627
f 2626/2626 2628/2628 2544/2544
f 2727/2727 2627/2627 2624/2624
f 2625/2625 2626/2626 2542/2542
f 2624/2624 2622/2622 2722/2722
f 2622/2622 2621/2621 2723/2723
f 2723/2723 2621/2621 2617/2617
f 2618/2618 2620/2620 2536/2536
f 2617/2617 2616/2616 2723/2723
f 2716/2716 2616/2616 2615/2615
f 2528/2528 2612/2612 2614/2614
f 2615/2615 2610/2610 2609/2609
f 2609/2609 2608/2608 2715/2715
f 2708/2708 2608/2608 2607/2607
f 2607/2607 2605/2605 2705/2705
f 2522/2522 2604/2604 2606/2606
f 2605/2605 2602/2602 2702/2702
f 2702/2702 2602/2602 2600/2600
f 2700/2700 2600/2600 2599/2599
f 2599/2599 2597/2597 2697/2697
f 2513/2513 2596/2596 2598/2598
f 2597/2597 2594/2594 2694/2694
f 2694/2694 2594/2594 2592/2592
f 2692/2692 2592/2592 2591/2591
f 2591/2591 2589/2589 2689/2689
f 2505/2505 2588/2588 2590/2590
f 2589/2589 2586/2586 2686/2686
f 2686/2686 2586/2586 2584/2584
f 2684/2684 2584/2584 2583/2583
f 2583/2583 2581/2581 2681/2681
f 2497/2497 2580/2580 2582/2582
f 2581/2581 2578/2578 2678/2678
f 2678/2678 2578/2578 2576/2576
f 2676/2676 2576/2576 2575/2575
f 2575/2575 2573/2573 2673/2673
f 2489/2489 2572/2572 2574/2574
f 2573/2573 2570/2570 2670/2670
f 2670/2670 2570/2570 2568/2568
f 2668/2668 2568/2568 2567/2567
f 2567/2567 2565/2565 2665/2665
f 2565/2565 2564/2564 2662/2662
f 2564/2564 2563/2563 2655/2655
f 2655/2655 2563/2563 2561/2561
f 2560/2560 2562/2562 2566/2566
f 2566/2566 2485/2485 2560/2560
f 2653/2653 2561/2561 2558/2558
f 2559/2559 2560/2560 2485/2485
f 2558/2558 2556/2556 2648/2648
f 2556/2556 2555/2555 2647/2647
f 2647/2647 2555/2555 2554/2554
f 2553/2553 2552/2552 2479/2479
f 4563/4563 4570/4570 4567/4567
f 5058/5058 5132/5132 5106/5106
f 4567/4567 4565/4565 4548/4548
f 4552/4552 4565/4565 4559/4559
f 4559/4559 4544/4544 4552/4552
f 4544/4544 4549/4549 4420/4420
f 4959/4959 5061/5061 4958/4958
f 4380/4380 4431/4431 4381/4381
f 4549/4549 4412/4412 4416/4416
f 4416/4416 4420/4420 4549/4549
f 4422/4422 4420/4420 4421/4421
f 4421/4421 4423/4423 4469/4469
f 4474/4474 4419/4419 4417/4417
f 4580/4580 4577/4577 4576/4576
f 4522/4522 4474/4474 4415/4415
f 4408/4408 4413/4413 4372/4372
f 4418/4418 4522/4522 4383/4383
f 4372/4372 4370/4370 4408/4408
f 4418/4418 4369/4369 4371/4371
f 4369/4369 4418/4418 4394/4394
f 4370/4370 4357/4357 4429/4429
f 4357/4357 4356/4356 4359/4359
f 4356/4356 4362/4362 4374/4374
f 4375/4375 4360/4360 4499/4499
f 4387/4387 4362/4362 4389/4389
f 4391/4391 4390/4390 4392/4392
f 4389/4389 4397/4397 4387/4387
f 4398/4398 4391/4391 4411/4411
f 4404/4404 4397/4397 4399/4399
f 4400/4400 4398/4398 4401/4401
f 4399/4399 4409/4409 4404/4404
f 4400/4400 4405/4405 4403/4403
f 4405/4405 4400/4400 4402/4402
f 4409/4409 4410/4410 4542/4542
f 5292/5292 5317/5317 5291/5291
f 4542/4542 4462/4462 4458/4458
f 4458/4458 4456/4456 4542/4542
f 4455/4455 4456/4456 4452/4452
f 4452/4452 4475/4475 4454/4454
f 4460/4460 4457/4457 4459/4459
f 4475/4475 4500/4500 4540/4540
f 4519/4519 4460/4460 4461/4461
f 4547/4547 4500/4500 4546/4546
f 5362/5362 5367/5367 5374/5374
f 5365/5365 5364/5364 5366/5366
f 5362/5362 5361/5361 5363/5363
f 5361/5361 5362/5362 5300/5300
f 5368/5368 5364/5364 5384/5384
f 5384/5384 5383/5383 5368/5368
f 5383/5383 5357/5357 5329/5329
f 5329/5329 5357/5357 5323/5323
f 5360/5360 5321/5321 5332/5332
f 5323/5323 5324/5324 5329/5329
f 2551/2551 2550/2550 2640/2640
f 2550/2550 2549/2549 2633/2633
f 2633/2633 2549/2549 2547/2547
f 5358/5358 5325/5325 5322/5322
f 5322/5322 5382/5382 5358/5358
f 2631/2631 2547/2547 2544/2544
f 5394/5394 5395/5395 5396/5396
f 2544/2544 2542/2542 2626/2626
f 2542/2542 2541/2541 2625/2625
f 2625/2625 2541/2541 2539/2539
f 5310/5310 5309/5309 5307/5307
f 2623/2623 2539/2539 2536/2536
f 5335/5335 5310/5310 5311/5311
f 2536/2536 2534/2534 2618/2618
f 2534/2534 2533/2533 2619/2619
f 2619/2619 2533/2533 2529/2529
f 4834/4834 4833/4833 4830/4830
f 2529/2529 2528/2528 2619/2619
f 2612/2612 2528/2528 2527/2527
f 2527/2527 2524/2524 2523/2523
f 2523/2523 2522/2522 2611/2611
f 2604/2604 2522/2522 2521/2521
f 2521/2521 2519/2519 2601/2601
f 2459/2459 2518/2518 2520/2520
f 2519/2519 2516/2516 2598/2598
f 2598/2598 2516/2516 2513/2513
f 2596/2596 2513/2513 2512/2512
f 2512/2512 2510/2510 2593/2593
f 2449/2449 2509/2509 2511/2511
f 2510/2510 2507/2507 2590/2590
f 2590/2590 2507/2507 2505/2505
f 2588/2588 2505/2505 2504/2504
f 2504/2504 2502/2502 2585/2585
f 2429/2429 2501/2501 2503/2503
f 2503/2503 2445/2445 2429/2429
f 2502/2502 2499/2499 2582/2582
f 2582/2582 2499/2499 2497/2497
f 2580/2580 2497/2497 2496/2496
f 2496/2496 2494/2494 2577/2577
f 2419/2419 2493/2493 2495/2495
f 2494/2494 2491/2491 2574/2574
f 2574/2574 2491/2491 2489/2489
f 2572/2572 2489/2489 2488/2488
f 2488/2488 2486/2486 2569/2569
f 2486/2486 2485/2485 2566/2566
f 2485/2485 2484/2484 2559/2559
f 2559/2559 2484/2484 2482/2482
f 2481/2481 2483/2483 2487/2487
f 2487/2487 2415/2415 2481/2481
f 2557/2557 2482/2482 2479/2479
f 2480/2480 2481/2481 2415/2415
f 2479/2479 2478/2478 2553/2553
f 5106/5106 5068/5068 5058/5058
f 5058/5058 5068/5068 5057/5057
f 5096/5096 5090/5090 5137/5137
f 5057/5057 5052/5052 5056/5056
f 5051/5051 5072/5072 5103/5103
f 5053/5053 5052/5052 4994/4994
f 4993/4993 4994/4994 4992/4992
f 4992/4992 4958/4958 4993/4993
f 4958/4958 4957/4957 4959/4959
f 4943/4943 4945/4945 4942/4942
f 4966/4966 4957/4957 4949/4949
f 4950/4950 4949/4949 4944/4944
f 4944/4944 4951/4951 4950/4950
f 4951/4951 5093/5093 4982/4982
f 4984/4984 5033/5033 4936/4936
f 5060/5060 5093/5093 4996/4996
f 4995/4995 4984/4984 4964/4964
f 4996/4996 5059/5059 5060/5060
f 4995/4995 4998/4998 4997/4997
f 4998/4998 4995/4995 4999/4999
f 4483/4483 4484/4484 4482/4482
f 4482/4482 4487/4487 4492/4492
f 4488/4488 4485/4485 4512/4512
f 4490/4490 4488/4488 4491/4491
f 2473/2473 2474/2474 2399/2399
f 4495/4495 4445/4445 4444/4444
f 4551/4551 4489/4489 4493/4493
f 4442/4442 4495/4495 4441/4441
f 4441/4441 4438/4438 4442/4442
f 4487/4487 4489/4489 4494/4494
f 4447/4447 4442/4442 4438/4438
f 4438/4438 4513/4513 4447/4447
f 4541/4541 4447/4447 4513/4513
f 4494/4494 4492/4492 4487/4487
f 4447/4447 4541/4541 4557/4557
f 4492/4492 4553/4553 4482/4482
f 4513/4513 4367/4367 4541/4541
f 4367/4367 4513/4513 4424/4424
f 4426/4426 4424/4424 4513/4513
f 4553/4553 4395/4395 4480/4480
f 4384/4384 4395/4395 4368/4368
f 4378/4378 4368/4368 4376/4376
f 4376/4376 4377/4377 4378/4378
f 4380/4380 4377/4377 4383/4383
f 4383/4383 4394/4394 4418/4418
f 4364/4364 4373/4373 4366/4366
f 4394/4394 4358/4358 4369/4369
f 4363/4363 4364/4364 4365/4365
f 4360/4360 4358/4358 4361/4361
f 4424/4424 4363/4363 4367/4367
f 4361/4361 4499/4499 4360/4360
f 4424/4424 4426/4426 4425/4425
f 4499/4499 4436/4436 4375/4375
f 4590/4590 4587/4587 4586/4586
f 4436/4436 4437/4437 4434/4434
f 4439/4439 4438/4438 4441/4441
f 4437/4437 4440/4440 4446/4446
f 4471/4471 4439/4439 4443/4443
f 4605/4605 4606/4606 4607/4607
f 4609/4609 4610/4610 4611/4611
f 4525/4525 4532/4532 4526/4526
f 4611/4611 4612/4612 4609/4609
f 4561/4561 4497/4497 4532/4532
f 4479/4479 4467/4467 4466/4466
f 4464/4464 4467/4467 4468/4468
f 5376/5376 5378/5378 5379/5379
f 5340/5340 5288/5288 5354/5354
f 5379/5379 5330/5330 5376/5376
f 5375/5375 5376/5376 5330/5330
f 5270/5270 5376/5376 5375/5375
f 5287/5287 5283/5283 5288/5288
f 5330/5330 5256/5256 5375/5375
f 5255/5255 5375/5375 5256/5256
f 5253/5253 5375/5375 5255/5255
f 5255/5255 5254/5254 5253/5253
f 5257/5257 5283/5283 5284/5284
f 5420/5420 5419/5419 5424/5424
f 5419/5419 5420/5420 5421/5421
f 5289/5289 5264/5264 5265/5265
f 5243/5243 5265/5265 5264/5264
f 5264/5264 5244/5244 5243/5243
f 5267/5267 5264/5264 5289/5289
f 5421/5421 5420/5420 5422/5422
f 5284/5284 5283/5283 5285/5285
f 5256/5256 5254/5254 5255/5255
f 5425/5425 5424/5424 5419/5419
f 5259/5259 5238/5238 5207/5207
f 5238/5238 5259/5259 5279/5279
f 5192/5192 5279/5279 5259/5259
f 5209/5209 5253/5253 5254/5254
f 5375/5375 5253/5253 5270/5270
f 5376/5376 5270/5270 5223/5223
f 5223/5223 5251/5251 5376/5376
f 4428/4428 4427/4427 4401/4401
f 4401/4401 4402/4402 4400/4400
f 5213/5213 5217/5217 5218/5218
f 5214/5214 5211/5211 5215/5215
f 5212/5212 5213/5213 5240/5240
f 5210/5210 5211/5211 5202/5202
f 5430/5430 5429/5429 5427/5427
f 5202/5202 5193/5193 5210/5210
f 5279/5279 5192/5192 5201/5201
f 5259/5259 5185/5185 5192/5192
f 5193/5193 5191/5191 5250/5250
f 5233/5233 5269/5269 5190/5190
f 5250/5250 5353/5353 5294/5294
f 5294/5294 5293/5293 5250/5250
f 5292/5292 5293/5293 5374/5374
f 5374/5374 5300/5300 5362/5362
f 5298/5298 5295/5295 5296/5296
f 5300/5300 5360/5360 5361/5361
f 5299/5299 5298/5298 5297/5297
f 5321/5321 5360/5360 5303/5303
f 5302/5302 5299/5299 5301/5301
f 5303/5303 5320/5320 5321/5321
f 5302/5302 5314/5314 5304/5304
f 5314/5314 5302/5302 5328/5328
f 5322/5322 5320/5320 5350/5350
f 5350/5350 5382/5382 5322/5322
f 5382/5382 5312/5312 5336/5336
f 5336/5336 5312/5312 5306/5306
f 5281/5281 5305/5305 5275/5275
f 5308/5308 5306/5306 5307/5307
f 5349/5349 5281/5281 5276/5276
f 5307/5307 5311/5311 5310/5310
f 5311/5311 5348/5348 5335/5335
f 4832/4832 4838/4838 4829/4829
f 4827/4827 4828/4828 4825/4825
f 4831/4831 4829/4829 4830/4830
f 4839/4839 4827/4827 4826/4826
f 4830/4830 4835/4835 4834/4834
f 4835/4835 4837/4837 4836/4836
f 4836/4836 4837/4837 4851/4851
f 4801/4801 4815/4815 4814/4814
f 4851/4851 4856/4856 4836/4836
f 2465/2465 2464/2464 2526/2526
f 2464/2464 2463/2463 2525/2525
f 2525/2525 2463/2463 2460/2460
f 4858/4858 4857/4857 4803/4803
f 2460/2460 2459/2459 2525/2525
f 2518/2518 2459/2459 2458/2458
f 2458/2458 2457/2457 2514/2514
f 2515/2515 2457/2457 2456/2456
f 2456/2456 3962/3962 2515/2515
f 2515/2515 3962/3962 2450/2450
f 2450/2450 3962/3962 3963/3963
f 3963/3963 3962/3962 2456/2456
f 2461/2461 2454/2454 2453/2453
f 4873/4873 4874/4874 4875/4875
f 2456/2456 2455/2455 3963/3963
f 3963/3963 2451/2451 2450/2450
f 2450/2450 2449/2449 2515/2515
f 2509/2509 2449/2449 2448/2448
f 2448/2448 2446/2446 2506/2506
f 2446/2446 2445/2445 2503/2503
f 2445/2445 2444/2444 2430/2430
f 2430/2430 2444/2444 2443/2443
f 2442/2442 2441/2441 2447/2447
f 2443/2443 2431/2431 2430/2430
f 2430/2430 2429/2429 2445/2445
f 2501/2501 2429/2429 2428/2428
f 2428/2428 2426/2426 2498/2498
f 2433/2433 2425/2425 2427/2427
f 2426/2426 2422/2422 2495/2495
f 2495/2495 2422/2422 2419/2419
f 2493/2493 2419/2419 2418/2418
f 2418/2418 2416/2416 2490/2490
f 2416/2416 2415/2415 2487/2487
f 2415/2415 2414/2414 2480/2480
f 2480/2480 2414/2414 2413/2413
f 2412/2412 2411/2411 2417/2417
f 2417/2417 3964/3964 2412/2412
f 5133/5133 5138/5138 5137/5137
f 5121/5121 5124/5124 5123/5123
f 5137/5137 5135/5135 5096/5096
f 5104/5104 5135/5135 5115/5115
f 5115/5115 5103/5103 5104/5104
f 5103/5103 4965/4965 5051/5051
f 4979/4979 4987/4987 4988/4988
f 4948/4948 4965/4965 4947/4947
f 4946/4946 4947/4947 5010/5010
f 5010/5010 4942/4942 4946/4946
f 4942/4942 4929/4929 4943/4943
f 4930/4930 4923/4923 4925/4925
f 4980/4980 4929/4929 4931/4931
f 4935/4935 4931/4931 4934/4934
f 4934/4934 4936/4936 4935/4935
f 4936/4936 4964/4964 4984/4984
f 5022/5022 5009/5009 5023/5023
f 4964/4964 4999/4999 4995/4995
f 5001/5001 5000/5000 5073/5073
f 4999/4999 5099/5099 4998/4998
f 5088/5088 5001/5001 5074/5074
f 5101/5101 5099/5099 5100/5100
f 2407/2407 2408/2408 2231/2231
f 2406/2406 2404/2404 2475/2475
f 2407/2407 2403/2403 2405/2405
f 2403/2403 2407/2407 2229/2229
f 2404/2404 2400/2400 2399/2399
f 2399/2399 2397/2397 2473/2473
f 2396/2396 2398/2398 2402/2402
f 2397/2397 2394/2394 2472/2472
f 2472/2472 2394/2394 2391/2391
f 2469/2469 2391/2391 2390/2390
f 2388/2388 2389/2389 2393/2393
f 2390/2390 2387/2387 2385/2385
f 2468/2468 2385/2385 2383/2383
f 2386/2386 2382/2382 2384/2384
f 2382/2382 2386/2386 2199/2199
f 4473/4473 4523/4523 4471/4471
f 2199/2199 2379/2379 2382/2382
f 4523/4523 4525/4525 4524/4524
f 4532/4532 4525/4525 4561/4561
f 4497/4497 4561/4561 4539/4539
f 2193/2193 2374/2374 2376/2376
f 4539/4539 4538/4538 4497/4497
f 2191/2191 2371/2371 2374/2374
f 5356/5356 5340/5340 5355/5355
f 5288/5288 5340/5340 5287/5287
f 5283/5283 5287/5287 5286/5286
f 2185/2185 2366/2366 2368/2368
f 5286/5286 5285/5285 5283/5283
f 2183/2183 2357/2357 2366/2366
f 5423/5423 5422/5422 5420/5420
f 5264/5264 5267/5267 5266/5266
f 2355/2355 2354/2354 2359/2359
f 5266/5266 5244/5244 5264/5264
f 2363/2363 2355/2355 2360/2360
f 5244/5244 5326/5326 5341/5341
f 3965/3965 2363/2363 2362/2362
f 5326/5326 5337/5337 5373/5373
f 5337/5337 5338/5338 5373/5373
f 3966/3966 3965/3965 2362/2362
f 2362/2362 3967/3967 3966/3966
f 3967/3967 2362/2362 2326/2326
f 5407/5407 5408/5408 5405/5405
f 3968/3968 3966/3966 3967/3967
f 3967/3967 3969/3969 3968/3968
f 3969/3969 3970/3970 3968/3968
f 3970/3970 3969/3969 2328/2328
f 3969/3969 3967/3967 2328/2328
f 3971/3971 3968/3968 3970/3970
f 3970/3970 3972/3972 3971/3971
f 3972/3972 3970/3970 2329/2329
f 4751/4751 4752/4752 4690/4690
f 3973/3973 3971/3971 3972/3972
f 4752/4752 4789/4789 4777/4777
f 4789/4789 4848/4848 4777/4777
f 3974/3974 3973/3973 3972/3972
f 3972/3972 3975/3975 3974/3974
f 3975/3975 3972/3972 2334/2334
f 4848/4848 4725/4725 4729/4729
f 3976/3976 3974/3974 3975/3975
f 3975/3975 3977/3977 3976/3976
f 3977/3977 3978/3978 3976/3976
f 3978/3978 3977/3977 2336/2336
f 3977/3977 3975/3975 2336/2336
f 3979/3979 3976/3976 3978/3978
f 3978/3978 3980/3980 3979/3979
f 3980/3980 3978/3978 2337/2337
f 4725/4725 4726/4726 4724/4724
f 3981/3981 3979/3979 3980/3980
f 4726/4726 4784/4784 4727/4727
f 3982/3982 3981/3981 3980/3980
f 3980/3980 3983/3983 3982/3982
f 2348/2348 3982/3982 3983/3983
f 3983/3983 3980/3980 2342/2342
f 4784/4784 4843/4843 4727/4727
f 4727/4727 4724/4724 4726/4726
f 4694/4694 4844/4844 4722/4722
f 4724/4724 4723/4723 4725/4725
f 4693/4693 4694/4694 4691/4691
f 4692/4692 4693/4693 4691/4691
f 4723/4723 4729/4729 4725/4725
f 4695/4695 4692/4692 4682/4682
f 4729/4729 4777/4777 4848/4848
f 4777/4777 4690/4690 4752/4752
f 4687/4687 4695/4695 4661/4661
f 4690/4690 4689/4689 4751/4751
f 4688/4688 4687/4687 4686/4686
f 5344/5344 5345/5345 5343/5343
f 5346/5346 5347/5347 5351/5351
f 5241/5241 5344/5344 5342/5342
f 5405/5405 5406/5406 5407/5407
f 5373/5373 5341/5341 5326/5326
f 5262/5262 5241/5241 5198/5198
f 5341/5341 5242/5242 5244/5244
f 5221/5221 5262/5262 5200/5200
f 5242/5242 5243/5243 5244/5244
f 5265/5265 5243/5243 5313/5313
f 5313/5313 5203/5203 5205/5205
f 5200/5200 5220/5220 5221/5221
f 5203/5203 5196/5196 5204/5204
f 5198/5198 5200/5200 5262/5262
f 5196/5196 5197/5197 5195/5195
f 5222/5222 5198/5198 5241/5241
f 5197/5197 5252/5252 5199/5199
f 5252/5252 5234/5234 5199/5199
f 5342/5342 5222/5222 5241/5241
f 5234/5234 5230/5230 5228/5228
f 5343/5343 5342/5342 5344/5344
f 4661/4661 4686/4686 4687/4687
f 4659/4659 4660/4660 4657/4657
f 4809/4809 4661/4661 4695/4695
f 4660/4660 4666/4666 4664/4664
f 4666/4666 4667/4667 4664/4664
f 4682/4682 4809/4809 4695/4695
f 4667/4667 4668/4668 4665/4665
f 4691/4691 4682/4682 4692/4692
f 4722/4722 4691/4691 4694/4694
f 4896/4896 4895/4895 4898/4898
f 4717/4717 4722/4722 4844/4844
f 4681/4681 4639/4639 4630/4630
f 4799/4799 4717/4717 4844/4844
f 4639/4639 4638/4638 4630/4630
f 4630/4630 4634/4634 4681/4681
f 4635/4635 4622/4622 4637/4637
f 4898/4898 4899/4899 4896/4896
f 4679/4679 4635/4635 4648/4648
f 4669/4669 4679/4679 4648/4648
f 4769/4769 4665/4665 4668/4668
f 4653/4653 4669/4669 4650/4650
f 4665/4665 4664/4664 4667/4667
f 4664/4664 4657/4657 4660/4660
f 4656/4656 4653/4653 4655/4655
f 4657/4657 4658/4658 4659/4659
f 4684/4684 4656/4656 4662/4662
f 5227/5227 5232/5232 5263/5263
f 5229/5229 5228/5228 5230/5230
f 5224/5224 5227/5227 5226/5226
f 5228/5228 5199/5199 5234/5234
f 5199/5199 5195/5195 5197/5197
f 5187/5187 5224/5224 5188/5188
f 5195/5195 5194/5194 5196/5196
f 5184/5184 5187/5187 5182/5182
f 5194/5194 5271/5271 5196/5196
f 5415/5415 5416/5416 5417/5417
f 5185/5185 5183/5183 5186/5186
f 5182/5182 5181/5181 5184/5184
f 5183/5183 5219/5219 5189/5189
f 5188/5188 5182/5182 5187/5187
f 5387/5387 5389/5389 5388/5388
f 5225/5225 5188/5188 5224/5224
f 5260/5260 5258/5258 5237/5237
f 5258/5258 5231/5231 5237/5237
f 5226/5226 5225/5225 5224/5224
f 5231/5231 5235/5235 5236/5236
f 5263/5263 5226/5226 5227/5227
f 4655/4655 4662/4662 4656/4656
f 4663/4663 4721/4721 4817/4817
f 4652/4652 4655/4655 4653/4653
f 4721/4721 4654/4654 4685/4685
f 4654/4654 4651/4651 4685/4685
f 4650/4650 4652/4652 4653/4653
f 4651/4651 4649/4649 4670/4670
f 4648/4648 4650/4650 4669/4669
f 4637/4637 4648/4648 4635/4635
f 4649/4649 4776/4776 4699/4699
f 4640/4640 4637/4637 4622/4622
f 4776/4776 4779/4779 4702/4702
f 4624/4624 4640/4640 4622/4622
f 4779/4779 4795/4795 4702/4702
f 4702/4702 4699/4699 4776/4776
f 4700/4700 4701/4701 4704/4704
f 4699/4699 4680/4680 4649/4649
f 4719/4719 4700/4700 4705/4705
f 4905/4905 4906/4906 4907/4907
f 4680/4680 4670/4670 4649/4649
f 4823/4823 4718/4718 4845/4845
f 4670/4670 4685/4685 4651/4651
f 4685/4685 4817/4817 4721/4721
f 4819/4819 4823/4823 4822/4822
f 4817/4817 4818/4818 4663/4663
f 4820/4820 4819/4819 4821/4821
f 5247/5247 5268/5268 5249/5249
f 5261/5261 5236/5236 5235/5235
f 5245/5245 5247/5247 5248/5248
f 5236/5236 5237/5237 5231/5231
f 5237/5237 5246/5246 5260/5260
f 5272/5272 5245/5245 5273/5273
f 5388/5388 5385/5385 5387/5387
f 5277/5277 5272/5272 5274/5274
f 5385/5385 5386/5386 5387/5387
f 5413/5413 5412/5412 5410/5410
f 5301/5301 5328/5328 5302/5302
f 5274/5274 5278/5278 5277/5277
f 5390/5390 5391/5391 5392/5392
f 5273/5273 5274/5274 5272/5272
f 5275/5275 5276/5276 5281/5281
f 5315/5315 5273/5273 5245/5245
f 5276/5276 5316/5316 5349/5349
f 5316/5316 5334/5334 5349/5349
f 5248/5248 5315/5315 5245/5245
f 5403/5403 5404/5404 5401/5401
f 5249/5249 5248/5248 5247/5247
f 4822/4822 4821/4821 4819/4819
f 4825/4825 4826/4826 4827/4827
f 4847/4847 4822/4822 4823/4823
f 4826/4826 4850/4850 4839/4839
f 4909/4909 4910/4910 4911/4911
f 4845/4845 4847/4847 4823/4823
f 4846/4846 4814/4814 4855/4855
f 4907/4907 4908/4908 4905/4905
f 4704/4704 4705/4705 4700/4700
f 4814/4814 4759/4759 4801/4801
f 4800/4800 4801/4801 4759/4759
f 4707/4707 4704/4704 4701/4701
f 4759/4759 4783/4783 4800/4800
f 4711/4711 4707/4707 4701/4701
f 4783/4783 4733/4733 4800/4800
f 4801/4801 4800/4800 4803/4803
f 4803/4803 4859/4859 4858/4858
f 4859/4859 4812/4812 4811/4811
f 4811/4811 4812/4812 4758/4758
f 4756/4756 4758/4758 4757/4757
f 4757/4757 4744/4744 4756/4756
f 4756/4756 4744/4744 4743/4743
f 4824/4824 4802/4802 4807/4807
f 4878/4878 4879/4879 4880/4880
f 4881/4881 4880/4880 4879/4879
f 4738/4738 4796/4796 4739/4739
f 4796/4796 4738/4738 4741/4741
f 4744/4744 4796/4796 4741/4741
f 4739/4739 4734/4734 4738/4738
f 4737/4737 4738/4738 4734/4734
f 4738/4738 4737/4737 4740/4740
f 4711/4711 4710/4710 4807/4807
f 4734/4734 4712/4712 4737/4737
f 4706/4706 4709/4709 4710/4710
f 4709/4709 4706/4706 4708/4708
f 4712/4712 4720/4720 4737/4737
f 4840/4840 4737/4737 4720/4720
f 4889/4889 4890/4890 4891/4891
f 4708/4708 4703/4703 4736/4736
f 4883/4883 4882/4882 4885/4885
f 4716/4716 4840/4840 4641/4641
f 4633/4633 4716/4716 4641/4641
f 4716/4716 4633/4633 4647/4647
f 4840/4840 4716/4716 4647/4647
f 4641/4641 4631/4631 4633/4633
f 4632/4632 4633/4633 4631/4631
f 4633/4633 4632/4632 4642/4642
f 4624/4624 4625/4625 4736/4736
f 4631/4631 4628/4628 4632/4632
f 4623/4623 4626/4626 4625/4625
f 4626/4626 4623/4623 4627/4627
f 4628/4628 4683/4683 4632/4632
f 4672/4672 4632/4632 4683/4683
f 4632/4632 4672/4672 4671/4671
f 4627/4627 4629/4629 4636/4636
f 4683/4683 4675/4675 4672/4672
f 4674/4674 4672/4672 4675/4675
f 4696/4696 4674/4674 4675/4675
f 4674/4674 4696/4696 4673/4673
f 4672/4672 4674/4674 4673/4673
f 4675/4675 4697/4697 4696/4696
f 4730/4730 4696/4696 4697/4697
f 4696/4696 4730/4730 4698/4698
f 4867/4867 4868/4868 4869/4869
f 4697/4697 4770/4770 4730/4730
f 4773/4773 4772/4772 4775/4775
f 4772/4772 4773/4773 4771/4771
f 4770/4770 4750/4750 4730/4730
f 4749/4749 4730/4730 4750/4750
f 4730/4730 4749/4749 4748/4748
f 4771/4771 4774/4774 4786/4786
f 4750/4750 4791/4791 4749/4749
f 4792/4792 4749/4749 4791/4791
f 4793/4793 4792/4792 4791/4791
f 4792/4792 4793/4793 4805/4805
f 4749/4749 4792/4792 4805/4805
f 4791/4791 4797/4797 4793/4793
f 3984/3984 3985/3985 2349/2349
f 3985/3985 3984/3984 2264/2264
f 4808/4808 4798/4798 4786/4786
f 2349/2349 2346/2346 3984/3984
f 3983/3983 2347/2347 2348/2348
f 2347/2347 3983/3983 2344/2344
f 2346/2346 2345/2345 3984/3984
f 3986/3986 3984/3984 2345/2345
f 2345/2345 3987/3987 3986/3986
f 3988/3988 3986/3986 3987/3987
f 3989/3989 3988/3988 3987/3987
f 3987/3987 3990/3990 3989/3989
f 3991/3991 3989/3989 3990/3990
f 3990/3990 3992/3992 3991/3991
f 3991/3991 3992/3992 3993/3993
f 3993/3993 3994/3994 3991/3991
f 3991/3991 3994/3994 2277/2277
f 3994/3994 3993/3993 3995/3995
f 3995/3995 3996/3996 3994/3994
f 3994/3994 3996/3996 2279/2279
f 2279/2279 3996/3996 2283/2283
f 2283/2283 3996/3996 3995/3995
f 3997/3997 3995/3995 3993/3993
f 3993/3993 3998/3998 3997/3997
f 3997/3997 3998/3998 3999/3999
f 3999/3999 4000/4000 3997/3997
f 3997/3997 4000/4000 4001/4001
f 4001/4001 4002/4002 3997/3997
f 3997/3997 4002/4002 2284/2284
f 4002/4002 4001/4001 2289/2289
f 4003/4003 2289/2289 4001/4001
f 4001/4001 4004/4004 4003/4003
f 4003/4003 4004/4004 4005/4005
f 4005/4005 4006/4006 4003/4003
f 4003/4003 4006/4006 2297/2297
f 2297/2297 2292/2292 4003/4003
f 4006/4006 4005/4005 4007/4007
f 4007/4007 4008/4008 4006/4006
f 4006/4006 4008/4008 2298/2298
f 2298/2298 4008/4008 4009/4009
f 4009/4009 4008/4008 4007/4007
f 4007/4007 4010/4010 4009/4009
f 4011/4011 4009/4009 4010/4010
f 4010/4010 4012/4012 4011/4011
f 4011/4011 4012/4012 4013/4013
f 4013/4013 4014/4014 4011/4011
f 4011/4011 4014/4014 2304/2304
f 4014/4014 4013/4013 2310/2310
f 4015/4015 2310/2310 4013/4013
f 4013/4013 4016/4016 4015/4015
f 4015/4015 4016/4016 4017/4017
f 4017/4017 4018/4018 4015/4015
f 4015/4015 4018/4018 2317/2317
f 4018/4018 4017/4017 4019/4019
f 4019/4019 4020/4020 4018/4018
f 4018/4018 4020/4020 2319/2319
f 2319/2319 4020/4020 4021/4021
f 4021/4021 4020/4020 4019/4019
f 4019/4019 4022/4022 4021/4021
f 4021/4021 4022/4022 2327/2327
f 2320/2320 4021/4021 2327/2327
f 4022/4022 4019/4019 4023/4023
f 4023/4023 4024/4024 4022/4022
f 4022/4022 4024/4024 2330/2330
f 4025/4025 4024/4024 4023/4023
f 4023/4023 4026/4026 4025/4025
f 4027/4027 4025/4025 4026/4026
f 4026/4026 4028/4028 4027/4027
f 4027/4027 4028/4028 4029/4029
f 4029/4029 4030/4030 4027/4027
f 4027/4027 4030/4030 2335/2335
f 4030/4030 4029/4029 4031/4031
f 4031/4031 4032/4032 4030/4030
f 4030/4030 4032/4032 2338/2338
f 4033/4033 4032/4032 4031/4031
f 4031/4031 4034/4034 4033/4033
f 4035/4035 4033/4033 4034/4034
f 4034/4034 4036/4036 4035/4035
f 4035/4035 4036/4036 3992/3992
f 3992/3992 4036/4036 3998/3998
f 3998/3998 4036/4036 4034/4034
f 4033/4033 4035/4035 2343/2343
f 2343/2343 4035/4035 3990/3990
f 3999/3999 4034/4034 4031/4031
f 4031/4031 4037/4037 3999/3999
f 4038/4038 4037/4037 4031/4031
f 4037/4037 4038/4038 4039/4039
f 4039/4039 4040/4040 4037/4037
f 4037/4037 4040/4040 4000/4000
f 4000/4000 4040/4040 4004/4004
f 4004/4004 4040/4040 4039/4039
f 4041/4041 4039/4039 4038/4038
f 4038/4038 4042/4042 4041/4041
f 4041/4041 4042/4042 4043/4043
f 4043/4043 4044/4044 4041/4041
f 4041/4041 4044/4044 4010/4010
f 4044/4044 4043/4043 4045/4045
f 4045/4045 4046/4046 4044/4044
f 4044/4044 4046/4046 4012/4012
f 4012/4012 4046/4046 4016/4016
f 4016/4016 4046/4046 4045/4045
f 4023/4023 4045/4045 4043/4043
f 4017/4017 4045/4045 4023/4023
f 4026/4026 4043/4043 4042/4042
f 4042/4042 4038/4038 4029/4029
f 4005/4005 4039/4039 4041/4041
f 4032/4032 4033/4033 2341/2341
f 4031/4031 4029/4029 4038/4038
f 4029/4029 4028/4028 4042/4042
f 4042/4042 4028/4028 4026/4026
f 4025/4025 4027/4027 2335/2335
f 4043/4043 4026/4026 4023/4023
f 4024/4024 4025/4025 2333/2333
f 4023/4023 4019/4019 4017/4017
f 4045/4045 4017/4017 4016/4016
f 4016/4016 4013/4013 4012/4012
f 4012/4012 4010/4010 4044/4044
f 2299/2299 4009/4009 4011/4011
f 4010/4010 4007/4007 4041/4041
f 4041/4041 4007/4007 4005/4005
f 4039/4039 4005/4005 4004/4004
f 4004/4004 4001/4001 4000/4000
f 4000/4000 3999/3999 4037/4037
f 4034/4034 3999/3999 3998/3998
f 2284/2284 3995/3995 3997/3997
f 3998/3998 3993/3993 3992/3992
f 3992/3992 3990/3990 4035/4035
f 2272/2272 3989/3989 3991/3991
f 3990/3990 3987/3987 2343/2343
f 3988/3988 3989/3989 2271/2271
f 3986/3986 3988/3988 2271/2271
f 3984/3984 3986/3986 2269/2269
f 3987/3987 2345/2345 2343/2343
f 2342/2342 2344/2344 3983/3983
f 2343/2343 2341/2341 4033/4033
f 2339/2339 2342/2342 3980/3980
f 2341/2341 2340/2340 4032/4032
f 2340/2340 2338/2338 4032/4032
f 2337/2337 2339/2339 3980/3980
f 2338/2338 2335/2335 4030/4030
f 2336/2336 2337/2337 3978/3978
f 2334/2334 2336/2336 3975/3975
f 2335/2335 2333/2333 4025/4025
f 2331/2331 2334/2334 3972/3972
f 2333/2333 2332/2332 4024/4024
f 2332/2332 2330/2330 4024/4024
f 2329/2329 2331/2331 3972/3972
f 2330/2330 2327/2327 4022/4022
f 2328/2328 2329/2329 3970/3970
f 2326/2326 2328/2328 3967/3967
f 2327/2327 2324/2324 2320/2320
f 2325/2325 2326/2326 2362/2362
f 2322/2322 2323/2323 2325/2325
f 2321/2321 2320/2320 2324/2324
f 4021/4021 2320/2320 2319/2319
f 2319/2319 2317/2317 4018/4018
f 2171/2171 2316/2316 2318/2318
f 2317/2317 2314/2314 4015/4015
f 4015/4015 2314/2314 2311/2311
f 2311/2311 2310/2310 4015/4015
f 2310/2310 2309/2309 4014/4014
f 4014/4014 2309/2309 2306/2306
f 2307/2307 2308/2308 2312/2312
f 2312/2312 4047/4047 2307/2307
f 4047/4047 4048/4048 2307/2307
f 4048/4048 4047/4047 4049/4049
f 4048/4048 4049/4049 2159/2159
f 2161/2161 4049/4049 4047/4047
f 2163/2163 4047/4047 2312/2312
f 2305/2305 2307/2307 4048/4048
f 2305/2305 4048/4048 2158/2158
f 2306/2306 2304/2304 4014/4014
f 2305/2305 2151/2151 2303/2303
f 2151/2151 2305/2305 2157/2157
f 2304/2304 2301/2301 4011/4011
f 2150/2150 2300/2300 2302/2302
f 4011/4011 2301/2301 2299/2299
f 2148/2148 2296/2296 2300/2300
f 4009/4009 2299/2299 2298/2298
f 2298/2298 2297/2297 4006/4006
f 2294/2294 2292/2292 2297/2297
f 2295/2295 2291/2291 2293/2293
f 2291/2291 2295/2295 1667/1667
f 4003/4003 2292/2292 2290/2290
f 2290/2290 2289/2289 4003/4003
f 2289/2289 2288/2288 4002/4002
f 4002/4002 2288/2288 2285/2285
f 1665/1665 2286/2286 2287/2287
f 2285/2285 2284/2284 4002/4002
f 3995/3995 2284/2284 2283/2283
f 2283/2283 2280/2280 2279/2279
f 2279/2279 2277/2277 3994/3994
f 1647/1647 2276/2276 2278/2278
f 2277/2277 2274/2274 3991/3991
f 3991/3991 2274/2274 2272/2272
f 2270/2270 2273/2273 1645/1645
f 1645/1645 2258/2258 2270/2270
f 2272/2272 2271/2271 3989/3989
f 2271/2271 2269/2269 3986/3986
f 2268/2268 2270/2270 2259/2259
f 2269/2269 2265/2265 3984/3984
f 2267/2267 2268/2268 2261/2261
f 2266/2266 2267/2267 2261/2261
f 2265/2265 2264/2264 3984/3984
f 4761/4761 4767/4767 4766/4766
f 4886/4886 4887/4887 4888/4888
f 4805/4805 4748/4748 4749/4749
f 4760/4760 4761/4761 4762/4762
f 4748/4748 4747/4747 4730/4730
f 4764/4764 4760/4760 4763/4763
f 4778/4778 4764/4764 4763/4763
f 4747/4747 4698/4698 4730/4730
f 4841/4841 4778/4778 4787/4787
f 4698/4698 4673/4673 4696/4696
f 4673/4673 4671/4671 4672/4672
f 4646/4646 4841/4841 4677/4677
f 4671/4671 4643/4643 4632/4632
f 4645/4645 4646/4646 4676/4676
f 4644/4644 4645/4645 4676/4676
f 4643/4643 4642/4642 4632/4632
f 4713/4713 4644/4644 4678/4678
f 4642/4642 4647/4647 4633/4633
f 4647/4647 4731/4731 4840/4840
f 4755/4755 4713/4713 4715/4715
f 4891/4891 4892/4892 4889/4889
f 4816/4816 4755/4755 4794/4794
f 4918/4918 4919/4919 4916/4916
f 4745/4745 4740/4740 4737/4737
f 4742/4742 4790/4790 4849/4849
f 4740/4740 4741/4741 4738/4738
f 4741/4741 4743/4743 4744/4744
f 4743/4743 4788/4788 4756/4756
f 4788/4788 4785/4785 4852/4852
f 4852/4852 4785/4785 4782/4782
f 4746/4746 4742/4742 4780/4780
f 5130/5130 5131/5131 5091/5091
f 5091/5091 5098/5098 5077/5077
f 4781/4781 4780/4780 4742/4742
f 5098/5098 5126/5126 5065/5065
f 5126/5126 5063/5063 5065/5065
f 4849/4849 4781/4781 4742/4742
f 5063/5063 5019/5019 5064/5064
f 4916/4916 4917/4917 4918/4918
f 4715/4715 4794/4794 4755/4755
f 5019/5019 4977/4977 5114/5114
f 4714/4714 4715/4715 4713/4713
f 4977/4977 4972/4972 4971/4971
f 4972/4972 4970/4970 4971/4971
f 4678/4678 4714/4714 4713/4713
f 4970/4970 4969/4969 4968/4968
f 4676/4676 4678/4678 4644/4644
f 4677/4677 4676/4676 4646/4646
f 4969/4969 4975/4975 4974/4974
f 4842/4842 4677/4677 4841/4841
f 4975/4975 5012/5012 5011/5011
f 5012/5012 5013/5013 5011/5011
f 4787/4787 4842/4842 4841/4841
f 5013/5013 5016/5016 5027/5027
f 4763/4763 4787/4787 4778/4778
f 4762/4762 4763/4763 4760/4760
f 5016/5016 5119/5119 5062/5062
f 4765/4765 4762/4762 4761/4761
f 5119/5119 5046/5046 5043/5043
f 5046/5046 5044/5044 5043/5043
f 4766/4766 4765/4765 4761/4761
f 2263/2263 2260/2260 2434/2434
f 2261/2261 2262/2262 2266/2266
f 2259/2259 2261/2261 2268/2268
f 2258/2258 2259/2259 2270/2270
f 2260/2260 2256/2256 2254/2254
f 2435/2435 2254/2254 2253/2253
f 2242/2242 2247/2247 2251/2251
f 2251/2251 2240/2240 2242/2242
f 2240/2240 2251/2251 2236/2236
f 2246/2246 2245/2245 2253/2253
f 2245/2245 2244/2244 2436/2436
f 2243/2243 2242/2242 2241/2241
f 5039/5039 5038/5038 5037/5037
f 5095/5095 5040/5040 5118/5118
f 5045/5045 5095/5095 5118/5118
f 5038/5038 5036/5036 5037/5037
f 5159/5159 5158/5158 5157/5157
f 5036/5036 5031/5031 5032/5032
f 5031/5031 5070/5070 5029/5029
f 4983/4983 5112/5112 5067/5067
f 5070/5070 4954/4954 4956/4956
f 4955/4955 4983/4983 4991/4991
f 4933/4933 4955/4955 4991/4991
f 4954/4954 4938/4938 4956/4956
f 4927/4927 4933/4933 4926/4926
f 4938/4938 4953/4953 5002/5002
f 4953/4953 4937/4937 4960/4960
f 4932/4932 4927/4927 4924/4924
f 4937/4937 4939/4939 4952/4952
f 4940/4940 4932/4932 4941/4941
f 5102/5102 4940/4940 4941/4941
f 4939/4939 4967/4967 4952/4952
f 5008/5008 5102/5102 5117/5117
f 4967/4967 5004/5004 5003/5003
f 5004/5004 5007/5007 5006/5006
f 5149/5149 5150/5150 5147/5147
f 2440/2440 4050/4050 2438/2438
f 5082/5082 5075/5075 5083/5083
f 5084/5084 5082/5082 5083/5083
f 5167/5167 5168/5168 5169/5169
f 5078/5078 5086/5086 5081/5081
f 5081/5081 5127/5127 5092/5092
f 2425/2425 2433/2433 2424/2424
f 2424/2424 2421/2421 2420/2420
f 2421/2421 3964/3964 2417/2417
f 5123/5123 5122/5122 5121/5121
f 5121/5121 5122/5122 5120/5120
f 5085/5085 5125/5125 5139/5139
f 5120/5120 5107/5107 5116/5116
f 5083/5083 5085/5085 5084/5084
f 5147/5147 5146/5146 5149/5149
f 5048/5048 5107/5107 4990/4990
f 5151/5151 5147/5147 5150/5150
f 4987/4987 4990/4990 4989/4989
f 4989/4989 4988/4988 4987/4987
f 5152/5152 5151/5151 5150/5150
f 5142/5142 5141/5141 5144/5144
f 4941/4941 5117/5117 5102/5102
f 4924/4924 4941/4941 4932/4932
f 4928/4928 4985/4985 4921/4921
f 4922/4922 4924/4924 4927/4927
f 4923/4923 4921/4921 4920/4920
f 4920/4920 4925/4925 4923/4923
f 4926/4926 4922/4922 4927/4927
f 4925/4925 5113/5113 4930/4930
f 4991/4991 4926/4926 4933/4933
f 5067/5067 4991/4991 4983/4983
f 4963/4963 5113/5113 5055/5055
f 5026/5026 5067/5067 5112/5112
f 5009/5009 5055/5055 5025/5025
f 5025/5025 5023/5023 5009/5009
f 5097/5097 5026/5026 5112/5112
f 5023/5023 5024/5024 5022/5022
f 5156/5156 5157/5157 5158/5158
f 5153/5153 5154/5154 5155/5155
f 5108/5108 5024/5024 5109/5109
f 2240/2240 2241/2241 2242/2242
f 2239/2239 2237/2237 2409/2409
f 2236/2236 2238/2238 2240/2240
f 2235/2235 2236/2236 2251/2251
f 2237/2237 2232/2232 2231/2231
f 2231/2231 2229/2229 2407/2407
f 2228/2228 2230/2230 2234/2234
f 2229/2229 2227/2227 2403/2403
f 2227/2227 2223/2223 2401/2401
f 2222/2222 2401/2401 2223/2223
f 2221/2221 2396/2396 2222/2222
f 2395/2395 2221/2221 2220/2220
f 2220/2220 4051/4051 2395/2395
f 2395/2395 4051/4051 2208/2208
f 2208/2208 4051/4051 2214/2214
f 2214/2214 4051/4051 2220/2220
f 1619/1619 2217/2217 2219/2219
f 2220/2220 2215/2215 2214/2214
f 1603/1603 2211/2211 2213/2213
f 2214/2214 2209/2209 2208/2208
f 2208/2208 2207/2207 2395/2395
f 2206/2206 2392/2392 2207/2207
f 2202/2202 2388/2388 2206/2206
f 1597/1597 2203/2203 2205/2205
f 2388/2388 2202/2202 2200/2200
f 2200/2200 2199/2199 2386/2386
f 2379/2379 2199/2199 2196/2196
f 1588/1588 2195/2195 2197/2197
f 2196/2196 2194/2194 2379/2379
f 1586/1586 2192/2192 2195/2195
f 2194/2194 2193/2193 2377/2377
f 2374/2374 2193/2193 2191/2191
f 2371/2371 2191/2191 2188/2188
f 1580/1580 2187/2187 2189/2189
f 2188/2188 2186/2186 2371/2371
f 1578/1578 2184/2184 2187/2187
f 2186/2186 2185/2185 2369/2369
f 2366/2366 2185/2185 2183/2183
f 2357/2357 2183/2183 2180/2180
f 1572/1572 2178/2178 2181/2181
f 2180/2180 2179/2179 2357/2357
f 2358/2358 2179/2179 2177/2177
f 2322/2322 2177/2177 2176/2176
f 2176/2176 2173/2173 2318/2318
f 2318/2318 2173/2173 2171/2171
f 2316/2316 2171/2171 2170/2170
f 2170/2170 2168/2168 2313/2313
f 1563/1563 2167/2167 2169/2169
f 2168/2168 2165/2165 2312/2312
f 2312/2312 2165/2165 2163/2163
f 4047/4047 2163/2163 2161/2161
f 2160/2160 2162/2162 1554/1554
f 1554/1554 1550/1550 2160/2160
f 2161/2161 2159/2159 4049/4049
f 2159/2159 2158/2158 4048/4048
f 2158/2158 2157/2157 2305/2305
f 2154/2154 2156/2156 1546/1546
f 2152/2152 2157/2157 2155/2155
f 2157/2157 2152/2152 2151/2151
f 2150/2150 2303/2303 2151/2151
f 2300/2300 2150/2150 2148/2148
f 2296/2296 2148/2148 2145/2145
f 2145/2145 2144/2144 2296/2296
f 2295/2295 2144/2144 1669/1669
f 1669/1669 2142/2142 4052/4052
f 4053/4053 4052/4052 2142/2142
f 4052/4052 4053/4053 4054/4054
f 4054/4054 4055/4055 4052/4052
f 1670/1670 4052/4052 4055/4055
f 4055/4055 1677/1677 1670/1670
f 4056/4056 1677/1677 4055/4055
f 4055/4055 4057/4057 4056/4056
f 4056/4056 4057/4057 4058/4058
f 4058/4058 1693/1693 4056/4056
f 4059/4059 4056/4056 1693/1693
f 4058/4058 4057/4057 4060/4060
f 4060/4060 4061/4061 4058/4058
f 4058/4058 4061/4061 4062/4062
f 4062/4062 4063/4063 4058/4058
f 4058/4058 4063/4063 1694/1694
f 4063/4063 4062/4062 4064/4064
f 4064/4064 4065/4065 4063/4063
f 4063/4063 4065/4065 1696/1696
f 1696/1696 4065/4065 4066/4066
f 4066/4066 4065/4065 4064/4064
f 4064/4064 4067/4067 4066/4066
f 1703/1703 4066/4066 4067/4067
f 4067/4067 4068/4068 1703/1703
f 1703/1703 4068/4068 1707/1707
f 1715/1715 1707/1707 4068/4068
f 4068/4068 4069/4069 1715/1715
f 1715/1715 4069/4069 2124/2124
f 2124/2124 4069/4069 4070/4070
f 4070/4070 4069/4069 4068/4068
f 4068/4068 4067/4067 4070/4070
f 4071/4071 4070/4070 4067/4067
f 2125/2125 4070/4070 4071/4071
f 1697/1697 4066/4066 1703/1703
f 4067/4067 4064/4064 4071/4071
f 4071/4071 4064/4064 4062/4062
f 4062/4062 4072/4072 4071/4071
f 4071/4071 4072/4072 2130/2130
f 4072/4072 4062/4062 4061/4061
f 4061/4061 4073/4073 4072/4072
f 4072/4072 4073/4073 2132/2132
f 2132/2132 4073/4073 4074/4074
f 4074/4074 4073/4073 4061/4061
f 4061/4061 4060/4060 4074/4074
f 4074/4074 4060/4060 2140/2140
f 2140/2140 2133/2133 4074/4074
f 4053/4053 2140/2140 4060/4060
f 4060/4060 4057/4057 4053/4053
f 1677/1677 4056/4056 4059/4059
f 4057/4057 4055/4055 4054/4054
f 4054/4054 4053/4053 4057/4057
f 2141/2141 2143/2143 2146/2146
f 2142/2142 2140/2140 4053/4053
f 2139/2139 2141/2141 2147/2147
f 2133/2133 2140/2140 2137/2137
f 2138/2138 2139/2139 2149/2149
f 2138/2138 2135/2135 2136/2136
f 2137/2137 2134/2134 2133/2133
f 4074/4074 2133/2133 2132/2132
f 2132/2132 2130/2130 4072/4072
f 1538/1538 2129/2129 2131/2131
f 2130/2130 2127/2127 4071/4071
f 4071/4071 2127/2127 2125/2125
f 4070/4070 2125/2125 2124/2124
f 2124/2124 2122/2122 1715/1715
f 1719/1719 4075/4075 2122/2122
f 4075/4075 1718/1718 2122/2122
f 2121/2121 1730/1730 1723/1723
f 1730/1730 2120/2120 1723/1723
f 1531/1531 2119/2119 2123/2123
f 1148/1148 1726/1726 2118/2118
f 1726/1726 1526/1526 2118/2118
f 2120/2120 1526/1526 1723/1723
f 1725/1725 1728/1728 1724/1724
f 1719/1719 2121/2121 1723/1723
f 1719/1719 1722/1722 4075/4075
f 1722/1722 1710/1710 4075/4075
f 1718/1718 4075/4075 1710/1710
f 1720/1720 1721/1721 1724/1724
f 1719/1719 1720/1720 1724/1724
f 1716/1716 2122/2122 1718/1718
f 1719/1719 1710/1710 1717/1717
f 2122/2122 1716/1716 1715/1715
f 1714/1714 1707/1707 1715/1715
f 1354/1354 1712/1712 1710/1710
f 1708/1708 1714/1714 1713/1713
f 1353/1353 1711/1711 1712/1712
f 1353/1353 4076/4076 1711/1711
f 4076/4076 4077/4077 1711/1711
f 4077/4077 1354/1354 1711/1711
f 4077/4077 4076/4076 4078/4078
f 1351/1351 4077/4077 4078/4078
f 4079/4079 1351/1351 4078/4078
f 1341/1341 4079/4079 4078/4078
f 4078/4078 4080/4080 1341/1341
f 4080/4080 4081/4081 1341/1341
f 4081/4081 4080/4080 1702/1702
f 1344/1344 1702/1702 4080/4080
f 1344/1344 4080/4080 4082/4082
f 4082/4082 1351/1351 1344/1344
f 4080/4080 1351/1351 4082/4082
f 4083/4083 1351/1351 4080/4080
f 4078/4078 4083/4083 4080/4080
f 4083/4083 4078/4078 1353/1353
f 4079/4079 1341/1341 4081/4081
f 1351/1351 4079/4079 4081/4081
f 4076/4076 1353/1353 4078/4078
f 1709/1709 1710/1710 1711/1711
f 1354/1354 1709/1709 1711/1711
f 1707/1707 1714/1714 1708/1708
f 1706/1706 1354/1354 4077/4077
f 1353/1353 1706/1706 4077/4077
f 1705/1705 1353/1353 4077/4077
f 1351/1351 1705/1705 4077/4077
f 1351/1351 4081/4081 1702/1702
f 1707/1707 1704/1704 1703/1703
f 1703/1703 1700/1700 1697/1697
f 4066/4066 1697/1697 1696/1696
f 1696/1696 1694/1694 4063/4063
f 1694/1694 1693/1693 4058/4058
f 1693/1693 1692/1692 4059/4059
f 4059/4059 1692/1692 1690/1690
f 1690/1690 1678/1678 4059/4059
f 1689/1689 1691/1691 1695/1695
f 1678/1678 1690/1690 1687/1687
f 1688/1688 1689/1689 1699/1699
f 1699/1699 4084/4084 1688/1688
f 1688/1688 4084/4084 1322/1322
f 1322/1322 4084/4084 1326/1326
f 1326/1326 4084/4084 1699/1699
f 1681/1681 1679/1679 1682/1682
f 1687/1687 1679/1679 1678/1678
f 4059/4059 1678/1678 1677/1677
f 1675/1675 1676/1676 1680/1680
f 1677/1677 1674/1674 1671/1671
f 1671/1671 1670/1670 1677/1677
f 4052/4052 1670/1670 1669/1669
f 1669/1669 1667/1667 2295/2295
f 1666/1666 1668/1668 1672/1672
f 1667/1667 1665/1665 2291/2291
f 1664/1664 1666/1666 1673/1673
f 2286/2286 1665/1665 1662/1662
f 1663/1663 1664/1664 1293/1293
f 1662/1662 1660/1660 2286/2286
f 1663/1663 1659/1659 1661/1661
f 1659/1659 1663/1663 1291/1291
f 2282/2282 1660/1660 1658/1658
f 1658/1658 1657/1657 2282/2282
f 1657/1657 1656/1656 2281/2281
f 2281/2281 1656/1656 1654/1654
f 1654/1654 1652/1652 2281/2281
f 1258/1258 1651/1651 1653/1653
f 1652/1652 1649/1649 2278/2278
f 2278/2278 1649/1649 1647/1647
f 2276/2276 1647/1647 1646/1646
f 1646/1646 1645/1645 2273/2273
f 2258/2258 1645/1645 1644/1644
f 1642/1642 2255/2255 1644/1644
f 1256/1256 1641/1641 1643/1643
f 1639/1639 2252/2252 1642/1642
f 2252/2252 1639/1639 1637/1637
f 2248/2248 1637/1637 1636/1636
f 1634/1634 2250/2250 1636/1636
f 1248/1248 1633/1633 1635/1635
f 1631/1631 2235/2235 1634/1634
f 1629/1629 2235/2235 1631/1631
f 1628/1628 2233/2233 1629/1629
f 1627/1627 2228/2228 1628/1628
f 2225/2225 1627/1627 1626/1626
f 1246/1246 1623/1623 1625/1625
f 1626/1626 1621/1621 1620/1620
f 1620/1620 1619/1619 2224/2224
f 2217/2217 1619/1619 1618/1618
f 1240/1240 1616/1616 1617/1617
f 1618/1618 1611/1611 1610/1610
f 1610/1610 1608/1608 2216/2216
f 1224/1224 1607/1607 1609/1609
f 1608/1608 1605/1605 2213/2213
f 2213/2213 1605/1605 1603/1603
f 2211/2211 1603/1603 1602/1602
f 1602/1602 1599/1599 1598/1598
f 1598/1598 1597/1597 2210/2210
f 2203/2203 1597/1597 1596/1596
f 1210/1210 1593/1593 1595/1595
f 1596/1596 1591/1591 1590/1590
f 1590/1590 1589/1589 2201/2201
f 1589/1589 1588/1588 2198/2198
f 2195/2195 1588/1588 1586/1586
f 1204/1204 1585/1585 1587/1587
f 2192/2192 1586/1586 1583/1583
f 1583/1583 1581/1581 2192/2192
f 1581/1581 1580/1580 2190/2190
f 2187/2187 1580/1580 1578/1578
f 1196/1196 1577/1577 1579/1579
f 2184/2184 1578/1578 1575/1575
f 1575/1575 1573/1573 2184/2184
f 1573/1573 1572/1572 2182/2182
f 2178/2178 1572/1572 1571/1571
f 2175/2175 1571/1571 1570/1570
f 1570/1570 1568/1568 2172/2172
f 1194/1194 1567/1567 1569/1569
f 1568/1568 1565/1565 2169/2169
f 2169/2169 1565/1565 1563/1563
f 2167/2167 1563/1563 1562/1562
f 1562/1562 1560/1560 2164/2164
f 1186/1186 1559/1559 1561/1561
f 2162/2162 1560/1560 1557/1557
f 2162/2162 1557/1557 1555/1555
f 1555/1555 1554/1554 2162/2162
f 1551/1551 1553/1553 1173/1173
f 1550/1550 1554/1554 1552/1552
f 1549/1549 1551/1551 1171/1171
f 1171/1171 4085/4085 1549/1549
f 1548/1548 2160/2160 1550/1550
f 1547/1547 1549/1549 4085/4085
f 4085/4085 4086/4086 1547/1547
f 4085/4085 1166/1166 4086/4086
f 1545/1545 4086/4086 1166/1166
f 1548/1548 1546/1546 2156/2156
f 1545/1545 1547/1547 4086/4086
f 1546/1546 1544/1544 2154/2154
f 1544/1544 1543/1543 2135/2135
f 1543/1543 1540/1540 2131/2131
f 2131/2131 1540/1540 1538/1538
f 2129/2129 1538/1538 1537/1537
f 1537/1537 1535/1535 2126/2126
f 1157/1157 1534/1534 1536/1536
f 1535/1535 1532/1532 2123/2123
f 2123/2123 1532/1532 1531/1531
f 1531/1531 1527/1527 1727/1727
f 1527/1527 1526/1526 1729/1729
f 1526/1526 1525/1525 1731/1731
f 1976/1976 1525/1525 1524/1524
f 1524/1524 1523/1523 1974/1974
f 1148/1148 1146/1146 1150/1150
f 1521/1521 1141/1141 802/802
f 1523/1523 1522/1522 1519/1519
f 1520/1520 1521/1521 1133/1133
f 1519/1519 1517/1517 1972/1972
f 1517/1517 1516/1516 1969/1969
f 4289/4289 4288/4288 4169/4169
f 4169/4169 4167/4167 4289/4289
f 4164/4164 4167/4167 4166/4166
f 4166/4166 4259/4259 4258/4258
f 4261/4261 4260/4260 4168/4168
f 1515/1515 1512/1512 1961/1961
f 1961/1961 1512/1512 1510/1510
f 1959/1959 1510/1510 1509/1509
f 1111/1111 1506/1506 1508/1508
f 1509/1509 1504/1504 1503/1503
f 1503/1503 1502/1502 1958/1958
f 1951/1951 1502/1502 1501/1501
f 1501/1501 1499/1499 1948/1948
f 1105/1105 1498/1498 1500/1500
f 1499/1499 1496/1496 1945/1945
f 1945/1945 1496/1496 1494/1494
f 1943/1943 1494/1494 1493/1493
f 1493/1493 1491/1491 1940/1940
f 1097/1097 1490/1490 1492/1492
f 1491/1491 1488/1488 1939/1939
f 1939/1939 1488/1488 1486/1486
f 2093/2093 1486/1486 1485/1485
f 1485/1485 1484/1484 1928/1928
f 1925/1925 1484/1484 1483/1483
f 1095/1095 1480/1480 1482/1482
f 1483/1483 1478/1478 1477/1477
f 1477/1477 1476/1476 1924/1924
f 1475/1475 1883/1883 1476/1476
f 1475/1475 1473/1473 1881/1881
f 1087/1087 1472/1472 1474/1474
f 1473/1473 1470/1470 1868/1868
f 1468/1468 1868/1868 1470/1470
f 1467/1467 1866/1866 1468/1468
f 1465/1465 1862/1862 1467/1467
f 1079/1079 1464/1464 1466/1466
f 1462/1462 1863/1863 1465/1465
f 1460/1460 1863/1863 1462/1462
f 1459/1459 1851/1851 1460/1460
f 1848/1848 1459/1459 1457/1457
f 1071/1071 1456/1456 1458/1458
f 1845/1845 1457/1457 1454/1454
f 1845/1845 1454/1454 1452/1452
f 1843/1843 1452/1452 1451/1451
f 1840/1840 1451/1451 1449/1449
f 1063/1063 1448/1448 1450/1450
f 1837/1837 1449/1449 1446/1446
f 1446/1446 1444/1444 1837/1837
f 1444/1444 1443/1443 1835/1835
f 1832/1832 1443/1443 1441/1441
f 1055/1055 1440/1440 1442/1442
f 1830/1830 1441/1441 1438/1438
f 1438/1438 1436/1436 1830/1830
f 1436/1436 1435/1435 2112/2112
f 1435/1435 1433/1433 2115/2115
f 1047/1047 1432/1432 1434/1434
f 1433/1433 1430/1430 1821/1821
f 1428/1428 1821/1821 1430/1430
f 1427/1427 1820/1820 1428/1428
f 1427/1427 1425/1425 1818/1818
f 1039/1039 1424/1424 1426/1426
f 1425/1425 1422/1422 1804/1804
f 1420/1420 1804/1804 1422/1422
f 1419/1419 1802/1802 1420/1420
f 1418/1418 1797/1797 1419/1419
f 1794/1794 1418/1418 1417/1417
f 1037/1037 1414/1414 1416/1416
f 1417/1417 1412/1412 1411/1411
f 1411/1411 1410/1410 1793/1793
f 1786/1786 1410/1410 1409/1409
f 1409/1409 1407/1407 1783/1783
f 1029/1029 1406/1406 1408/1408
f 1407/1407 1404/1404 1780/1780
f 1780/1780 1404/1404 1402/1402
f 1778/1778 1402/1402 1401/1401
f 1021/1021 1398/1398 1400/1400
f 1401/1401 1396/1396 1395/1395
f 1395/1395 1394/1394 1777/1777
f 1770/1770 1394/1394 1393/1393
f 1013/1013 1390/1390 1392/1392
f 1393/1393 1388/1388 1387/1387
f 1387/1387 1386/1386 1769/1769
f 1762/1762 1386/1386 1385/1385
f 1005/1005 1382/1382 1384/1384
f 1385/1385 1380/1380 1379/1379
f 1379/1379 1378/1378 1761/1761
f 1754/1754 1378/1378 1377/1377
f 995/995 1373/1373 1376/1376
f 1377/1377 1370/1370 1369/1369
f 1369/1369 1368/1368 1753/1753
f 1746/1746 1368/1368 1367/1367
f 1366/1366 1742/1742 1367/1367
f 1372/1372 1365/1365 1364/1364
f 4251/4251 4150/4150 4152/4152
f 4152/4152 4150/4150 4151/4151
f 4151/4151 4153/4153 4152/4152
f 4153/4153 4330/4330 4328/4328
f 1738/1738 1360/1360 1358/1358
f 1736/1736 1358/1358 1357/1357
f 1357/1357 1355/1355 1733/1733
f 1355/1355 1354/1354 1710/1710
f 1712/1712 1354/1354 1353/1353
f 1351/1351 4083/4083 1353/1353
f 1350/1350 1352/1352 1356/1356
f 1356/1356 984/984 1350/1350
f 1349/1349 1350/1350 984/984
f 1341/1341 1347/1347 1351/1351
f 1347/1347 1345/1345 1351/1351
f 1333/1333 1346/1346 1348/1348
f 1333/1333 1348/1348 973/973
f 978/978 973/973 1348/1348
f 1345/1345 1344/1344 1351/1351
f 1702/1702 1344/1344 1343/1343
f 1341/1341 1333/1333 1339/1339
f 1337/1337 1335/1335 1338/1338
f 1334/1334 1336/1336 970/970
f 972/972 1334/1334 970/970
f 4087/4087 972/972 970/970
f 660/660 4087/4087 970/970
f 4087/4087 660/660 969/969
f 972/972 4087/4087 969/969
f 1333/1333 1342/1342 1335/1335
f 971/971 1332/1332 1334/1334
f 1331/1331 971/971 1334/1334
f 972/972 1331/1331 1334/1334
f 969/969 965/965 972/972
f 1330/1330 1329/1329 1333/1333
f 1343/1343 1329/1329 1328/1328
f 1328/1328 1327/1327 1698/1698
f 1699/1699 1327/1327 1326/1326
f 1326/1326 1323/1323 1322/1322
f 1322/1322 1321/1321 1688/1688
f 1684/1684 1321/1321 1320/1320
f 1320/1320 1318/1318 1686/1686
f 955/955 1317/1317 1319/1319
f 1318/1318 1315/1315 1307/1307
f 1307/1307 1315/1315 1312/1312
f 942/942 1311/1311 1313/1313
f 1306/1306 1309/1309 1276/1276
f 940/940 1276/1276 1309/1309
f 1312/1312 1308/1308 1307/1307
f 1276/1276 1305/1305 1306/1306
f 1307/1307 1303/1303 1302/1302
f 1683/1683 1302/1302 1301/1301
f 1299/1299 1300/1300 1304/1304
f 1301/1301 1298/1298 1295/1295
f 1295/1295 1294/1294 1301/1301
f 1675/1675 1294/1294 1293/1293
f 1293/1293 1291/1291 1663/1663
f 1290/1290 1292/1292 1296/1296
f 1291/1291 1288/1288 1659/1659
f 1289/1289 1290/1290 1297/1297
f 1288/1288 1287/1287 1655/1655
f 1287/1287 1285/1285 1653/1653
f 1653/1653 1285/1285 1263/1263
f 1285/1285 1283/1283 1263/1263
f 1282/1282 1284/1284 1286/1286
f 1264/1264 1283/1283 1281/1281
f 1281/1281 4088/4088 1264/1264
f 1280/1280 1282/1282 1289/1289
f 4088/4088 1281/1281 1279/1279
f 1279/1279 4089/4089 4088/4088
f 1268/1268 4088/4088 4089/4089
f 1268/1268 4089/4089 1277/1277
f 1278/1278 1280/1280 1299/1299
f 1279/1279 1277/1277 4089/4089
f 1276/1276 1278/1278 1305/1305
f 1276/1276 940/940 1275/1275
f 1277/1277 1269/1269 1268/1268
f 4088/4088 1268/1268 1266/1266
f 1266/1266 1264/1264 4088/4088
f 1264/1264 1263/1263 1283/1283
f 1263/1263 1260/1260 1653/1653
f 1653/1653 1260/1260 1258/1258
f 1651/1651 1258/1258 1257/1257
f 1257/1257 1256/1256 1648/1648
f 1641/1641 1256/1256 1255/1255
f 1255/1255 1253/1253 1638/1638
f 908/908 1252/1252 1254/1254
f 1253/1253 1250/1250 1635/1635
f 1635/1635 1250/1250 1248/1248
f 1633/1633 1248/1248 1247/1247
f 1247/1247 1246/1246 1630/1630
f 1623/1623 1246/1246 1245/1245
f 1245/1245 1242/1242 1241/1241
f 1241/1241 1240/1240 1622/1622
f 1616/1616 1240/1240 1239/1239
f 1239/1239 1236/1236 1614/1614
f 899/899 1237/1237 1238/1238
f 1235/1235 1237/1237 4090/4090
f 1235/1235 4090/4090 895/895
f 897/897 4090/4090 1237/1237
f 1236/1236 1234/1234 1614/1614
f 1232/1232 1233/1233 4091/4091
f 1232/1232 4091/4091 890/890
f 892/892 4091/4091 1233/1233
f 1234/1234 1230/1230 1228/1228
f 1226/1226 1613/1613 1228/1228
f 1229/1229 1225/1225 1227/1227
f 1609/1609 1226/1226 1224/1224
f 1231/1231 1222/1222 1225/1225
f 1222/1222 1231/1231 878/878
f 1607/1607 1224/1224 1223/1223
f 1223/1223 1221/1221 1604/1604
f 1221/1221 1218/1218 1601/1601
f 875/875 1217/1217 1219/1219
f 1601/1601 1218/1218 1216/1216
f 1216/1216 1215/1215 1601/1601
f 1215/1215 1214/1214 1600/1600
f 1600/1600 1214/1214 1211/1211
f 870/870 1212/1212 1213/1213
f 1211/1211 1210/1210 1600/1600
f 1593/1593 1210/1210 1209/1209
f 1209/1209 1206/1206 1205/1205
f 1205/1205 1204/1204 1592/1592
f 1585/1585 1204/1204 1203/1203
f 1203/1203 1201/1201 1582/1582
f 857/857 1200/1200 1202/1202
f 1201/1201 1198/1198 1579/1579
f 1579/1579 1198/1198 1196/1196
f 1577/1577 1196/1196 1195/1195
f 1195/1195 1194/1194 1574/1574
f 1567/1567 1194/1194 1193/1193
f 1193/1193 1191/1191 1564/1564
f 855/855 1190/1190 1192/1192
f 1191/1191 1188/1188 1561/1561
f 1561/1561 1188/1188 1186/1186
f 1559/1559 1186/1186 1185/1185
f 1556/1556 1185/1185 1184/1184
f 1178/1178 1180/1180 833/833
f 1177/1177 1181/1181 1179/1179
f 1176/1176 1178/1178 831/831
f 831/831 4092/4092 1176/1176
f 1175/1175 1184/1184 1177/1177
f 1174/1174 1176/1176 4092/4092
f 4092/4092 4093/4093 1174/1174
f 4092/4092 826/826 4093/4093
f 1172/1172 4093/4093 826/826
f 1175/1175 1173/1173 1553/1553
f 1172/1172 1174/1174 4093/4093
f 1173/1173 1171/1171 1551/1551
f 1171/1171 1167/1167 4085/4085
f 1166/1166 4085/4085 1167/1167
f 1166/1166 1165/1165 1545/1545
f 1542/1542 1165/1165 1164/1164
f 1164/1164 1162/1162 1539/1539
f 817/817 1161/1161 1163/1163
f 1162/1162 1159/1159 1536/1536
f 1536/1536 1159/1159 1157/1157
f 1534/1534 1157/1157 1156/1156
f 1156/1156 1155/1155 1528/1528
f 1150/1150 1155/1155 1153/1153
f 1144/1144 1151/1151 1153/1153
f 1151/1151 1150/1150 1153/1153
f 1150/1150 1149/1149 1147/1147
f 1149/1149 1148/1148 1147/1147
f 1147/1147 1146/1146 1530/1530
f 1144/1144 1150/1150 1146/1146
f 1142/1142 1143/1143 1145/1145
f 1152/1152 1141/1141 1142/1142
f 1140/1140 1141/1141 1138/1138
f 802/802 1140/1140 1138/1138
f 1144/1144 1139/1139 1136/1136
f 802/802 1141/1141 1136/1136
f 802/802 1133/1133 1521/1521
f 1133/1133 1132/1132 1520/1520
f 1520/1520 1132/1132 1130/1130
f 1129/1129 1131/1131 793/793
f 1518/1518 1130/1130 1128/1128
f 1127/1127 1129/1129 791/791
f 1128/1128 1124/1124 1518/1518
f 4175/4175 4172/4172 4303/4303
f 4291/4291 4170/4170 4287/4287
f 4170/4170 4171/4171 4168/4168
f 4168/4168 4171/4171 4261/4261
f 1514/1514 1119/1119 1118/1118
f 1118/1118 1116/1116 1511/1511
f 784/784 1115/1115 1117/1117
f 1116/1116 1113/1113 1508/1508
f 1508/1508 1113/1113 1111/1111
f 1506/1506 1111/1111 1110/1110
f 1110/1110 1107/1107 1106/1106
f 1106/1106 1105/1105 1505/1505
f 1498/1498 1105/1105 1104/1104
f 1104/1104 1102/1102 1495/1495
f 769/769 1101/1101 1103/1103
f 1102/1102 1099/1099 1492/1492
f 1492/1492 1099/1099 1097/1097
f 1490/1490 1097/1097 1096/1096
f 1096/1096 1095/1095 1487/1487
f 1480/1480 1095/1095 1094/1094
f 767/767 1091/1091 1093/1093
f 1094/1094 1089/1089 1088/1088
f 1088/1088 1087/1087 1479/1479
f 1472/1472 1087/1087 1086/1086
f 1086/1086 1084/1084 1469/1469
f 760/760 1083/1083 1085/1085
f 1084/1084 1081/1081 1466/1466
f 1466/1466 1081/1081 1079/1079
f 1464/1464 1079/1079 1078/1078
f 1078/1078 1076/1076 1461/1461
f 752/752 1075/1075 1077/1077
f 1076/1076 1073/1073 1458/1458
f 1458/1458 1073/1073 1071/1071
f 1456/1456 1071/1071 1070/1070
f 1070/1070 1068/1068 1453/1453
f 744/744 1067/1067 1069/1069
f 1068/1068 1065/1065 1450/1450
f 1450/1450 1065/1065 1063/1063
f 1448/1448 1063/1063 1062/1062
f 1062/1062 1060/1060 1445/1445
f 736/736 1059/1059 1061/1061
f 1060/1060 1057/1057 1442/1442
f 1442/1442 1057/1057 1055/1055
f 1440/1440 1055/1055 1054/1054
f 1054/1054 1052/1052 1437/1437
f 728/728 1051/1051 1053/1053
f 1052/1052 1049/1049 1434/1434
f 1434/1434 1049/1049 1047/1047
f 1432/1432 1047/1047 1046/1046
f 1046/1046 1044/1044 1429/1429
f 720/720 1043/1043 1045/1045
f 1044/1044 1041/1041 1426/1426
f 1426/1426 1041/1041 1039/1039
f 1424/1424 1039/1039 1038/1038
f 1038/1038 1037/1037 1421/1421
f 1414/1414 1037/1037 1036/1036
f 718/718 1033/1033 1035/1035
f 1036/1036 1031/1031 1030/1030
f 1030/1030 1029/1029 1413/1413
f 1406/1406 1029/1029 1028/1028
f 1028/1028 1026/1026 1403/1403
f 711/711 1025/1025 1027/1027
f 1026/1026 1023/1023 1400/1400
f 1400/1400 1023/1023 1021/1021
f 1398/1398 1021/1021 1020/1020
f 703/703 1017/1017 1019/1019
f 1020/1020 1015/1015 1014/1014
f 1014/1014 1013/1013 1397/1397
f 1390/1390 1013/1013 1012/1012
f 695/695 1009/1009 1011/1011
f 1012/1012 1007/1007 1006/1006
f 1006/1006 1005/1005 1389/1389
f 1382/1382 1005/1005 1004/1004
f 685/685 1000/1000 1003/1003
f 1004/1004 997/997 996/996
f 996/996 995/995 1381/1381
f 1373/1373 995/995 993/993
f 4245/4245 4246/4246 4352/4352
f 993/993 992/992 1375/1375
f 1371/1371 1375/1375 1372/1372
f 4250/4250 4249/4249 4147/4147
f 4147/4147 4146/4146 4148/4148
f 990/990 989/989 4094/4094
f 989/989 987/987 1363/1363
f 987/987 985/985 1359/1359
f 985/985 984/984 1356/1356
f 984/984 983/983 1349/1349
f 1349/1349 983/983 981/981
f 980/980 982/982 986/986
f 1348/1348 981/981 978/978
f 979/979 980/980 988/988
f 974/974 973/973 978/978
f 973/973 971/971 1333/1333
f 1336/1336 971/971 970/970
f 970/970 969/969 660/660
f 967/967 965/965 969/969
f 968/968 972/972 660/660
f 966/966 965/965 967/967
f 965/965 964/964 1325/1325
f 964/964 963/963 1324/1324
f 1324/1324 963/963 956/956
f 957/957 962/962 663/663
f 956/956 955/955 1324/1324
f 1317/1317 955/955 954/954
f 954/954 952/952 1314/1314
f 647/647 950/950 953/953
f 952/952 951/951 1313/1313
f 1313/1313 951/951 947/947
f 951/951 949/949 948/948
f 948/948 947/947 951/951
f 628/628 946/946 634/634
f 947/947 944/944 1313/1313
f 1313/1313 944/944 942/942
f 1311/1311 942/942 941/941
f 941/941 940/940 1309/1309
f 939/939 1275/1275 940/940
f 939/939 937/937 1272/1272
f 626/626 936/936 938/938
f 937/937 934/934 1273/1273
f 932/932 1273/1273 934/934
f 1273/1273 932/932 923/923
f 926/926 923/923 932/932
f 922/922 925/925 891/891
f 923/923 926/926 924/924
f 1273/1273 923/923 921/921
f 921/921 920/920 1273/1273
f 916/916 919/919 896/896
f 917/917 920/920 918/918
f 1267/1267 917/917 915/915
f 915/915 914/914 1267/1267
f 1265/1265 914/914 913/913
f 1265/1265 913/913 911/911
f 911/911 910/910 1265/1265
f 1262/1262 910/910 909/909
f 909/909 908/908 1259/1259
f 1252/1252 908/908 907/907
f 907/907 905/905 1249/1249
f 905/905 904/904 1244/1244
f 904/904 903/903 1243/1243
f 1243/1243 903/903 900/900
f 901/901 902/902 906/906
f 898/898 901/901 912/912
f 900/900 899/899 1243/1243
f 1237/1237 899/899 897/897
f 896/896 898/898 916/916
f 897/897 895/895 4090/4090
f 893/893 896/896 919/919
f 895/895 894/894 1235/1235
f 1233/1233 894/894 892/892
f 891/891 893/893 922/922
f 892/892 890/890 4091/4091
f 889/889 891/891 925/925
f 890/890 885/885 1232/1232
f 889/889 610/610 886/886
f 883/883 1232/1232 885/885
f 882/882 884/884 888/888
f 888/888 603/603 882/882
f 1231/1231 883/883 880/880
f 881/881 882/882 603/603
f 880/880 878/878 1231/1231
f 881/881 877/877 879/879
f 877/877 881/881 602/602
f 878/878 876/876 1222/1222
f 602/602 874/874 877/877
f 876/876 875/875 1220/1220
f 1217/1217 875/875 872/872
f 871/871 873/873 4095/4095
f 4095/4095 4096/4096 871/871
f 596/596 4096/4096 4095/4095
f 4095/4095 873/873 596/596
f 872/872 870/870 1217/1217
f 869/869 871/871 4096/4096
f 4096/4096 842/842 869/869
f 594/594 842/842 4096/4096
f 1212/1212 870/870 867/867
f 868/868 869/869 842/842
f 867/867 865/865 1212/1212
f 868/868 864/864 866/866
f 864/864 868/868 843/843
f 1208/1208 865/865 863/863
f 863/863 862/862 1208/1208
f 862/862 861/861 1207/1207
f 1207/1207 861/861 858/858
f 845/845 859/859 860/860
f 858/858 857/857 1207/1207
f 1200/1200 857/857 856/856
f 856/856 855/855 1197/1197
f 1190/1190 855/855 854/854
f 854/854 852/852 1187/1187
f 859/859 850/850 853/853
f 1183/1183 852/852 851/851
f 847/847 850/850 859/859
f 849/849 848/848 851/851
f 835/835 848/848 846/846
f 846/846 839/839 835/835
f 859/859 845/845 847/847
f 846/846 844/844 839/839
f 843/843 845/845 864/864
f 842/842 843/843 868/868
f 844/844 841/841 840/840
f 840/840 839/839 844/844
f 834/834 837/837 4097/4097
f 583/583 4097/4097 837/837
f 4097/4097 583/583 832/832
f 836/836 835/835 839/839
f 835/835 833/833 1180/1180
f 832/832 834/834 4097/4097
f 833/833 831/831 1178/1178
f 831/831 827/827 4092/4092
f 826/826 4092/4092 827/827
f 826/826 825/825 1172/1172
f 1169/1169 825/825 824/824
f 576/576 821/821 823/823
f 824/824 819/819 818/818
f 818/818 817/817 1168/1168
f 1161/1161 817/817 816/816
f 816/816 814/814 1158/1158
f 568/568 813/813 815/815
f 814/814 811/811 1154/1154
f 1154/1154 811/811 810/810
f 810/810 809/809 1138/1138
f 809/809 802/802 806/806
f 1135/1135 806/806 564/564
f 564/564 805/805 562/562
f 805/805 800/800 562/562
f 803/803 804/804 807/807
f 801/801 802/802 803/803
f 564/564 801/801 803/803
f 798/798 562/562 800/800
f 796/796 797/797 557/557
f 559/559 796/796 557/557
f 564/564 562/562 795/795
f 1134/1134 795/795 793/793
f 794/794 554/554 542/542
f 793/793 791/791 1129/1129
f 791/791 790/790 1127/1127
f 4338/4338 4337/4337 4177/4177
f 4177/4177 4175/4175 4338/4338
f 4172/4172 4175/4175 4174/4174
f 4174/4174 4263/4263 4262/4262
f 4265/4265 4264/4264 4176/4176
f 789/789 786/786 1117/1117
f 527/527 787/787 788/788
f 785/785 787/787 527/527
f 1117/1117 786/786 784/784
f 1115/1115 784/784 783/783
f 1112/1112 783/783 781/781
f 520/520 780/780 782/782
f 781/781 778/778 1109/1109
f 1109/1109 778/778 775/775
f 775/775 774/774 1109/1109
f 774/774 773/773 1108/1108
f 1108/1108 773/773 770/770
f 771/771 772/772 776/776
f 776/776 4098/4098 771/771
f 764/764 771/771 4098/4098
f 4098/4098 4099/4099 764/764
f 511/511 4099/4099 4098/4098
f 763/763 4099/4099 511/511
f 512/512 4098/4098 776/776
f 770/770 769/769 1108/1108
f 1101/1101 769/769 768/768
f 768/768 767/767 1098/1098
f 1091/1091 767/767 766/766
f 771/771 764/764 765/765
f 763/763 764/764 4099/4099
f 766/766 762/762 761/761
f 761/761 760/760 1090/1090
f 1083/1083 760/760 759/759
f 759/759 757/757 1080/1080
f 510/510 756/756 758/758
f 757/757 754/754 1077/1077
f 1077/1077 754/754 752/752
f 1075/1075 752/752 751/751
f 751/751 749/749 1072/1072
f 502/502 748/748 750/750
f 749/749 746/746 1069/1069
f 1069/1069 746/746 744/744
f 1067/1067 744/744 743/743
f 743/743 741/741 1064/1064
f 494/494 740/740 742/742
f 741/741 738/738 1061/1061
f 1061/1061 738/738 736/736
f 1059/1059 736/736 735/735
f 735/735 733/733 1056/1056
f 486/486 732/732 734/734
f 733/733 730/730 1053/1053
f 1053/1053 730/730 728/728
f 1051/1051 728/728 727/727
f 727/727 725/725 1048/1048
f 478/478 724/724 726/726
f 725/725 722/722 1045/1045
f 1045/1045 722/722 720/720
f 1043/1043 720/720 719/719
f 719/719 718/718 1040/1040
f 1033/1033 718/718 717/717
f 476/476 715/715 716/716
f 714/714 715/715 4100/4100
f 714/714 4100/4100 469/469
f 469/469 4100/4100 475/475
f 475/475 4100/4100 715/715
f 717/717 713/713 712/712
f 712/712 711/711 1032/1032
f 1025/1025 711/711 710/710
f 710/710 708/708 1022/1022
f 468/468 707/707 709/709
f 708/708 705/705 1019/1019
f 1019/1019 705/705 703/703
f 1017/1017 703/703 702/702
f 460/460 699/699 701/701
f 702/702 697/697 696/696
f 696/696 695/695 1016/1016
f 1009/1009 695/695 694/694
f 452/452 690/690 693/693
f 694/694 687/687 686/686
f 686/686 685/685 1008/1008
f 1000/1000 685/685 684/684
f 4241/4241 4242/4242 4354/4354
f 684/684 683/683 1002/1002
f 1002/1002 999/999 998/998
f 4246/4246 4245/4245 4140/4140
f 4140/4140 4141/4141 4246/4246
f 4246/4246 4141/4141 4142/4142
f 4144/4144 4142/4142 4143/4143
f 4137/4137 4138/4138 4139/4139
f 4143/4143 4334/4334 4333/4333
f 675/675 674/674 979/979
f 976/976 674/674 673/673
f 671/671 672/672 676/676
f 673/673 670/670 669/669
f 669/669 667/667 975/975
f 4101/4101 666/666 668/668
f 668/668 4102/4102 4101/4101
f 4103/4103 4101/4101 4102/4102
f 4102/4102 4104/4104 4103/4103
f 4103/4103 4104/4104 436/436
f 436/436 4104/4104 440/440
f 440/440 4104/4104 4102/4102
f 4101/4101 4103/4103 642/642
f 642/642 4103/4103 435/435
f 441/441 4102/4102 668/668
f 666/666 4101/4101 649/649
f 667/667 658/658 660/660
f 649/649 665/665 666/666
f 649/649 656/656 665/665
f 660/660 658/658 663/663
f 957/957 663/663 661/661
f 664/664 657/657 662/662
f 660/660 659/659 661/661
f 659/659 658/658 661/661
f 960/960 658/658 655/655
f 657/657 664/664 656/656
f 649/649 959/959 655/655
f 649/649 654/654 961/961
f 654/654 642/642 961/961
f 651/651 961/961 642/642
f 652/652 653/653 656/656
f 649/649 652/652 656/656
f 650/650 647/647 651/651
f 642/642 649/649 4101/4101
f 648/648 647/647 650/650
f 950/950 647/647 646/646
f 639/639 646/646 645/645
f 4105/4105 645/645 644/644
f 640/640 645/645 4105/4105
f 435/435 638/638 642/642
f 426/426 4106/4106 643/643
f 4106/4106 4107/4107 643/643
f 4107/4107 638/638 643/643
f 4107/4107 4106/4106 425/425
f 427/427 4107/4107 425/425
f 4108/4108 427/427 425/425
f 420/420 4108/4108 425/425
f 4108/4108 420/420 424/424
f 427/427 4108/4108 424/424
f 4105/4105 644/644 640/640
f 641/641 642/642 643/643
f 638/638 641/641 643/643
f 639/639 645/645 640/640
f 637/637 638/638 4107/4107
f 426/426 637/637 4107/4107
f 636/636 426/426 4107/4107
f 427/427 636/636 4107/4107
f 427/427 424/424 633/633
f 639/639 635/635 634/634
f 634/634 630/630 628/628
f 946/946 628/628 627/627
f 627/627 626/626 943/943
f 936/936 626/626 625/625
f 625/625 623/623 933/933
f 406/406 622/622 624/624
f 623/623 620/620 931/931
f 931/931 620/620 618/618
f 929/929 618/618 617/617
f 398/398 614/614 616/616
f 617/617 612/612 611/611
f 611/611 610/610 928/928
f 609/609 886/886 610/610
f 888/888 609/609 605/605
f 393/393 606/606 608/608
f 605/605 603/603 888/888
f 603/603 602/602 881/881
f 874/874 602/602 599/599
f 386/386 598/598 600/600
f 599/599 597/597 874/874
f 384/384 595/595 598/598
f 597/597 596/596 873/873
f 4096/4096 596/596 594/594
f 842/842 594/594 591/591
f 378/378 589/589 592/592
f 591/591 590/590 842/842
f 838/838 590/590 588/588
f 837/837 588/588 584/584
f 837/837 584/584 583/583
f 582/582 832/832 583/583
f 829/829 582/582 581/581
f 581/581 578/578 577/577
f 577/577 576/576 828/828
f 821/821 576/576 575/575
f 362/362 573/573 574/574
f 575/575 570/570 569/569
f 569/569 568/568 820/820
f 813/813 568/568 567/567
f 567/567 565/565 808/808
f 803/803 565/565 564/564
f 564/564 563/563 799/799
f 563/563 562/562 799/799
f 562/562 561/561 799/799
f 561/561 559/559 799/799
f 556/556 560/560 566/566
f 559/559 558/558 544/544
f 558/558 557/557 544/544
f 559/559 557/557 555/555
f 559/559 555/555 554/554
f 552/552 553/553 556/556
f 550/550 545/545 548/548
f 545/545 350/350 548/548
f 545/545 4109/4109 350/350
f 4109/4109 346/346 350/350
f 346/346 4110/4110 350/350
f 4110/4110 346/346 359/359
f 345/345 4110/4110 359/359
f 346/346 4109/4109 359/359
f 4109/4109 545/545 359/359
f 544/544 550/550 548/548
f 549/549 546/546 551/551
f 547/547 548/548 346/346
f 545/545 547/547 346/346
f 546/546 544/544 551/551
f 544/544 542/542 554/554
f 542/542 541/541 794/794
f 794/794 541/541 539/539
f 538/538 540/540 341/341
f 792/792 539/539 537/537
f 534/534 538/538 339/339
f 537/537 533/533 792/792
f 4180/4180 4302/4302 4183/4183
f 4340/4340 4178/4178 4336/4336
f 4178/4178 4179/4179 4176/4176
f 4176/4176 4179/4179 4265/4265
f 788/788 528/528 527/527
f 527/527 525/525 785/785
f 332/332 524/524 526/526
f 525/525 522/522 782/782
f 782/782 522/522 520/520
f 780/780 520/520 519/519
f 519/519 517/517 777/777
f 324/324 516/516 518/518
f 517/517 514/514 776/776
f 776/776 514/514 512/512
f 4098/4098 512/512 511/511
f 511/511 510/510 763/763
f 756/756 510/510 509/509
f 509/509 507/507 753/753
f 322/322 506/506 508/508
f 507/507 504/504 750/750
f 750/750 504/504 502/502
f 748/748 502/502 501/501
f 501/501 499/499 745/745
f 314/314 498/498 500/500
f 499/499 496/496 742/742
f 742/742 496/496 494/494
f 740/740 494/494 493/493
f 493/493 491/491 737/737
f 306/306 490/490 492/492
f 491/491 488/488 734/734
f 734/734 488/488 486/486
f 732/732 486/486 485/485
f 485/485 483/483 729/729
f 298/298 482/482 484/484
f 483/483 480/480 726/726
f 726/726 480/480 478/478
f 724/724 478/478 477/477
f 477/477 476/476 721/721
f 715/715 476/476 475/475
f 296/296 472/472 474/474
f 475/475 470/470 469/469
f 469/469 468/468 714/714
f 707/707 468/468 467/467
f 467/467 465/465 704/704
f 288/288 464/464 466/466
f 465/465 462/462 701/701
f 701/701 462/462 460/460
f 699/699 460/460 459/459
f 280/280 457/457 458/458
f 455/455 457/457 4111/4111
f 455/455 4111/4111 4112/4112
f 4112/4112 4111/4111 279/279
f 279/279 4111/4111 457/457
f 459/459 454/454 453/453
f 453/453 452/452 698/698
f 690/690 452/452 451/451
f 456/456 449/449 448/448
f 451/451 450/450 692/692
f 692/692 689/689 688/688
f 4242/4242 4241/4241 4227/4227
f 4227/4227 4226/4226 4228/4228
f 4226/4226 4311/4311 4228/4228
f 445/445 4113/4113 447/447
f 446/446 4114/4114 445/445
f 4231/4231 4233/4233 4232/4232
f 4233/4233 4342/4342 4341/4341
f 671/671 444/444 443/443
f 668/668 443/443 441/441
f 4102/4102 441/441 440/440
f 442/442 438/438 439/439
f 440/440 437/437 436/436
f 436/436 435/435 4103/4103
f 638/638 435/435 434/434
f 269/269 431/431 433/433
f 434/434 429/429 427/427
f 428/428 420/420 4115/4115
f 4115/4115 420/420 261/261
f 421/421 428/428 4115/4115
f 427/427 426/426 434/434
f 4106/4106 426/426 425/425
f 425/425 424/424 420/420
f 423/423 633/633 424/424
f 422/422 633/633 423/423
f 420/420 633/633 422/422
f 4115/4115 418/418 421/421
f 632/632 420/420 419/419
f 408/408 632/632 419/419
f 419/419 416/416 408/408
f 416/416 4116/4116 408/408
f 4116/4116 261/261 408/408
f 4117/4117 261/261 4116/4116
f 420/420 4117/4117 4116/4116
f 4117/4117 420/420 413/413
f 4116/4116 416/416 420/420
f 418/418 4115/4115 261/261
f 419/419 417/417 416/416
f 413/413 420/420 416/416
f 414/414 260/260 4118/4118
f 4119/4119 4118/4118 260/260
f 4118/4118 4119/4119 255/255
f 246/246 4118/4118 255/255
f 255/255 4120/4120 246/246
f 4120/4120 257/257 246/246
f 4118/4118 246/246 257/257
f 257/257 412/412 4118/4118
f 4119/4119 257/257 255/255
f 412/412 414/414 4118/4118
f 261/261 4117/4117 413/413
f 260/260 411/411 412/412
f 410/410 260/260 412/412
f 257/257 410/410 412/412
f 257/257 4120/4120 254/254
f 409/409 408/408 261/261
f 632/632 408/408 407/407
f 407/407 406/406 629/629
f 622/622 406/406 405/405
f 405/405 403/403 619/619
f 254/254 402/402 404/404
f 403/403 400/400 616/616
f 616/616 400/400 398/398
f 614/614 398/398 397/397
f 397/397 395/395 394/394
f 394/394 393/393 613/613
f 606/606 393/393 392/392
f 392/392 389/389 388/388
f 388/388 387/387 604/604
f 387/387 386/386 601/601
f 598/598 386/386 384/384
f 210/210 383/383 385/385
f 595/595 384/384 381/381
f 381/381 379/379 595/595
f 379/379 378/378 593/593
f 589/589 378/378 377/377
f 586/586 377/377 376/376
f 208/208 373/373 375/375
f 376/376 371/371 370/370
f 370/370 368/368 585/585
f 368/368 367/367 580/580
f 367/367 366/366 579/579
f 579/579 366/366 363/363
f 364/364 365/365 369/369
f 369/369 200/200 364/364
f 357/357 364/364 200/200
f 363/363 362/362 579/579
f 573/573 362/362 361/361
f 361/361 360/360 552/552
f 545/545 360/360 359/359
f 359/359 354/354 345/345
f 364/364 357/357 358/358
f 188/188 355/355 356/356
f 188/188 345/345 355/355
f 345/345 352/352 355/355
f 353/353 345/345 354/354
f 188/188 351/351 353/353
f 351/351 345/345 353/353
f 4110/4110 345/345 350/350
f 350/350 349/349 548/548
f 349/349 346/346 548/548
f 347/347 348/348 352/352
f 345/345 347/347 352/352
f 545/545 346/346 344/344
f 343/343 345/345 188/188
f 543/543 344/344 341/341
f 342/342 343/343 186/186
f 341/341 339/339 538/538
f 339/339 338/338 534/534
f 4346/4346 4350/4350 4185/4185
f 4185/4185 4183/4183 4346/4346
f 4180/4180 4183/4183 4182/4182
f 4182/4182 4267/4267 4266/4266
f 4269/4269 4268/4268 4184/4184
f 337/337 334/334 526/526
f 526/526 334/334 332/332
f 524/524 332/332 331/331
f 331/331 329/329 521/521
f 165/165 328/328 330/330
f 329/329 326/326 518/518
f 518/518 326/326 324/324
f 516/516 324/324 323/323
f 323/323 322/322 513/513
f 506/506 322/322 321/321
f 321/321 319/319 503/503
f 163/163 318/318 320/320
f 319/319 316/316 500/500
f 500/500 316/316 314/314
f 498/498 314/314 313/313
f 313/313 311/311 495/495
f 312/312 155/155 310/310
f 311/311 308/308 492/492
f 492/492 308/308 306/306
f 490/490 306/306 305/305
f 305/305 303/303 487/487
f 147/147 302/302 304/304
f 303/303 300/300 484/484
f 484/484 300/300 298/298
f 482/482 298/298 297/297
f 297/297 296/296 479/479
f 472/472 296/296 295/295
f 145/145 292/292 294/294
f 295/295 290/290 289/289
f 289/289 288/288 471/471
f 464/464 288/288 287/287
f 287/287 285/285 461/461
f 137/137 284/284 286/286
f 285/285 282/282 458/458
f 458/458 282/282 280/280
f 457/457 280/280 279/279
f 130/130 277/277 276/276
f 279/279 278/278 4112/4112
f 4112/4112 456/456 455/455
f 4238/4238 4237/4237 4219/4219
f 4219/4219 4218/4218 4220/4220
f 4218/4218 4321/4321 4220/4220
f 273/273 4121/4121 275/275
f 273/273 274/274 4122/4122
f 4223/4223 4225/4225 4224/4224
f 4225/4225 4313/4313 4312/4312
f 438/438 272/272 271/271
f 433/433 271/271 269/269
f 431/431 269/269 268/268
f 270/270 266/266 267/267
f 268/268 265/265 264/264
f 264/264 262/262 430/430
f 262/262 261/261 420/420
f 415/415 261/261 260/260
f 257/257 4119/4119 260/260
f 258/258 259/259 263/263
f 263/263 4123/4123 258/258
f 4124/4124 258/258 4123/4123
f 4123/4123 4125/4125 4124/4124
f 4124/4124 4125/4125 115/115
f 115/115 4125/4125 119/119
f 119/119 4125/4125 4123/4123
f 258/258 4124/4124 246/246
f 246/246 4124/4124 113/113
f 120/120 4123/4123 263/263
f 257/257 256/256 255/255
f 4120/4120 255/255 254/254
f 402/402 254/254 245/245
f 246/246 253/253 258/258
f 245/245 241/241 399/399
f 244/244 247/247 243/243
f 242/242 243/243 246/246
f 250/250 112/112 242/242
f 241/241 238/238 396/396
f 240/240 112/112 251/251
f 111/111 240/240 251/251
f 239/239 111/111 251/251
f 109/109 239/239 251/251
f 396/396 238/238 230/230
f 237/237 109/109 235/235
f 106/106 237/237 235/235
f 234/234 235/235 111/111
f 236/236 232/232 230/230
f 230/230 229/229 396/396
f 229/229 228/228 227/227
f 391/391 227/227 216/216
f 216/216 215/215 391/391
f 215/215 214/214 390/390
f 390/390 214/214 211/211
f 212/212 213/213 217/217
f 217/217 90/90 212/212
f 205/205 212/212 90/90
f 211/211 210/210 390/390
f 210/210 209/209 383/383
f 380/380 209/209 208/208
f 373/373 208/208 207/207
f 212/212 205/205 206/206
f 207/207 204/204 203/203
f 203/203 201/201 372/372
f 201/201 200/200 369/369
f 200/200 199/199 357/357
f 357/357 199/199 197/197
f 196/196 198/198 202/202
f 202/202 4126/4126 196/196
f 86/86 4126/4126 202/202
f 4126/4126 86/86 78/78
f 78/78 4127/4127 4126/4126
f 4127/4127 79/79 4126/4126
f 79/79 4128/4128 4126/4126
f 4128/4128 189/189 4126/4126
f 189/189 4128/4128 4129/4129
f 189/189 4129/4129 194/194
f 4129/4129 4130/4130 194/194
f 4130/4130 79/79 194/194
f 4130/4130 4129/4129 81/81
f 4129/4129 78/78 81/81
f 78/78 4131/4131 81/81
f 4131/4131 84/84 81/81
f 84/84 4131/4131 82/82
f 4131/4131 78/78 82/82
f 4128/4128 79/79 4129/4129
f 79/79 4127/4127 4129/4129
f 4127/4127 78/78 4129/4129
f 78/78 86/86 82/82
f 189/189 196/196 4126/4126
f 195/195 189/189 194/194
f 188/188 195/195 194/194
f 194/194 79/79 192/192
f 189/189 192/192 79/79
f 193/193 191/191 190/190
f 188/188 197/197 190/190
f 188/188 186/186 343/343
f 186/186 185/185 342/342
f 342/342 185/185 183/183
f 182/182 184/184 74/74
f 340/340 183/183 181/181
f 179/179 182/182 72/72
f 181/181 178/178 340/340
f 4186/4186 4348/4348 4349/4349
f 4132/4132 177/177 180/180
f 4186/4186 4187/4187 4184/4184
f 4184/4184 4187/4187 4269/4269
f 336/336 173/173 172/172
f 172/172 170/170 333/333
f 64/64 169/169 171/171
f 170/170 167/167 330/330
f 330/330 167/167 165/165
f 328/328 165/165 164/164
f 164/164 163/163 325/325
f 318/318 163/163 162/162
f 162/162 160/160 315/315
f 62/62 159/159 161/161
f 160/160 157/157 312/312
f 155/155 312/312 157/157
f 310/310 155/155 154/154
f 154/154 152/152 307/307
f 54/54 151/151 153/153
f 149/149 304/304 152/152
f 304/304 149/149 147/147
f 302/302 147/147 146/146
f 146/146 145/145 299/299
f 292/292 145/145 144/144
f 52/52 141/141 143/143
f 144/144 139/139 138/138
f 138/138 137/137 291/291
f 284/284 137/137 136/136
f 136/136 134/134 281/281
f 45/45 133/133 135/135
f 134/134 131/131 276/276
f 276/276 131/131 130/130
f 4234/4234 4281/4281 4211/4211
f 4211/4211 4210/4210 4212/4212
f 117/117 121/121 125/125
f 4210/4210 4294/4294 4212/4212
f 4212/4212 4215/4215 4214/4214
f 125/125 121/121 126/126
f 4215/4215 4217/4217 4216/4216
f 4217/4217 4323/4323 4322/4322
f 266/266 123/123 122/122
f 263/263 122/122 120/120
f 4123/4123 120/120 119/119
f 121/121 117/117 118/118
f 119/119 116/116 115/115
f 115/115 113/113 4124/4124
f 113/113 112/112 246/246
f 248/248 112/112 111/111
f 109/109 234/234 111/111
f 108/108 110/110 114/114
f 114/114 4133/4133 108/108
f 33/33 4133/4133 114/114
f 109/109 106/106 231/231
f 107/107 108/108 4133/4133
f 4133/4133 4134/4134 107/107
f 107/107 4134/4134 26/26
f 26/26 4134/4134 32/32
f 32/32 4134/4134 4133/4133
f 231/231 106/106 105/105
f 105/105 104/104 218/218
f 104/104 101/101 98/98
f 102/102 103/103 98/98
f 100/100 106/106 101/101
f 97/97 223/223 100/100
f 99/99 102/102 98/98
f 224/224 97/97 95/95
f 95/95 94/94 93/93
f 96/96 93/93 91/91
f 91/91 90/90 217/217
f 90/90 89/89 205/205
f 205/205 89/89 88/88
f 202/202 88/88 86/86
f 92/92 84/84 87/87
f 85/85 83/83 86/86
f 83/83 82/82 86/86
f 81/81 84/84 82/82
f 79/79 4130/4130 81/81
f 78/78 80/80 84/84
f 189/189 79/79 77/77
f 76/76 78/78 84/84
f 84/84 21/21 76/76
f 187/187 77/77 74/74
f 75/75 76/76 21/21
f 74/74 72/72 182/182
f 72/72 71/71 179/179
f 4318/4318 4317/4317 4193/4193
f 4194/4194 4316/4316 4320/4320
f 70/70 13/13 4135/4135
f 4193/4193 4191/4191 4318/4318
f 4188/4188 4191/4191 4190/4190
f 4190/4190 4271/4271 4270/4270
f 4273/4273 4272/4272 4192/4192
f 4192/4192 4195/4195 4273/4273
f 69/69 66/66 171/171
f 171/171 66/66 64/64
f 169/169 64/64 63/63
f 63/63 62/62 166/166
f 159/159 62/62 61/61
f 61/61 59/59 156/156
f 9/9 58/58 60/60
f 59/59 56/56 153/153
f 153/153 56/56 54/54
f 151/151 54/54 53/53
f 53/53 52/52 148/148
f 141/141 52/52 51/51
f 51/51 47/47 46/46
f 46/46 45/45 140/140
f 133/133 45/45 44/44
f 44/44 43/43 129/129
f 49/49 42/42 41/41
f 4279/4279 4206/4206 4208/4208
f 4208/4208 4206/4206 4207/4207
f 4207/4207 4209/4209 4208/4208
f 4209/4209 4296/4296 4295/4295
f 117/117 36/36 35/35
f 114/114 35/35 33/33
f 4133/4133 33/33 32/32
f 34/34 29/29 31/31
f 32/32 27/27 26/26
f 26/26 25/25 107/107
f 98/98 25/25 24/24
f 24/24 22/22 96/96
f 22/22 21/21 84/84
f 21/21 20/20 75/75
f 75/75 20/20 18/18
f 17/17 19/19 23/23
f 73/73 18/18 16/16
f 15/15 17/17 28/28
f 70/70 16/16 13/13
f 4135/4135 13/13 4136/4136
f 4194/4194 4195/4195 4192/4192
f 4195/4195 4197/4197 4274/4274
f 4274/4274 4273/4273 4195/4195
f 68/68 11/11 10/10
f 10/10 9/9 65/65
f 58/58 9/9 8/8
f 8/8 6/6 55/55
f 6/6 5/5 50/50
f 5/5 4/4 48/48
f 48/48 4/4 3/3
f 2/2 1/1 7/7
f 3/3 49/49 48/48
f 4278/4278 4277/4277 4203/4203
f 4203/4203 4202/4202 4204/4204
f 4301/4301 4202/4202 4201/4201
f 4201/4201 4199/4199 4299/4299
f 4196/4196 4199/4199 4198/4198
f 4275/4275 4198/4198 4200/4200
