mtllib battery-holder.mtl
o battery-holder
v 0.15436783 0.11294607 -0.02113120
v 0.15490038 0.11289446 -0.02113120
v 0.15436740 0.11292904 -0.02126061
v 0.15489753 0.11287766 -0.02126061
v 0.15542017 0.11276757 -0.02113120
v 0.15541495 0.11275135 -0.02126061
v 0.15591660 0.11256802 -0.02113120
v 0.15590913 0.11255270 -0.02126061
v 0.15637958 0.11229984 -0.02113120
v 0.15637001 0.11228575 -0.02126061
v 0.15679968 0.11196849 -0.02113120
v 0.15678820 0.11195591 -0.02126061
v 0.15716835 0.11158074 -0.02113120
v 0.15715520 0.11156992 -0.02126061
v 0.15747809 0.11114446 -0.02113120
v 0.15746353 0.11113563 -0.02126061
v 0.15772259 0.11066856 -0.02113120
v 0.15770691 0.11066187 -0.02126061
v 0.15789686 0.11016269 -0.02113120
v 0.15788040 0.11015829 -0.02126061
v 0.15799737 0.10963717 -0.02113120
v 0.15798045 0.10963517 -0.02126061
v 0.15802207 0.10910269 -0.02113120
v 0.15800504 0.10910312 -0.02126061
v 0.15793085 0.10962931 -0.02138120
v 0.15795510 0.10910438 -0.02138120
v 0.15785194 0.10961999 -0.02148475
v 0.15787567 0.10910638 -0.02148475
v 0.15774910 0.10960784 -0.02156421
v 0.15777215 0.10910899 -0.02156421
v 0.15762934 0.10959369 -0.02161416
v 0.15765159 0.10911204 -0.02161416
v 0.15752223 0.10911530 -0.02163120
v 0.15749505 0.10962457 -0.02163120
v 0.15753876 0.11006729 -0.02161416
v 0.15738854 0.11012331 -0.02163120
v 0.15738171 0.11052316 -0.02161416
v 0.15720532 0.11059924 -0.02163120
v 0.15716137 0.11095204 -0.02161416
v 0.15694991 0.11104065 -0.02163120
v 0.15688225 0.11134519 -0.02161416
v 0.15662859 0.11143667 -0.02163120
v 0.15655001 0.11169462 -0.02161416
v 0.15624926 0.11177757 -0.02163120
v 0.15617142 0.11199322 -0.02161416
v 0.15582129 0.11205491 -0.02163120
v 0.15575420 0.11223490 -0.02161416
v 0.15535520 0.11226189 -0.02163120
v 0.15530682 0.11241474 -0.02161416
v 0.15486246 0.11239341 -0.02163120
v 0.15483841 0.11252908 -0.02161416
v 0.15435522 0.11244623 -0.02163120
v 0.15435848 0.11257559 -0.02161416
v 0.15485858 0.11264798 -0.02156421
v 0.15436153 0.11269615 -0.02156421
v 0.15487589 0.11275007 -0.02148475
v 0.15436414 0.11279968 -0.02148475
v 0.15488918 0.11282841 -0.02138120
v 0.15436614 0.11287910 -0.02138120
v 0.15534370 0.11252955 -0.02156421
v 0.15580704 0.11234330 -0.02156421
v 0.15623915 0.11209300 -0.02156421
v 0.15663125 0.11178374 -0.02156421
v 0.15697535 0.11142185 -0.02156421
v 0.15726443 0.11101465 -0.02156421
v 0.15749263 0.11057047 -0.02156421
v 0.15765529 0.11009832 -0.02156421
v 0.15537538 0.11262815 -0.02148475
v 0.15585242 0.11243637 -0.02148475
v 0.15629733 0.11217867 -0.02148475
v 0.15670101 0.11186027 -0.02148475
v 0.15705529 0.11148766 -0.02148475
v 0.15735293 0.11106842 -0.02148475
v 0.15758788 0.11061110 -0.02148475
v 0.15775535 0.11012498 -0.02148475
v 0.15539968 0.11270380 -0.02138120
v 0.15588724 0.11250780 -0.02138120
v 0.15634195 0.11224442 -0.02138120
v 0.15675455 0.11191900 -0.02138120
v 0.15711664 0.11153816 -0.02138120
v 0.15742084 0.11110969 -0.02138120
v 0.15766097 0.11064227 -0.02138120
v 0.15783213 0.11014544 -0.02138120
v 0.11653527 0.11014927 -0.02113120
v 0.11658688 0.11068183 -0.02113120
v 0.11655230 0.11014884 -0.02126061
v 0.11660368 0.11067898 -0.02126061
v 0.11671377 0.11120160 -0.02113120
v 0.11672999 0.11119639 -0.02126061
v 0.11691332 0.11169804 -0.02113120
v 0.11692864 0.11169057 -0.02126061
v 0.11718150 0.11216101 -0.02113120
v 0.11719560 0.11215145 -0.02126061
v 0.11751285 0.11258112 -0.02113120
v 0.11752543 0.11256965 -0.02126061
v 0.11790060 0.11294979 -0.02113120
v 0.11791143 0.11293665 -0.02126061
v 0.11833688 0.11325953 -0.02113120
v 0.11834572 0.11324497 -0.02126061
v 0.11881278 0.11350403 -0.02113120
v 0.11881947 0.11348835 -0.02126061
v 0.11931865 0.11367829 -0.02113120
v 0.11932305 0.11366184 -0.02126061
v 0.11984417 0.11377881 -0.02113120
v 0.11984617 0.11376190 -0.02126061
v 0.12037865 0.11380350 -0.02113120
v 0.12037822 0.11378648 -0.02126061
v 0.11985203 0.11371228 -0.02138120
v 0.12037696 0.11373654 -0.02138120
v 0.11986135 0.11363337 -0.02148475
v 0.12037496 0.11365711 -0.02148475
v 0.11987350 0.11353054 -0.02156421
v 0.12037235 0.11355358 -0.02156421
v 0.11988765 0.11341078 -0.02161416
v 0.12036931 0.11343303 -0.02161416
v 0.12036604 0.11330366 -0.02163120
v 0.11985677 0.11327649 -0.02163120
v 0.11941405 0.11332020 -0.02161416
v 0.11935803 0.11316998 -0.02163120
v 0.11895818 0.11316314 -0.02161416
v 0.11888210 0.11298677 -0.02163120
v 0.11852930 0.11294281 -0.02161416
v 0.11844069 0.11273135 -0.02163120
v 0.11813615 0.11266368 -0.02161416
v 0.11804467 0.11241002 -0.02163120
v 0.11778672 0.11233144 -0.02161416
v 0.11770377 0.11203071 -0.02163120
v 0.11748812 0.11195287 -0.02161416
v 0.11742643 0.11160273 -0.02163120
v 0.11724644 0.11153564 -0.02161416
v 0.11721945 0.11113664 -0.02163120
v 0.11706660 0.11108827 -0.02161416
v 0.11708793 0.11064391 -0.02163120
v 0.11695226 0.11061984 -0.02161416
v 0.11703511 0.11013666 -0.02163120
v 0.11690575 0.11013992 -0.02161416
v 0.11683336 0.11064001 -0.02156421
v 0.11678519 0.11014296 -0.02156421
v 0.11673127 0.11065733 -0.02148475
v 0.11668167 0.11014557 -0.02148475
v 0.11665294 0.11067062 -0.02138120
v 0.11660224 0.11014758 -0.02138120
v 0.11695179 0.11112514 -0.02156421
v 0.11713804 0.11158849 -0.02156421
v 0.11738834 0.11202059 -0.02156421
v 0.11769760 0.11241270 -0.02156421
v 0.11805949 0.11275678 -0.02156421
v 0.11846669 0.11304588 -0.02156421
v 0.11891087 0.11327407 -0.02156421
v 0.11938302 0.11343673 -0.02156421
v 0.11685319 0.11115681 -0.02148475
v 0.11704497 0.11163386 -0.02148475
v 0.11730267 0.11207875 -0.02148475
v 0.11762107 0.11248246 -0.02148475
v 0.11799368 0.11283673 -0.02148475
v 0.11841292 0.11313437 -0.02148475
v 0.11887024 0.11336931 -0.02148475
v 0.11935636 0.11353680 -0.02148475
v 0.11677754 0.11118111 -0.02138120
v 0.11697354 0.11166868 -0.02138120
v 0.11723692 0.11212340 -0.02138120
v 0.11756234 0.11253599 -0.02138120
v 0.11794318 0.11289808 -0.02138120
v 0.11837165 0.11320228 -0.02138120
v 0.11883907 0.11344240 -0.02138120
v 0.11933590 0.11361357 -0.02138120
v 0.11933207 0.07231671 -0.02113120
v 0.11879952 0.07236833 -0.02113120
v 0.11933250 0.07233374 -0.02126061
v 0.11880237 0.07238512 -0.02126061
v 0.11827974 0.07249521 -0.02113120
v 0.11828495 0.07251142 -0.02126061
v 0.11778330 0.07269476 -0.02113120
v 0.11779077 0.07271008 -0.02126061
v 0.11732033 0.07296295 -0.02113120
v 0.11732989 0.07297704 -0.02126061
v 0.11690022 0.07329429 -0.02113120
v 0.11691169 0.07330687 -0.02126061
v 0.11653155 0.07368204 -0.02113120
v 0.11654470 0.07369287 -0.02126061
v 0.11622181 0.07411832 -0.02113120
v 0.11623637 0.07412716 -0.02126061
v 0.11597731 0.07459423 -0.02113120
v 0.11599299 0.07460092 -0.02126061
v 0.11580305 0.07510009 -0.02113120
v 0.11581950 0.07510448 -0.02126061
v 0.11570253 0.07562561 -0.02113120
v 0.11571945 0.07562761 -0.02126061
v 0.11567784 0.07616009 -0.02113120
v 0.11569486 0.07615966 -0.02126061
v 0.11576906 0.07563347 -0.02138120
v 0.11574480 0.07615840 -0.02138120
v 0.11584797 0.07564279 -0.02148475
v 0.11582423 0.07615639 -0.02148475
v 0.11595080 0.07565494 -0.02156421
v 0.11592776 0.07615378 -0.02156421
v 0.11607056 0.07566909 -0.02161416
v 0.11604831 0.07615074 -0.02161416
v 0.11617768 0.07614748 -0.02163120
v 0.11620485 0.07563822 -0.02163120
v 0.11616114 0.07519550 -0.02161416
v 0.11631136 0.07513948 -0.02163120
v 0.11631820 0.07473962 -0.02161416
v 0.11649457 0.07466354 -0.02163120
v 0.11653853 0.07431074 -0.02161416
v 0.11674999 0.07422213 -0.02163120
v 0.11681766 0.07391759 -0.02161416
v 0.11707132 0.07382610 -0.02163120
v 0.11714990 0.07356815 -0.02161416
v 0.11745064 0.07348522 -0.02163120
v 0.11752847 0.07326956 -0.02161416
v 0.11787861 0.07320787 -0.02163120
v 0.11794570 0.07302788 -0.02161416
v 0.11834470 0.07300089 -0.02163120
v 0.11839307 0.07284804 -0.02161416
v 0.11883743 0.07286937 -0.02163120
v 0.11886150 0.07273369 -0.02161416
v 0.11934468 0.07281655 -0.02163120
v 0.11934142 0.07268718 -0.02161416
v 0.11884133 0.07261480 -0.02156421
v 0.11933838 0.07256663 -0.02156421
v 0.11882401 0.07251271 -0.02148475
v 0.11933577 0.07246311 -0.02148475
v 0.11881072 0.07243436 -0.02138120
v 0.11933376 0.07238367 -0.02138120
v 0.11835620 0.07273322 -0.02156421
v 0.11789285 0.07291948 -0.02156421
v 0.11746075 0.07316978 -0.02156421
v 0.11706864 0.07347903 -0.02156421
v 0.11672456 0.07384094 -0.02156421
v 0.11643546 0.07424813 -0.02156421
v 0.11620727 0.07469231 -0.02156421
v 0.11604461 0.07516445 -0.02156421
v 0.11832453 0.07263463 -0.02148475
v 0.11784748 0.07282640 -0.02148475
v 0.11740259 0.07308411 -0.02148475
v 0.11699888 0.07340251 -0.02148475
v 0.11664461 0.07377512 -0.02148475
v 0.11634697 0.07419435 -0.02148475
v 0.11611203 0.07465169 -0.02148475
v 0.11594454 0.07513779 -0.02148475
v 0.11830023 0.07255898 -0.02138120
v 0.11781266 0.07275498 -0.02138120
v 0.11735795 0.07301837 -0.02138120
v 0.11694535 0.07334379 -0.02138120
v 0.11658326 0.07372461 -0.02138120
v 0.11627906 0.07415310 -0.02138120
v 0.11603894 0.07462051 -0.02138120
v 0.11586777 0.07511734 -0.02138120
v 0.15716463 0.07511351 -0.02113120
v 0.15711301 0.07458096 -0.02113120
v 0.15714760 0.07511394 -0.02126061
v 0.15709622 0.07458381 -0.02126061
v 0.15698613 0.07406117 -0.02113120
v 0.15696992 0.07406639 -0.02126061
v 0.15678658 0.07356474 -0.02113120
v 0.15677126 0.07357221 -0.02126061
v 0.15651839 0.07310176 -0.02113120
v 0.15650430 0.07311133 -0.02126061
v 0.15618705 0.07268166 -0.02113120
v 0.15617447 0.07269314 -0.02126061
v 0.15579931 0.07231299 -0.02113120
v 0.15578847 0.07232614 -0.02126061
v 0.15536303 0.07200325 -0.02113120
v 0.15535418 0.07201781 -0.02126061
v 0.15488711 0.07175875 -0.02113120
v 0.15488042 0.07177443 -0.02126061
v 0.15438125 0.07158448 -0.02113120
v 0.15437686 0.07160094 -0.02126061
v 0.15385573 0.07148397 -0.02113120
v 0.15385373 0.07150089 -0.02126061
v 0.15332125 0.07145927 -0.02113120
v 0.15332168 0.07147630 -0.02126061
v 0.15384787 0.07155049 -0.02138120
v 0.15332294 0.07152624 -0.02138120
v 0.15383855 0.07162940 -0.02148475
v 0.15332495 0.07160567 -0.02148475
v 0.15382641 0.07173224 -0.02156421
v 0.15332756 0.07170919 -0.02156421
v 0.15381225 0.07185200 -0.02161416
v 0.15333060 0.07182975 -0.02161416
v 0.15333386 0.07195911 -0.02163120
v 0.15384312 0.07198629 -0.02163120
v 0.15428584 0.07194258 -0.02161416
v 0.15434186 0.07209280 -0.02163120
v 0.15474172 0.07209963 -0.02161416
v 0.15481780 0.07227602 -0.02163120
v 0.15517060 0.07231997 -0.02161416
v 0.15525921 0.07253143 -0.02163120
v 0.15556375 0.07259909 -0.02161416
v 0.15565524 0.07285275 -0.02163120
v 0.15591319 0.07293133 -0.02161416
v 0.15599612 0.07323208 -0.02163120
v 0.15621178 0.07330992 -0.02161416
v 0.15627347 0.07366005 -0.02163120
v 0.15645346 0.07372714 -0.02161416
v 0.15648045 0.07412614 -0.02163120
v 0.15663330 0.07417452 -0.02161416
v 0.15661197 0.07461888 -0.02163120
v 0.15674765 0.07464294 -0.02161416
v 0.15666479 0.07512612 -0.02163120
v 0.15679416 0.07512286 -0.02161416
v 0.15686654 0.07462276 -0.02156421
v 0.15691471 0.07511982 -0.02156421
v 0.15696863 0.07460545 -0.02148475
v 0.15701823 0.07511720 -0.02148475
v 0.15704698 0.07459216 -0.02138120
v 0.15709767 0.07511520 -0.02138120
v 0.15674812 0.07413764 -0.02156421
v 0.15656186 0.07367430 -0.02156421
v 0.15631156 0.07324219 -0.02156421
v 0.15600231 0.07285009 -0.02156421
v 0.15564040 0.07250599 -0.02156421
v 0.15523321 0.07221691 -0.02156421
v 0.15478903 0.07198871 -0.02156421
v 0.15431689 0.07182605 -0.02156421
v 0.15684671 0.07410596 -0.02148475
v 0.15665494 0.07362892 -0.02148475
v 0.15639723 0.07318402 -0.02148475
v 0.15607883 0.07278033 -0.02148475
v 0.15570622 0.07242605 -0.02148475
v 0.15528699 0.07212841 -0.02148475
v 0.15482965 0.07189346 -0.02148475
v 0.15434355 0.07172599 -0.02148475
v 0.15692236 0.07408166 -0.02138120
v 0.15672636 0.07359410 -0.02138120
v 0.15646297 0.07313939 -0.02138120
v 0.15613755 0.07272679 -0.02138120
v 0.15575673 0.07236470 -0.02138120
v 0.15532824 0.07206050 -0.02138120
v 0.15486083 0.07182037 -0.02138120
v 0.15436400 0.07164921 -0.02138120
v 0.14049772 0.08145387 -0.02113120
v 0.14108869 0.08119999 -0.02113120
v 0.14052217 0.08142265 -0.02126061
v 0.14107618 0.08119211 -0.02123855
v 0.14108552 0.08119800 -0.02118547
v 0.13999193 0.08172309 -0.02126061
v 0.13994129 0.08177652 -0.02113120
v 0.13949899 0.08208144 -0.02126061
v 0.13942740 0.08216333 -0.02113120
v 0.13904963 0.08249313 -0.02126061
v 0.13896339 0.08260876 -0.02113120
v 0.13864960 0.08295290 -0.02126061
v 0.13855590 0.08310642 -0.02113120
v 0.13830401 0.08345487 -0.02126061
v 0.13821078 0.08364919 -0.02113120
v 0.13801727 0.08399263 -0.02126061
v 0.13793297 0.08422931 -0.02113120
v 0.13779304 0.08455932 -0.02126061
v 0.13772644 0.08483845 -0.02113120
v 0.13763420 0.08514769 -0.02126061
v 0.13759415 0.08546791 -0.02113120
v 0.13754276 0.08575023 -0.02126061
v 0.13753800 0.08610865 -0.02113120
v 0.13751990 0.08635923 -0.02126061
v 0.13755879 0.08675152 -0.02113120
v 0.13756591 0.08696693 -0.02126061
v 0.13765622 0.08738730 -0.02113120
v 0.13768020 0.08756555 -0.02126061
v 0.13782890 0.08800689 -0.02113120
v 0.13786131 0.08814745 -0.02126061
v 0.13807435 0.08860141 -0.02113120
v 0.13810693 0.08870520 -0.02126061
v 0.13838907 0.08916237 -0.02113120
v 0.13841392 0.08923167 -0.02126061
v 0.13876853 0.08968171 -0.02113120
v 0.13877836 0.08972013 -0.02126061
v 0.13920732 0.09015200 -0.02113120
v 0.13919558 0.09016435 -0.02126061
v 0.13966027 0.09055865 -0.02126061
v 0.13963016 0.09059850 -0.02138120
v 0.14014107 0.09094099 -0.02138120
v 0.14010062 0.09100939 -0.02148475
v 0.14065489 0.09129616 -0.02148475
v 0.14061258 0.09139068 -0.02156421
v 0.14120660 0.09161724 -0.02156421
v 0.14117007 0.09173217 -0.02161416
v 0.14179907 0.09189364 -0.02161416
v 0.14119375 0.09187510 -0.02163120
v 0.14185491 0.09203597 -0.02163120
v 0.14244227 0.09198311 -0.02161416
v 0.14253025 0.09211932 -0.02163120
v 0.14309146 0.09199942 -0.02161416
v 0.14321070 0.09212401 -0.02163120
v 0.14373834 0.09194237 -0.02161416
v 0.14388712 0.09205000 -0.02163120
v 0.14437466 0.09181269 -0.02161416
v 0.14455045 0.09189827 -0.02163120
v 0.14499227 0.09161203 -0.02161416
v 0.14519180 0.09167085 -0.02163120
v 0.14558330 0.09134296 -0.02161416
v 0.14580253 0.09137081 -0.02163120
v 0.14614020 0.09100892 -0.02161416
v 0.14637448 0.09100215 -0.02163120
v 0.14665583 0.09061416 -0.02161416
v 0.14689996 0.09056984 -0.02163120
v 0.14712363 0.09016374 -0.02161416
v 0.14737194 0.09007966 -0.02163120
v 0.14753762 0.08966341 -0.02161416
v 0.14778406 0.08953820 -0.02163120
v 0.14789249 0.08911956 -0.02161416
v 0.14813082 0.08895272 -0.02163120
v 0.14818374 0.08853914 -0.02161416
v 0.14834299 0.08823760 -0.02162247
v 0.14828193 0.08814947 -0.02159758
v 0.14807307 0.08849123 -0.02156421
v 0.14822366 0.08806563 -0.02155659
v 0.14797804 0.08845009 -0.02148475
v 0.14816997 0.08798859 -0.02149952
v 0.14790512 0.08841852 -0.02138120
v 0.14812311 0.08792153 -0.02142659
v 0.14785928 0.08839868 -0.02126061
v 0.14808592 0.08786844 -0.02133883
v 0.14806159 0.08783375 -0.02123855
v 0.14805309 0.08782165 -0.02113120
v 0.14805524 0.08782472 -0.02118547
v 0.13969914 0.09056652 -0.02113120
v 0.14016649 0.09089799 -0.02126061
v 0.14068736 0.09122364 -0.02138120
v 0.14123798 0.09151855 -0.02148475
v 0.14182240 0.09177533 -0.02156421
v 0.14023696 0.09091932 -0.02113120
v 0.14070777 0.09117805 -0.02126061
v 0.14126206 0.09144283 -0.02138120
v 0.14184244 0.09167373 -0.02148475
v 0.14245210 0.09186292 -0.02156421
v 0.14081306 0.09120535 -0.02113120
v 0.14127719 0.09139523 -0.02126061
v 0.14185782 0.09159577 -0.02138120
v 0.14246055 0.09175971 -0.02148475
v 0.14308767 0.09187889 -0.02156421
v 0.14141921 0.09142051 -0.02113120
v 0.14186748 0.09154677 -0.02126061
v 0.14246703 0.09168051 -0.02138120
v 0.14308442 0.09177539 -0.02148475
v 0.14372098 0.09182304 -0.02156421
v 0.14204672 0.09156173 -0.02113120
v 0.14247111 0.09163073 -0.02126061
v 0.14308192 0.09169596 -0.02138120
v 0.14370607 0.09172056 -0.02148475
v 0.14434393 0.09169608 -0.02156421
v 0.14268660 0.09162698 -0.02113120
v 0.14308035 0.09164604 -0.02126061
v 0.14369462 0.09164194 -0.02138120
v 0.14431756 0.09159594 -0.02148475
v 0.14494859 0.09149963 -0.02156421
v 0.14332970 0.09161533 -0.02113120
v 0.14368743 0.09159250 -0.02126061
v 0.14429731 0.09151910 -0.02138120
v 0.14491107 0.09140311 -0.02148475
v 0.14552722 0.09123621 -0.02156421
v 0.14396680 0.09152694 -0.02113120
v 0.14428458 0.09147080 -0.02126061
v 0.14488230 0.09132905 -0.02138120
v 0.14547905 0.09114454 -0.02148475
v 0.14607242 0.09090918 -0.02156421
v 0.14458879 0.09136309 -0.02113120
v 0.14486420 0.09128249 -0.02126061
v 0.14544210 0.09107420 -0.02138120
v 0.14601422 0.09082353 -0.02148475
v 0.14657723 0.09052270 -0.02156421
v 0.14518674 0.09112611 -0.02113120
v 0.14541886 0.09102997 -0.02126061
v 0.14596955 0.09075780 -0.02138120
v 0.14650974 0.09044416 -0.02148475
v 0.14703521 0.09008174 -0.02156421
v 0.14575211 0.09081939 -0.02113120
v 0.14594148 0.09071649 -0.02126061
v 0.14645795 0.09038391 -0.02138120
v 0.14695928 0.09001132 -0.02148475
v 0.14744051 0.08959191 -0.02156421
v 0.14627679 0.09044735 -0.02113120
v 0.14642539 0.09034603 -0.02126061
v 0.14690103 0.08995729 -0.02138120
v 0.14735712 0.08953051 -0.02148475
v 0.14778794 0.08905947 -0.02156421
v 0.14675327 0.09001529 -0.02113120
v 0.14686441 0.08992332 -0.02126061
v 0.14729314 0.08948339 -0.02138120
v 0.14769816 0.08900787 -0.02148475
v 0.14717474 0.08952941 -0.02113120
v 0.14725291 0.08945378 -0.02126061
v 0.14762926 0.08896828 -0.02138120
v 0.14753514 0.08899666 -0.02113120
v 0.14758596 0.08894339 -0.02126061
v 0.14782933 0.08842468 -0.02113120
v 0.14840537 0.08832791 -0.02163119
v 0.14840755 0.08833106 -0.02163120
v 0.14055560 0.09163885 -0.02163120
v 0.14056331 0.09150074 -0.02161416
v 0.14004792 0.09109852 -0.02156421
v 0.13958225 0.09066190 -0.02148475
v 0.13916116 0.09020055 -0.02138120
v 0.13994907 0.09133040 -0.02163120
v 0.13998654 0.09120233 -0.02161416
v 0.13951983 0.09074452 -0.02156421
v 0.13910641 0.09025813 -0.02148475
v 0.13874007 0.08975221 -0.02138120
v 0.13938226 0.09095389 -0.02163120
v 0.13944713 0.09084073 -0.02161416
v 0.13903506 0.09033319 -0.02156421
v 0.13867917 0.08980326 -0.02148475
v 0.13837226 0.08925923 -0.02138120
v 0.13886280 0.09051436 -0.02163120
v 0.13895197 0.09042057 -0.02161416
v 0.13859980 0.08986977 -0.02156421
v 0.13830599 0.08930307 -0.02148475
v 0.13806242 0.08872789 -0.02138120
v 0.13850738 0.08994723 -0.02161416
v 0.13839763 0.09001772 -0.02163120
v 0.13811904 0.08942674 -0.02161416
v 0.13799302 0.08947062 -0.02163120
v 0.13779193 0.08886575 -0.02161416
v 0.13765438 0.08888041 -0.02163120
v 0.13753021 0.08827143 -0.02161416
v 0.13738626 0.08825499 -0.02163120
v 0.13733722 0.08765137 -0.02161416
v 0.13719225 0.08760277 -0.02163120
v 0.13721544 0.08701350 -0.02161416
v 0.13707496 0.08693249 -0.02163120
v 0.13716641 0.08636596 -0.02161416
v 0.13703597 0.08625315 -0.02163120
v 0.13719077 0.08571702 -0.02161416
v 0.13707578 0.08557385 -0.02163120
v 0.13728820 0.08507498 -0.02161416
v 0.13719387 0.08490372 -0.02163120
v 0.13745747 0.08444803 -0.02161416
v 0.13738866 0.08425172 -0.02163120
v 0.13769639 0.08384418 -0.02161416
v 0.13765753 0.08362663 -0.02163120
v 0.13800193 0.08327115 -0.02161416
v 0.13799688 0.08303683 -0.02163120
v 0.13837018 0.08273627 -0.02161416
v 0.13840214 0.08249021 -0.02163120
v 0.13879645 0.08224636 -0.02161416
v 0.13886790 0.08199413 -0.02163120
v 0.13927527 0.08180767 -0.02161416
v 0.13938789 0.08155522 -0.02163120
v 0.13980054 0.08142582 -0.02161416
v 0.13995514 0.08117939 -0.02163120
v 0.14036553 0.08110568 -0.02161416
v 0.14065866 0.08093143 -0.02162247
v 0.14074975 0.08098797 -0.02159758
v 0.14056206 0.08087166 -0.02163120
v 0.14056532 0.08087369 -0.02163119
v 0.14041896 0.08121380 -0.02156421
v 0.14083643 0.08104194 -0.02155659
v 0.14091607 0.08109168 -0.02149952
v 0.14046484 0.08130663 -0.02148475
v 0.14098541 0.08113509 -0.02142659
v 0.14104031 0.08116956 -0.02133883
v 0.14050004 0.08137786 -0.02138120
v 0.13996489 0.08168109 -0.02138120
v 0.13946739 0.08204276 -0.02138120
v 0.13901386 0.08245827 -0.02138120
v 0.13861013 0.08292229 -0.02138120
v 0.13826134 0.08342892 -0.02138120
v 0.13797194 0.08397166 -0.02138120
v 0.13774563 0.08454359 -0.02138120
v 0.13758532 0.08513742 -0.02138120
v 0.13749303 0.08574554 -0.02138120
v 0.13746996 0.08636018 -0.02138120
v 0.13751640 0.08697351 -0.02138120
v 0.13763175 0.08757767 -0.02138120
v 0.13781453 0.08816497 -0.02138120
v 0.13992188 0.08161428 -0.02148475
v 0.13941710 0.08198123 -0.02148475
v 0.13895696 0.08240281 -0.02148475
v 0.13854733 0.08287361 -0.02148475
v 0.13819344 0.08338762 -0.02148475
v 0.13789982 0.08393829 -0.02148475
v 0.13767021 0.08451859 -0.02148475
v 0.13750756 0.08512107 -0.02148475
v 0.13741393 0.08573807 -0.02148475
v 0.13739052 0.08636169 -0.02148475
v 0.13743763 0.08698398 -0.02148475
v 0.13755466 0.08759697 -0.02148475
v 0.13774012 0.08819283 -0.02148475
v 0.13799163 0.08876397 -0.02148475
v 0.13986582 0.08152721 -0.02156421
v 0.13935158 0.08190105 -0.02156421
v 0.13888280 0.08233053 -0.02156421
v 0.13846549 0.08281016 -0.02156421
v 0.13810496 0.08333382 -0.02156421
v 0.13780584 0.08389481 -0.02156421
v 0.13757192 0.08448599 -0.02156421
v 0.13740621 0.08509978 -0.02156421
v 0.13731083 0.08572835 -0.02156421
v 0.13728698 0.08636366 -0.02156421
v 0.13733498 0.08699762 -0.02156421
v 0.13745420 0.08762210 -0.02156421
v 0.13764314 0.08822914 -0.02156421
v 0.13789937 0.08881099 -0.02156421
v 0.13821962 0.08936020 -0.02156421
v 0.14056040 0.08007319 -0.02163120
v 0.14068054 0.08048520 -0.02161416
v 0.14080113 0.08048476 -0.02156421
v 0.14090468 0.08048437 -0.02148475
v 0.14098415 0.08048406 -0.02138120
v 0.14103409 0.08048388 -0.02126061
v 0.14071434 0.07973277 -0.02161416
v 0.14063960 0.07927865 -0.02163120
v 0.14082106 0.07898717 -0.02161416
v 0.14079886 0.07849623 -0.02163120
v 0.14099968 0.07825546 -0.02161416
v 0.14103652 0.07773394 -0.02163120
v 0.14124853 0.07754456 -0.02161416
v 0.14135016 0.07699965 -0.02163120
v 0.14156525 0.07686119 -0.02161416
v 0.14173654 0.07630089 -0.02163120
v 0.14194686 0.07621181 -0.02161416
v 0.14219170 0.07564484 -0.02163120
v 0.14238973 0.07560257 -0.02161416
v 0.14271095 0.07503825 -0.02163120
v 0.14288968 0.07503923 -0.02161416
v 0.14328895 0.07448738 -0.02163120
v 0.14344198 0.07452710 -0.02161416
v 0.14391977 0.07399786 -0.02163120
v 0.14404141 0.07407105 -0.02161416
v 0.14459691 0.07357473 -0.02163120
v 0.14468230 0.07367536 -0.02161416
v 0.14531343 0.07322235 -0.02163120
v 0.14536358 0.07334165 -0.02161416
v 0.14606389 0.07307949 -0.02161416
v 0.14610067 0.07319433 -0.02156421
v 0.14681698 0.07300281 -0.02156421
v 0.14683883 0.07310403 -0.02148475
v 0.14756042 0.07298462 -0.02148475
v 0.14756957 0.07306356 -0.02138120
v 0.14829163 0.07301532 -0.02138120
v 0.14829254 0.07306526 -0.02126061
v 0.14901102 0.07308724 -0.02126061
v 0.14830810 0.07308203 -0.02113120
v 0.14907051 0.07310930 -0.02113120
v 0.14972396 0.07317889 -0.02126061
v 0.14982602 0.07321518 -0.02113120
v 0.15042465 0.07333935 -0.02126061
v 0.15056656 0.07339855 -0.02113120
v 0.15110643 0.07356711 -0.02126061
v 0.15128419 0.07365742 -0.02113120
v 0.15176285 0.07386002 -0.02126061
v 0.15197124 0.07398906 -0.02113120
v 0.15238774 0.07421530 -0.02126061
v 0.15262035 0.07438989 -0.02113120
v 0.15297515 0.07462959 -0.02126061
v 0.15322458 0.07485564 -0.02113120
v 0.15351956 0.07509898 -0.02126061
v 0.15377746 0.07538131 -0.02113120
v 0.15401580 0.07561902 -0.02126061
v 0.15427308 0.07596129 -0.02113120
v 0.15445918 0.07618480 -0.02126061
v 0.15470613 0.07658936 -0.02113120
v 0.15484552 0.07679098 -0.02126061
v 0.15507199 0.07725882 -0.02113120
v 0.15517115 0.07743180 -0.02126061
v 0.15536672 0.07796248 -0.02113120
v 0.15543299 0.07810123 -0.02126061
v 0.15558719 0.07869283 -0.02113120
v 0.15562858 0.07879293 -0.02126061
v 0.15573103 0.07944204 -0.02113120
v 0.15575607 0.07950035 -0.02126061
v 0.15579670 0.08020211 -0.02113120
v 0.15581424 0.08021681 -0.02126061
v 0.15580255 0.08093553 -0.02126061
v 0.15586416 0.08021520 -0.02138120
v 0.15585239 0.08093877 -0.02138120
v 0.15594358 0.08021262 -0.02148475
v 0.15593169 0.08094393 -0.02148475
v 0.15604709 0.08020927 -0.02156421
v 0.15603503 0.08095065 -0.02156421
v 0.15616761 0.08020537 -0.02161416
v 0.15615536 0.08095846 -0.02161416
v 0.15629060 0.08086222 -0.02163120
v 0.15620905 0.08165651 -0.02163120
v 0.14606194 0.07294434 -0.02163120
v 0.14679153 0.07288493 -0.02161416
v 0.14754850 0.07288176 -0.02156421
v 0.14829019 0.07293587 -0.02148475
v 0.14901496 0.07303744 -0.02138120
v 0.14683475 0.07274355 -0.02163120
v 0.14753462 0.07276197 -0.02161416
v 0.14828832 0.07283233 -0.02156421
v 0.14902125 0.07295823 -0.02148475
v 0.14973274 0.07312971 -0.02138120
v 0.14762393 0.07262205 -0.02163120
v 0.14828614 0.07271177 -0.02161416
v 0.14902945 0.07285500 -0.02156421
v 0.14974668 0.07305148 -0.02148475
v 0.15043815 0.07329126 -0.02138120
v 0.14842135 0.07258109 -0.02163120
v 0.14903899 0.07273479 -0.02161416
v 0.14976487 0.07294954 -0.02156421
v 0.15045963 0.07321476 -0.02148475
v 0.15112454 0.07352056 -0.02138120
v 0.14921882 0.07262109 -0.02163120
v 0.14978604 0.07283082 -0.02161416
v 0.15048763 0.07311506 -0.02156421
v 0.15115335 0.07344652 -0.02148475
v 0.15178540 0.07381545 -0.02138120
v 0.15000814 0.07274164 -0.02163120
v 0.15052023 0.07299897 -0.02161416
v 0.15119090 0.07335000 -0.02156421
v 0.15182127 0.07374455 -0.02148475
v 0.15241451 0.07417313 -0.02138120
v 0.15078120 0.07294150 -0.02163120
v 0.15123462 0.07323762 -0.02161416
v 0.15186801 0.07365215 -0.02156421
v 0.15245709 0.07410605 -0.02148475
v 0.15300589 0.07459022 -0.02138120
v 0.15153004 0.07321861 -0.02163120
v 0.15192245 0.07354454 -0.02161416
v 0.15251259 0.07401862 -0.02156421
v 0.15305480 0.07452758 -0.02148475
v 0.15355398 0.07506277 -0.02138120
v 0.15224698 0.07357014 -0.02163120
v 0.15257722 0.07391681 -0.02161416
v 0.15311852 0.07444596 -0.02156421
v 0.15360873 0.07500519 -0.02148475
v 0.15405357 0.07558634 -0.02138120
v 0.15292463 0.07399245 -0.02163120
v 0.15319273 0.07435092 -0.02161416
v 0.15368008 0.07493014 -0.02156421
v 0.15411366 0.07553434 -0.02148475
v 0.15449995 0.07615594 -0.02138120
v 0.15355604 0.07448121 -0.02163120
v 0.15376317 0.07484275 -0.02161416
v 0.15419196 0.07546657 -0.02156421
v 0.15456480 0.07611003 -0.02148475
v 0.15488889 0.07676621 -0.02138120
v 0.15413470 0.07503139 -0.02163120
v 0.15428315 0.07538767 -0.02161416
v 0.15464931 0.07605019 -0.02156421
v 0.15495789 0.07672681 -0.02148475
v 0.15521673 0.07741137 -0.02138120
v 0.15465467 0.07563736 -0.02163120
v 0.15474774 0.07598051 -0.02161416
v 0.15504782 0.07667547 -0.02156421
v 0.15528923 0.07737886 -0.02148475
v 0.15548034 0.07808532 -0.02138120
v 0.15511062 0.07629285 -0.02163120
v 0.15515255 0.07661567 -0.02161416
v 0.15538372 0.07733649 -0.02156421
v 0.15555566 0.07806001 -0.02148475
v 0.15567726 0.07878169 -0.02138120
v 0.15549784 0.07699115 -0.02163120
v 0.15549376 0.07728716 -0.02161416
v 0.15565382 0.07802702 -0.02156421
v 0.15575468 0.07876382 -0.02148475
v 0.15580560 0.07949390 -0.02138120
v 0.15581236 0.07772507 -0.02163120
v 0.15576813 0.07798860 -0.02161416
v 0.15585557 0.07874051 -0.02156421
v 0.15588439 0.07948362 -0.02148475
v 0.15605094 0.07848707 -0.02163120
v 0.15597308 0.07871338 -0.02161416
v 0.15598708 0.07947023 -0.02156421
v 0.15621114 0.07926930 -0.02163120
v 0.15610666 0.07945464 -0.02161416
v 0.15629130 0.08006375 -0.02163120
v 0.15607002 0.08170681 -0.02161416
v 0.15604748 0.08243847 -0.02163120
v 0.15591241 0.08244334 -0.02161416
v 0.15580756 0.08320005 -0.02163120
v 0.15568588 0.08315598 -0.02161416
v 0.15538695 0.08385321 -0.02161416
v 0.15557248 0.08311495 -0.02156421
v 0.15527858 0.08380033 -0.02156421
v 0.15547506 0.08307983 -0.02148475
v 0.15518551 0.08375491 -0.02148475
v 0.15540023 0.08305308 -0.02138120
v 0.15511410 0.08372006 -0.02138120
v 0.15535306 0.08303662 -0.02126061
v 0.15506922 0.08369815 -0.02126061
v 0.15527631 0.08318830 -0.02113120
v 0.15495741 0.08388135 -0.02113120
v 0.15472292 0.08432805 -0.02126061
v 0.15456862 0.08453774 -0.02113120
v 0.15431707 0.08492134 -0.02126061
v 0.15411409 0.08515046 -0.02113120
v 0.15385552 0.08547240 -0.02126061
v 0.15359871 0.08571294 -0.02113120
v 0.15334263 0.08597603 -0.02126061
v 0.15302797 0.08621918 -0.02113120
v 0.15278325 0.08642746 -0.02126061
v 0.15240799 0.08666375 -0.02113120
v 0.15218266 0.08682243 -0.02126061
v 0.15174540 0.08704189 -0.02113120
v 0.15154656 0.08715719 -0.02126061
v 0.15104730 0.08734955 -0.02113120
v 0.15088095 0.08742860 -0.02126061
v 0.15032115 0.08758346 -0.02113120
v 0.15019212 0.08763407 -0.02126061
v 0.14957471 0.08774109 -0.02113120
v 0.14948660 0.08777165 -0.02126061
v 0.14881599 0.08782078 -0.02113120
v 0.14877104 0.08784008 -0.02126061
v 0.15549176 0.08393342 -0.02163120
v 0.15502408 0.08451324 -0.02161416
v 0.15492136 0.08445008 -0.02156421
v 0.15450272 0.08506206 -0.02156421
v 0.15442020 0.08499951 -0.02148475
v 0.15395057 0.08556022 -0.02148475
v 0.15389221 0.08550630 -0.02138120
v 0.15337585 0.08601333 -0.02138120
v 0.15510331 0.08463104 -0.02163120
v 0.15459883 0.08513490 -0.02161416
v 0.15402664 0.08563049 -0.02156421
v 0.15342870 0.08607267 -0.02148475
v 0.15281269 0.08646782 -0.02138120
v 0.15464622 0.08528573 -0.02163120
v 0.15411521 0.08571232 -0.02161416
v 0.15349758 0.08614999 -0.02156421
v 0.15285953 0.08653200 -0.02148475
v 0.15220805 0.08686545 -0.02138120
v 0.15412519 0.08589078 -0.02163120
v 0.15357778 0.08624004 -0.02161416
v 0.15292057 0.08661566 -0.02156421
v 0.15224843 0.08693388 -0.02148475
v 0.15156765 0.08720247 -0.02138120
v 0.15354555 0.08643995 -0.02163120
v 0.15299165 0.08671307 -0.02161416
v 0.15230106 0.08702306 -0.02156421
v 0.15160119 0.08727451 -0.02148475
v 0.15089754 0.08747571 -0.02138120
v 0.15291329 0.08692761 -0.02163120
v 0.15236234 0.08712693 -0.02161416
v 0.15164490 0.08736839 -0.02156421
v 0.15092393 0.08755066 -0.02148475
v 0.15020406 0.08768256 -0.02138120
v 0.15223490 0.08734873 -0.02163120
v 0.15169581 0.08747770 -0.02161416
v 0.15095831 0.08764833 -0.02156421
v 0.15022304 0.08775972 -0.02148475
v 0.14949376 0.08782109 -0.02138120
v 0.15151736 0.08769899 -0.02163120
v 0.15099836 0.08776208 -0.02161416
v 0.15024778 0.08786028 -0.02156421
v 0.14950516 0.08789973 -0.02148475
v 0.14877338 0.08788997 -0.02138120
v 0.15076802 0.08797479 -0.02163120
v 0.15027659 0.08797738 -0.02161416
v 0.14952002 0.08800221 -0.02156421
v 0.14877708 0.08796934 -0.02148475
v 0.14999462 0.08817330 -0.02163120
v 0.14953732 0.08812155 -0.02161416
v 0.14878191 0.08807279 -0.02156421
v 0.14920509 0.08829246 -0.02163120
v 0.14878754 0.08819324 -0.02161416
v 0.15552191 0.08246602 -0.02113120
v 0.15557068 0.08235263 -0.02126061
v 0.15561897 0.08236544 -0.02138120
v 0.15569576 0.08238583 -0.02148475
v 0.15579585 0.08241240 -0.02156421
v 0.15569158 0.08172223 -0.02113120
v 0.15572111 0.08164972 -0.02126061
v 0.15577040 0.08165779 -0.02138120
v 0.15578350 0.08096489 -0.02113120
v 0.14757531 0.07311317 -0.02126061
v 0.14754695 0.07313368 -0.02113120
v 0.14686614 0.07323052 -0.02126061
v 0.14679522 0.07326367 -0.02113120
v 0.14617171 0.07341620 -0.02126061
v 0.14606092 0.07347063 -0.02113120
v 0.14549956 0.07366803 -0.02126061
v 0.14535194 0.07375233 -0.02113120
v 0.14485318 0.07398487 -0.02126061
v 0.14467586 0.07410578 -0.02113120
v 0.14424155 0.07436249 -0.02126061
v 0.14403990 0.07452717 -0.02113120
v 0.14366948 0.07479773 -0.02126061
v 0.14345088 0.07501201 -0.02113120
v 0.14314239 0.07528649 -0.02126061
v 0.14291510 0.07555510 -0.02113120
v 0.14266526 0.07582412 -0.02126061
v 0.14243828 0.07615063 -0.02113120
v 0.14224261 0.07640555 -0.02126061
v 0.14202555 0.07679224 -0.02113120
v 0.14187842 0.07702528 -0.02126061
v 0.14168129 0.07747305 -0.02113120
v 0.14157616 0.07767746 -0.02126061
v 0.14140922 0.07818578 -0.02113120
v 0.14133866 0.07835591 -0.02126061
v 0.14121223 0.07892281 -0.02113120
v 0.14116819 0.07905422 -0.02126061
v 0.14109243 0.07967624 -0.02113120
v 0.14106635 0.07976578 -0.02126061
v 0.14105110 0.08043802 -0.02113120
v 0.14083440 0.07974403 -0.02156421
v 0.14093945 0.07901004 -0.02156421
v 0.14111531 0.07828972 -0.02156421
v 0.14136028 0.07758989 -0.02156421
v 0.14167208 0.07691716 -0.02156421
v 0.14204773 0.07627789 -0.02156421
v 0.14248371 0.07567814 -0.02156421
v 0.14297587 0.07512356 -0.02156421
v 0.14351957 0.07461941 -0.02156421
v 0.14410967 0.07417045 -0.02156421
v 0.14474058 0.07378093 -0.02156421
v 0.14541027 0.07345284 -0.02156421
v 0.14093750 0.07975370 -0.02148475
v 0.14104113 0.07902968 -0.02148475
v 0.14121459 0.07831914 -0.02148475
v 0.14145624 0.07762881 -0.02148475
v 0.14176380 0.07696522 -0.02148475
v 0.14213436 0.07633463 -0.02148475
v 0.14256440 0.07574303 -0.02148475
v 0.14304989 0.07519598 -0.02148475
v 0.14358621 0.07469868 -0.02148475
v 0.14416829 0.07425582 -0.02148475
v 0.14479064 0.07387158 -0.02148475
v 0.14545026 0.07354837 -0.02148475
v 0.14613225 0.07329296 -0.02148475
v 0.14101662 0.07976112 -0.02138120
v 0.14111915 0.07904474 -0.02138120
v 0.14129077 0.07834171 -0.02138120
v 0.14152987 0.07765868 -0.02138120
v 0.14183418 0.07700210 -0.02138120
v 0.14220082 0.07637818 -0.02138120
v 0.14262633 0.07579282 -0.02138120
v 0.14310669 0.07525155 -0.02138120
v 0.14363734 0.07475950 -0.02138120
v 0.14421327 0.07432131 -0.02138120
v 0.14482904 0.07394115 -0.02138120
v 0.14548075 0.07362175 -0.02138120
v 0.14615649 0.07336862 -0.02138120
v 0.14685560 0.07318170 -0.02138120
v 0.15595102 0.08168734 -0.02156421
v 0.15584882 0.08167062 -0.02148475
v 0.15483315 0.08439583 -0.02148475
v 0.15476547 0.08435421 -0.02138120
v 0.15435688 0.08495151 -0.02138120
v 0.12567242 0.08898363 -0.02113120
v 0.12541855 0.08839265 -0.02113120
v 0.12564120 0.08895917 -0.02126061
v 0.12541067 0.08840516 -0.02123855
v 0.12541655 0.08839582 -0.02118547
v 0.12594164 0.08948941 -0.02126061
v 0.12599508 0.08954005 -0.02113120
v 0.12630000 0.08998235 -0.02126061
v 0.12638189 0.09005394 -0.02113120
v 0.12671168 0.09043171 -0.02126061
v 0.12682731 0.09051795 -0.02113120
v 0.12717146 0.09083174 -0.02126061
v 0.12732498 0.09092544 -0.02113120
v 0.12767344 0.09117733 -0.02126061
v 0.12786776 0.09127056 -0.02113120
v 0.12821120 0.09146407 -0.02126061
v 0.12844787 0.09154837 -0.02113120
v 0.12877789 0.09168830 -0.02126061
v 0.12905702 0.09175490 -0.02113120
v 0.12936625 0.09184714 -0.02126061
v 0.12968647 0.09188719 -0.02113120
v 0.12996878 0.09193858 -0.02126061
v 0.13032720 0.09194334 -0.02113120
v 0.13057780 0.09196144 -0.02126061
v 0.13097007 0.09192255 -0.02113120
v 0.13118549 0.09191543 -0.02126061
v 0.13160586 0.09182512 -0.02113120
v 0.13178412 0.09180114 -0.02126061
v 0.13222545 0.09165244 -0.02113120
v 0.13236601 0.09162003 -0.02126061
v 0.13281998 0.09140699 -0.02113120
v 0.13292376 0.09137442 -0.02126061
v 0.13338093 0.09109227 -0.02113120
v 0.13345023 0.09106742 -0.02126061
v 0.13390027 0.09071281 -0.02113120
v 0.13393869 0.09070298 -0.02126061
v 0.13437056 0.09027402 -0.02113120
v 0.13438291 0.09028576 -0.02126061
v 0.13477722 0.08982107 -0.02126061
v 0.13481707 0.08985118 -0.02138120
v 0.13515955 0.08934027 -0.02138120
v 0.13522794 0.08938072 -0.02148475
v 0.13551473 0.08882645 -0.02148475
v 0.13560924 0.08886876 -0.02156421
v 0.13583580 0.08827474 -0.02156421
v 0.13595073 0.08831127 -0.02161416
v 0.13611221 0.08768227 -0.02161416
v 0.13609366 0.08828760 -0.02163120
v 0.13625454 0.08762643 -0.02163120
v 0.13620167 0.08703907 -0.02161416
v 0.13633788 0.08695109 -0.02163120
v 0.13621799 0.08638988 -0.02161416
v 0.13634258 0.08627064 -0.02163120
v 0.13616093 0.08574300 -0.02161416
v 0.13626855 0.08559422 -0.02163120
v 0.13603125 0.08510668 -0.02161416
v 0.13611683 0.08493089 -0.02163120
v 0.13583059 0.08448907 -0.02161416
v 0.13588942 0.08428954 -0.02163120
v 0.13556152 0.08389804 -0.02161416
v 0.13558937 0.08367881 -0.02163120
v 0.13522747 0.08334115 -0.02161416
v 0.13522072 0.08310686 -0.02163120
v 0.13483272 0.08282551 -0.02161416
v 0.13478840 0.08258138 -0.02163120
v 0.13438230 0.08235771 -0.02161416
v 0.13429822 0.08210940 -0.02163120
v 0.13388197 0.08194372 -0.02161416
v 0.13375676 0.08169728 -0.02163120
v 0.13333812 0.08158885 -0.02161416
v 0.13317128 0.08135052 -0.02163120
v 0.13275770 0.08129760 -0.02161416
v 0.13245616 0.08113835 -0.02162247
v 0.13236803 0.08119941 -0.02159758
v 0.13270979 0.08140827 -0.02156421
v 0.13228419 0.08125768 -0.02155659
v 0.13266865 0.08150330 -0.02148475
v 0.13220715 0.08131138 -0.02149952
v 0.13263709 0.08157622 -0.02138120
v 0.13214009 0.08135823 -0.02142659
v 0.13261725 0.08162206 -0.02126061
v 0.13208700 0.08139542 -0.02133883
v 0.13205230 0.08141975 -0.02123855
v 0.13204022 0.08142826 -0.02113120
v 0.13204328 0.08142610 -0.02118547
v 0.13478508 0.08978220 -0.02113120
v 0.13511655 0.08931485 -0.02126061
v 0.13544220 0.08879398 -0.02138120
v 0.13573713 0.08824336 -0.02148475
v 0.13599389 0.08765894 -0.02156421
v 0.13513788 0.08924438 -0.02113120
v 0.13539661 0.08877357 -0.02126061
v 0.13566139 0.08821928 -0.02138120
v 0.13589230 0.08763890 -0.02148475
v 0.13608148 0.08702924 -0.02156421
v 0.13542390 0.08866828 -0.02113120
v 0.13561380 0.08820415 -0.02126061
v 0.13581434 0.08762352 -0.02138120
v 0.13597827 0.08702079 -0.02148475
v 0.13609745 0.08639367 -0.02156421
v 0.13563908 0.08806213 -0.02113120
v 0.13576533 0.08761386 -0.02126061
v 0.13589908 0.08701431 -0.02138120
v 0.13599394 0.08639692 -0.02148475
v 0.13604159 0.08576036 -0.02156421
v 0.13578030 0.08743462 -0.02113120
v 0.13584930 0.08701023 -0.02126061
v 0.13591453 0.08639942 -0.02138120
v 0.13593912 0.08577527 -0.02148475
v 0.13591464 0.08513741 -0.02156421
v 0.13584554 0.08679474 -0.02113120
v 0.13586461 0.08640099 -0.02126061
v 0.13586050 0.08578672 -0.02138120
v 0.13581450 0.08516378 -0.02148475
v 0.13571819 0.08453276 -0.02156421
v 0.13583390 0.08615164 -0.02113120
v 0.13581106 0.08579391 -0.02126061
v 0.13573767 0.08518403 -0.02138120
v 0.13562168 0.08457027 -0.02148475
v 0.13545476 0.08395412 -0.02156421
v 0.13574551 0.08551454 -0.02113120
v 0.13568936 0.08519676 -0.02126061
v 0.13554761 0.08459904 -0.02138120
v 0.13536310 0.08400229 -0.02148475
v 0.13512774 0.08340892 -0.02156421
v 0.13558165 0.08489255 -0.02113120
v 0.13550106 0.08461714 -0.02126061
v 0.13529275 0.08403925 -0.02138120
v 0.13504208 0.08346712 -0.02148475
v 0.13474126 0.08290411 -0.02156421
v 0.13534466 0.08429460 -0.02113120
v 0.13524854 0.08406248 -0.02126061
v 0.13497637 0.08351179 -0.02138120
v 0.13466274 0.08297160 -0.02148475
v 0.13430029 0.08244613 -0.02156421
v 0.13503796 0.08372923 -0.02113120
v 0.13493504 0.08353986 -0.02126061
v 0.13460247 0.08302339 -0.02138120
v 0.13422987 0.08252206 -0.02148475
v 0.13381047 0.08204083 -0.02156421
v 0.13466591 0.08320455 -0.02113120
v 0.13456458 0.08305595 -0.02126061
v 0.13417585 0.08258031 -0.02138120
v 0.13374906 0.08212422 -0.02148475
v 0.13327803 0.08169340 -0.02156421
v 0.13423385 0.08272807 -0.02113120
v 0.13414188 0.08261693 -0.02126061
v 0.13370195 0.08218820 -0.02138120
v 0.13322644 0.08178318 -0.02148475
v 0.13374797 0.08230660 -0.02113120
v 0.13367233 0.08222843 -0.02126061
v 0.13318684 0.08185208 -0.02138120
v 0.13321523 0.08194620 -0.02113120
v 0.13316196 0.08189538 -0.02126061
v 0.13264323 0.08165201 -0.02113120
v 0.13254646 0.08107598 -0.02163119
v 0.13254963 0.08107379 -0.02163120
v 0.13585742 0.08892574 -0.02163120
v 0.13571930 0.08891803 -0.02161416
v 0.13531708 0.08943342 -0.02156421
v 0.13488046 0.08989909 -0.02148475
v 0.13441912 0.09032018 -0.02138120
v 0.13554896 0.08953227 -0.02163120
v 0.13542088 0.08949480 -0.02161416
v 0.13496309 0.08996151 -0.02156421
v 0.13447670 0.09037493 -0.02148475
v 0.13397078 0.09074127 -0.02138120
v 0.13517245 0.09009908 -0.02163120
v 0.13505929 0.09003421 -0.02161416
v 0.13455175 0.09044628 -0.02156421
v 0.13402181 0.09080217 -0.02148475
v 0.13347779 0.09110908 -0.02138120
v 0.13473292 0.09061854 -0.02163120
v 0.13463914 0.09052937 -0.02161416
v 0.13408833 0.09088154 -0.02156421
v 0.13352164 0.09117535 -0.02148475
v 0.13294645 0.09141892 -0.02138120
v 0.13416579 0.09097396 -0.02161416
v 0.13423627 0.09108371 -0.02163120
v 0.13364530 0.09136230 -0.02161416
v 0.13368917 0.09148832 -0.02163120
v 0.13308431 0.09168941 -0.02161416
v 0.13309897 0.09182696 -0.02163120
v 0.13249000 0.09195114 -0.02161416
v 0.13247356 0.09209508 -0.02163120
v 0.13186993 0.09214412 -0.02161416
v 0.13182134 0.09228909 -0.02163120
v 0.13123206 0.09226590 -0.02161416
v 0.13115105 0.09240638 -0.02163120
v 0.13058452 0.09231493 -0.02161416
v 0.13047172 0.09244537 -0.02163120
v 0.12993558 0.09229057 -0.02161416
v 0.12979241 0.09240556 -0.02163120
v 0.12929353 0.09219314 -0.02161416
v 0.12912227 0.09228747 -0.02163120
v 0.12866658 0.09202388 -0.02161416
v 0.12847029 0.09209268 -0.02163120
v 0.12806274 0.09178495 -0.02161416
v 0.12784520 0.09182382 -0.02163120
v 0.12748973 0.09147941 -0.02161416
v 0.12725539 0.09148446 -0.02163120
v 0.12695483 0.09111116 -0.02161416
v 0.12670877 0.09107920 -0.02163120
v 0.12646492 0.09068489 -0.02161416
v 0.12621269 0.09061344 -0.02163120
v 0.12602624 0.09020607 -0.02161416
v 0.12577378 0.09009345 -0.02163120
v 0.12564439 0.08968081 -0.02161416
v 0.12539795 0.08952620 -0.02163120
v 0.12532425 0.08911581 -0.02161416
v 0.12514999 0.08882268 -0.02162247
v 0.12520652 0.08873159 -0.02159758
v 0.12509022 0.08891929 -0.02163120
v 0.12509224 0.08891602 -0.02163119
v 0.12543236 0.08906238 -0.02156421
v 0.12526049 0.08864491 -0.02155659
v 0.12531024 0.08856527 -0.02149952
v 0.12552520 0.08901650 -0.02148475
v 0.12535366 0.08849593 -0.02142659
v 0.12538811 0.08844103 -0.02133883
v 0.12559643 0.08898130 -0.02138120
v 0.12589965 0.08951645 -0.02138120
v 0.12626132 0.09001396 -0.02138120
v 0.12667682 0.09046748 -0.02138120
v 0.12714086 0.09087121 -0.02138120
v 0.12764748 0.09122001 -0.02138120
v 0.12819023 0.09150940 -0.02138120
v 0.12876216 0.09173571 -0.02138120
v 0.12935597 0.09189602 -0.02138120
v 0.12996410 0.09198831 -0.02138120
v 0.13057874 0.09201138 -0.02138120
v 0.13119207 0.09196494 -0.02138120
v 0.13179624 0.09184960 -0.02138120
v 0.13238354 0.09166681 -0.02138120
v 0.12583284 0.08955946 -0.02148475
v 0.12619980 0.09006424 -0.02148475
v 0.12662137 0.09052438 -0.02148475
v 0.12709216 0.09093401 -0.02148475
v 0.12760620 0.09128790 -0.02148475
v 0.12815687 0.09158152 -0.02148475
v 0.12873715 0.09181113 -0.02148475
v 0.12933963 0.09197378 -0.02148475
v 0.12995663 0.09206741 -0.02148475
v 0.13058026 0.09209082 -0.02148475
v 0.13120254 0.09204371 -0.02148475
v 0.13181552 0.09192668 -0.02148475
v 0.13241139 0.09174122 -0.02148475
v 0.13298253 0.09148971 -0.02148475
v 0.12574577 0.08961552 -0.02156421
v 0.12611961 0.09012976 -0.02156421
v 0.12654909 0.09059854 -0.02156421
v 0.12702872 0.09101585 -0.02156421
v 0.12755238 0.09137638 -0.02156421
v 0.12811338 0.09167550 -0.02156421
v 0.12870455 0.09190942 -0.02156421
v 0.12931833 0.09207513 -0.02156421
v 0.12994690 0.09217051 -0.02156421
v 0.13058223 0.09219436 -0.02156421
v 0.13121618 0.09214636 -0.02156421
v 0.13184066 0.09202714 -0.02156421
v 0.13244771 0.09183820 -0.02156421
v 0.13302955 0.09158197 -0.02156421
v 0.13357876 0.09126172 -0.02156421
v 0.12429176 0.08892094 -0.02163120
v 0.12470377 0.08880080 -0.02161416
v 0.12470331 0.08868021 -0.02156421
v 0.12470293 0.08857666 -0.02148475
v 0.12470263 0.08849719 -0.02138120
v 0.12470244 0.08844725 -0.02126061
v 0.12395133 0.08876700 -0.02161416
v 0.12349721 0.08884174 -0.02163120
v 0.12320572 0.08866029 -0.02161416
v 0.12271479 0.08868248 -0.02163120
v 0.12247402 0.08848166 -0.02161416
v 0.12195250 0.08844482 -0.02163120
v 0.12176312 0.08823281 -0.02161416
v 0.12121820 0.08813118 -0.02163120
v 0.12107976 0.08791609 -0.02161416
v 0.12051944 0.08774480 -0.02163120
v 0.12043037 0.08753448 -0.02161416
v 0.11986341 0.08728964 -0.02163120
v 0.11982114 0.08709161 -0.02161416
v 0.11925683 0.08677039 -0.02163120
v 0.11925778 0.08659166 -0.02161416
v 0.11870594 0.08619239 -0.02163120
v 0.11874566 0.08603936 -0.02161416
v 0.11821641 0.08556157 -0.02163120
v 0.11828960 0.08543993 -0.02161416
v 0.11779329 0.08488443 -0.02163120
v 0.11789392 0.08479904 -0.02161416
v 0.11744091 0.08416792 -0.02163120
v 0.11756021 0.08411776 -0.02161416
v 0.11729805 0.08341745 -0.02161416
v 0.11741290 0.08338067 -0.02156421
v 0.11722137 0.08266436 -0.02156421
v 0.11732258 0.08264251 -0.02148475
v 0.11720318 0.08192092 -0.02148475
v 0.11728212 0.08191177 -0.02138120
v 0.11723388 0.08118971 -0.02138120
v 0.11728382 0.08118881 -0.02126061
v 0.11730579 0.08047033 -0.02126061
v 0.11730060 0.08117324 -0.02113120
v 0.11732786 0.08041083 -0.02113120
v 0.11739744 0.07975738 -0.02126061
v 0.11743375 0.07965532 -0.02113120
v 0.11755791 0.07905670 -0.02126061
v 0.11761711 0.07891478 -0.02113120
v 0.11778568 0.07837492 -0.02126061
v 0.11787598 0.07819715 -0.02113120
v 0.11807857 0.07771849 -0.02126061
v 0.11820762 0.07751010 -0.02113120
v 0.11843385 0.07709360 -0.02126061
v 0.11860845 0.07686099 -0.02113120
v 0.11884816 0.07650619 -0.02126061
v 0.11907419 0.07625676 -0.02113120
v 0.11931753 0.07596178 -0.02126061
v 0.11959988 0.07570388 -0.02113120
v 0.11983758 0.07546554 -0.02126061
v 0.12017985 0.07520826 -0.02113120
v 0.12040336 0.07502216 -0.02126061
v 0.12080792 0.07477521 -0.02113120
v 0.12100953 0.07463582 -0.02126061
v 0.12147737 0.07440935 -0.02113120
v 0.12165037 0.07431019 -0.02126061
v 0.12218104 0.07411462 -0.02113120
v 0.12231979 0.07404835 -0.02126061
v 0.12291138 0.07389415 -0.02113120
v 0.12301149 0.07385276 -0.02126061
v 0.12366060 0.07375031 -0.02113120
v 0.12371891 0.07372527 -0.02126061
v 0.12442066 0.07368464 -0.02113120
v 0.12443536 0.07366710 -0.02126061
v 0.12515409 0.07367879 -0.02126061
v 0.12443375 0.07361718 -0.02138120
v 0.12515733 0.07362895 -0.02138120
v 0.12443119 0.07353776 -0.02148475
v 0.12516249 0.07354965 -0.02148475
v 0.12442783 0.07343425 -0.02156421
v 0.12516921 0.07344632 -0.02156421
v 0.12442393 0.07331373 -0.02161416
v 0.12517703 0.07332598 -0.02161416
v 0.12508078 0.07319074 -0.02163120
v 0.12587508 0.07327229 -0.02163120
v 0.11716289 0.08341940 -0.02163120
v 0.11710349 0.08268981 -0.02161416
v 0.11710031 0.08193284 -0.02156421
v 0.11715443 0.08119115 -0.02148475
v 0.11725599 0.08046638 -0.02138120
v 0.11696211 0.08264659 -0.02163120
v 0.11698052 0.08194672 -0.02161416
v 0.11705089 0.08119302 -0.02156421
v 0.11717678 0.08046009 -0.02148475
v 0.11734827 0.07974860 -0.02138120
v 0.11684061 0.08185741 -0.02163120
v 0.11693032 0.08119520 -0.02161416
v 0.11707356 0.08045189 -0.02156421
v 0.11727005 0.07973466 -0.02148475
v 0.11750983 0.07904319 -0.02138120
v 0.11679966 0.08105999 -0.02163120
v 0.11695335 0.08044235 -0.02161416
v 0.11716810 0.07971647 -0.02156421
v 0.11743332 0.07902171 -0.02148475
v 0.11773912 0.07835680 -0.02138120
v 0.11683965 0.08026252 -0.02163120
v 0.11704938 0.07969530 -0.02161416
v 0.11733363 0.07899371 -0.02156421
v 0.11766507 0.07832799 -0.02148475
v 0.11803401 0.07769594 -0.02138120
v 0.11696021 0.07947320 -0.02163120
v 0.11721753 0.07896111 -0.02161416
v 0.11756857 0.07829044 -0.02156421
v 0.11796311 0.07766007 -0.02148475
v 0.11839169 0.07706684 -0.02138120
v 0.11716006 0.07870015 -0.02163120
v 0.11745618 0.07824672 -0.02161416
v 0.11787070 0.07761333 -0.02156421
v 0.11832460 0.07702425 -0.02148475
v 0.11880878 0.07647545 -0.02138120
v 0.11743718 0.07795130 -0.02163120
v 0.11776309 0.07755889 -0.02161416
v 0.11823718 0.07696875 -0.02156421
v 0.11874614 0.07642654 -0.02148475
v 0.11928133 0.07592736 -0.02138120
v 0.11778870 0.07723436 -0.02163120
v 0.11813537 0.07690412 -0.02161416
v 0.11866452 0.07636282 -0.02156421
v 0.11922375 0.07587261 -0.02148475
v 0.11980489 0.07542777 -0.02138120
v 0.11821101 0.07655671 -0.02163120
v 0.11856948 0.07628861 -0.02161416
v 0.11914870 0.07580126 -0.02156421
v 0.11975290 0.07536768 -0.02148475
v 0.12037450 0.07498139 -0.02138120
v 0.11869976 0.07592530 -0.02163120
v 0.11906131 0.07571817 -0.02161416
v 0.11968514 0.07528938 -0.02156421
v 0.12032859 0.07491654 -0.02148475
v 0.12098476 0.07459245 -0.02138120
v 0.11924997 0.07534664 -0.02163120
v 0.11960623 0.07519819 -0.02161416
v 0.12026875 0.07483203 -0.02156421
v 0.12094537 0.07452345 -0.02148475
v 0.12162993 0.07426461 -0.02138120
v 0.11985591 0.07482667 -0.02163120
v 0.12019907 0.07473360 -0.02161416
v 0.12089403 0.07443352 -0.02156421
v 0.12159742 0.07419212 -0.02148475
v 0.12230389 0.07400100 -0.02138120
v 0.12051142 0.07437072 -0.02163120
v 0.12083424 0.07432879 -0.02161416
v 0.12155506 0.07409762 -0.02156421
v 0.12227857 0.07392568 -0.02148475
v 0.12300025 0.07380408 -0.02138120
v 0.12120971 0.07398350 -0.02163120
v 0.12150572 0.07398758 -0.02161416
v 0.12224558 0.07382752 -0.02156421
v 0.12298238 0.07372666 -0.02148475
v 0.12371245 0.07367574 -0.02138120
v 0.12194364 0.07366898 -0.02163120
v 0.12220717 0.07371321 -0.02161416
v 0.12295907 0.07362577 -0.02156421
v 0.12370218 0.07359695 -0.02148475
v 0.12270562 0.07343040 -0.02163120
v 0.12293195 0.07350826 -0.02161416
v 0.12368879 0.07349426 -0.02156421
v 0.12348786 0.07327020 -0.02163120
v 0.12367320 0.07337468 -0.02161416
v 0.12428231 0.07319004 -0.02163120
v 0.12592537 0.07341132 -0.02161416
v 0.12665704 0.07343386 -0.02163120
v 0.12666190 0.07356894 -0.02161416
v 0.12741861 0.07367378 -0.02163120
v 0.12737453 0.07379546 -0.02161416
v 0.12807178 0.07409439 -0.02161416
v 0.12733351 0.07390886 -0.02156421
v 0.12801889 0.07420276 -0.02156421
v 0.12729839 0.07400628 -0.02148475
v 0.12797346 0.07429583 -0.02148475
v 0.12727164 0.07408111 -0.02138120
v 0.12793862 0.07436724 -0.02138120
v 0.12725519 0.07412828 -0.02126061
v 0.12791672 0.07441212 -0.02126061
v 0.12740686 0.07420503 -0.02113120
v 0.12809991 0.07452393 -0.02113120
v 0.12854661 0.07475842 -0.02126061
v 0.12875630 0.07491272 -0.02113120
v 0.12913990 0.07516427 -0.02126061
v 0.12936903 0.07536725 -0.02113120
v 0.12969096 0.07562582 -0.02126061
v 0.12993151 0.07588263 -0.02113120
v 0.13019459 0.07613871 -0.02126061
v 0.13043775 0.07645337 -0.02113120
v 0.13064602 0.07669809 -0.02126061
v 0.13088231 0.07707335 -0.02113120
v 0.13104100 0.07729868 -0.02126061
v 0.13126045 0.07773594 -0.02113120
v 0.13137576 0.07793478 -0.02126061
v 0.13156812 0.07843404 -0.02113120
v 0.13164715 0.07860039 -0.02126061
v 0.13180202 0.07916019 -0.02113120
v 0.13185262 0.07928922 -0.02126061
v 0.13195966 0.07990663 -0.02113120
v 0.13199023 0.07999474 -0.02126061
v 0.13203933 0.08066535 -0.02113120
v 0.13205863 0.08071030 -0.02126061
v 0.12815198 0.07398958 -0.02163120
v 0.12873180 0.07445726 -0.02161416
v 0.12866864 0.07455998 -0.02156421
v 0.12928062 0.07497862 -0.02156421
v 0.12921807 0.07506114 -0.02148475
v 0.12977879 0.07553077 -0.02148475
v 0.12972485 0.07558913 -0.02138120
v 0.13023189 0.07610549 -0.02138120
v 0.12884959 0.07437803 -0.02163120
v 0.12935347 0.07488251 -0.02161416
v 0.12984905 0.07545470 -0.02156421
v 0.13029123 0.07605264 -0.02148475
v 0.13068637 0.07666865 -0.02138120
v 0.12950429 0.07483512 -0.02163120
v 0.12993089 0.07536613 -0.02161416
v 0.13036855 0.07598376 -0.02156421
v 0.13075056 0.07662181 -0.02148475
v 0.13108401 0.07727329 -0.02138120
v 0.13010934 0.07535615 -0.02163120
v 0.13045860 0.07590356 -0.02161416
v 0.13083421 0.07656077 -0.02156421
v 0.13115244 0.07723291 -0.02148475
v 0.13142104 0.07791369 -0.02138120
v 0.13065851 0.07593579 -0.02163120
v 0.13093163 0.07648969 -0.02161416
v 0.13124163 0.07718028 -0.02156421
v 0.13149308 0.07788015 -0.02148475
v 0.13169428 0.07858380 -0.02138120
v 0.13114617 0.07656805 -0.02163120
v 0.13134549 0.07711900 -0.02161416
v 0.13158694 0.07783644 -0.02156421
v 0.13176921 0.07855741 -0.02148475
v 0.13190113 0.07927729 -0.02138120
v 0.13156730 0.07724644 -0.02163120
v 0.13169626 0.07778553 -0.02161416
v 0.13186690 0.07852303 -0.02156421
v 0.13197829 0.07925830 -0.02148475
v 0.13203965 0.07998758 -0.02138120
v 0.13191755 0.07796398 -0.02163120
v 0.13198065 0.07848298 -0.02161416
v 0.13207885 0.07923356 -0.02156421
v 0.13211829 0.07997618 -0.02148475
v 0.13210853 0.08070797 -0.02138120
v 0.13219336 0.07871332 -0.02163120
v 0.13219594 0.07920475 -0.02161416
v 0.13222076 0.07996132 -0.02156421
v 0.13218790 0.08070426 -0.02148475
v 0.13239186 0.07948672 -0.02163120
v 0.13234012 0.07994402 -0.02161416
v 0.13229134 0.08069943 -0.02156421
v 0.13251102 0.08027625 -0.02163120
v 0.13241180 0.08069380 -0.02161416
v 0.12668459 0.07395943 -0.02113120
v 0.12657118 0.07391066 -0.02126061
v 0.12658401 0.07386237 -0.02138120
v 0.12660439 0.07378558 -0.02148475
v 0.12663095 0.07368549 -0.02156421
v 0.12594078 0.07378976 -0.02113120
v 0.12586828 0.07376023 -0.02126061
v 0.12587635 0.07371094 -0.02138120
v 0.12518345 0.07369784 -0.02113120
v 0.11733174 0.08190603 -0.02126061
v 0.11735223 0.08193439 -0.02113120
v 0.11744908 0.08261520 -0.02126061
v 0.11748223 0.08268612 -0.02113120
v 0.11763476 0.08330963 -0.02126061
v 0.11768919 0.08342042 -0.02113120
v 0.11788660 0.08398178 -0.02126061
v 0.11797090 0.08412940 -0.02113120
v 0.11820343 0.08462816 -0.02126061
v 0.11832433 0.08480548 -0.02113120
v 0.11858105 0.08523979 -0.02126061
v 0.11874573 0.08544144 -0.02113120
v 0.11901630 0.08581186 -0.02126061
v 0.11923057 0.08603046 -0.02113120
v 0.11950504 0.08633895 -0.02126061
v 0.11977366 0.08656624 -0.02113120
v 0.12004268 0.08681608 -0.02126061
v 0.12036919 0.08704306 -0.02113120
v 0.12062411 0.08723873 -0.02126061
v 0.12101080 0.08745579 -0.02113120
v 0.12124385 0.08760292 -0.02126061
v 0.12169162 0.08780005 -0.02113120
v 0.12189602 0.08790518 -0.02126061
v 0.12240435 0.08807212 -0.02113120
v 0.12257447 0.08814268 -0.02126061
v 0.12314138 0.08826911 -0.02113120
v 0.12327278 0.08831315 -0.02126061
v 0.12389481 0.08838891 -0.02113120
v 0.12398434 0.08841499 -0.02126061
v 0.12465657 0.08843024 -0.02113120
v 0.12396258 0.08864694 -0.02156421
v 0.12322859 0.08854189 -0.02156421
v 0.12250827 0.08836604 -0.02156421
v 0.12180845 0.08812106 -0.02156421
v 0.12113572 0.08780926 -0.02156421
v 0.12049645 0.08743361 -0.02156421
v 0.11989670 0.08699763 -0.02156421
v 0.11934212 0.08650547 -0.02156421
v 0.11883797 0.08596177 -0.02156421
v 0.11838902 0.08537167 -0.02156421
v 0.11799949 0.08474076 -0.02156421
v 0.11767140 0.08407107 -0.02156421
v 0.12397225 0.08854384 -0.02148475
v 0.12324823 0.08844021 -0.02148475
v 0.12253770 0.08826675 -0.02148475
v 0.12184737 0.08802510 -0.02148475
v 0.12118378 0.08771755 -0.02148475
v 0.12055320 0.08734698 -0.02148475
v 0.11996158 0.08691694 -0.02148475
v 0.11941454 0.08643145 -0.02148475
v 0.11891723 0.08589513 -0.02148475
v 0.11847437 0.08531305 -0.02148475
v 0.11809015 0.08469070 -0.02148475
v 0.11776692 0.08403108 -0.02148475
v 0.11751151 0.08334909 -0.02148475
v 0.12397968 0.08846473 -0.02138120
v 0.12326330 0.08836219 -0.02138120
v 0.12256028 0.08819057 -0.02138120
v 0.12187724 0.08795147 -0.02138120
v 0.12122066 0.08764716 -0.02138120
v 0.12059673 0.08728052 -0.02138120
v 0.12001138 0.08685501 -0.02138120
v 0.11947010 0.08637465 -0.02138120
v 0.11897806 0.08584400 -0.02138120
v 0.11853988 0.08526807 -0.02138120
v 0.11815971 0.08465230 -0.02138120
v 0.11784032 0.08400059 -0.02138120
v 0.11758719 0.08332485 -0.02138120
v 0.11740026 0.08262574 -0.02138120
v 0.12590591 0.07353033 -0.02156421
v 0.12588918 0.07363252 -0.02148475
v 0.12861440 0.07464819 -0.02148475
v 0.12857278 0.07471587 -0.02138120
v 0.12917006 0.07512446 -0.02138120
v 0.14166056 0.10459743 -0.02113120
v 0.14165969 0.10383453 -0.02113120
v 0.14164127 0.10455248 -0.02126061
v 0.14164759 0.10384302 -0.02123855
v 0.14165662 0.10383668 -0.02118547
v 0.14170969 0.10526804 -0.02126061
v 0.14174025 0.10535614 -0.02113120
v 0.14184727 0.10597356 -0.02126061
v 0.14189788 0.10610257 -0.02113120
v 0.14205274 0.10666238 -0.02126061
v 0.14213179 0.10682873 -0.02113120
v 0.14232415 0.10732799 -0.02126061
v 0.14243945 0.10752684 -0.02113120
v 0.14265891 0.10796410 -0.02126061
v 0.14281759 0.10818943 -0.02113120
v 0.14305388 0.10856468 -0.02126061
v 0.14326216 0.10880942 -0.02113120
v 0.14350531 0.10912406 -0.02126061
v 0.14376840 0.10938014 -0.02113120
v 0.14400894 0.10963696 -0.02126061
v 0.14433088 0.10989553 -0.02113120
v 0.14456000 0.11009851 -0.02126061
v 0.14494360 0.11035005 -0.02113120
v 0.14515329 0.11050436 -0.02126061
v 0.14559999 0.11073885 -0.02113120
v 0.14578319 0.11085066 -0.02126061
v 0.14629304 0.11105775 -0.02113120
v 0.14644472 0.11113450 -0.02126061
v 0.14701532 0.11130334 -0.02113120
v 0.14712871 0.11135212 -0.02126061
v 0.14775911 0.11147303 -0.02113120
v 0.14783162 0.11150255 -0.02126061
v 0.14851645 0.11156495 -0.02113120
v 0.14854581 0.11158399 -0.02126061
v 0.14927923 0.11157814 -0.02113120
v 0.14926453 0.11159568 -0.02126061
v 0.14998099 0.11153751 -0.02126061
v 0.14998744 0.11158705 -0.02138120
v 0.15069965 0.11145869 -0.02138120
v 0.15071753 0.11153612 -0.02148475
v 0.15142133 0.11133711 -0.02148475
v 0.15145432 0.11143526 -0.02156421
v 0.15214485 0.11116515 -0.02156421
v 0.15219418 0.11127519 -0.02161416
v 0.15286567 0.11093399 -0.02161416
v 0.15249019 0.11127928 -0.02163120
v 0.15318849 0.11089206 -0.02163120
v 0.15350083 0.11052917 -0.02161416
v 0.15384398 0.11043611 -0.02163120
v 0.15409367 0.11006458 -0.02161416
v 0.15444995 0.10991615 -0.02163120
v 0.15463859 0.10954462 -0.02161416
v 0.15500013 0.10933747 -0.02163120
v 0.15513042 0.10897417 -0.02161416
v 0.15548889 0.10870607 -0.02163120
v 0.15556453 0.10835866 -0.02161416
v 0.15591120 0.10802841 -0.02163120
v 0.15593680 0.10770389 -0.02161416
v 0.15626273 0.10731148 -0.02163120
v 0.15624372 0.10701606 -0.02161416
v 0.15653984 0.10656263 -0.02163120
v 0.15648237 0.10630167 -0.02161416
v 0.15673970 0.10578958 -0.02163120
v 0.15665052 0.10556747 -0.02161416
v 0.15686025 0.10500027 -0.02163120
v 0.15674655 0.10482043 -0.02161416
v 0.15690025 0.10420279 -0.02163120
v 0.15676958 0.10406758 -0.02161416
v 0.15685929 0.10340536 -0.02163120
v 0.15671937 0.10331606 -0.02161416
v 0.15673779 0.10261618 -0.02163120
v 0.15659641 0.10257297 -0.02161416
v 0.15653700 0.10184337 -0.02163120
v 0.15640185 0.10184533 -0.02161416
v 0.15625899 0.10109486 -0.02163120
v 0.15613969 0.10114502 -0.02161416
v 0.15580598 0.10046374 -0.02161416
v 0.15602850 0.10119171 -0.02156421
v 0.15570041 0.10052202 -0.02156421
v 0.15593298 0.10123170 -0.02148475
v 0.15560976 0.10057208 -0.02148475
v 0.15585959 0.10126218 -0.02138120
v 0.15554019 0.10061048 -0.02138120
v 0.15581331 0.10128100 -0.02126061
v 0.15549647 0.10063462 -0.02126061
v 0.15572901 0.10113339 -0.02113120
v 0.15537556 0.10045730 -0.02113120
v 0.15003930 0.11151247 -0.02113120
v 0.15068841 0.11141003 -0.02126061
v 0.15139602 0.11126178 -0.02138120
v 0.15210248 0.11107067 -0.02148475
v 0.15280587 0.11082927 -0.02156421
v 0.15078851 0.11136863 -0.02113120
v 0.15138011 0.11121444 -0.02126061
v 0.15206997 0.11099816 -0.02138120
v 0.15275453 0.11073933 -0.02148475
v 0.15343115 0.11043076 -0.02156421
v 0.15151886 0.11114816 -0.02113120
v 0.15204954 0.11095258 -0.02126061
v 0.15271513 0.11067033 -0.02138120
v 0.15337132 0.11034624 -0.02148475
v 0.15401477 0.10997340 -0.02156421
v 0.15222252 0.11085343 -0.02113120
v 0.15269037 0.11062696 -0.02126061
v 0.15332540 0.11028138 -0.02138120
v 0.15394700 0.10989510 -0.02148475
v 0.15455120 0.10946153 -0.02156421
v 0.15289198 0.11048757 -0.02113120
v 0.15329654 0.11024063 -0.02126061
v 0.15389500 0.10983501 -0.02138120
v 0.15447615 0.10939017 -0.02148475
v 0.15503538 0.10889996 -0.02156421
v 0.15352005 0.11005452 -0.02113120
v 0.15386232 0.10979723 -0.02126061
v 0.15441857 0.10933542 -0.02138120
v 0.15495376 0.10883623 -0.02148475
v 0.15546272 0.10829404 -0.02156421
v 0.15410003 0.10955891 -0.02113120
v 0.15438236 0.10930100 -0.02126061
v 0.15489112 0.10878734 -0.02138120
v 0.15537529 0.10823853 -0.02148475
v 0.15582920 0.10764946 -0.02156421
v 0.15462570 0.10900601 -0.02113120
v 0.15485175 0.10875660 -0.02126061
v 0.15530821 0.10819594 -0.02138120
v 0.15573679 0.10760272 -0.02148475
v 0.15613134 0.10697233 -0.02156421
v 0.15509145 0.10840179 -0.02113120
v 0.15526604 0.10816918 -0.02126061
v 0.15566589 0.10756685 -0.02138120
v 0.15603482 0.10693478 -0.02148475
v 0.15636628 0.10626906 -0.02156421
v 0.15549228 0.10775268 -0.02113120
v 0.15562132 0.10754430 -0.02126061
v 0.15596078 0.10690597 -0.02138120
v 0.15626658 0.10624107 -0.02148475
v 0.15653180 0.10554631 -0.02156421
v 0.15582392 0.10706563 -0.02113120
v 0.15591423 0.10688785 -0.02126061
v 0.15619008 0.10621958 -0.02138120
v 0.15642986 0.10552812 -0.02148475
v 0.15662634 0.10481089 -0.02156421
v 0.15608279 0.10634800 -0.02113120
v 0.15614199 0.10620608 -0.02126061
v 0.15635163 0.10551417 -0.02138120
v 0.15652311 0.10480270 -0.02148475
v 0.15664901 0.10406977 -0.02156421
v 0.15626616 0.10560747 -0.02113120
v 0.15630245 0.10550540 -0.02126061
v 0.15644390 0.10479641 -0.02138120
v 0.15654547 0.10407163 -0.02148475
v 0.15659958 0.10332993 -0.02156421
v 0.15637204 0.10485195 -0.02113120
v 0.15639411 0.10479246 -0.02126061
v 0.15646602 0.10407307 -0.02138120
v 0.15649672 0.10334185 -0.02148475
v 0.15647853 0.10259841 -0.02156421
v 0.15639931 0.10408954 -0.02113120
v 0.15641608 0.10407398 -0.02126061
v 0.15641778 0.10335100 -0.02138120
v 0.15637731 0.10262027 -0.02148475
v 0.15628701 0.10188211 -0.02156421
v 0.15636817 0.10335676 -0.02126061
v 0.15634766 0.10332840 -0.02113120
v 0.15625082 0.10264758 -0.02126061
v 0.15621767 0.10257666 -0.02113120
v 0.15606514 0.10195316 -0.02126061
v 0.15601071 0.10184236 -0.02113120
v 0.15511885 0.10002299 -0.02126061
v 0.15495417 0.09982135 -0.02113120
v 0.15468361 0.09945092 -0.02126061
v 0.15446933 0.09923231 -0.02113120
v 0.15419485 0.09892383 -0.02126061
v 0.15392624 0.09869654 -0.02113120
v 0.15365722 0.09844670 -0.02126061
v 0.15333071 0.09821972 -0.02113120
v 0.15307579 0.09802405 -0.02126061
v 0.15268910 0.09780698 -0.02113120
v 0.15245606 0.09765986 -0.02126061
v 0.15200829 0.09746273 -0.02113120
v 0.15180388 0.09735759 -0.02126061
v 0.15129556 0.09719065 -0.02113120
v 0.15112543 0.09712011 -0.02126061
v 0.15055853 0.09699366 -0.02113120
v 0.15042713 0.09694963 -0.02126061
v 0.14980510 0.09687386 -0.02113120
v 0.14971556 0.09684778 -0.02126061
v 0.14904332 0.09683254 -0.02113120
v 0.14899746 0.09681554 -0.02126061
v 0.14828135 0.09687013 -0.02113120
v 0.14828923 0.09685763 -0.02123855
v 0.14828334 0.09686696 -0.02118547
v 0.14831179 0.09682175 -0.02133883
v 0.14834625 0.09676685 -0.02142659
v 0.14899728 0.09676558 -0.02138120
v 0.14838966 0.09669751 -0.02149952
v 0.14899698 0.09668613 -0.02148475
v 0.14843940 0.09661786 -0.02155659
v 0.14899658 0.09658257 -0.02156421
v 0.14849337 0.09653119 -0.02159757
v 0.14899614 0.09646199 -0.02161416
v 0.14854991 0.09644009 -0.02162247
v 0.14940815 0.09634183 -0.02163120
v 0.14860766 0.09634676 -0.02163119
v 0.14860968 0.09634349 -0.02163120
v 0.14974857 0.09649577 -0.02161416
v 0.15020269 0.09642103 -0.02163120
v 0.15049418 0.09660249 -0.02161416
v 0.15098511 0.09658029 -0.02163120
v 0.15122588 0.09678112 -0.02161416
v 0.15174740 0.09681797 -0.02163120
v 0.15193678 0.09702998 -0.02161416
v 0.15248169 0.09713159 -0.02163120
v 0.15262015 0.09734669 -0.02161416
v 0.15318046 0.09751798 -0.02163120
v 0.15326953 0.09772829 -0.02161416
v 0.15383650 0.09797314 -0.02163120
v 0.15387877 0.09817117 -0.02161416
v 0.15444309 0.09849238 -0.02163120
v 0.15444211 0.09867111 -0.02161416
v 0.15499396 0.09907040 -0.02163120
v 0.15495424 0.09922341 -0.02161416
v 0.15548348 0.09970121 -0.02163120
v 0.15541030 0.09982285 -0.02161416
v 0.15590661 0.10037835 -0.02163120
v 0.15175627 0.11159380 -0.02163120
v 0.15149274 0.11154956 -0.02161416
v 0.15074083 0.11163702 -0.02156421
v 0.14999772 0.11166584 -0.02148475
v 0.14926614 0.11164560 -0.02138120
v 0.15099427 0.11183238 -0.02163120
v 0.15076796 0.11175452 -0.02161416
v 0.15001111 0.11176852 -0.02156421
v 0.14926872 0.11172503 -0.02148475
v 0.14854257 0.11163383 -0.02138120
v 0.15021204 0.11199258 -0.02163120
v 0.15002670 0.11188809 -0.02161416
v 0.14927207 0.11182852 -0.02156421
v 0.14853741 0.11171313 -0.02148475
v 0.14782355 0.11155184 -0.02138120
v 0.14941760 0.11207273 -0.02163120
v 0.14927597 0.11194905 -0.02161416
v 0.14853069 0.11181647 -0.02156421
v 0.14781072 0.11163027 -0.02148475
v 0.14711590 0.11140040 -0.02138120
v 0.14642826 0.11118167 -0.02138120
v 0.14576128 0.11089554 -0.02138120
v 0.14861912 0.11207204 -0.02163120
v 0.14852288 0.11193681 -0.02161416
v 0.14779400 0.11173245 -0.02156421
v 0.14709551 0.11147720 -0.02148475
v 0.14640151 0.11125651 -0.02148475
v 0.14572643 0.11096695 -0.02148475
v 0.14512713 0.11054690 -0.02138120
v 0.14782483 0.11199048 -0.02163120
v 0.14777453 0.11185147 -0.02161416
v 0.14706894 0.11157729 -0.02156421
v 0.14636639 0.11135392 -0.02156421
v 0.14568101 0.11106002 -0.02156421
v 0.14508551 0.11061459 -0.02148475
v 0.14452983 0.11013831 -0.02138120
v 0.14704287 0.11182892 -0.02163120
v 0.14703801 0.11169384 -0.02161416
v 0.14628129 0.11158901 -0.02163120
v 0.14632536 0.11146733 -0.02161416
v 0.14562813 0.11116839 -0.02161416
v 0.14503126 0.11070280 -0.02156421
v 0.14448183 0.11020165 -0.02148475
v 0.14397505 0.10967366 -0.02138120
v 0.14554792 0.11127320 -0.02163120
v 0.14496810 0.11080553 -0.02161416
v 0.14485030 0.11088476 -0.02163120
v 0.14434644 0.11038027 -0.02161416
v 0.14419561 0.11042766 -0.02163120
v 0.14376902 0.10989665 -0.02161416
v 0.14359056 0.10990662 -0.02163120
v 0.14324130 0.10935922 -0.02161416
v 0.14304139 0.10932699 -0.02163120
v 0.14276827 0.10877309 -0.02161416
v 0.14255373 0.10869474 -0.02163120
v 0.14235441 0.10814377 -0.02161416
v 0.14213261 0.10801635 -0.02163120
v 0.14200364 0.10747725 -0.02161416
v 0.14178235 0.10729880 -0.02163120
v 0.14171926 0.10677980 -0.02161416
v 0.14150655 0.10654946 -0.02163120
v 0.14150397 0.10605804 -0.02161416
v 0.14130804 0.10577607 -0.02163120
v 0.14135979 0.10531876 -0.02161416
v 0.14118888 0.10498652 -0.02163120
v 0.14128810 0.10456897 -0.02161416
v 0.14124374 0.10412442 -0.02162247
v 0.14133187 0.10406337 -0.02159757
v 0.14115028 0.10418900 -0.02163120
v 0.14115344 0.10418681 -0.02163119
v 0.14140856 0.10456335 -0.02156421
v 0.14141571 0.10400510 -0.02155659
v 0.14151200 0.10455852 -0.02148475
v 0.14149276 0.10395140 -0.02149952
v 0.14155981 0.10390454 -0.02142659
v 0.14161291 0.10386737 -0.02133883
v 0.14159137 0.10455480 -0.02138120
v 0.14158161 0.10528661 -0.02148475
v 0.14166025 0.10527520 -0.02138120
v 0.14172162 0.10600448 -0.02148475
v 0.14179878 0.10598550 -0.02138120
v 0.14193068 0.10670536 -0.02148475
v 0.14200563 0.10667897 -0.02138120
v 0.14220683 0.10738264 -0.02148475
v 0.14227887 0.10734909 -0.02138120
v 0.14254746 0.10802988 -0.02148475
v 0.14261589 0.10798949 -0.02138120
v 0.14294934 0.10864097 -0.02148475
v 0.14301352 0.10859414 -0.02138120
v 0.14340867 0.10921015 -0.02148475
v 0.14346801 0.10915729 -0.02138120
v 0.14392112 0.10973201 -0.02148475
v 0.14147913 0.10530146 -0.02156421
v 0.14162106 0.10602923 -0.02156421
v 0.14183301 0.10673976 -0.02156421
v 0.14211295 0.10742634 -0.02156421
v 0.14245828 0.10808250 -0.02156421
v 0.14286569 0.10870201 -0.02156421
v 0.14333135 0.10927901 -0.02156421
v 0.14385085 0.10980807 -0.02156421
v 0.14441928 0.11028417 -0.02156421
v 0.15629964 0.10263704 -0.02138120
v 0.15618838 0.10191369 -0.02148475
v 0.15611272 0.10193791 -0.02138120
v 0.15516003 0.09999471 -0.02138120
v 0.15472184 0.09941878 -0.02138120
v 0.15422979 0.09888813 -0.02138120
v 0.15368852 0.09840778 -0.02138120
v 0.15310317 0.09798227 -0.02138120
v 0.15247924 0.09761562 -0.02138120
v 0.15182266 0.09731131 -0.02138120
v 0.15113963 0.09707220 -0.02138120
v 0.15043660 0.09690058 -0.02138120
v 0.14972022 0.09679805 -0.02138120
v 0.15522552 0.09994972 -0.02148475
v 0.15478266 0.09936764 -0.02148475
v 0.15428536 0.09883132 -0.02148475
v 0.15373831 0.09834585 -0.02148475
v 0.15314671 0.09791579 -0.02148475
v 0.15251612 0.09754524 -0.02148475
v 0.15185253 0.09723767 -0.02148475
v 0.15116220 0.09699603 -0.02148475
v 0.15045166 0.09682257 -0.02148475
v 0.14972764 0.09671894 -0.02148475
v 0.15531089 0.09989111 -0.02156421
v 0.15486193 0.09930102 -0.02156421
v 0.15435778 0.09875731 -0.02156421
v 0.15380320 0.09826515 -0.02156421
v 0.15320345 0.09782917 -0.02156421
v 0.15256418 0.09745351 -0.02156421
v 0.15189145 0.09714172 -0.02156421
v 0.15119162 0.09689673 -0.02156421
v 0.15047131 0.09672089 -0.02156421
v 0.14973731 0.09661585 -0.02156421
v 0.14052862 0.10391226 -0.02163120
v 0.14094220 0.10396517 -0.02161416
v 0.14099011 0.10385450 -0.02156421
v 0.14103125 0.10375947 -0.02148475
v 0.14106282 0.10368656 -0.02138120
v 0.14108266 0.10364072 -0.02126061
v 0.14036178 0.10367393 -0.02161416
v 0.13994314 0.10356551 -0.02163120
v 0.13981793 0.10331904 -0.02161416
v 0.13940168 0.10315337 -0.02163120
v 0.13931760 0.10290506 -0.02161416
v 0.13891150 0.10268141 -0.02163120
v 0.13886718 0.10243727 -0.02161416
v 0.13847919 0.10215592 -0.02163120
v 0.13847242 0.10192162 -0.02161416
v 0.13811053 0.10158396 -0.02163120
v 0.13813838 0.10136475 -0.02161416
v 0.13781049 0.10097323 -0.02163120
v 0.13786931 0.10077372 -0.02161416
v 0.13758307 0.10033190 -0.02163120
v 0.13766865 0.10015610 -0.02161416
v 0.13743134 0.09966857 -0.02163120
v 0.13753897 0.09951978 -0.02161416
v 0.13735733 0.09899213 -0.02163120
v 0.13748192 0.09887290 -0.02161416
v 0.13736202 0.09831170 -0.02163120
v 0.13749823 0.09822370 -0.02161416
v 0.13744537 0.09763635 -0.02163120
v 0.13758770 0.09758051 -0.02161416
v 0.13760624 0.09697517 -0.02163120
v 0.13774918 0.09695150 -0.02161416
v 0.13784249 0.09633704 -0.02163120
v 0.13798060 0.09634474 -0.02161416
v 0.13815094 0.09573051 -0.02163120
v 0.13827901 0.09576797 -0.02161416
v 0.13852745 0.09516371 -0.02163120
v 0.13864061 0.09522856 -0.02161416
v 0.13896698 0.09464423 -0.02163120
v 0.13906077 0.09473340 -0.02161416
v 0.13953411 0.09428881 -0.02161416
v 0.13961157 0.09438124 -0.02156421
v 0.14012114 0.09400106 -0.02156421
v 0.14017827 0.09408743 -0.02148475
v 0.14071737 0.09377306 -0.02148475
v 0.14075346 0.09384386 -0.02138120
v 0.14131638 0.09359597 -0.02138120
v 0.14133389 0.09364274 -0.02126061
v 0.14191579 0.09346164 -0.02126061
v 0.14147445 0.09361033 -0.02113120
v 0.14209404 0.09343765 -0.02113120
v 0.14251441 0.09334734 -0.02126061
v 0.14272982 0.09334023 -0.02113120
v 0.14312211 0.09330133 -0.02126061
v 0.14337269 0.09331943 -0.02113120
v 0.14373111 0.09332421 -0.02126061
v 0.14401344 0.09337559 -0.02113120
v 0.14433365 0.09341564 -0.02126061
v 0.14464289 0.09350787 -0.02113120
v 0.14492202 0.09357448 -0.02126061
v 0.14525203 0.09371441 -0.02113120
v 0.14548871 0.09379871 -0.02126061
v 0.14583215 0.09399221 -0.02113120
v 0.14602647 0.09408546 -0.02126061
v 0.14637492 0.09433734 -0.02113120
v 0.14652844 0.09443105 -0.02126061
v 0.14687258 0.09474482 -0.02113120
v 0.14698821 0.09483108 -0.02126061
v 0.14731801 0.09520884 -0.02113120
v 0.14739990 0.09528043 -0.02126061
v 0.14770482 0.09572273 -0.02113120
v 0.14775825 0.09577337 -0.02126061
v 0.14802747 0.09627916 -0.02113120
v 0.14805869 0.09630360 -0.02126061
v 0.13946362 0.09417908 -0.02163120
v 0.14005460 0.09390049 -0.02161416
v 0.14067035 0.09368080 -0.02156421
v 0.14128851 0.09352155 -0.02148475
v 0.14190367 0.09341318 -0.02138120
v 0.14001072 0.09377447 -0.02163120
v 0.14061559 0.09357337 -0.02161416
v 0.14125220 0.09342458 -0.02156421
v 0.14188437 0.09333610 -0.02148475
v 0.14250783 0.09329783 -0.02138120
v 0.14060094 0.09343582 -0.02163120
v 0.14120991 0.09331164 -0.02161416
v 0.14185924 0.09323564 -0.02156421
v 0.14249736 0.09321907 -0.02148475
v 0.14312116 0.09325140 -0.02138120
v 0.14122635 0.09316770 -0.02163120
v 0.14182997 0.09311865 -0.02161416
v 0.14248372 0.09311642 -0.02156421
v 0.14311965 0.09317196 -0.02148475
v 0.14373580 0.09327447 -0.02138120
v 0.14187857 0.09297369 -0.02163120
v 0.14246784 0.09299687 -0.02161416
v 0.14311768 0.09306842 -0.02156421
v 0.14374327 0.09319536 -0.02148475
v 0.14434392 0.09336675 -0.02138120
v 0.14254885 0.09285641 -0.02163120
v 0.14311538 0.09294784 -0.02161416
v 0.14375300 0.09309227 -0.02156421
v 0.14436027 0.09328900 -0.02148475
v 0.14493775 0.09352707 -0.02138120
v 0.14322819 0.09281739 -0.02163120
v 0.14376432 0.09297221 -0.02161416
v 0.14438156 0.09318766 -0.02156421
v 0.14496275 0.09345165 -0.02148475
v 0.14550968 0.09375338 -0.02138120
v 0.14390749 0.09285722 -0.02163120
v 0.14440636 0.09306964 -0.02161416
v 0.14499535 0.09335337 -0.02156421
v 0.14554305 0.09368126 -0.02148475
v 0.14605242 0.09404276 -0.02138120
v 0.14457762 0.09297531 -0.02163120
v 0.14503332 0.09323891 -0.02161416
v 0.14558653 0.09358728 -0.02156421
v 0.14609372 0.09397488 -0.02148475
v 0.14655905 0.09439156 -0.02138120
v 0.14522962 0.09317009 -0.02163120
v 0.14563716 0.09347783 -0.02161416
v 0.14614752 0.09388640 -0.02156421
v 0.14660773 0.09432876 -0.02148475
v 0.14702307 0.09479530 -0.02138120
v 0.14585471 0.09343896 -0.02163120
v 0.14621019 0.09378338 -0.02161416
v 0.14667118 0.09424694 -0.02156421
v 0.14707853 0.09473841 -0.02148475
v 0.14743858 0.09524882 -0.02138120
v 0.14644451 0.09377831 -0.02163120
v 0.14674507 0.09415163 -0.02161416
v 0.14715081 0.09466425 -0.02156421
v 0.14750011 0.09519855 -0.02148475
v 0.14780025 0.09574633 -0.02138120
v 0.14699113 0.09418358 -0.02163120
v 0.14723498 0.09457789 -0.02161416
v 0.14758029 0.09513301 -0.02156421
v 0.14786706 0.09570331 -0.02148475
v 0.14810348 0.09628147 -0.02138120
v 0.14748721 0.09464934 -0.02163120
v 0.14767367 0.09505671 -0.02161416
v 0.14795413 0.09564726 -0.02156421
v 0.14817471 0.09624628 -0.02148475
v 0.14792612 0.09516933 -0.02163120
v 0.14805552 0.09558197 -0.02161416
v 0.14826754 0.09620040 -0.02156421
v 0.14830196 0.09573659 -0.02163120
v 0.14837566 0.09614697 -0.02161416
v 0.14087993 0.09385580 -0.02113120
v 0.14077614 0.09388836 -0.02126061
v 0.14022211 0.09415370 -0.02138120
v 0.13967808 0.09446061 -0.02148475
v 0.13914816 0.09481649 -0.02156421
v 0.14031897 0.09417050 -0.02113120
v 0.14024967 0.09419536 -0.02126061
v 0.13972913 0.09452150 -0.02138120
v 0.13922321 0.09488785 -0.02148475
v 0.13873682 0.09530126 -0.02156421
v 0.13979963 0.09454998 -0.02113120
v 0.13976121 0.09455979 -0.02126061
v 0.13928079 0.09494260 -0.02138120
v 0.13881944 0.09536370 -0.02148475
v 0.13838282 0.09582936 -0.02156421
v 0.13932934 0.09498877 -0.02113120
v 0.13931699 0.09497702 -0.02126061
v 0.13888284 0.09541160 -0.02138120
v 0.13847195 0.09588206 -0.02148475
v 0.13809066 0.09639402 -0.02156421
v 0.13892269 0.09544172 -0.02126061
v 0.13891482 0.09548058 -0.02113120
v 0.13858335 0.09594793 -0.02126061
v 0.13856202 0.09601839 -0.02113120
v 0.13830329 0.09648921 -0.02126061
v 0.13827599 0.09659450 -0.02113120
v 0.13808611 0.09705863 -0.02126061
v 0.13806083 0.09720064 -0.02113120
v 0.13793457 0.09764892 -0.02126061
v 0.13791961 0.09782815 -0.02113120
v 0.13785061 0.09825254 -0.02126061
v 0.13785436 0.09846805 -0.02113120
v 0.13783530 0.09886178 -0.02126061
v 0.13786601 0.09911115 -0.02113120
v 0.13788884 0.09946887 -0.02126061
v 0.13795440 0.09974824 -0.02113120
v 0.13801054 0.10006603 -0.02126061
v 0.13811825 0.10037022 -0.02113120
v 0.13819885 0.10064563 -0.02126061
v 0.13835523 0.10096818 -0.02113120
v 0.13845137 0.10120029 -0.02126061
v 0.13866195 0.10153354 -0.02113120
v 0.13876485 0.10172292 -0.02126061
v 0.13903399 0.10205823 -0.02113120
v 0.13913531 0.10220683 -0.02126061
v 0.13946605 0.10253472 -0.02113120
v 0.13955802 0.10264585 -0.02126061
v 0.13995193 0.10295617 -0.02113120
v 0.14002756 0.10303436 -0.02126061
v 0.14048468 0.10331659 -0.02113120
v 0.14053795 0.10336740 -0.02126061
v 0.14105666 0.10361077 -0.02113120
v 0.14042187 0.10356938 -0.02156421
v 0.13988943 0.10322195 -0.02156421
v 0.13939960 0.10281665 -0.02156421
v 0.13895864 0.10235867 -0.02156421
v 0.13857216 0.10185386 -0.02156421
v 0.13824513 0.10130865 -0.02156421
v 0.13798171 0.10073002 -0.02156421
v 0.13778526 0.10012538 -0.02156421
v 0.13765830 0.09950242 -0.02156421
v 0.13760245 0.09886911 -0.02156421
v 0.13761842 0.09823354 -0.02156421
v 0.13770601 0.09760384 -0.02156421
v 0.13786410 0.09698804 -0.02156421
v 0.14047347 0.10347960 -0.02148475
v 0.13995083 0.10313856 -0.02148475
v 0.13947002 0.10274072 -0.02148475
v 0.13903718 0.10229118 -0.02148475
v 0.13865781 0.10179565 -0.02148475
v 0.13833680 0.10126048 -0.02148475
v 0.13807823 0.10069251 -0.02148475
v 0.13788540 0.10009900 -0.02148475
v 0.13776078 0.09948750 -0.02148475
v 0.13770595 0.09886585 -0.02148475
v 0.13772163 0.09824198 -0.02148475
v 0.13780761 0.09762388 -0.02148475
v 0.13796279 0.09701942 -0.02148475
v 0.13818518 0.09643632 -0.02148475
v 0.14051306 0.10341071 -0.02138120
v 0.13999795 0.10307457 -0.02138120
v 0.13952405 0.10268247 -0.02138120
v 0.13909744 0.10223938 -0.02138120
v 0.13872354 0.10175099 -0.02138120
v 0.13840715 0.10122352 -0.02138120
v 0.13815229 0.10066373 -0.02138120
v 0.13796224 0.10007876 -0.02138120
v 0.13783940 0.09947606 -0.02138120
v 0.13778538 0.09886336 -0.02138120
v 0.13780083 0.09824847 -0.02138120
v 0.13788557 0.09763926 -0.02138120
v 0.13803851 0.09704349 -0.02138120
v 0.13825770 0.09646879 -0.02138120
v 0.13854035 0.09592250 -0.02138120
v 0.12488391 0.09744201 -0.02113120
v 0.12564681 0.09744112 -0.02113120
v 0.12492886 0.09742271 -0.02126061
v 0.12563832 0.09742904 -0.02123855
v 0.12564466 0.09743806 -0.02118547
v 0.12421330 0.09749112 -0.02126061
v 0.12412520 0.09752168 -0.02113120
v 0.12350778 0.09762872 -0.02126061
v 0.12337877 0.09767932 -0.02113120
v 0.12281896 0.09783419 -0.02126061
v 0.12265261 0.09791322 -0.02113120
v 0.12215335 0.09810558 -0.02126061
v 0.12195450 0.09822089 -0.02113120
v 0.12151724 0.09844034 -0.02126061
v 0.12129191 0.09859903 -0.02113120
v 0.12091666 0.09883532 -0.02126061
v 0.12067192 0.09904360 -0.02113120
v 0.12035728 0.09928675 -0.02126061
v 0.12010120 0.09954983 -0.02113120
v 0.11984438 0.09979038 -0.02126061
v 0.11958581 0.10011231 -0.02113120
v 0.11938283 0.10034144 -0.02126061
v 0.11913129 0.10072504 -0.02113120
v 0.11897698 0.10093473 -0.02126061
v 0.11874249 0.10138143 -0.02113120
v 0.11863068 0.10156462 -0.02126061
v 0.11842359 0.10207448 -0.02113120
v 0.11834684 0.10222615 -0.02126061
v 0.11817800 0.10279675 -0.02113120
v 0.11812922 0.10291016 -0.02126061
v 0.11800832 0.10354056 -0.02113120
v 0.11797879 0.10361306 -0.02126061
v 0.11791639 0.10429789 -0.02113120
v 0.11789735 0.10432725 -0.02126061
v 0.11790320 0.10506068 -0.02113120
v 0.11788566 0.10504598 -0.02126061
v 0.11794383 0.10576243 -0.02126061
v 0.11789429 0.10576889 -0.02138120
v 0.11802265 0.10648109 -0.02138120
v 0.11794522 0.10649896 -0.02148475
v 0.11814423 0.10720277 -0.02148475
v 0.11804608 0.10723576 -0.02156421
v 0.11831619 0.10792628 -0.02156421
v 0.11820615 0.10797562 -0.02161416
v 0.11854735 0.10864710 -0.02161416
v 0.11820206 0.10827163 -0.02163120
v 0.11858928 0.10896993 -0.02163120
v 0.11895217 0.10928227 -0.02161416
v 0.11904523 0.10962543 -0.02163120
v 0.11941676 0.10987511 -0.02161416
v 0.11956519 0.11023137 -0.02163120
v 0.11993672 0.11042003 -0.02161416
v 0.12014387 0.11078158 -0.02163120
v 0.12050717 0.11091186 -0.02161416
v 0.12077527 0.11127033 -0.02163120
v 0.12112268 0.11134597 -0.02161416
v 0.12145293 0.11169264 -0.02163120
v 0.12177745 0.11171825 -0.02161416
v 0.12216986 0.11204416 -0.02163120
v 0.12246528 0.11202516 -0.02161416
v 0.12291871 0.11232128 -0.02163120
v 0.12317967 0.11226381 -0.02161416
v 0.12369176 0.11252113 -0.02163120
v 0.12391387 0.11243196 -0.02161416
v 0.12448107 0.11264169 -0.02163120
v 0.12466091 0.11252799 -0.02161416
v 0.12527855 0.11268168 -0.02163120
v 0.12541376 0.11255102 -0.02161416
v 0.12607598 0.11264073 -0.02163120
v 0.12616528 0.11250082 -0.02161416
v 0.12686516 0.11251923 -0.02163120
v 0.12690837 0.11237785 -0.02161416
v 0.12763797 0.11231845 -0.02163120
v 0.12763601 0.11218329 -0.02161416
v 0.12838648 0.11204043 -0.02163120
v 0.12833632 0.11192113 -0.02161416
v 0.12901760 0.11158742 -0.02161416
v 0.12828963 0.11180994 -0.02156421
v 0.12895932 0.11148185 -0.02156421
v 0.12824964 0.11171442 -0.02148475
v 0.12890926 0.11139119 -0.02148475
v 0.12821916 0.11164102 -0.02138120
v 0.12887086 0.11132163 -0.02138120
v 0.12820034 0.11159474 -0.02126061
v 0.12884672 0.11127791 -0.02126061
v 0.12834795 0.11151044 -0.02113120
v 0.12902404 0.11115701 -0.02113120
v 0.11796887 0.10582074 -0.02113120
v 0.11807131 0.10646985 -0.02126061
v 0.11821956 0.10717746 -0.02138120
v 0.11841067 0.10788392 -0.02148475
v 0.11865207 0.10858731 -0.02156421
v 0.11811272 0.10656996 -0.02113120
v 0.11826690 0.10716155 -0.02126061
v 0.11848318 0.10785141 -0.02138120
v 0.11874201 0.10853597 -0.02148475
v 0.11905058 0.10921260 -0.02156421
v 0.11833318 0.10730030 -0.02113120
v 0.11852876 0.10783097 -0.02126061
v 0.11881101 0.10849658 -0.02138120
v 0.11913510 0.10915275 -0.02148475
v 0.11950794 0.10979620 -0.02156421
v 0.11862791 0.10800397 -0.02113120
v 0.11885438 0.10847181 -0.02126061
v 0.11919996 0.10910684 -0.02138120
v 0.11958624 0.10972844 -0.02148475
v 0.12001981 0.11033264 -0.02156421
v 0.11899377 0.10867342 -0.02113120
v 0.11924072 0.10907798 -0.02126061
v 0.11964633 0.10967645 -0.02138120
v 0.12009117 0.11025759 -0.02148475
v 0.12058138 0.11081682 -0.02156421
v 0.11942682 0.10930149 -0.02113120
v 0.11968411 0.10964376 -0.02126061
v 0.12014592 0.11020001 -0.02138120
v 0.12064511 0.11073520 -0.02148475
v 0.12118730 0.11124416 -0.02156421
v 0.11992243 0.10988146 -0.02113120
v 0.12018034 0.11016381 -0.02126061
v 0.12069400 0.11067256 -0.02138120
v 0.12124281 0.11115674 -0.02148475
v 0.12183188 0.11161064 -0.02156421
v 0.12047533 0.11040715 -0.02113120
v 0.12072474 0.11063318 -0.02126061
v 0.12128540 0.11108965 -0.02138120
v 0.12187863 0.11151823 -0.02148475
v 0.12250901 0.11191277 -0.02156421
v 0.12107955 0.11087289 -0.02113120
v 0.12131216 0.11104749 -0.02126061
v 0.12191449 0.11144733 -0.02138120
v 0.12254656 0.11181627 -0.02148475
v 0.12321228 0.11214772 -0.02156421
v 0.12172866 0.11127372 -0.02113120
v 0.12193704 0.11140277 -0.02126061
v 0.12257537 0.11174222 -0.02138120
v 0.12324027 0.11204802 -0.02148475
v 0.12393503 0.11231324 -0.02156421
v 0.12241571 0.11160536 -0.02113120
v 0.12259349 0.11169566 -0.02126061
v 0.12326176 0.11197152 -0.02138120
v 0.12395322 0.11221129 -0.02148475
v 0.12467046 0.11240778 -0.02156421
v 0.12313334 0.11186423 -0.02113120
v 0.12327526 0.11192343 -0.02126061
v 0.12396717 0.11213307 -0.02138120
v 0.12467864 0.11230456 -0.02148475
v 0.12541157 0.11243045 -0.02156421
v 0.12387387 0.11204759 -0.02113120
v 0.12397594 0.11208390 -0.02126061
v 0.12468493 0.11222535 -0.02138120
v 0.12540971 0.11232691 -0.02148475
v 0.12615141 0.11238103 -0.02156421
v 0.12462939 0.11215348 -0.02113120
v 0.12468888 0.11217555 -0.02126061
v 0.12540827 0.11224746 -0.02138120
v 0.12613949 0.11227816 -0.02148475
v 0.12688293 0.11225997 -0.02156421
v 0.12539180 0.11218074 -0.02113120
v 0.12540736 0.11219752 -0.02126061
v 0.12613034 0.11219922 -0.02138120
v 0.12686107 0.11215876 -0.02148475
v 0.12759923 0.11206844 -0.02156421
v 0.12612458 0.11214960 -0.02126061
v 0.12615294 0.11212911 -0.02113120
v 0.12683376 0.11203226 -0.02126061
v 0.12690468 0.11199912 -0.02113120
v 0.12752818 0.11184658 -0.02126061
v 0.12763898 0.11179215 -0.02113120
v 0.12945835 0.11090029 -0.02126061
v 0.12965999 0.11073561 -0.02113120
v 0.13003042 0.11046504 -0.02126061
v 0.13024903 0.11025077 -0.02113120
v 0.13055751 0.10997630 -0.02126061
v 0.13078480 0.10970768 -0.02113120
v 0.13103464 0.10943866 -0.02126061
v 0.13126162 0.10911215 -0.02113120
v 0.13145730 0.10885723 -0.02126061
v 0.13167436 0.10847054 -0.02113120
v 0.13182148 0.10823749 -0.02126061
v 0.13201861 0.10778972 -0.02113120
v 0.13212375 0.10758532 -0.02126061
v 0.13229069 0.10707699 -0.02113120
v 0.13236123 0.10690687 -0.02126061
v 0.13248768 0.10633996 -0.02113120
v 0.13253171 0.10620856 -0.02126061
v 0.13260748 0.10558653 -0.02113120
v 0.13263356 0.10549700 -0.02126061
v 0.13264880 0.10482477 -0.02113120
v 0.13266580 0.10477890 -0.02126061
v 0.13261121 0.10406279 -0.02113120
v 0.13262371 0.10407066 -0.02123855
v 0.13261438 0.10406479 -0.02118547
v 0.13265959 0.10409323 -0.02133883
v 0.13271449 0.10412768 -0.02142659
v 0.13271576 0.10477871 -0.02138120
v 0.13278383 0.10417110 -0.02149952
v 0.13279521 0.10477841 -0.02148475
v 0.13286348 0.10422085 -0.02155659
v 0.13289877 0.10477803 -0.02156421
v 0.13295015 0.10427482 -0.02159757
v 0.13301935 0.10477757 -0.02161416
v 0.13304125 0.10433135 -0.02162247
v 0.13313951 0.10518958 -0.02163120
v 0.13313458 0.10438910 -0.02163119
v 0.13313785 0.10439112 -0.02163120
v 0.13298557 0.10553002 -0.02161416
v 0.13306031 0.10598413 -0.02163120
v 0.13287885 0.10627562 -0.02161416
v 0.13290105 0.10676655 -0.02163120
v 0.13270022 0.10700732 -0.02161416
v 0.13266338 0.10752884 -0.02163120
v 0.13245136 0.10771822 -0.02161416
v 0.13234975 0.10826314 -0.02163120
v 0.13213465 0.10840159 -0.02161416
v 0.13196336 0.10896190 -0.02163120
v 0.13175305 0.10905097 -0.02161416
v 0.13150820 0.10961793 -0.02163120
v 0.13131017 0.10966020 -0.02161416
v 0.13098896 0.11022451 -0.02163120
v 0.13081023 0.11022356 -0.02161416
v 0.13041095 0.11077540 -0.02163120
v 0.13025793 0.11073568 -0.02161416
v 0.12978013 0.11126493 -0.02163120
v 0.12965850 0.11119174 -0.02161416
v 0.12910299 0.11168805 -0.02163120
v 0.11788754 0.10753770 -0.02163120
v 0.11793178 0.10727418 -0.02161416
v 0.11784432 0.10652227 -0.02156421
v 0.11781550 0.10577917 -0.02148475
v 0.11783574 0.10504759 -0.02138120
v 0.11764896 0.10677572 -0.02163120
v 0.11772682 0.10654939 -0.02161416
v 0.11771283 0.10579255 -0.02156421
v 0.11775631 0.10505016 -0.02148475
v 0.11784751 0.10432401 -0.02138120
v 0.11748876 0.10599348 -0.02163120
v 0.11759325 0.10580814 -0.02161416
v 0.11765282 0.10505351 -0.02156421
v 0.11776821 0.10431885 -0.02148475
v 0.11792950 0.10360499 -0.02138120
v 0.11740861 0.10519903 -0.02163120
v 0.11753229 0.10505741 -0.02161416
v 0.11766487 0.10431213 -0.02156421
v 0.11785107 0.10359216 -0.02148475
v 0.11808094 0.10289733 -0.02138120
v 0.11829967 0.10220970 -0.02138120
v 0.11858580 0.10154272 -0.02138120
v 0.11740930 0.10440056 -0.02163120
v 0.11754453 0.10430431 -0.02161416
v 0.11774889 0.10357543 -0.02156421
v 0.11800414 0.10287695 -0.02148475
v 0.11822483 0.10218295 -0.02148475
v 0.11851439 0.10150788 -0.02148475
v 0.11893444 0.10090856 -0.02138120
v 0.11749086 0.10360626 -0.02163120
v 0.11762988 0.10355597 -0.02161416
v 0.11790405 0.10285039 -0.02156421
v 0.11812742 0.10214783 -0.02156421
v 0.11842133 0.10146245 -0.02156421
v 0.11886675 0.10086694 -0.02148475
v 0.11934303 0.10031128 -0.02138120
v 0.11765242 0.10282430 -0.02163120
v 0.11778750 0.10281944 -0.02161416
v 0.11789233 0.10206273 -0.02163120
v 0.11801401 0.10210681 -0.02161416
v 0.11831295 0.10140956 -0.02161416
v 0.11877854 0.10081270 -0.02156421
v 0.11927969 0.10026327 -0.02148475
v 0.11980768 0.09975649 -0.02138120
v 0.11820814 0.10132936 -0.02163120
v 0.11867581 0.10074954 -0.02161416
v 0.11859658 0.10063175 -0.02163120
v 0.11910107 0.10012787 -0.02161416
v 0.11905368 0.09997705 -0.02163120
v 0.11958469 0.09955045 -0.02161416
v 0.11957472 0.09937200 -0.02163120
v 0.12012212 0.09902274 -0.02161416
v 0.12015435 0.09882283 -0.02163120
v 0.12070825 0.09854971 -0.02161416
v 0.12078660 0.09833517 -0.02163120
v 0.12133757 0.09813585 -0.02161416
v 0.12146499 0.09791404 -0.02163120
v 0.12200409 0.09778508 -0.02161416
v 0.12218254 0.09756379 -0.02163120
v 0.12270155 0.09750069 -0.02161416
v 0.12293188 0.09728798 -0.02163120
v 0.12342330 0.09728540 -0.02161416
v 0.12370527 0.09708948 -0.02163120
v 0.12416258 0.09714122 -0.02161416
v 0.12449482 0.09697032 -0.02163120
v 0.12491237 0.09706954 -0.02161416
v 0.12535692 0.09702518 -0.02162247
v 0.12541797 0.09711331 -0.02159757
v 0.12529234 0.09693171 -0.02163120
v 0.12529453 0.09693488 -0.02163119
v 0.12491799 0.09719000 -0.02156421
v 0.12547624 0.09719715 -0.02155659
v 0.12492282 0.09729344 -0.02148475
v 0.12552994 0.09727419 -0.02149952
v 0.12557680 0.09734125 -0.02142659
v 0.12561397 0.09739434 -0.02133883
v 0.12492654 0.09737281 -0.02138120
v 0.12419473 0.09736305 -0.02148475
v 0.12420614 0.09744169 -0.02138120
v 0.12347686 0.09750305 -0.02148475
v 0.12349584 0.09758021 -0.02138120
v 0.12277598 0.09771213 -0.02148475
v 0.12280237 0.09778706 -0.02138120
v 0.12209870 0.09798827 -0.02148475
v 0.12213226 0.09806030 -0.02138120
v 0.12145147 0.09832890 -0.02148475
v 0.12149185 0.09839733 -0.02138120
v 0.12084037 0.09873078 -0.02148475
v 0.12088720 0.09879497 -0.02138120
v 0.12027119 0.09919012 -0.02148475
v 0.12032405 0.09924946 -0.02138120
v 0.11974933 0.09970255 -0.02148475
v 0.12417988 0.09726058 -0.02156421
v 0.12345212 0.09740250 -0.02156421
v 0.12274158 0.09761444 -0.02156421
v 0.12205500 0.09789440 -0.02156421
v 0.12139885 0.09823971 -0.02156421
v 0.12077933 0.09864713 -0.02156421
v 0.12020233 0.09911279 -0.02156421
v 0.11967327 0.09963229 -0.02156421
v 0.11919717 0.10020072 -0.02156421
v 0.12684430 0.11208108 -0.02138120
v 0.12756765 0.11196983 -0.02148475
v 0.12754343 0.11189415 -0.02138120
v 0.12948663 0.11094146 -0.02138120
v 0.13006256 0.11050328 -0.02138120
v 0.13059321 0.11001124 -0.02138120
v 0.13107356 0.10946996 -0.02138120
v 0.13149908 0.10888461 -0.02138120
v 0.13186572 0.10826068 -0.02138120
v 0.13217003 0.10760410 -0.02138120
v 0.13240914 0.10692106 -0.02138120
v 0.13258076 0.10621804 -0.02138120
v 0.13268329 0.10550166 -0.02138120
v 0.12953162 0.11100697 -0.02148475
v 0.13011370 0.11056411 -0.02148475
v 0.13065002 0.11006680 -0.02148475
v 0.13113549 0.10951976 -0.02148475
v 0.13156555 0.10892814 -0.02148475
v 0.13193610 0.10829757 -0.02148475
v 0.13224367 0.10763397 -0.02148475
v 0.13248531 0.10694364 -0.02148475
v 0.13265877 0.10623311 -0.02148475
v 0.13276240 0.10550909 -0.02148475
v 0.12959023 0.11109232 -0.02156421
v 0.13018032 0.11064337 -0.02156421
v 0.13072403 0.11013922 -0.02156421
v 0.13121619 0.10958464 -0.02156421
v 0.13165217 0.10898489 -0.02156421
v 0.13202783 0.10834562 -0.02156421
v 0.13233962 0.10767289 -0.02156421
v 0.13258461 0.10697307 -0.02156421
v 0.13276045 0.10625275 -0.02156421
v 0.13286549 0.10551876 -0.02156421
v 0.12556908 0.09631006 -0.02163120
v 0.12551617 0.09672364 -0.02161416
v 0.12562684 0.09677155 -0.02156421
v 0.12572187 0.09681269 -0.02148475
v 0.12579478 0.09684425 -0.02138120
v 0.12584062 0.09686409 -0.02126061
v 0.12580741 0.09614322 -0.02161416
v 0.12591583 0.09572458 -0.02163120
v 0.12616230 0.09559937 -0.02161416
v 0.12632797 0.09518312 -0.02163120
v 0.12657628 0.09509904 -0.02161416
v 0.12679993 0.09469294 -0.02163120
v 0.12704407 0.09464862 -0.02161416
v 0.12732542 0.09426062 -0.02163120
v 0.12755972 0.09425387 -0.02161416
v 0.12789738 0.09389197 -0.02163120
v 0.12811659 0.09391982 -0.02161416
v 0.12850811 0.09359192 -0.02163120
v 0.12870762 0.09365075 -0.02161416
v 0.12914944 0.09336451 -0.02163120
v 0.12932524 0.09345009 -0.02161416
v 0.12981277 0.09321279 -0.02163120
v 0.12996156 0.09332041 -0.02161416
v 0.13048921 0.09313876 -0.02163120
v 0.13060845 0.09326335 -0.02161416
v 0.13116964 0.09314347 -0.02163120
v 0.13125764 0.09327967 -0.02161416
v 0.13184499 0.09322680 -0.02163120
v 0.13190083 0.09336913 -0.02161416
v 0.13250617 0.09338768 -0.02163120
v 0.13252984 0.09353061 -0.02161416
v 0.13314430 0.09362393 -0.02163120
v 0.13313660 0.09376204 -0.02161416
v 0.13375083 0.09393238 -0.02163120
v 0.13371337 0.09406046 -0.02161416
v 0.13431763 0.09430889 -0.02163120
v 0.13425278 0.09442205 -0.02161416
v 0.13483711 0.09474842 -0.02163120
v 0.13474794 0.09484220 -0.02161416
v 0.13519253 0.09531555 -0.02161416
v 0.13510010 0.09539301 -0.02156421
v 0.13548028 0.09590258 -0.02156421
v 0.13539391 0.09595971 -0.02148475
v 0.13570828 0.09649881 -0.02148475
v 0.13563748 0.09653489 -0.02138120
v 0.13588537 0.09709780 -0.02138120
v 0.13583860 0.09711533 -0.02126061
v 0.13601970 0.09769722 -0.02126061
v 0.13587101 0.09725589 -0.02113120
v 0.13604369 0.09787548 -0.02113120
v 0.13613400 0.09829585 -0.02126061
v 0.13614111 0.09851127 -0.02113120
v 0.13618001 0.09890354 -0.02126061
v 0.13616191 0.09915414 -0.02113120
v 0.13615714 0.09951256 -0.02126061
v 0.13610575 0.09979487 -0.02113120
v 0.13606570 0.10011509 -0.02126061
v 0.13597347 0.10042432 -0.02113120
v 0.13590686 0.10070345 -0.02126061
v 0.13576693 0.10103347 -0.02113120
v 0.13568263 0.10127014 -0.02126061
v 0.13548913 0.10161358 -0.02113120
v 0.13539589 0.10180791 -0.02126061
v 0.13514400 0.10215636 -0.02113120
v 0.13505030 0.10230988 -0.02126061
v 0.13473652 0.10265403 -0.02113120
v 0.13465026 0.10276966 -0.02126061
v 0.13427251 0.10309945 -0.02113120
v 0.13420091 0.10318134 -0.02126061
v 0.13375861 0.10348626 -0.02113120
v 0.13370797 0.10353970 -0.02126061
v 0.13320218 0.10380892 -0.02113120
v 0.13317774 0.10384014 -0.02126061
v 0.13530226 0.09524507 -0.02163120
v 0.13558085 0.09583604 -0.02161416
v 0.13580054 0.09645179 -0.02156421
v 0.13595979 0.09706995 -0.02148475
v 0.13606816 0.09768510 -0.02138120
v 0.13570688 0.09579217 -0.02163120
v 0.13590797 0.09639703 -0.02161416
v 0.13605676 0.09703363 -0.02156421
v 0.13614524 0.09766582 -0.02148475
v 0.13618351 0.09828927 -0.02138120
v 0.13604552 0.09638237 -0.02163120
v 0.13616970 0.09699134 -0.02161416
v 0.13624570 0.09764068 -0.02156421
v 0.13626227 0.09827880 -0.02148475
v 0.13622994 0.09890260 -0.02138120
v 0.13631364 0.09700778 -0.02163120
v 0.13636269 0.09761141 -0.02161416
v 0.13636492 0.09826516 -0.02156421
v 0.13630938 0.09890109 -0.02148475
v 0.13620688 0.09951724 -0.02138120
v 0.13650765 0.09766000 -0.02163120
v 0.13648447 0.09824928 -0.02161416
v 0.13641293 0.09889911 -0.02156421
v 0.13628598 0.09952471 -0.02148475
v 0.13611459 0.10012537 -0.02138120
v 0.13662494 0.09833029 -0.02163120
v 0.13653350 0.09889682 -0.02161416
v 0.13638907 0.09953444 -0.02156421
v 0.13619235 0.10014171 -0.02148475
v 0.13595427 0.10071918 -0.02138120
v 0.13666395 0.09900963 -0.02163120
v 0.13650913 0.09954576 -0.02161416
v 0.13629368 0.10016301 -0.02156421
v 0.13602969 0.10074419 -0.02148475
v 0.13572796 0.10129111 -0.02138120
v 0.13662412 0.09968893 -0.02163120
v 0.13641170 0.10018781 -0.02161416
v 0.13612797 0.10077679 -0.02156421
v 0.13580008 0.10132447 -0.02148475
v 0.13543858 0.10183386 -0.02138120
v 0.13650603 0.10035907 -0.02163120
v 0.13624243 0.10081476 -0.02161416
v 0.13589406 0.10136796 -0.02156421
v 0.13550646 0.10187515 -0.02148475
v 0.13508978 0.10234048 -0.02138120
v 0.13631125 0.10101105 -0.02163120
v 0.13600351 0.10141860 -0.02161416
v 0.13559494 0.10192896 -0.02156421
v 0.13515258 0.10238918 -0.02148475
v 0.13468604 0.10280452 -0.02138120
v 0.13604238 0.10163614 -0.02163120
v 0.13569796 0.10199161 -0.02161416
v 0.13523440 0.10245262 -0.02156421
v 0.13474293 0.10285997 -0.02148475
v 0.13423252 0.10322002 -0.02138120
v 0.13570303 0.10222595 -0.02163120
v 0.13532971 0.10252651 -0.02161416
v 0.13481709 0.10293225 -0.02156421
v 0.13428279 0.10328154 -0.02148475
v 0.13373501 0.10358169 -0.02138120
v 0.13529776 0.10277257 -0.02163120
v 0.13490345 0.10301642 -0.02161416
v 0.13434833 0.10336173 -0.02156421
v 0.13377803 0.10364850 -0.02148475
v 0.13319987 0.10388491 -0.02138120
v 0.13483200 0.10326865 -0.02163120
v 0.13442463 0.10345510 -0.02161416
v 0.13383408 0.10373557 -0.02156421
v 0.13323506 0.10395615 -0.02148475
v 0.13431201 0.10370756 -0.02163120
v 0.13389937 0.10383695 -0.02161416
v 0.13328094 0.10404898 -0.02156421
v 0.13374475 0.10408339 -0.02163120
v 0.13333437 0.10415709 -0.02161416
v 0.13562554 0.09666136 -0.02113120
v 0.13559298 0.09655758 -0.02126061
v 0.13532764 0.09600355 -0.02138120
v 0.13502073 0.09545953 -0.02148475
v 0.13466485 0.09492959 -0.02156421
v 0.13531084 0.09610041 -0.02113120
v 0.13528598 0.09603111 -0.02126061
v 0.13495984 0.09551056 -0.02138120
v 0.13459349 0.09500464 -0.02148475
v 0.13418008 0.09451825 -0.02156421
v 0.13493136 0.09558107 -0.02113120
v 0.13492156 0.09554265 -0.02126061
v 0.13453874 0.09506222 -0.02138120
v 0.13411764 0.09460088 -0.02148475
v 0.13365198 0.09416426 -0.02156421
v 0.13449257 0.09511078 -0.02113120
v 0.13450432 0.09509843 -0.02126061
v 0.13406974 0.09466427 -0.02138120
v 0.13359928 0.09425340 -0.02148475
v 0.13308732 0.09387210 -0.02156421
v 0.13403962 0.09470412 -0.02126061
v 0.13400076 0.09469626 -0.02113120
v 0.13353341 0.09436479 -0.02126061
v 0.13346295 0.09434346 -0.02113120
v 0.13299213 0.09408473 -0.02126061
v 0.13288684 0.09405744 -0.02113120
v 0.13242271 0.09386754 -0.02126061
v 0.13228070 0.09384226 -0.02113120
v 0.13183242 0.09371601 -0.02126061
v 0.13165319 0.09370104 -0.02113120
v 0.13122880 0.09363204 -0.02126061
v 0.13101329 0.09363580 -0.02113120
v 0.13061956 0.09361673 -0.02126061
v 0.13037019 0.09364744 -0.02113120
v 0.13001247 0.09367028 -0.02126061
v 0.12973310 0.09373584 -0.02113120
v 0.12941531 0.09379198 -0.02126061
v 0.12911112 0.09389969 -0.02113120
v 0.12883571 0.09398029 -0.02126061
v 0.12851316 0.09413668 -0.02113120
v 0.12828105 0.09423280 -0.02126061
v 0.12794780 0.09444338 -0.02113120
v 0.12775842 0.09454630 -0.02126061
v 0.12742311 0.09481543 -0.02113120
v 0.12727451 0.09491676 -0.02126061
v 0.12694662 0.09524749 -0.02113120
v 0.12683549 0.09533946 -0.02126061
v 0.12652517 0.09573337 -0.02113120
v 0.12644699 0.09580901 -0.02126061
v 0.12616475 0.09626611 -0.02113120
v 0.12611394 0.09631938 -0.02126061
v 0.12587057 0.09683811 -0.02113120
v 0.12591196 0.09620332 -0.02156421
v 0.12625939 0.09567087 -0.02156421
v 0.12666469 0.09518105 -0.02156421
v 0.12712267 0.09474008 -0.02156421
v 0.12762748 0.09435360 -0.02156421
v 0.12817269 0.09402658 -0.02156421
v 0.12875132 0.09376315 -0.02156421
v 0.12935596 0.09356670 -0.02156421
v 0.12997892 0.09343975 -0.02156421
v 0.13061223 0.09338389 -0.02156421
v 0.13124780 0.09339986 -0.02156421
v 0.13187750 0.09348745 -0.02156421
v 0.13249330 0.09364554 -0.02156421
v 0.12600174 0.09625490 -0.02148475
v 0.12634278 0.09573228 -0.02148475
v 0.12674062 0.09525147 -0.02148475
v 0.12719016 0.09481860 -0.02148475
v 0.12768569 0.09443926 -0.02148475
v 0.12822086 0.09411824 -0.02148475
v 0.12878883 0.09385966 -0.02148475
v 0.12938235 0.09366684 -0.02148475
v 0.12999384 0.09354222 -0.02148475
v 0.13061549 0.09348740 -0.02148475
v 0.13123936 0.09350307 -0.02148475
v 0.13185746 0.09358905 -0.02148475
v 0.13246192 0.09374422 -0.02148475
v 0.13304502 0.09396661 -0.02148475
v 0.12607064 0.09629450 -0.02138120
v 0.12640677 0.09577939 -0.02138120
v 0.12679887 0.09530550 -0.02138120
v 0.12724196 0.09487887 -0.02138120
v 0.12773035 0.09450497 -0.02138120
v 0.12825782 0.09418859 -0.02138120
v 0.12881761 0.09393373 -0.02138120
v 0.12940258 0.09374367 -0.02138120
v 0.13000528 0.09362084 -0.02138120
v 0.13061798 0.09356681 -0.02138120
v 0.13123287 0.09358226 -0.02138120
v 0.13184209 0.09366700 -0.02138120
v 0.13243785 0.09381995 -0.02138120
v 0.13301255 0.09403914 -0.02138120
v 0.13355884 0.09432179 -0.02138120
v 0.13610575 0.09979487 -0.00163120
v 0.13614111 0.09851127 -0.00163120
v 0.13604369 0.09787548 -0.00163120
v 0.13616191 0.09915414 -0.00163120
v 0.11800832 0.10354056 -0.00163120
v 0.11791639 0.10429789 -0.00163120
v 0.11796887 0.10582074 -0.00163120
v 0.11790320 0.10506068 -0.00163120
v 0.13791961 0.09782815 -0.00163120
v 0.13785436 0.09846805 -0.00163120
v 0.13795440 0.09974824 -0.00163120
v 0.13786601 0.09911115 -0.00163120
v 0.15637204 0.10485195 -0.00163120
v 0.15634766 0.10332840 -0.00163120
v 0.15621767 0.10257666 -0.00163120
v 0.15639931 0.10408954 -0.00163120
v 0.11732786 0.08041083 -0.00163120
v 0.11735223 0.08193439 -0.00163120
v 0.11748223 0.08268612 -0.00163120
v 0.11730060 0.08117324 -0.00163120
v 0.13578030 0.08743462 -0.00163120
v 0.13584554 0.08679474 -0.00163120
v 0.13574551 0.08551454 -0.00163120
v 0.13583390 0.08615164 -0.00163120
v 0.15569158 0.08172223 -0.00163120
v 0.15578350 0.08096489 -0.00163120
v 0.15573103 0.07944204 -0.00163120
v 0.15579670 0.08020211 -0.00163120
v 0.13759415 0.08546791 -0.00163120
v 0.13755879 0.08675152 -0.00163120
v 0.13765622 0.08738730 -0.00163120
v 0.13753800 0.08610865 -0.00163120
v 0.11785827 0.07574894 0.00356880
v 0.11864892 0.07587801 0.00436880
v 0.11862690 0.07608569 0.00436880
v 0.11796804 0.07540788 0.00356880
v 0.11872395 0.07568312 0.00436880
v 0.11815095 0.07509979 0.00356880
v 0.11884687 0.07551427 0.00436880
v 0.11839783 0.07484014 0.00356880
v 0.11900929 0.07538300 0.00436880
v 0.11869630 0.07464193 0.00356880
v 0.11920016 0.07529824 0.00436880
v 0.11903139 0.07451510 0.00356880
v 0.11940647 0.07526577 0.00436880
v 0.11996750 0.11162307 0.00356880
v 0.12009657 0.11083242 0.00436880
v 0.12030426 0.11085444 0.00436880
v 0.11962644 0.11151330 0.00356880
v 0.11990167 0.11075739 0.00436880
v 0.11931836 0.11133039 0.00356880
v 0.11973284 0.11063447 0.00436880
v 0.11905871 0.11108351 0.00356880
v 0.11960156 0.11047205 0.00436880
v 0.11886049 0.11078504 0.00356880
v 0.11951680 0.11028118 0.00436880
v 0.11873366 0.11044995 0.00356880
v 0.11948433 0.11007487 0.00436880
v 0.15584163 0.10951384 0.00356880
v 0.15505098 0.10938477 0.00436880
v 0.15507301 0.10917708 0.00436880
v 0.15573186 0.10985490 0.00356880
v 0.15497595 0.10957967 0.00436880
v 0.15554895 0.11016298 0.00356880
v 0.15485303 0.10974850 0.00436880
v 0.15530208 0.11042263 0.00356880
v 0.15469061 0.10987978 0.00436880
v 0.15500361 0.11062085 0.00356880
v 0.15449974 0.10996454 0.00436880
v 0.15466852 0.11074768 0.00356880
v 0.15429343 0.10999701 0.00436880
v 0.15373240 0.07363971 0.00356880
v 0.15360333 0.07443036 0.00436880
v 0.15339565 0.07440833 0.00436880
v 0.15407346 0.07374948 0.00356880
v 0.15379823 0.07450539 0.00436880
v 0.15438155 0.07393239 0.00356880
v 0.15396707 0.07462831 0.00436880
v 0.15464120 0.07417926 0.00356880
v 0.15409834 0.07479073 0.00436880
v 0.15483941 0.07447773 0.00356880
v 0.15418310 0.07498160 0.00436880
v 0.15496624 0.07481282 0.00356880
v 0.15421557 0.07518791 0.00436880
v 0.15339565 0.07440833 0.00436880
v 0.12030426 0.11085444 0.00436880
v 0.11948433 0.11007487 0.00436880
v 0.15421557 0.07518791 0.00436880
v 0.15429343 0.10999701 0.00436880
v 0.15507301 0.10917708 0.00436880
v 0.11940647 0.07526577 0.00436880
v 0.11862690 0.07608569 0.00436880
v 0.12037865 0.11380350 -0.02113120
v 0.12037865 0.11380350 -0.00038120
v 0.15436783 0.11294607 -0.02113120
v 0.15436783 0.11294607 -0.00038120
v 0.11984417 0.11377881 -0.01075620
v 0.11984417 0.11377881 -0.00038120
v 0.11984417 0.11377881 -0.02113120
v 0.15490038 0.11289446 -0.01075620
v 0.15490038 0.11289446 -0.02113120
v 0.15490038 0.11289446 -0.00038120
v 0.13737281 0.11335776 -0.02126061
v 0.14020524 0.11328631 -0.02126061
v 0.14303768 0.11321486 -0.02126061
v 0.14587010 0.11314340 -0.02126061
v 0.14870254 0.11307195 -0.02126061
v 0.15153497 0.11300050 -0.02126061
v 0.15436740 0.11292904 -0.02126061
v 0.12887552 0.11357212 -0.02126061
v 0.12604308 0.11364357 -0.02126061
v 0.12321065 0.11371503 -0.02126061
v 0.12037822 0.11378648 -0.02126061
v 0.13170795 0.11350067 -0.02126061
v 0.13454037 0.11342922 -0.02126061
v 0.15542017 0.11276757 -0.00038120
v 0.15542017 0.11276757 -0.01075620
v 0.15542017 0.11276757 -0.02113120
v 0.11931865 0.11367829 -0.01075620
v 0.11931865 0.11367829 -0.00038120
v 0.11931865 0.11367829 -0.02113120
v 0.15591660 0.11256802 -0.00038120
v 0.15591660 0.11256802 -0.01075620
v 0.15591660 0.11256802 -0.02113120
v 0.11881278 0.11350403 -0.01075620
v 0.11881278 0.11350403 -0.00038120
v 0.11881278 0.11350403 -0.02113120
v 0.14870128 0.11302201 -0.02138120
v 0.15153371 0.11295056 -0.02138120
v 0.15436614 0.11287910 -0.02138120
v 0.13170669 0.11345073 -0.02138120
v 0.12887426 0.11352218 -0.02138120
v 0.12604182 0.11359363 -0.02138120
v 0.12320939 0.11366509 -0.02138120
v 0.12037696 0.11373654 -0.02138120
v 0.13453911 0.11337927 -0.02138120
v 0.13737155 0.11330782 -0.02138120
v 0.14020398 0.11323637 -0.02138120
v 0.14303642 0.11316491 -0.02138120
v 0.14586884 0.11309346 -0.02138120
v 0.15637958 0.11229984 -0.01075620
v 0.15637958 0.11229984 -0.02113120
v 0.15637958 0.11229984 -0.00038120
v 0.11833688 0.11325953 -0.02113120
v 0.11833688 0.11325953 -0.01075620
v 0.11833688 0.11325953 -0.00038120
v 0.15679968 0.11196849 -0.00038120
v 0.15679968 0.11196849 -0.01075620
v 0.15679968 0.11196849 -0.02113120
v 0.11790060 0.11294979 -0.02113120
v 0.11790060 0.11294979 -0.01075620
v 0.11790060 0.11294979 -0.00038120
v 0.14586684 0.11301403 -0.02148475
v 0.14869927 0.11294258 -0.02148475
v 0.15153171 0.11287113 -0.02148475
v 0.15436414 0.11279968 -0.02148475
v 0.13453711 0.11329985 -0.02148475
v 0.13170468 0.11337130 -0.02148475
v 0.12887225 0.11344275 -0.02148475
v 0.12603981 0.11351421 -0.02148475
v 0.12320739 0.11358566 -0.02148475
v 0.12037496 0.11365711 -0.02148475
v 0.13736954 0.11322839 -0.02148475
v 0.14020198 0.11315694 -0.02148475
v 0.14303441 0.11308549 -0.02148475
v 0.15431361 0.11079676 0.00176880
v 0.12032443 0.11165419 0.00176880
v 0.12032443 0.11165419 0.00356880
v 0.15431361 0.11079676 0.00356880
v 0.15466852 0.11074768 0.00356880
v 0.15466852 0.11074768 0.00176880
v 0.11996750 0.11162307 0.00176880
v 0.11996750 0.11162307 0.00356880
v 0.15500361 0.11062085 0.00356880
v 0.15500361 0.11062085 0.00176880
v 0.11962644 0.11151330 0.00176880
v 0.11962644 0.11151330 0.00356880
v 0.15530208 0.11042263 0.00356880
v 0.15530208 0.11042263 0.00176880
v 0.11931836 0.11133039 0.00176880
v 0.11931836 0.11133039 0.00356880
v 0.15429343 0.10999701 0.00436880
v 0.12030426 0.11085444 0.00436880
v 0.15449974 0.10996454 0.00436880
v 0.12009657 0.11083242 0.00436880
v 0.15716835 0.11158074 -0.01075620
v 0.15716835 0.11158074 -0.02113120
v 0.15716835 0.11158074 -0.00038120
v 0.15554895 0.11016298 0.00356880
v 0.15554895 0.11016298 0.00176880
v 0.15469061 0.10987978 0.00436880
v 0.11990167 0.11075739 0.00436880
v 0.15485303 0.10974850 0.00436880
v 0.13473292 0.09061854 -0.02163120
v 0.13483711 0.09474842 -0.02163120
v 0.13896698 0.09464423 -0.02163120
v 0.15020269 0.09642103 -0.02163120
v 0.14792612 0.09516933 -0.02163120
v 0.14940815 0.09634183 -0.02163120
v 0.14830196 0.09573659 -0.02163120
v 0.14860968 0.09634349 -0.02163120
v 0.14999462 0.08817330 -0.02163120
v 0.14920509 0.08829246 -0.02163120
v 0.14778406 0.08953820 -0.02163120
v 0.14813082 0.08895272 -0.02163120
v 0.14840755 0.08833106 -0.02163120
v 0.15752223 0.10911530 -0.02163120
v 0.15685929 0.10340536 -0.02163120
v 0.15690025 0.10420279 -0.02163120
v 0.15666479 0.07512612 -0.02163120
v 0.15629130 0.08006375 -0.02163120
v 0.15629060 0.08086222 -0.02163120
v 0.15620905 0.08165651 -0.02163120
v 0.15673779 0.10261618 -0.02163120
v 0.15604748 0.08243847 -0.02163120
v 0.15653700 0.10184337 -0.02163120
v 0.15580756 0.08320005 -0.02163120
v 0.15625899 0.10109486 -0.02163120
v 0.15549176 0.08393342 -0.02163120
v 0.15590661 0.10037835 -0.02163120
v 0.15510331 0.08463104 -0.02163120
v 0.15548348 0.09970121 -0.02163120
v 0.15464622 0.08528573 -0.02163120
v 0.15499396 0.09907040 -0.02163120
v 0.15412519 0.08589078 -0.02163120
v 0.15444309 0.09849238 -0.02163120
v 0.15354555 0.08643995 -0.02163120
v 0.15383650 0.09797314 -0.02163120
v 0.15291329 0.08692761 -0.02163120
v 0.15318046 0.09751798 -0.02163120
v 0.15223490 0.08734873 -0.02163120
v 0.15248169 0.09713159 -0.02163120
v 0.15151736 0.08769899 -0.02163120
v 0.15174740 0.09681797 -0.02163120
v 0.15076802 0.08797479 -0.02163120
v 0.15098511 0.09658029 -0.02163120
v 0.14737194 0.09007966 -0.02163120
v 0.14748721 0.09464934 -0.02163120
v 0.14689996 0.09056984 -0.02163120
v 0.14699113 0.09418358 -0.02163120
v 0.14637448 0.09100215 -0.02163120
v 0.14644451 0.09377831 -0.02163120
v 0.14580253 0.09137081 -0.02163120
v 0.14585471 0.09343896 -0.02163120
v 0.14519180 0.09167085 -0.02163120
v 0.14522962 0.09317009 -0.02163120
v 0.14455045 0.09189827 -0.02163120
v 0.14457762 0.09297531 -0.02163120
v 0.14388712 0.09205000 -0.02163120
v 0.14390749 0.09285722 -0.02163120
v 0.14321070 0.09212401 -0.02163120
v 0.14322819 0.09281739 -0.02163120
v 0.14253025 0.09211932 -0.02163120
v 0.14254885 0.09285641 -0.02163120
v 0.14185491 0.09203597 -0.02163120
v 0.14187857 0.09297369 -0.02163120
v 0.14119375 0.09187510 -0.02163120
v 0.14122635 0.09316770 -0.02163120
v 0.14055560 0.09163885 -0.02163120
v 0.14060094 0.09343582 -0.02163120
v 0.13994907 0.09133040 -0.02163120
v 0.14001072 0.09377447 -0.02163120
v 0.13938226 0.09095389 -0.02163120
v 0.13946362 0.09417908 -0.02163120
v 0.13886280 0.09051436 -0.02163120
v 0.13517245 0.09009908 -0.02163120
v 0.13839763 0.09001772 -0.02163120
v 0.13554896 0.08953227 -0.02163120
v 0.13799302 0.08947062 -0.02163120
v 0.13585742 0.08892574 -0.02163120
v 0.13765438 0.08888041 -0.02163120
v 0.13609366 0.08828760 -0.02163120
v 0.13738626 0.08825499 -0.02163120
v 0.13625454 0.08762643 -0.02163120
v 0.13719225 0.08760277 -0.02163120
v 0.13633788 0.08695109 -0.02163120
v 0.13707496 0.08693249 -0.02163120
v 0.13634258 0.08627064 -0.02163120
v 0.13703597 0.08625315 -0.02163120
v 0.13707578 0.08557385 -0.02163120
v 0.13626855 0.08559422 -0.02163120
v 0.13719387 0.08490372 -0.02163120
v 0.13611683 0.08493089 -0.02163120
v 0.13738866 0.08425172 -0.02163120
v 0.13588942 0.08428954 -0.02163120
v 0.13765753 0.08362663 -0.02163120
v 0.13558937 0.08367881 -0.02163120
v 0.13522072 0.08310686 -0.02163120
v 0.13799688 0.08303683 -0.02163120
v 0.13478840 0.08258138 -0.02163120
v 0.13840214 0.08249021 -0.02163120
v 0.13429822 0.08210940 -0.02163120
v 0.13886790 0.08199413 -0.02163120
v 0.13375676 0.08169728 -0.02163120
v 0.13938789 0.08155522 -0.02163120
v 0.14063960 0.07927865 -0.02163120
v 0.14056040 0.08007319 -0.02163120
v 0.13995514 0.08117939 -0.02163120
v 0.14056206 0.08087166 -0.02163120
v 0.13239186 0.07948672 -0.02163120
v 0.13251102 0.08027625 -0.02163120
v 0.13317128 0.08135052 -0.02163120
v 0.13254963 0.08107379 -0.02163120
v 0.14079886 0.07849623 -0.02163120
v 0.13219336 0.07871332 -0.02163120
v 0.14103652 0.07773394 -0.02163120
v 0.13191755 0.07796398 -0.02163120
v 0.14135016 0.07699965 -0.02163120
v 0.13156730 0.07724644 -0.02163120
v 0.14173654 0.07630089 -0.02163120
v 0.13114617 0.07656805 -0.02163120
v 0.14219170 0.07564484 -0.02163120
v 0.13065851 0.07593579 -0.02163120
v 0.14271095 0.07503825 -0.02163120
v 0.13010934 0.07535615 -0.02163120
v 0.14328895 0.07448738 -0.02163120
v 0.12950429 0.07483512 -0.02163120
v 0.14391977 0.07399786 -0.02163120
v 0.12884959 0.07437803 -0.02163120
v 0.14459691 0.07357473 -0.02163120
v 0.12815198 0.07398958 -0.02163120
v 0.14531343 0.07322235 -0.02163120
v 0.12741861 0.07367378 -0.02163120
v 0.14606194 0.07294434 -0.02163120
v 0.12665704 0.07343386 -0.02163120
v 0.14683475 0.07274355 -0.02163120
v 0.12587508 0.07327229 -0.02163120
v 0.14762393 0.07262205 -0.02163120
v 0.12508078 0.07319074 -0.02163120
v 0.15333386 0.07195911 -0.02163120
v 0.14842135 0.07258109 -0.02163120
v 0.14921882 0.07262109 -0.02163120
v 0.15000814 0.07274164 -0.02163120
v 0.15078120 0.07294150 -0.02163120
v 0.15153004 0.07321861 -0.02163120
v 0.15224698 0.07357014 -0.02163120
v 0.15292463 0.07399245 -0.02163120
v 0.15384312 0.07198629 -0.02163120
v 0.15434186 0.07209280 -0.02163120
v 0.15355604 0.07448121 -0.02163120
v 0.15481780 0.07227602 -0.02163120
v 0.15525921 0.07253143 -0.02163120
v 0.15565524 0.07285275 -0.02163120
v 0.15413470 0.07503139 -0.02163120
v 0.15599612 0.07323208 -0.02163120
v 0.15627347 0.07366005 -0.02163120
v 0.15648045 0.07412614 -0.02163120
v 0.15465467 0.07563736 -0.02163120
v 0.15661197 0.07461888 -0.02163120
v 0.15511062 0.07629285 -0.02163120
v 0.15549784 0.07699115 -0.02163120
v 0.15581236 0.07772507 -0.02163120
v 0.15605094 0.07848707 -0.02163120
v 0.15621114 0.07926930 -0.02163120
v 0.11934468 0.07281655 -0.02163120
v 0.12428231 0.07319004 -0.02163120
v 0.12348786 0.07327020 -0.02163120
v 0.12270562 0.07343040 -0.02163120
v 0.12194364 0.07366898 -0.02163120
v 0.12120971 0.07398350 -0.02163120
v 0.12051142 0.07437072 -0.02163120
v 0.11985591 0.07482667 -0.02163120
v 0.11883743 0.07286937 -0.02163120
v 0.11834470 0.07300089 -0.02163120
v 0.11924997 0.07534664 -0.02163120
v 0.11787861 0.07320787 -0.02163120
v 0.11745064 0.07348522 -0.02163120
v 0.11707132 0.07382610 -0.02163120
v 0.11869976 0.07592530 -0.02163120
v 0.11674999 0.07422213 -0.02163120
v 0.11649457 0.07466354 -0.02163120
v 0.11631136 0.07513948 -0.02163120
v 0.11821101 0.07655671 -0.02163120
v 0.11620485 0.07563822 -0.02163120
v 0.11617768 0.07614748 -0.02163120
v 0.11778870 0.07723436 -0.02163120
v 0.11743718 0.07795130 -0.02163120
v 0.11716006 0.07870015 -0.02163120
v 0.11696021 0.07947320 -0.02163120
v 0.11683965 0.08026252 -0.02163120
v 0.11679966 0.08105999 -0.02163120
v 0.11684061 0.08185741 -0.02163120
v 0.11740930 0.10440056 -0.02163120
v 0.11749086 0.10360626 -0.02163120
v 0.11696211 0.08264659 -0.02163120
v 0.11765242 0.10282430 -0.02163120
v 0.11716289 0.08341940 -0.02163120
v 0.11789233 0.10206273 -0.02163120
v 0.11744091 0.08416792 -0.02163120
v 0.11820814 0.10132936 -0.02163120
v 0.11779329 0.08488443 -0.02163120
v 0.11859658 0.10063175 -0.02163120
v 0.11821641 0.08556157 -0.02163120
v 0.11905368 0.09997705 -0.02163120
v 0.11870594 0.08619239 -0.02163120
v 0.11957472 0.09937200 -0.02163120
v 0.11925683 0.08677039 -0.02163120
v 0.12015435 0.09882283 -0.02163120
v 0.11986341 0.08728964 -0.02163120
v 0.12078660 0.09833517 -0.02163120
v 0.12051944 0.08774480 -0.02163120
v 0.12146499 0.09791404 -0.02163120
v 0.12121820 0.08813118 -0.02163120
v 0.12218254 0.09756379 -0.02163120
v 0.12195250 0.08844482 -0.02163120
v 0.12293188 0.09728798 -0.02163120
v 0.12271479 0.08868248 -0.02163120
v 0.12370527 0.09708948 -0.02163120
v 0.12349721 0.08884174 -0.02163120
v 0.12591583 0.09572458 -0.02163120
v 0.12449482 0.09697032 -0.02163120
v 0.12556908 0.09631006 -0.02163120
v 0.12529234 0.09693171 -0.02163120
v 0.12577378 0.09009345 -0.02163120
v 0.12632797 0.09518312 -0.02163120
v 0.12621269 0.09061344 -0.02163120
v 0.12679993 0.09469294 -0.02163120
v 0.12670877 0.09107920 -0.02163120
v 0.12732542 0.09426062 -0.02163120
v 0.12725539 0.09148446 -0.02163120
v 0.12789738 0.09389197 -0.02163120
v 0.12784520 0.09182382 -0.02163120
v 0.12850811 0.09359192 -0.02163120
v 0.12847029 0.09209268 -0.02163120
v 0.12914944 0.09336451 -0.02163120
v 0.12912227 0.09228747 -0.02163120
v 0.12981277 0.09321279 -0.02163120
v 0.12979241 0.09240556 -0.02163120
v 0.13048921 0.09313876 -0.02163120
v 0.13047172 0.09244537 -0.02163120
v 0.13116964 0.09314347 -0.02163120
v 0.13115105 0.09240638 -0.02163120
v 0.13184499 0.09322680 -0.02163120
v 0.13182134 0.09228909 -0.02163120
v 0.13250617 0.09338768 -0.02163120
v 0.13247356 0.09209508 -0.02163120
v 0.13314430 0.09362393 -0.02163120
v 0.13309897 0.09182696 -0.02163120
v 0.13375083 0.09393238 -0.02163120
v 0.13368917 0.09148832 -0.02163120
v 0.13431763 0.09430889 -0.02163120
v 0.13423627 0.09108371 -0.02163120
v 0.12429176 0.08892094 -0.02163120
v 0.12539795 0.08952620 -0.02163120
v 0.12509022 0.08891929 -0.02163120
v 0.11703511 0.11013666 -0.02163120
v 0.11740861 0.10519903 -0.02163120
v 0.11748876 0.10599348 -0.02163120
v 0.11764896 0.10677572 -0.02163120
v 0.11788754 0.10753770 -0.02163120
v 0.11820206 0.10827163 -0.02163120
v 0.11858928 0.10896993 -0.02163120
v 0.11904523 0.10962543 -0.02163120
v 0.11708793 0.11064391 -0.02163120
v 0.11721945 0.11113664 -0.02163120
v 0.11956519 0.11023137 -0.02163120
v 0.11742643 0.11160273 -0.02163120
v 0.11770377 0.11203071 -0.02163120
v 0.11804467 0.11241002 -0.02163120
v 0.12014387 0.11078158 -0.02163120
v 0.11844069 0.11273135 -0.02163120
v 0.11888210 0.11298677 -0.02163120
v 0.11935803 0.11316998 -0.02163120
v 0.12077527 0.11127033 -0.02163120
v 0.11985677 0.11327649 -0.02163120
v 0.12036604 0.11330366 -0.02163120
v 0.12145293 0.11169264 -0.02163120
v 0.12216986 0.11204416 -0.02163120
v 0.12291871 0.11232128 -0.02163120
v 0.12369176 0.11252113 -0.02163120
v 0.12448107 0.11264169 -0.02163120
v 0.12527855 0.11268168 -0.02163120
v 0.12607598 0.11264073 -0.02163120
v 0.15435522 0.11244623 -0.02163120
v 0.14861912 0.11207204 -0.02163120
v 0.12686516 0.11251923 -0.02163120
v 0.14782483 0.11199048 -0.02163120
v 0.12763797 0.11231845 -0.02163120
v 0.14704287 0.11182892 -0.02163120
v 0.12838648 0.11204043 -0.02163120
v 0.14628129 0.11158901 -0.02163120
v 0.12910299 0.11168805 -0.02163120
v 0.14554792 0.11127320 -0.02163120
v 0.12978013 0.11126493 -0.02163120
v 0.14485030 0.11088476 -0.02163120
v 0.13041095 0.11077540 -0.02163120
v 0.14419561 0.11042766 -0.02163120
v 0.13098896 0.11022451 -0.02163120
v 0.14359056 0.10990662 -0.02163120
v 0.13150820 0.10961793 -0.02163120
v 0.14304139 0.10932699 -0.02163120
v 0.13196336 0.10896190 -0.02163120
v 0.14255373 0.10869474 -0.02163120
v 0.13234975 0.10826314 -0.02163120
v 0.14213261 0.10801635 -0.02163120
v 0.13266338 0.10752884 -0.02163120
v 0.14178235 0.10729880 -0.02163120
v 0.13290105 0.10676655 -0.02163120
v 0.14150655 0.10654946 -0.02163120
v 0.13306031 0.10598413 -0.02163120
v 0.14130804 0.10577607 -0.02163120
v 0.13431201 0.10370756 -0.02163120
v 0.13994314 0.10356551 -0.02163120
v 0.14118888 0.10498652 -0.02163120
v 0.14052862 0.10391226 -0.02163120
v 0.14115028 0.10418900 -0.02163120
v 0.13940168 0.10315337 -0.02163120
v 0.13483200 0.10326865 -0.02163120
v 0.13891150 0.10268141 -0.02163120
v 0.13529776 0.10277257 -0.02163120
v 0.13847919 0.10215592 -0.02163120
v 0.13570303 0.10222595 -0.02163120
v 0.13811053 0.10158396 -0.02163120
v 0.13604238 0.10163614 -0.02163120
v 0.13631125 0.10101105 -0.02163120
v 0.13781049 0.10097323 -0.02163120
v 0.13650603 0.10035907 -0.02163120
v 0.13758307 0.10033190 -0.02163120
v 0.13662412 0.09968893 -0.02163120
v 0.13743134 0.09966857 -0.02163120
v 0.13666395 0.09900963 -0.02163120
v 0.13735733 0.09899213 -0.02163120
v 0.13736202 0.09831170 -0.02163120
v 0.13662494 0.09833029 -0.02163120
v 0.13744537 0.09763635 -0.02163120
v 0.13650765 0.09766000 -0.02163120
v 0.13760624 0.09697517 -0.02163120
v 0.13631364 0.09700778 -0.02163120
v 0.13604552 0.09638237 -0.02163120
v 0.13784249 0.09633704 -0.02163120
v 0.13570688 0.09579217 -0.02163120
v 0.13815094 0.09573051 -0.02163120
v 0.13530226 0.09524507 -0.02163120
v 0.13852745 0.09516371 -0.02163120
v 0.13313951 0.10518958 -0.02163120
v 0.13374475 0.10408339 -0.02163120
v 0.13313785 0.10439112 -0.02163120
v 0.14941760 0.11207273 -0.02163120
v 0.15021204 0.11199258 -0.02163120
v 0.15099427 0.11183238 -0.02163120
v 0.15175627 0.11159380 -0.02163120
v 0.15249019 0.11127928 -0.02163120
v 0.15318849 0.11089206 -0.02163120
v 0.15384398 0.11043611 -0.02163120
v 0.15486246 0.11239341 -0.02163120
v 0.15535520 0.11226189 -0.02163120
v 0.15444995 0.10991615 -0.02163120
v 0.15582129 0.11205491 -0.02163120
v 0.15624926 0.11177757 -0.02163120
v 0.15662859 0.11143667 -0.02163120
v 0.15500013 0.10933747 -0.02163120
v 0.15694991 0.11104065 -0.02163120
v 0.15720532 0.11059924 -0.02163120
v 0.15738854 0.11012331 -0.02163120
v 0.15548889 0.10870607 -0.02163120
v 0.15749505 0.10962457 -0.02163120
v 0.15591120 0.10802841 -0.02163120
v 0.15626273 0.10731148 -0.02163120
v 0.15653984 0.10656263 -0.02163120
v 0.15673970 0.10578958 -0.02163120
v 0.15686025 0.10500027 -0.02163120
v 0.15722288 0.09211745 -0.02161416
v 0.15729433 0.09494988 -0.02161416
v 0.15736578 0.09778231 -0.02161416
v 0.15743724 0.10061474 -0.02161416
v 0.15750869 0.10344718 -0.02161416
v 0.15758014 0.10627961 -0.02161416
v 0.15765159 0.10911204 -0.02161416
v 0.15679416 0.07512286 -0.02161416
v 0.15686561 0.07795528 -0.02161416
v 0.15693706 0.08078772 -0.02161416
v 0.15700852 0.08362015 -0.02161416
v 0.15707997 0.08645258 -0.02161416
v 0.15715142 0.08928502 -0.02161416
v 0.13736389 0.11300431 -0.02161416
v 0.14019633 0.11293286 -0.02161416
v 0.14302876 0.11286141 -0.02161416
v 0.14586119 0.11278995 -0.02161416
v 0.14869362 0.11271850 -0.02161416
v 0.15152606 0.11264705 -0.02161416
v 0.15435848 0.11257559 -0.02161416
v 0.13453146 0.11307577 -0.02161416
v 0.13169903 0.11314722 -0.02161416
v 0.12886660 0.11321867 -0.02161416
v 0.12603416 0.11329013 -0.02161416
v 0.12320173 0.11336158 -0.02161416
v 0.12036931 0.11343303 -0.02161416
v 0.11647703 0.09314533 -0.02161416
v 0.11654848 0.09597777 -0.02161416
v 0.11661993 0.09881020 -0.02161416
v 0.11669139 0.10164262 -0.02161416
v 0.11676284 0.10447507 -0.02161416
v 0.11683429 0.10730749 -0.02161416
v 0.11690575 0.11013992 -0.02161416
v 0.11640557 0.09031290 -0.02161416
v 0.11633412 0.08748047 -0.02161416
v 0.11626267 0.08464804 -0.02161416
v 0.11619122 0.08181560 -0.02161416
v 0.11611976 0.07898317 -0.02161416
v 0.11604831 0.07615074 -0.02161416
v 0.13633601 0.07225846 -0.02161416
v 0.13350357 0.07232992 -0.02161416
v 0.13067114 0.07240137 -0.02161416
v 0.12783872 0.07247282 -0.02161416
v 0.12500627 0.07254428 -0.02161416
v 0.12217385 0.07261573 -0.02161416
v 0.11934142 0.07268718 -0.02161416
v 0.13916844 0.07218701 -0.02161416
v 0.14200088 0.07211556 -0.02161416
v 0.14483330 0.07204411 -0.02161416
v 0.14766574 0.07197265 -0.02161416
v 0.15049817 0.07190120 -0.02161416
v 0.15333060 0.07182975 -0.02161416
v 0.15727198 0.08928197 -0.02156421
v 0.15734343 0.09211441 -0.02156421
v 0.15741488 0.09494684 -0.02156421
v 0.15748633 0.09777927 -0.02156421
v 0.15755779 0.10061170 -0.02156421
v 0.15762924 0.10344414 -0.02156421
v 0.15770069 0.10627657 -0.02156421
v 0.15777215 0.10910899 -0.02156421
v 0.15698616 0.07795224 -0.02156421
v 0.15691471 0.07511982 -0.02156421
v 0.15705762 0.08078468 -0.02156421
v 0.15712907 0.08361711 -0.02156421
v 0.15720052 0.08644954 -0.02156421
v 0.13453450 0.11319632 -0.02156421
v 0.13170207 0.11326777 -0.02156421
v 0.12886964 0.11333922 -0.02156421
v 0.12603720 0.11341068 -0.02156421
v 0.12320477 0.11348213 -0.02156421
v 0.12037235 0.11355358 -0.02156421
v 0.13736693 0.11312486 -0.02156421
v 0.14019937 0.11305341 -0.02156421
v 0.14303180 0.11298196 -0.02156421
v 0.14586423 0.11291051 -0.02156421
v 0.14869666 0.11283905 -0.02156421
v 0.15152910 0.11276760 -0.02156421
v 0.15436153 0.11269615 -0.02156421
v 0.11599921 0.07898621 -0.02156421
v 0.11607066 0.08181864 -0.02156421
v 0.11614212 0.08465108 -0.02156421
v 0.11621357 0.08748351 -0.02156421
v 0.11628502 0.09031594 -0.02156421
v 0.11635648 0.09314838 -0.02156421
v 0.11642793 0.09598081 -0.02156421
v 0.11649938 0.09881324 -0.02156421
v 0.11657083 0.10164567 -0.02156421
v 0.11664229 0.10447811 -0.02156421
v 0.11671374 0.10731053 -0.02156421
v 0.11678519 0.11014296 -0.02156421
v 0.11592776 0.07615378 -0.02156421
v 0.15049513 0.07178065 -0.02156421
v 0.14766270 0.07185210 -0.02156421
v 0.14483026 0.07192355 -0.02156421
v 0.14199783 0.07199501 -0.02156421
v 0.13916540 0.07206646 -0.02156421
v 0.13633296 0.07213791 -0.02156421
v 0.13350053 0.07220937 -0.02156421
v 0.13066810 0.07228082 -0.02156421
v 0.12783568 0.07235227 -0.02156421
v 0.12500323 0.07242372 -0.02156421
v 0.12217081 0.07249518 -0.02156421
v 0.11933838 0.07256663 -0.02156421
v 0.15332756 0.07170919 -0.02156421
v 0.11625295 0.09315099 -0.02148475
v 0.11632440 0.09598342 -0.02148475
v 0.11639585 0.09881585 -0.02148475
v 0.11646731 0.10164828 -0.02148475
v 0.11653876 0.10448072 -0.02148475
v 0.11661021 0.10731315 -0.02148475
v 0.11668167 0.11014557 -0.02148475
v 0.11589568 0.07898882 -0.02148475
v 0.11582423 0.07615639 -0.02148475
v 0.11596714 0.08182126 -0.02148475
v 0.11603859 0.08465369 -0.02148475
v 0.11611004 0.08748612 -0.02148475
v 0.11618149 0.09031855 -0.02148475
v 0.12603981 0.11351421 -0.02148475
v 0.12320739 0.11358566 -0.02148475
v 0.12037496 0.11365711 -0.02148475
v 0.13453711 0.11329985 -0.02148475
v 0.13736954 0.11322839 -0.02148475
v 0.14020198 0.11315694 -0.02148475
v 0.14303441 0.11308549 -0.02148475
v 0.14586684 0.11301403 -0.02148475
v 0.14869927 0.11294258 -0.02148475
v 0.15153171 0.11287113 -0.02148475
v 0.15436414 0.11279968 -0.02148475
v 0.13170468 0.11337130 -0.02148475
v 0.12887225 0.11344275 -0.02148475
v 0.15723259 0.08361450 -0.02148475
v 0.15730404 0.08644693 -0.02148475
v 0.15737550 0.08927936 -0.02148475
v 0.15744695 0.09211180 -0.02148475
v 0.15751840 0.09494423 -0.02148475
v 0.15758986 0.09777666 -0.02148475
v 0.15766131 0.10060909 -0.02148475
v 0.15773276 0.10344153 -0.02148475
v 0.15780421 0.10627396 -0.02148475
v 0.15787567 0.10910638 -0.02148475
v 0.15708968 0.07794963 -0.02148475
v 0.15701823 0.07511720 -0.02148475
v 0.15716114 0.08078207 -0.02148475
v 0.14766008 0.07174858 -0.02148475
v 0.14482765 0.07182003 -0.02148475
v 0.14199522 0.07189149 -0.02148475
v 0.13916279 0.07196294 -0.02148475
v 0.13633035 0.07203439 -0.02148475
v 0.13349792 0.07210584 -0.02148475
v 0.13066549 0.07217730 -0.02148475
v 0.12783306 0.07224875 -0.02148475
v 0.12500062 0.07232020 -0.02148475
v 0.12216819 0.07239166 -0.02148475
v 0.11933577 0.07246311 -0.02148475
v 0.15049252 0.07167713 -0.02148475
v 0.15332495 0.07160567 -0.02148475
v 0.15573186 0.10985490 0.00356880
v 0.15554895 0.11016298 0.00356880
v 0.15497595 0.10957967 0.00436880
v 0.15802207 0.10910269 -0.00038120
v 0.15716463 0.07511351 -0.00038120
v 0.15716463 0.07511351 -0.02113120
v 0.15802207 0.10910269 -0.02113120
v 0.15799737 0.10963717 -0.01075620
v 0.15799737 0.10963717 -0.00038120
v 0.15799737 0.10963717 -0.02113120
v 0.15711301 0.07458096 -0.01075620
v 0.15711301 0.07458096 -0.02113120
v 0.15711301 0.07458096 -0.00038120
v 0.15757632 0.09210853 -0.02126061
v 0.15764777 0.09494097 -0.02126061
v 0.15771922 0.09777340 -0.02126061
v 0.15779068 0.10060582 -0.02126061
v 0.15786213 0.10343827 -0.02126061
v 0.15793358 0.10627069 -0.02126061
v 0.15800504 0.10910312 -0.02126061
v 0.15721905 0.07794637 -0.02126061
v 0.15714760 0.07511394 -0.02126061
v 0.15729051 0.08077880 -0.02126061
v 0.15736196 0.08361124 -0.02126061
v 0.15743341 0.08644366 -0.02126061
v 0.15750486 0.08927610 -0.02126061
v 0.15698613 0.07406117 -0.00038120
v 0.15698613 0.07406117 -0.01075620
v 0.15698613 0.07406117 -0.02113120
v 0.15789686 0.11016269 -0.01075620
v 0.15789686 0.11016269 -0.00038120
v 0.15789686 0.11016269 -0.02113120
v 0.15678658 0.07356474 -0.00038120
v 0.15678658 0.07356474 -0.01075620
v 0.15678658 0.07356474 -0.02113120
v 0.15772259 0.11066856 -0.02113120
v 0.15772259 0.11066856 -0.01075620
v 0.15772259 0.11066856 -0.00038120
v 0.15745493 0.08927736 -0.02138120
v 0.15752638 0.09210979 -0.02138120
v 0.15759784 0.09494223 -0.02138120
v 0.15766929 0.09777466 -0.02138120
v 0.15774074 0.10060708 -0.02138120
v 0.15781220 0.10343952 -0.02138120
v 0.15788365 0.10627195 -0.02138120
v 0.15795510 0.10910438 -0.02138120
v 0.15716912 0.07794763 -0.02138120
v 0.15709767 0.07511520 -0.02138120
v 0.15724057 0.08078006 -0.02138120
v 0.15731202 0.08361250 -0.02138120
v 0.15738348 0.08644492 -0.02138120
v 0.15651839 0.07310176 -0.00038120
v 0.15651839 0.07310176 -0.01075620
v 0.15651839 0.07310176 -0.02113120
v 0.15747809 0.11114446 -0.02113120
v 0.15747809 0.11114446 -0.01075620
v 0.15747809 0.11114446 -0.00038120
v 0.15618705 0.07268166 -0.00038120
v 0.15618705 0.07268166 -0.01075620
v 0.15618705 0.07268166 -0.02113120
v 0.15716835 0.11158074 -0.02113120
v 0.15716835 0.11158074 -0.01075620
v 0.15716835 0.11158074 -0.00038120
v 0.15730404 0.08644693 -0.02148475
v 0.15737550 0.08927936 -0.02148475
v 0.15744695 0.09211180 -0.02148475
v 0.15751840 0.09494423 -0.02148475
v 0.15758986 0.09777666 -0.02148475
v 0.15766131 0.10060909 -0.02148475
v 0.15773276 0.10344153 -0.02148475
v 0.15780421 0.10627396 -0.02148475
v 0.15787567 0.10910638 -0.02148475
v 0.15708968 0.07794963 -0.02148475
v 0.15701823 0.07511720 -0.02148475
v 0.15716114 0.08078207 -0.02148475
v 0.15723259 0.08361450 -0.02148475
v 0.15587276 0.10915691 0.00176880
v 0.15501532 0.07516773 0.00176880
v 0.15587276 0.10915691 0.00356880
v 0.15501532 0.07516773 0.00356880
v 0.15584163 0.10951384 0.00176880
v 0.15584163 0.10951384 0.00356880
v 0.15496624 0.07481282 0.00356880
v 0.15496624 0.07481282 0.00176880
v 0.15573186 0.10985490 0.00176880
v 0.15483941 0.07447773 0.00356880
v 0.15483941 0.07447773 0.00176880
v 0.15554895 0.11016298 0.00176880
v 0.15464120 0.07417926 0.00356880
v 0.15464120 0.07417926 0.00176880
v 0.15507301 0.10917708 0.00436880
v 0.15421557 0.07518791 0.00436880
v 0.15505098 0.10938477 0.00436880
v 0.15418310 0.07498160 0.00436880
v 0.15579931 0.07231299 -0.00038120
v 0.15579931 0.07231299 -0.01075620
v 0.15579931 0.07231299 -0.02113120
v 0.15438155 0.07393239 0.00356880
v 0.15438155 0.07393239 0.00176880
v 0.15409834 0.07479073 0.00436880
v 0.15396707 0.07462831 0.00436880
v 0.11905871 0.11108351 0.00356880
v 0.11886049 0.11078504 0.00356880
v 0.11960156 0.11047205 0.00436880
v 0.11567784 0.07616009 -0.02113120
v 0.11567784 0.07616009 -0.00038120
v 0.11653527 0.11014927 -0.02113120
v 0.11653527 0.11014927 -0.00038120
v 0.11658688 0.11068183 -0.01075620
v 0.11658688 0.11068183 -0.02113120
v 0.11658688 0.11068183 -0.00038120
v 0.11570253 0.07562561 -0.01075620
v 0.11570253 0.07562561 -0.00038120
v 0.11570253 0.07562561 -0.02113120
v 0.11612358 0.09315425 -0.02126061
v 0.11605213 0.09032182 -0.02126061
v 0.11598067 0.08748938 -0.02126061
v 0.11590922 0.08465695 -0.02126061
v 0.11583777 0.08182452 -0.02126061
v 0.11576631 0.07899209 -0.02126061
v 0.11569486 0.07615966 -0.02126061
v 0.11619503 0.09598669 -0.02126061
v 0.11626648 0.09881911 -0.02126061
v 0.11633794 0.10165154 -0.02126061
v 0.11640939 0.10448398 -0.02126061
v 0.11648084 0.10731641 -0.02126061
v 0.11655230 0.11014884 -0.02126061
v 0.11671377 0.11120160 -0.00038120
v 0.11671377 0.11120160 -0.01075620
v 0.11671377 0.11120160 -0.02113120
v 0.11580305 0.07510009 -0.01075620
v 0.11580305 0.07510009 -0.00038120
v 0.11580305 0.07510009 -0.02113120
v 0.11691332 0.11169804 -0.00038120
v 0.11691332 0.11169804 -0.01075620
v 0.11691332 0.11169804 -0.02113120
v 0.11597731 0.07459423 -0.02113120
v 0.11597731 0.07459423 -0.01075620
v 0.11597731 0.07459423 -0.00038120
v 0.11595916 0.08465569 -0.02138120
v 0.11588771 0.08182326 -0.02138120
v 0.11581625 0.07899083 -0.02138120
v 0.11574480 0.07615840 -0.02138120
v 0.11624497 0.09598543 -0.02138120
v 0.11617352 0.09315299 -0.02138120
v 0.11631643 0.09881785 -0.02138120
v 0.11638788 0.10165028 -0.02138120
v 0.11645933 0.10448272 -0.02138120
v 0.11653079 0.10731515 -0.02138120
v 0.11660224 0.11014758 -0.02138120
v 0.11610207 0.09032056 -0.02138120
v 0.11603061 0.08748812 -0.02138120
v 0.11718150 0.11216101 -0.00038120
v 0.11718150 0.11216101 -0.01075620
v 0.11718150 0.11216101 -0.02113120
v 0.11622181 0.07411832 -0.02113120
v 0.11622181 0.07411832 -0.01075620
v 0.11622181 0.07411832 -0.00038120
v 0.11751285 0.11258112 -0.00038120
v 0.11751285 0.11258112 -0.01075620
v 0.11751285 0.11258112 -0.02113120
v 0.11653155 0.07368204 -0.01075620
v 0.11653155 0.07368204 -0.00038120
v 0.11653155 0.07368204 -0.02113120
v 0.11596714 0.08182126 -0.02148475
v 0.11589568 0.07898882 -0.02148475
v 0.11582423 0.07615639 -0.02148475
v 0.11618149 0.09031855 -0.02148475
v 0.11611004 0.08748612 -0.02148475
v 0.11625295 0.09315099 -0.02148475
v 0.11632440 0.09598342 -0.02148475
v 0.11639585 0.09881585 -0.02148475
v 0.11646731 0.10164828 -0.02148475
v 0.11653876 0.10448072 -0.02148475
v 0.11661021 0.10731315 -0.02148475
v 0.11668167 0.11014557 -0.02148475
v 0.11603859 0.08465369 -0.02148475
v 0.11782715 0.07610587 0.00176880
v 0.11868458 0.11009505 0.00176880
v 0.11782715 0.07610587 0.00356880
v 0.11868458 0.11009505 0.00356880
v 0.11785827 0.07574894 0.00176880
v 0.11785827 0.07574894 0.00356880
v 0.11873366 0.11044995 0.00356880
v 0.11873366 0.11044995 0.00176880
v 0.11796804 0.07540788 0.00176880
v 0.11796804 0.07540788 0.00356880
v 0.11886049 0.11078504 0.00176880
v 0.11815095 0.07509979 0.00176880
v 0.11815095 0.07509979 0.00356880
v 0.11905871 0.11108351 0.00176880
v 0.11862690 0.07608569 0.00436880
v 0.11948433 0.11007487 0.00436880
v 0.11864892 0.07587801 0.00436880
v 0.11951680 0.11028118 0.00436880
v 0.11790060 0.11294979 -0.00038120
v 0.11790060 0.11294979 -0.01075620
v 0.11790060 0.11294979 -0.02113120
v 0.11931836 0.11133039 0.00356880
v 0.11931836 0.11133039 0.00176880
v 0.11973284 0.11063447 0.00436880
v 0.11872395 0.07568312 0.00436880
v 0.15407346 0.07374948 0.00356880
v 0.15438155 0.07393239 0.00356880
v 0.15379823 0.07450539 0.00436880
v 0.15332125 0.07145927 -0.00038120
v 0.11933207 0.07231671 -0.00038120
v 0.11933207 0.07231671 -0.02113120
v 0.15332125 0.07145927 -0.02113120
v 0.11879952 0.07236833 -0.01075620
v 0.11879952 0.07236833 -0.02113120
v 0.11879952 0.07236833 -0.00038120
v 0.15385573 0.07148397 -0.01075620
v 0.15385573 0.07148397 -0.00038120
v 0.15385573 0.07148397 -0.02113120
v 0.13632709 0.07190502 -0.02126061
v 0.13915952 0.07183357 -0.02126061
v 0.14199196 0.07176212 -0.02126061
v 0.14482439 0.07169066 -0.02126061
v 0.14765682 0.07161921 -0.02126061
v 0.15048926 0.07154776 -0.02126061
v 0.15332168 0.07147630 -0.02126061
v 0.13349465 0.07197648 -0.02126061
v 0.13066223 0.07204793 -0.02126061
v 0.12782980 0.07211938 -0.02126061
v 0.12499736 0.07219084 -0.02126061
v 0.12216493 0.07226229 -0.02126061
v 0.11933250 0.07233374 -0.02126061
v 0.11827974 0.07249521 -0.00038120
v 0.11827974 0.07249521 -0.01075620
v 0.11827974 0.07249521 -0.02113120
v 0.15438125 0.07158448 -0.02113120
v 0.15438125 0.07158448 -0.01075620
v 0.15438125 0.07158448 -0.00038120
v 0.11778330 0.07269476 -0.01075620
v 0.11778330 0.07269476 -0.02113120
v 0.11778330 0.07269476 -0.00038120
v 0.15488711 0.07175875 -0.02113120
v 0.15488711 0.07175875 -0.01075620
v 0.15488711 0.07175875 -0.00038120
v 0.12783106 0.07216932 -0.02138120
v 0.12499862 0.07224077 -0.02138120
v 0.12216619 0.07231222 -0.02138120
v 0.11933376 0.07238367 -0.02138120
v 0.13632835 0.07195496 -0.02138120
v 0.13916078 0.07188350 -0.02138120
v 0.14199322 0.07181205 -0.02138120
v 0.14482565 0.07174060 -0.02138120
v 0.14765808 0.07166914 -0.02138120
v 0.15049052 0.07159769 -0.02138120
v 0.15332294 0.07152624 -0.02138120
v 0.13349591 0.07202641 -0.02138120
v 0.13066349 0.07209786 -0.02138120
v 0.11732033 0.07296295 -0.00038120
v 0.11732033 0.07296295 -0.01075620
v 0.11732033 0.07296295 -0.02113120
v 0.15536303 0.07200325 -0.02113120
v 0.15536303 0.07200325 -0.01075620
v 0.15536303 0.07200325 -0.00038120
v 0.11690022 0.07329429 -0.00038120
v 0.11690022 0.07329429 -0.01075620
v 0.11690022 0.07329429 -0.02113120
v 0.15579931 0.07231299 -0.02113120
v 0.15579931 0.07231299 -0.01075620
v 0.15579931 0.07231299 -0.00038120
v 0.13633035 0.07203439 -0.02148475
v 0.13349792 0.07210584 -0.02148475
v 0.13066549 0.07217730 -0.02148475
v 0.12783306 0.07224875 -0.02148475
v 0.12500062 0.07232020 -0.02148475
v 0.12216819 0.07239166 -0.02148475
v 0.11933577 0.07246311 -0.02148475
v 0.14199522 0.07189149 -0.02148475
v 0.14482765 0.07182003 -0.02148475
v 0.14766008 0.07174858 -0.02148475
v 0.15049252 0.07167713 -0.02148475
v 0.15332495 0.07160567 -0.02148475
v 0.13916279 0.07196294 -0.02148475
v 0.11938629 0.07446602 0.00176880
v 0.15337547 0.07360858 0.00176880
v 0.15337547 0.07360858 0.00356880
v 0.11938629 0.07446602 0.00356880
v 0.11903139 0.07451510 0.00356880
v 0.11903139 0.07451510 0.00176880
v 0.15373240 0.07363971 0.00176880
v 0.15373240 0.07363971 0.00356880
v 0.11869630 0.07464193 0.00356880
v 0.11869630 0.07464193 0.00176880
v 0.15407346 0.07374948 0.00176880
v 0.11839783 0.07484014 0.00356880
v 0.11839783 0.07484014 0.00176880
v 0.15438155 0.07393239 0.00176880
v 0.11940647 0.07526577 0.00436880
v 0.15339565 0.07440833 0.00436880
v 0.11920016 0.07529824 0.00436880
v 0.15360333 0.07443036 0.00436880
v 0.11653155 0.07368204 -0.00038120
v 0.11653155 0.07368204 -0.01075620
v 0.11653155 0.07368204 -0.02113120
v 0.11815095 0.07509979 0.00356880
v 0.11815095 0.07509979 0.00176880
v 0.11900929 0.07538300 0.00436880
v 0.11884687 0.07551427 0.00436880
v 0.13896339 0.08260876 -0.00163120
v 0.13876853 0.08968171 -0.00163120
v 0.13920732 0.09015200 -0.00163120
v 0.13855590 0.08310642 -0.00163120
v 0.13838907 0.08916237 -0.00163120
v 0.13821078 0.08364919 -0.00163120
v 0.13807435 0.08860141 -0.00163120
v 0.13793297 0.08422931 -0.00163120
v 0.13782890 0.08800689 -0.00163120
v 0.13772644 0.08483845 -0.00163120
v 0.13765622 0.08738730 -0.00163120
v 0.13759415 0.08546791 -0.00163120
v 0.14108869 0.08119999 -0.00163120
v 0.14049772 0.08145387 -0.00163120
v 0.14081306 0.09120535 -0.00163120
v 0.14141921 0.09142051 -0.00163120
v 0.14204672 0.09156173 -0.00163120
v 0.14268660 0.09162698 -0.00163120
v 0.14332970 0.09161533 -0.00163120
v 0.14396680 0.09152694 -0.00163120
v 0.14458879 0.09136309 -0.00163120
v 0.14518674 0.09112611 -0.00163120
v 0.14575211 0.09081939 -0.00163120
v 0.14627679 0.09044735 -0.00163120
v 0.14675327 0.09001529 -0.00163120
v 0.14717474 0.08952941 -0.00163120
v 0.14753514 0.08899666 -0.00163120
v 0.14782933 0.08842468 -0.00163120
v 0.14805309 0.08782165 -0.00163120
v 0.14105110 0.08043802 -0.00163120
v 0.14109243 0.07967624 -0.00163120
v 0.14121223 0.07892281 -0.00163120
v 0.14140922 0.07818578 -0.00163120
v 0.14168129 0.07747305 -0.00163120
v 0.14202555 0.07679224 -0.00163120
v 0.14243828 0.07615063 -0.00163120
v 0.14291510 0.07555510 -0.00163120
v 0.14345088 0.07501201 -0.00163120
v 0.14403990 0.07452717 -0.00163120
v 0.14467586 0.07410578 -0.00163120
v 0.14535194 0.07375233 -0.00163120
v 0.14606092 0.07347063 -0.00163120
v 0.14679522 0.07326367 -0.00163120
v 0.14754695 0.07313368 -0.00163120
v 0.14830810 0.07308203 -0.00163120
v 0.14881599 0.08782078 -0.00163120
v 0.14907051 0.07310930 -0.00163120
v 0.14957471 0.08774109 -0.00163120
v 0.14982602 0.07321518 -0.00163120
v 0.15032115 0.08758346 -0.00163120
v 0.15056656 0.07339855 -0.00163120
v 0.15104730 0.08734955 -0.00163120
v 0.15128419 0.07365742 -0.00163120
v 0.15174540 0.08704189 -0.00163120
v 0.15197124 0.07398906 -0.00163120
v 0.15240799 0.08666375 -0.00163120
v 0.15262035 0.07438989 -0.00163120
v 0.15302797 0.08621918 -0.00163120
v 0.15322458 0.07485564 -0.00163120
v 0.15359871 0.08571294 -0.00163120
v 0.15377746 0.07538131 -0.00163120
v 0.15411409 0.08515046 -0.00163120
v 0.15427308 0.07596129 -0.00163120
v 0.15456862 0.08453774 -0.00163120
v 0.15470613 0.07658936 -0.00163120
v 0.15495741 0.08388135 -0.00163120
v 0.15507199 0.07725882 -0.00163120
v 0.15527631 0.08318830 -0.00163120
v 0.15536672 0.07796248 -0.00163120
v 0.15552191 0.08246602 -0.00163120
v 0.15558719 0.07869283 -0.00163120
v 0.15569158 0.08172223 -0.00163120
v 0.15573103 0.07944204 -0.00163120
v 0.14023696 0.09091932 -0.00163120
v 0.13994129 0.08177652 -0.00163120
v 0.13969914 0.09056652 -0.00163120
v 0.13942740 0.08216333 -0.00163120
v 0.15174540 0.08704189 -0.01138120
v 0.15240799 0.08666375 -0.01138120
v 0.15174540 0.08704189 -0.00163120
v 0.15240799 0.08666375 -0.02113120
v 0.15174540 0.08704189 -0.02113120
v 0.15240799 0.08666375 -0.00163120
v 0.15302797 0.08621918 -0.01138120
v 0.15302797 0.08621918 -0.02113120
v 0.15302797 0.08621918 -0.00163120
v 0.15359871 0.08571294 -0.01138120
v 0.15359871 0.08571294 -0.02113120
v 0.15359871 0.08571294 -0.00163120
v 0.15104730 0.08734955 -0.01138120
v 0.15104730 0.08734955 -0.02113120
v 0.15104730 0.08734955 -0.00163120
v 0.15411409 0.08515046 -0.01138120
v 0.15411409 0.08515046 -0.02113120
v 0.15411409 0.08515046 -0.00163120
v 0.15456862 0.08453774 -0.01138120
v 0.15456862 0.08453774 -0.02113120
v 0.15456862 0.08453774 -0.00163120
v 0.15495741 0.08388135 -0.01138120
v 0.15495741 0.08388135 -0.02113120
v 0.15495741 0.08388135 -0.00163120
v 0.15527631 0.08318830 -0.02113120
v 0.15527631 0.08318830 -0.01138120
v 0.15527631 0.08318830 -0.00163120
v 0.15552191 0.08246602 -0.02113120
v 0.15552191 0.08246602 -0.01138120
v 0.15552191 0.08246602 -0.00163120
v 0.15032115 0.08758346 -0.00163120
v 0.15032115 0.08758346 -0.01138120
v 0.15032115 0.08758346 -0.02113120
v 0.14957471 0.08774109 -0.01138120
v 0.14957471 0.08774109 -0.02113120
v 0.14957471 0.08774109 -0.00163120
v 0.14881599 0.08782078 -0.00163120
v 0.14881599 0.08782078 -0.01138120
v 0.14881599 0.08782078 -0.02113120
v 0.14805309 0.08782165 -0.02113120
v 0.14805309 0.08782165 -0.00163120
v 0.14782933 0.08842468 -0.00163120
v 0.14782933 0.08842468 -0.02113120
v 0.14782143 0.08844252 -0.01138120
v 0.14753514 0.08899666 -0.02113120
v 0.14751514 0.08903015 -0.01138120
v 0.14753514 0.08899666 -0.00163120
v 0.14717474 0.08952941 -0.02113120
v 0.14713886 0.08957563 -0.01138120
v 0.14717474 0.08952941 -0.00163120
v 0.14675327 0.09001529 -0.02113120
v 0.14669832 0.09007066 -0.01138120
v 0.14675327 0.09001529 -0.00163120
v 0.14627679 0.09044735 -0.02113120
v 0.14620021 0.09050772 -0.01138120
v 0.14627679 0.09044735 -0.00163120
v 0.14575211 0.09081939 -0.02113120
v 0.14575211 0.09081939 -0.00163120
v 0.14565211 0.09088016 -0.01138120
v 0.14518674 0.09112611 -0.02113120
v 0.14518674 0.09112611 -0.00163120
v 0.14506234 0.09118233 -0.01138120
v 0.14458879 0.09136309 -0.02113120
v 0.14458879 0.09136309 -0.00163120
v 0.14443988 0.09140963 -0.01138120
v 0.14396680 0.09152694 -0.02113120
v 0.14396680 0.09152694 -0.00163120
v 0.14379417 0.09155860 -0.01138120
v 0.14332970 0.09161533 -0.02113120
v 0.14332970 0.09161533 -0.00163120
v 0.14313504 0.09162699 -0.01138120
v 0.15128419 0.07365742 -0.01138120
v 0.15197124 0.07398906 -0.01138120
v 0.15128419 0.07365742 -0.02113120
v 0.15197124 0.07398906 -0.02113120
v 0.15128419 0.07365742 -0.00163120
v 0.15197124 0.07398906 -0.00163120
v 0.15262035 0.07438989 -0.00163120
v 0.15262035 0.07438989 -0.01138120
v 0.15262035 0.07438989 -0.02113120
v 0.15056656 0.07339855 -0.01138120
v 0.15056656 0.07339855 -0.02113120
v 0.15056656 0.07339855 -0.00163120
v 0.14982602 0.07321518 -0.01138120
v 0.14982602 0.07321518 -0.02113120
v 0.14982602 0.07321518 -0.00163120
v 0.14907051 0.07310930 -0.02113120
v 0.14907051 0.07310930 -0.01138120
v 0.14907051 0.07310930 -0.00163120
v 0.14830810 0.07308203 -0.02113120
v 0.14830810 0.07308203 -0.01138120
v 0.14830810 0.07308203 -0.00163120
v 0.14754695 0.07313368 -0.02113120
v 0.14754695 0.07313368 -0.01138120
v 0.14754695 0.07313368 -0.00163120
v 0.14679522 0.07326367 -0.02113120
v 0.14679522 0.07326367 -0.01138120
v 0.14679522 0.07326367 -0.00163120
v 0.14606092 0.07347063 -0.02113120
v 0.14606092 0.07347063 -0.01138120
v 0.14606092 0.07347063 -0.00163120
v 0.14535194 0.07375233 -0.01138120
v 0.14535194 0.07375233 -0.02113120
v 0.14535194 0.07375233 -0.00163120
v 0.14467586 0.07410578 -0.01138120
v 0.14467586 0.07410578 -0.02113120
v 0.14467586 0.07410578 -0.00163120
v 0.14403990 0.07452717 -0.01138120
v 0.14403990 0.07452717 -0.02113120
v 0.14403990 0.07452717 -0.00163120
v 0.14345088 0.07501201 -0.01138120
v 0.14345088 0.07501201 -0.02113120
v 0.14345088 0.07501201 -0.00163120
v 0.14291510 0.07555510 -0.02113120
v 0.14291510 0.07555510 -0.01138120
v 0.14291510 0.07555510 -0.00163120
v 0.14243828 0.07615063 -0.02113120
v 0.14243828 0.07615063 -0.01138120
v 0.14243828 0.07615063 -0.00163120
v 0.15573103 0.07944204 -0.01138120
v 0.15579670 0.08020211 -0.01138120
v 0.15573103 0.07944204 -0.02113120
v 0.15579670 0.08020211 -0.02113120
v 0.15573103 0.07944204 -0.00163120
v 0.15579670 0.08020211 -0.00163120
v 0.15558719 0.07869283 -0.01138120
v 0.15558719 0.07869283 -0.02113120
v 0.15558719 0.07869283 -0.00163120
v 0.15536672 0.07796248 -0.02113120
v 0.15536672 0.07796248 -0.01138120
v 0.15536672 0.07796248 -0.00163120
v 0.15507199 0.07725882 -0.02113120
v 0.15507199 0.07725882 -0.01138120
v 0.15507199 0.07725882 -0.00163120
v 0.15470613 0.07658936 -0.01138120
v 0.15470613 0.07658936 -0.02113120
v 0.15470613 0.07658936 -0.00163120
v 0.15578350 0.08096489 -0.01138120
v 0.15578350 0.08096489 -0.02113120
v 0.15578350 0.08096489 -0.00163120
v 0.15569158 0.08172223 -0.01138120
v 0.15569158 0.08172223 -0.02113120
v 0.15569158 0.08172223 -0.00163120
v 0.15552191 0.08246602 -0.00163120
v 0.15552191 0.08246602 -0.01138120
v 0.15552191 0.08246602 -0.02113120
v 0.15427308 0.07596129 -0.02113120
v 0.15427308 0.07596129 -0.01138120
v 0.15427308 0.07596129 -0.00163120
v 0.15377746 0.07538131 -0.01138120
v 0.15377746 0.07538131 -0.02113120
v 0.15377746 0.07538131 -0.00163120
v 0.15322458 0.07485564 -0.01138120
v 0.15322458 0.07485564 -0.02113120
v 0.15322458 0.07485564 -0.00163120
v 0.15262035 0.07438989 -0.02113120
v 0.15262035 0.07438989 -0.01138120
v 0.15262035 0.07438989 -0.00163120
v 0.13793297 0.08422931 -0.00163120
v 0.13815513 0.08375212 -0.01138120
v 0.13788308 0.08435638 -0.01138120
v 0.13793297 0.08422931 -0.02113120
v 0.13821078 0.08364919 -0.02113120
v 0.13821078 0.08364919 -0.00163120
v 0.13849947 0.08318594 -0.01138120
v 0.13855590 0.08310642 -0.02113120
v 0.13855590 0.08310642 -0.00163120
v 0.13772644 0.08483845 -0.02113120
v 0.13772644 0.08483845 -0.00163120
v 0.13768746 0.08498952 -0.01138120
v 0.13759415 0.08546791 -0.02113120
v 0.13759415 0.08546791 -0.00163120
v 0.13757124 0.08564192 -0.01138120
v 0.13753800 0.08610865 -0.02113120
v 0.13753800 0.08610865 -0.00163120
v 0.13753617 0.08630366 -0.01138120
v 0.13755879 0.08675152 -0.00163120
v 0.13755879 0.08675152 -0.02113120
v 0.13758280 0.08696469 -0.01138120
v 0.13765622 0.08738730 -0.02113120
v 0.13765622 0.08738730 -0.00163120
v 0.13771042 0.08761495 -0.01138120
v 0.13782890 0.08800689 -0.00163120
v 0.13782890 0.08800689 -0.02113120
v 0.13791708 0.08824457 -0.01138120
v 0.13891085 0.08266643 -0.01138120
v 0.13896339 0.08260876 -0.02113120
v 0.13896339 0.08260876 -0.00163120
v 0.13938304 0.08220149 -0.01138120
v 0.13942740 0.08216333 -0.00163120
v 0.13942740 0.08216333 -0.02113120
v 0.13990886 0.08179819 -0.01138120
v 0.13994129 0.08177652 -0.02113120
v 0.13994129 0.08177652 -0.00163120
v 0.14048030 0.08146266 -0.01138120
v 0.14049772 0.08145387 -0.02113120
v 0.14049772 0.08145387 -0.00163120
v 0.14108869 0.08119999 -0.00163120
v 0.14108869 0.08119999 -0.02113120
v 0.14105110 0.08043802 -0.01138120
v 0.14105110 0.08043802 -0.02113120
v 0.14105110 0.08043802 -0.00163120
v 0.14109243 0.07967624 -0.00163120
v 0.14109243 0.07967624 -0.01138120
v 0.14109243 0.07967624 -0.02113120
v 0.14121223 0.07892281 -0.01138120
v 0.14121223 0.07892281 -0.02113120
v 0.14121223 0.07892281 -0.00163120
v 0.14140922 0.07818578 -0.01138120
v 0.14140922 0.07818578 -0.02113120
v 0.14140922 0.07818578 -0.00163120
v 0.14168129 0.07747305 -0.00163120
v 0.14168129 0.07747305 -0.01138120
v 0.14168129 0.07747305 -0.02113120
v 0.14202555 0.07679224 -0.00163120
v 0.14202555 0.07679224 -0.01138120
v 0.14202555 0.07679224 -0.02113120
v 0.14243828 0.07615063 -0.00163120
v 0.14243828 0.07615063 -0.01138120
v 0.14243828 0.07615063 -0.02113120
v 0.13945449 0.09037291 -0.01138120
v 0.13897424 0.08991629 -0.01138120
v 0.13920732 0.09015200 -0.02113120
v 0.13920732 0.09015200 -0.00163120
v 0.13969914 0.09056652 -0.00163120
v 0.13969914 0.09056652 -0.02113120
v 0.13998727 0.09076695 -0.01138120
v 0.14023696 0.09091932 -0.02113120
v 0.14023696 0.09091932 -0.00163120
v 0.13876853 0.08968171 -0.00163120
v 0.13876853 0.08968171 -0.02113120
v 0.13855383 0.08940405 -0.01138120
v 0.13838907 0.08916237 -0.02113120
v 0.13838907 0.08916237 -0.00163120
v 0.13819965 0.08884398 -0.01138120
v 0.13807435 0.08860141 -0.00163120
v 0.13807435 0.08860141 -0.02113120
v 0.14056449 0.09109244 -0.01138120
v 0.14081306 0.09120535 -0.02113120
v 0.14081306 0.09120535 -0.00163120
v 0.14117738 0.09134443 -0.01138120
v 0.14141921 0.09142051 -0.02113120
v 0.14141921 0.09142051 -0.00163120
v 0.13791708 0.08824457 -0.01138120
v 0.13782890 0.08800689 -0.00163120
v 0.13782890 0.08800689 -0.02113120
v 0.14181663 0.09151908 -0.01138120
v 0.14204672 0.09156173 -0.00163120
v 0.14204672 0.09156173 -0.02113120
v 0.14247250 0.09161375 -0.01138120
v 0.14268660 0.09162698 -0.00163120
v 0.14268660 0.09162698 -0.02113120
v 0.14313504 0.09162699 -0.01138120
v 0.14332970 0.09161533 -0.00163120
v 0.14332970 0.09161533 -0.02113120
v 0.13437056 0.09027402 -0.00163120
v 0.13423385 0.08272807 -0.00163120
v 0.13374797 0.08230660 -0.00163120
v 0.13478508 0.08978220 -0.00163120
v 0.13466591 0.08320455 -0.00163120
v 0.13513788 0.08924438 -0.00163120
v 0.13503796 0.08372923 -0.00163120
v 0.13542390 0.08866828 -0.00163120
v 0.13534466 0.08429460 -0.00163120
v 0.13563908 0.08806213 -0.00163120
v 0.13558165 0.08489255 -0.00163120
v 0.13578030 0.08743462 -0.00163120
v 0.13574551 0.08551454 -0.00163120
v 0.12541855 0.08839265 -0.00163120
v 0.12567242 0.08898363 -0.00163120
v 0.13204022 0.08142826 -0.00163120
v 0.13203933 0.08066535 -0.00163120
v 0.13195966 0.07990663 -0.00163120
v 0.13180202 0.07916019 -0.00163120
v 0.13156812 0.07843404 -0.00163120
v 0.13126045 0.07773594 -0.00163120
v 0.13088231 0.07707335 -0.00163120
v 0.13043775 0.07645337 -0.00163120
v 0.12993151 0.07588263 -0.00163120
v 0.12936903 0.07536725 -0.00163120
v 0.12875630 0.07491272 -0.00163120
v 0.12809991 0.07452393 -0.00163120
v 0.12740686 0.07420503 -0.00163120
v 0.12668459 0.07395943 -0.00163120
v 0.12594078 0.07378976 -0.00163120
v 0.12518345 0.07369784 -0.00163120
v 0.12442066 0.07368464 -0.00163120
v 0.12465657 0.08843024 -0.00163120
v 0.12366060 0.07375031 -0.00163120
v 0.12389481 0.08838891 -0.00163120
v 0.12291138 0.07389415 -0.00163120
v 0.12314138 0.08826911 -0.00163120
v 0.12218104 0.07411462 -0.00163120
v 0.12240435 0.08807212 -0.00163120
v 0.12147737 0.07440935 -0.00163120
v 0.12169162 0.08780005 -0.00163120
v 0.12080792 0.07477521 -0.00163120
v 0.12101080 0.08745579 -0.00163120
v 0.12017985 0.07520826 -0.00163120
v 0.12036919 0.08704306 -0.00163120
v 0.11959988 0.07570388 -0.00163120
v 0.11977366 0.08656624 -0.00163120
v 0.11907419 0.07625676 -0.00163120
v 0.11923057 0.08603046 -0.00163120
v 0.11860845 0.07686099 -0.00163120
v 0.11874573 0.08544144 -0.00163120
v 0.11820762 0.07751010 -0.00163120
v 0.11832433 0.08480548 -0.00163120
v 0.11787598 0.07819715 -0.00163120
v 0.11797090 0.08412940 -0.00163120
v 0.11761711 0.07891478 -0.00163120
v 0.11768919 0.08342042 -0.00163120
v 0.11743375 0.07965532 -0.00163120
v 0.11748223 0.08268612 -0.00163120
v 0.11732786 0.08041083 -0.00163120
v 0.12599508 0.08954005 -0.00163120
v 0.12638189 0.09005394 -0.00163120
v 0.12682731 0.09051795 -0.00163120
v 0.12732498 0.09092544 -0.00163120
v 0.12786776 0.09127056 -0.00163120
v 0.12844787 0.09154837 -0.00163120
v 0.12905702 0.09175490 -0.00163120
v 0.12968647 0.09188719 -0.00163120
v 0.13032720 0.09194334 -0.00163120
v 0.13097007 0.09192255 -0.00163120
v 0.13160586 0.09182512 -0.00163120
v 0.13222545 0.09165244 -0.00163120
v 0.13281998 0.09140699 -0.00163120
v 0.13264323 0.08165201 -0.00163120
v 0.13338093 0.09109227 -0.00163120
v 0.13321523 0.08194620 -0.00163120
v 0.13390027 0.09071281 -0.00163120
v 0.12169162 0.08780005 -0.01138120
v 0.12101080 0.08745579 -0.01138120
v 0.12169162 0.08780005 -0.02113120
v 0.12101080 0.08745579 -0.02113120
v 0.12169162 0.08780005 -0.00163120
v 0.12101080 0.08745579 -0.00163120
v 0.12036919 0.08704306 -0.00163120
v 0.12036919 0.08704306 -0.01138120
v 0.12036919 0.08704306 -0.02113120
v 0.11977366 0.08656624 -0.00163120
v 0.11977366 0.08656624 -0.01138120
v 0.11977366 0.08656624 -0.02113120
v 0.11923057 0.08603046 -0.01138120
v 0.11923057 0.08603046 -0.02113120
v 0.11923057 0.08603046 -0.00163120
v 0.11874573 0.08544144 -0.00163120
v 0.11874573 0.08544144 -0.01138120
v 0.11874573 0.08544144 -0.02113120
v 0.11832433 0.08480548 -0.00163120
v 0.11832433 0.08480548 -0.01138120
v 0.11832433 0.08480548 -0.02113120
v 0.12240435 0.08807212 -0.01138120
v 0.12240435 0.08807212 -0.02113120
v 0.12240435 0.08807212 -0.00163120
v 0.12314138 0.08826911 -0.02113120
v 0.12314138 0.08826911 -0.01138120
v 0.12314138 0.08826911 -0.00163120
v 0.12389481 0.08838891 -0.01138120
v 0.12389481 0.08838891 -0.02113120
v 0.12389481 0.08838891 -0.00163120
v 0.12465657 0.08843024 -0.01138120
v 0.12465657 0.08843024 -0.02113120
v 0.12465657 0.08843024 -0.00163120
v 0.12541855 0.08839265 -0.00163120
v 0.12541855 0.08839265 -0.02113120
v 0.11797090 0.08412940 -0.00163120
v 0.11797090 0.08412940 -0.01138120
v 0.11797090 0.08412940 -0.02113120
v 0.12567242 0.08898363 -0.02113120
v 0.12568121 0.08900104 -0.01138120
v 0.12567242 0.08898363 -0.00163120
v 0.12599508 0.08954005 -0.00163120
v 0.12601674 0.08957248 -0.01138120
v 0.12599508 0.08954005 -0.02113120
v 0.12638189 0.09005394 -0.00163120
v 0.12642006 0.09009830 -0.01138120
v 0.12638189 0.09005394 -0.02113120
v 0.12682731 0.09051795 -0.00163120
v 0.12688499 0.09057049 -0.01138120
v 0.12682731 0.09051795 -0.02113120
v 0.12732498 0.09092544 -0.00163120
v 0.12740450 0.09098187 -0.01138120
v 0.12732498 0.09092544 -0.02113120
v 0.12786776 0.09127056 -0.00163120
v 0.12786776 0.09127056 -0.02113120
v 0.12797070 0.09132621 -0.01138120
v 0.12844787 0.09154837 -0.00163120
v 0.12844787 0.09154837 -0.02113120
v 0.12857495 0.09159826 -0.01138120
v 0.12905702 0.09175490 -0.00163120
v 0.12905702 0.09175490 -0.02113120
v 0.12920807 0.09179388 -0.01138120
v 0.12968647 0.09188719 -0.00163120
v 0.12968647 0.09188719 -0.02113120
v 0.12986047 0.09191011 -0.01138120
v 0.13032720 0.09194334 -0.00163120
v 0.13032720 0.09194334 -0.02113120
v 0.13052221 0.09194517 -0.01138120
v 0.11768919 0.08342042 -0.00163120
v 0.11768919 0.08342042 -0.01138120
v 0.11768919 0.08342042 -0.02113120
v 0.11743375 0.07965532 -0.01138120
v 0.11761711 0.07891478 -0.01138120
v 0.11743375 0.07965532 -0.02113120
v 0.11761711 0.07891478 -0.02113120
v 0.11743375 0.07965532 -0.00163120
v 0.11761711 0.07891478 -0.00163120
v 0.11732786 0.08041083 -0.01138120
v 0.11732786 0.08041083 -0.02113120
v 0.11732786 0.08041083 -0.00163120
v 0.11787598 0.07819715 -0.00163120
v 0.11787598 0.07819715 -0.01138120
v 0.11787598 0.07819715 -0.02113120
v 0.11820762 0.07751010 -0.00163120
v 0.11820762 0.07751010 -0.01138120
v 0.11820762 0.07751010 -0.02113120
v 0.11860845 0.07686099 -0.01138120
v 0.11860845 0.07686099 -0.02113120
v 0.11860845 0.07686099 -0.00163120
v 0.11907419 0.07625676 -0.01138120
v 0.11907419 0.07625676 -0.02113120
v 0.11907419 0.07625676 -0.00163120
v 0.11959988 0.07570388 -0.00163120
v 0.11959988 0.07570388 -0.01138120
v 0.11959988 0.07570388 -0.02113120
v 0.12017985 0.07520826 -0.01138120
v 0.12017985 0.07520826 -0.02113120
v 0.12017985 0.07520826 -0.00163120
v 0.12080792 0.07477521 -0.00163120
v 0.12080792 0.07477521 -0.01138120
v 0.12080792 0.07477521 -0.02113120
v 0.11730060 0.08117324 -0.01138120
v 0.11730060 0.08117324 -0.02113120
v 0.11730060 0.08117324 -0.00163120
v 0.11735223 0.08193439 -0.01138120
v 0.11735223 0.08193439 -0.02113120
v 0.11735223 0.08193439 -0.00163120
v 0.11748223 0.08268612 -0.01138120
v 0.11748223 0.08268612 -0.02113120
v 0.11748223 0.08268612 -0.00163120
v 0.11768919 0.08342042 -0.02113120
v 0.11768919 0.08342042 -0.01138120
v 0.11768919 0.08342042 -0.00163120
v 0.13509872 0.08382923 -0.01138120
v 0.13540089 0.08441900 -0.01138120
v 0.13534466 0.08429460 -0.02113120
v 0.13534466 0.08429460 -0.00163120
v 0.13503796 0.08372923 -0.00163120
v 0.13503796 0.08372923 -0.02113120
v 0.13472629 0.08328113 -0.01138120
v 0.13466591 0.08320455 -0.00163120
v 0.13466591 0.08320455 -0.02113120
v 0.13558165 0.08489255 -0.02113120
v 0.13558165 0.08489255 -0.00163120
v 0.13562819 0.08504147 -0.01138120
v 0.13574551 0.08551454 -0.02113120
v 0.13574551 0.08551454 -0.00163120
v 0.13577717 0.08568718 -0.01138120
v 0.13583390 0.08615164 -0.02113120
v 0.13583390 0.08615164 -0.00163120
v 0.13584555 0.08634630 -0.01138120
v 0.13584554 0.08679474 -0.00163120
v 0.13584554 0.08679474 -0.02113120
v 0.13583232 0.08700884 -0.01138120
v 0.13578030 0.08743462 -0.02113120
v 0.13578030 0.08743462 -0.00163120
v 0.13573764 0.08766472 -0.01138120
v 0.13563908 0.08806213 -0.00163120
v 0.13563908 0.08806213 -0.02113120
v 0.13556298 0.08830396 -0.01138120
v 0.13428922 0.08278302 -0.01138120
v 0.13423385 0.08272807 -0.00163120
v 0.13423385 0.08272807 -0.02113120
v 0.13379419 0.08234248 -0.01138120
v 0.13374797 0.08230660 -0.00163120
v 0.13374797 0.08230660 -0.02113120
v 0.13324870 0.08196620 -0.01138120
v 0.13321523 0.08194620 -0.00163120
v 0.13321523 0.08194620 -0.02113120
v 0.13266108 0.08165991 -0.01138120
v 0.13264323 0.08165201 -0.00163120
v 0.13264323 0.08165201 -0.02113120
v 0.13204022 0.08142826 -0.02113120
v 0.13204022 0.08142826 -0.00163120
v 0.13203933 0.08066535 -0.01138120
v 0.13203933 0.08066535 -0.00163120
v 0.13203933 0.08066535 -0.02113120
v 0.13195966 0.07990663 -0.02113120
v 0.13195966 0.07990663 -0.01138120
v 0.13195966 0.07990663 -0.00163120
v 0.13180202 0.07916019 -0.02113120
v 0.13180202 0.07916019 -0.01138120
v 0.13180202 0.07916019 -0.00163120
v 0.13156812 0.07843404 -0.01138120
v 0.13156812 0.07843404 -0.00163120
v 0.13156812 0.07843404 -0.02113120
v 0.13126045 0.07773594 -0.02113120
v 0.13126045 0.07773594 -0.01138120
v 0.13126045 0.07773594 -0.00163120
v 0.13088231 0.07707335 -0.01138120
v 0.13088231 0.07707335 -0.00163120
v 0.13088231 0.07707335 -0.02113120
v 0.12366060 0.07375031 -0.01138120
v 0.12442066 0.07368464 -0.01138120
v 0.12366060 0.07375031 -0.02113120
v 0.12442066 0.07368464 -0.02113120
v 0.12442066 0.07368464 -0.00163120
v 0.12366060 0.07375031 -0.00163120
v 0.12291138 0.07389415 -0.02113120
v 0.12291138 0.07389415 -0.01138120
v 0.12291138 0.07389415 -0.00163120
v 0.12218104 0.07411462 -0.02113120
v 0.12218104 0.07411462 -0.01138120
v 0.12218104 0.07411462 -0.00163120
v 0.12147737 0.07440935 -0.02113120
v 0.12147737 0.07440935 -0.01138120
v 0.12147737 0.07440935 -0.00163120
v 0.12080792 0.07477521 -0.01138120
v 0.12080792 0.07477521 -0.02113120
v 0.12080792 0.07477521 -0.00163120
v 0.12518345 0.07369784 -0.01138120
v 0.12518345 0.07369784 -0.02113120
v 0.12518345 0.07369784 -0.00163120
v 0.12594078 0.07378976 -0.01138120
v 0.12594078 0.07378976 -0.02113120
v 0.12594078 0.07378976 -0.00163120
v 0.12668459 0.07395943 -0.01138120
v 0.12668459 0.07395943 -0.02113120
v 0.12668459 0.07395943 -0.00163120
v 0.12740686 0.07420503 -0.00163120
v 0.12740686 0.07420503 -0.01138120
v 0.12740686 0.07420503 -0.02113120
v 0.12809991 0.07452393 -0.00163120
v 0.12809991 0.07452393 -0.01138120
v 0.12809991 0.07452393 -0.02113120
v 0.12875630 0.07491272 -0.00163120
v 0.12875630 0.07491272 -0.01138120
v 0.12875630 0.07491272 -0.02113120
v 0.12936903 0.07536725 -0.01138120
v 0.12936903 0.07536725 -0.02113120
v 0.12936903 0.07536725 -0.00163120
v 0.12993151 0.07588263 -0.00163120
v 0.12993151 0.07588263 -0.01138120
v 0.12993151 0.07588263 -0.02113120
v 0.13043775 0.07645337 -0.00163120
v 0.13043775 0.07645337 -0.01138120
v 0.13043775 0.07645337 -0.02113120
v 0.13413485 0.09050710 -0.01138120
v 0.13362261 0.09092751 -0.01138120
v 0.13390027 0.09071281 -0.02113120
v 0.13390027 0.09071281 -0.00163120
v 0.13338093 0.09109227 -0.00163120
v 0.13338093 0.09109227 -0.02113120
v 0.13306253 0.09128169 -0.01138120
v 0.13281998 0.09140699 -0.00163120
v 0.13281998 0.09140699 -0.02113120
v 0.13437056 0.09027402 -0.00163120
v 0.13437056 0.09027402 -0.02113120
v 0.13459146 0.09002685 -0.01138120
v 0.13478508 0.08978220 -0.02113120
v 0.13478508 0.08978220 -0.00163120
v 0.13498551 0.08949407 -0.01138120
v 0.13513788 0.08924438 -0.02113120
v 0.13513788 0.08924438 -0.00163120
v 0.13531100 0.08891685 -0.01138120
v 0.13542390 0.08866828 -0.00163120
v 0.13542390 0.08866828 -0.02113120
v 0.13556298 0.08830396 -0.01138120
v 0.13563908 0.08806213 -0.02113120
v 0.13563908 0.08806213 -0.00163120
v 0.13246313 0.09156426 -0.01138120
v 0.13222545 0.09165244 -0.00163120
v 0.13222545 0.09165244 -0.02113120
v 0.13183351 0.09177092 -0.01138120
v 0.13160586 0.09182512 -0.00163120
v 0.13160586 0.09182512 -0.02113120
v 0.13118325 0.09189854 -0.01138120
v 0.13097007 0.09192255 -0.02113120
v 0.13097007 0.09192255 -0.00163120
v 0.13052221 0.09194517 -0.01138120
v 0.13032720 0.09194334 -0.02113120
v 0.13032720 0.09194334 -0.00163120
v 0.15410003 0.10955891 -0.00163120
v 0.15462570 0.10900601 -0.00163120
v 0.15392624 0.09869654 -0.00163120
v 0.15446933 0.09923231 -0.00163120
v 0.15509145 0.10840179 -0.00163120
v 0.15495417 0.09982135 -0.00163120
v 0.15549228 0.10775268 -0.00163120
v 0.15537556 0.10045730 -0.00163120
v 0.15582392 0.10706563 -0.00163120
v 0.15572901 0.10113339 -0.00163120
v 0.15608279 0.10634800 -0.00163120
v 0.15601071 0.10184236 -0.00163120
v 0.15626616 0.10560747 -0.00163120
v 0.15621767 0.10257666 -0.00163120
v 0.15637204 0.10485195 -0.00163120
v 0.14165969 0.10383453 -0.00163120
v 0.14828135 0.09687013 -0.00163120
v 0.14802747 0.09627916 -0.00163120
v 0.14770482 0.09572273 -0.00163120
v 0.14731801 0.09520884 -0.00163120
v 0.14687258 0.09474482 -0.00163120
v 0.14637492 0.09433734 -0.00163120
v 0.14583215 0.09399221 -0.00163120
v 0.14525203 0.09371441 -0.00163120
v 0.14464289 0.09350787 -0.00163120
v 0.14401344 0.09337559 -0.00163120
v 0.14337269 0.09331943 -0.00163120
v 0.14272982 0.09334023 -0.00163120
v 0.14209404 0.09343765 -0.00163120
v 0.14147445 0.09361033 -0.00163120
v 0.14087993 0.09385580 -0.00163120
v 0.14105666 0.10361077 -0.00163120
v 0.14031897 0.09417050 -0.00163120
v 0.14048468 0.10331659 -0.00163120
v 0.13979963 0.09454998 -0.00163120
v 0.13995193 0.10295617 -0.00163120
v 0.13932934 0.09498877 -0.00163120
v 0.13946605 0.10253472 -0.00163120
v 0.13891482 0.09548058 -0.00163120
v 0.13903399 0.10205823 -0.00163120
v 0.13856202 0.09601839 -0.00163120
v 0.13866195 0.10153354 -0.00163120
v 0.13827599 0.09659450 -0.00163120
v 0.13835523 0.10096818 -0.00163120
v 0.13806083 0.09720064 -0.00163120
v 0.13811825 0.10037022 -0.00163120
v 0.13791961 0.09782815 -0.00163120
v 0.13795440 0.09974824 -0.00163120
v 0.14166056 0.10459743 -0.00163120
v 0.14174025 0.10535614 -0.00163120
v 0.14189788 0.10610257 -0.00163120
v 0.14213179 0.10682873 -0.00163120
v 0.14243945 0.10752684 -0.00163120
v 0.14281759 0.10818943 -0.00163120
v 0.14326216 0.10880942 -0.00163120
v 0.14376840 0.10938014 -0.00163120
v 0.14433088 0.10989553 -0.00163120
v 0.14494360 0.11035005 -0.00163120
v 0.14559999 0.11073885 -0.00163120
v 0.14629304 0.11105775 -0.00163120
v 0.14701532 0.11130334 -0.00163120
v 0.14775911 0.11147303 -0.00163120
v 0.14851645 0.11156495 -0.00163120
v 0.14927923 0.11157814 -0.00163120
v 0.14904332 0.09683254 -0.00163120
v 0.15003930 0.11151247 -0.00163120
v 0.14980510 0.09687386 -0.00163120
v 0.15078851 0.11136863 -0.00163120
v 0.15055853 0.09699366 -0.00163120
v 0.15151886 0.11114816 -0.00163120
v 0.15129556 0.09719065 -0.00163120
v 0.15222252 0.11085343 -0.00163120
v 0.15200829 0.09746273 -0.00163120
v 0.15289198 0.11048757 -0.00163120
v 0.15268910 0.09780698 -0.00163120
v 0.15352005 0.11005452 -0.00163120
v 0.15333071 0.09821972 -0.00163120
v 0.15637204 0.10485195 -0.01138120
v 0.15626616 0.10560747 -0.01138120
v 0.15637204 0.10485195 -0.02113120
v 0.15626616 0.10560747 -0.02113120
v 0.15637204 0.10485195 -0.00163120
v 0.15626616 0.10560747 -0.00163120
v 0.15608279 0.10634800 -0.00163120
v 0.15608279 0.10634800 -0.01138120
v 0.15608279 0.10634800 -0.02113120
v 0.15582392 0.10706563 -0.01138120
v 0.15582392 0.10706563 -0.02113120
v 0.15582392 0.10706563 -0.00163120
v 0.15639931 0.10408954 -0.01138120
v 0.15639931 0.10408954 -0.02113120
v 0.15639931 0.10408954 -0.00163120
v 0.15549228 0.10775268 -0.00163120
v 0.15549228 0.10775268 -0.01138120
v 0.15549228 0.10775268 -0.02113120
v 0.15509145 0.10840179 -0.01138120
v 0.15509145 0.10840179 -0.02113120
v 0.15509145 0.10840179 -0.00163120
v 0.15462570 0.10900601 -0.01138120
v 0.15462570 0.10900601 -0.02113120
v 0.15462570 0.10900601 -0.00163120
v 0.15410003 0.10955891 -0.01138120
v 0.15410003 0.10955891 -0.02113120
v 0.15410003 0.10955891 -0.00163120
v 0.15352005 0.11005452 -0.00163120
v 0.15352005 0.11005452 -0.01138120
v 0.15352005 0.11005452 -0.02113120
v 0.15289198 0.11048757 -0.01138120
v 0.15289198 0.11048757 -0.02113120
v 0.15289198 0.11048757 -0.00163120
v 0.15222252 0.11085343 -0.00163120
v 0.15222252 0.11085343 -0.01138120
v 0.15222252 0.11085343 -0.02113120
v 0.15634766 0.10332840 -0.01138120
v 0.15634766 0.10332840 -0.02113120
v 0.15634766 0.10332840 -0.00163120
v 0.15621767 0.10257666 -0.01138120
v 0.15621767 0.10257666 -0.02113120
v 0.15621767 0.10257666 -0.00163120
v 0.15601071 0.10184236 -0.01138120
v 0.15601071 0.10184236 -0.02113120
v 0.15601071 0.10184236 -0.00163120
v 0.15572901 0.10113339 -0.01138120
v 0.15572901 0.10113339 -0.02113120
v 0.15572901 0.10113339 -0.00163120
v 0.15151886 0.11114816 -0.01138120
v 0.15151886 0.11114816 -0.02113120
v 0.15151886 0.11114816 -0.00163120
v 0.15078851 0.11136863 -0.00163120
v 0.15078851 0.11136863 -0.01138120
v 0.15078851 0.11136863 -0.02113120
v 0.14281759 0.10818943 -0.01138120
v 0.14326216 0.10880942 -0.01138120
v 0.14281759 0.10818943 -0.00163120
v 0.14326216 0.10880942 -0.00163120
v 0.14326216 0.10880942 -0.02113120
v 0.14281759 0.10818943 -0.02113120
v 0.14243945 0.10752684 -0.01138120
v 0.14243945 0.10752684 -0.02113120
v 0.14243945 0.10752684 -0.00163120
v 0.14376840 0.10938014 -0.02113120
v 0.14376840 0.10938014 -0.01138120
v 0.14376840 0.10938014 -0.00163120
v 0.14213179 0.10682873 -0.01138120
v 0.14213179 0.10682873 -0.02113120
v 0.14213179 0.10682873 -0.00163120
v 0.14189788 0.10610257 -0.00163120
v 0.14189788 0.10610257 -0.01138120
v 0.14189788 0.10610257 -0.02113120
v 0.14174025 0.10535614 -0.00163120
v 0.14174025 0.10535614 -0.01138120
v 0.14174025 0.10535614 -0.02113120
v 0.14166056 0.10459743 -0.00163120
v 0.14166056 0.10459743 -0.01138120
v 0.14166056 0.10459743 -0.02113120
v 0.14433088 0.10989553 -0.01138120
v 0.14433088 0.10989553 -0.00163120
v 0.14433088 0.10989553 -0.02113120
v 0.14494360 0.11035005 -0.02113120
v 0.14494360 0.11035005 -0.01138120
v 0.14494360 0.11035005 -0.00163120
v 0.14559999 0.11073885 -0.01138120
v 0.14559999 0.11073885 -0.00163120
v 0.14559999 0.11073885 -0.02113120
v 0.14629304 0.11105775 -0.02113120
v 0.14629304 0.11105775 -0.01138120
v 0.14629304 0.11105775 -0.00163120
v 0.14701532 0.11130334 -0.02113120
v 0.14701532 0.11130334 -0.01138120
v 0.14701532 0.11130334 -0.00163120
v 0.14775911 0.11147303 -0.02113120
v 0.14775911 0.11147303 -0.01138120
v 0.14775911 0.11147303 -0.00163120
v 0.14851645 0.11156495 -0.02113120
v 0.14851645 0.11156495 -0.01138120
v 0.14851645 0.11156495 -0.00163120
v 0.14927923 0.11157814 -0.02113120
v 0.14927923 0.11157814 -0.01138120
v 0.14927923 0.11157814 -0.00163120
v 0.15003930 0.11151247 -0.02113120
v 0.15003930 0.11151247 -0.01138120
v 0.15003930 0.11151247 -0.00163120
v 0.15078851 0.11136863 -0.02113120
v 0.15078851 0.11136863 -0.01138120
v 0.15078851 0.11136863 -0.00163120
v 0.14165969 0.10383453 -0.00163120
v 0.14165969 0.10383453 -0.02113120
v 0.14105666 0.10361077 -0.00163120
v 0.14105666 0.10361077 -0.02113120
v 0.14103883 0.10360288 -0.01138120
v 0.14048468 0.10331659 -0.02113120
v 0.14048468 0.10331659 -0.00163120
v 0.14045119 0.10329658 -0.01138120
v 0.13995193 0.10295617 -0.02113120
v 0.13995193 0.10295617 -0.00163120
v 0.13990571 0.10292030 -0.01138120
v 0.13946605 0.10253472 -0.02113120
v 0.13946605 0.10253472 -0.00163120
v 0.13941068 0.10247976 -0.01138120
v 0.13903399 0.10205823 -0.02113120
v 0.13903399 0.10205823 -0.00163120
v 0.13897362 0.10198165 -0.01138120
v 0.13866195 0.10153354 -0.02113120
v 0.13866195 0.10153354 -0.00163120
v 0.13860118 0.10143354 -0.01138120
v 0.14525203 0.09371441 -0.00163120
v 0.14572922 0.09393658 -0.01138120
v 0.14512496 0.09366453 -0.01138120
v 0.14525203 0.09371441 -0.02113120
v 0.14583215 0.09399221 -0.02113120
v 0.14583215 0.09399221 -0.00163120
v 0.14629540 0.09428090 -0.01138120
v 0.14637492 0.09433734 -0.00163120
v 0.14637492 0.09433734 -0.02113120
v 0.14464289 0.09350787 -0.00163120
v 0.14464289 0.09350787 -0.02113120
v 0.14449182 0.09346890 -0.01138120
v 0.14401344 0.09337559 -0.00163120
v 0.14401344 0.09337559 -0.02113120
v 0.14383942 0.09335267 -0.01138120
v 0.14337269 0.09331943 -0.00163120
v 0.14337269 0.09331943 -0.02113120
v 0.14317768 0.09331761 -0.01138120
v 0.14272982 0.09334023 -0.02113120
v 0.14272982 0.09334023 -0.00163120
v 0.14251666 0.09336423 -0.01138120
v 0.14209404 0.09343765 -0.00163120
v 0.14209404 0.09343765 -0.02113120
v 0.14186639 0.09349186 -0.01138120
v 0.14147445 0.09361033 -0.00163120
v 0.14147445 0.09361033 -0.02113120
v 0.14123677 0.09369852 -0.01138120
v 0.14681491 0.09469229 -0.01138120
v 0.14687258 0.09474482 -0.00163120
v 0.14687258 0.09474482 -0.02113120
v 0.14727985 0.09516448 -0.01138120
v 0.14731801 0.09520884 -0.02113120
v 0.14731801 0.09520884 -0.00163120
v 0.14768315 0.09569030 -0.01138120
v 0.14770482 0.09572273 -0.02113120
v 0.14770482 0.09572273 -0.00163120
v 0.14801868 0.09626174 -0.01138120
v 0.14802747 0.09627916 -0.00163120
v 0.14802747 0.09627916 -0.02113120
v 0.14828135 0.09687013 -0.00163120
v 0.14828135 0.09687013 -0.02113120
v 0.14904332 0.09683254 -0.01138120
v 0.14904332 0.09683254 -0.02113120
v 0.14904332 0.09683254 -0.00163120
v 0.14980510 0.09687386 -0.00163120
v 0.14980510 0.09687386 -0.01138120
v 0.14980510 0.09687386 -0.02113120
v 0.15055853 0.09699366 -0.01138120
v 0.15055853 0.09699366 -0.02113120
v 0.15055853 0.09699366 -0.00163120
v 0.15129556 0.09719065 -0.01138120
v 0.15129556 0.09719065 -0.02113120
v 0.15129556 0.09719065 -0.00163120
v 0.15200829 0.09746273 -0.00163120
v 0.15200829 0.09746273 -0.01138120
v 0.15200829 0.09746273 -0.02113120
v 0.15268910 0.09780698 -0.01138120
v 0.15268910 0.09780698 -0.02113120
v 0.15268910 0.09780698 -0.00163120
v 0.15333071 0.09821972 -0.00163120
v 0.15333071 0.09821972 -0.01138120
v 0.15333071 0.09821972 -0.02113120
v 0.15392624 0.09869654 -0.01138120
v 0.15392624 0.09869654 -0.02113120
v 0.15392624 0.09869654 -0.00163120
v 0.15446933 0.09923231 -0.00163120
v 0.15446933 0.09923231 -0.01138120
v 0.15446933 0.09923231 -0.02113120
v 0.15495417 0.09982135 -0.00163120
v 0.15495417 0.09982135 -0.01138120
v 0.15495417 0.09982135 -0.02113120
v 0.15537556 0.10045730 -0.01138120
v 0.15537556 0.10045730 -0.02113120
v 0.15537556 0.10045730 -0.00163120
v 0.15572901 0.10113339 -0.00163120
v 0.15572901 0.10113339 -0.01138120
v 0.15572901 0.10113339 -0.02113120
v 0.13871439 0.09576871 -0.01138120
v 0.13910843 0.09523593 -0.01138120
v 0.13891482 0.09548058 -0.02113120
v 0.13891482 0.09548058 -0.00163120
v 0.13856202 0.09601839 -0.00163120
v 0.13856202 0.09601839 -0.02113120
v 0.13838890 0.09634594 -0.01138120
v 0.13827599 0.09659450 -0.00163120
v 0.13827599 0.09659450 -0.02113120
v 0.13932934 0.09498877 -0.02113120
v 0.13932934 0.09498877 -0.00163120
v 0.13956505 0.09475568 -0.01138120
v 0.13979963 0.09454998 -0.02113120
v 0.13979963 0.09454998 -0.00163120
v 0.14007729 0.09433527 -0.01138120
v 0.14031897 0.09417050 -0.02113120
v 0.14031897 0.09417050 -0.00163120
v 0.14063736 0.09398109 -0.01138120
v 0.14087993 0.09385580 -0.00163120
v 0.14087993 0.09385580 -0.02113120
v 0.13813691 0.09695883 -0.01138120
v 0.13806083 0.09720064 -0.02113120
v 0.13806083 0.09720064 -0.00163120
v 0.14123677 0.09369852 -0.01138120
v 0.14147445 0.09361033 -0.00163120
v 0.14147445 0.09361033 -0.02113120
v 0.13796226 0.09759806 -0.01138120
v 0.13791961 0.09782815 -0.02113120
v 0.13791961 0.09782815 -0.00163120
v 0.13786759 0.09825393 -0.01138120
v 0.13785436 0.09846805 -0.00163120
v 0.13785436 0.09846805 -0.02113120
v 0.13785435 0.09891648 -0.01138120
v 0.13786601 0.09911115 -0.00163120
v 0.13786601 0.09911115 -0.02113120
v 0.13792274 0.09957561 -0.01138120
v 0.13795440 0.09974824 -0.00163120
v 0.13795440 0.09974824 -0.02113120
v 0.13807171 0.10022132 -0.01138120
v 0.13811825 0.10037022 -0.02113120
v 0.13811825 0.10037022 -0.00163120
v 0.13829901 0.10084378 -0.01138120
v 0.13835523 0.10096818 -0.00163120
v 0.13835523 0.10096818 -0.02113120
v 0.13860118 0.10143354 -0.01138120
v 0.13866195 0.10153354 -0.00163120
v 0.13866195 0.10153354 -0.02113120
v 0.13473652 0.10265403 -0.00163120
v 0.13493136 0.09558107 -0.00163120
v 0.13449257 0.09511078 -0.00163120
v 0.13514400 0.10215636 -0.00163120
v 0.13531084 0.09610041 -0.00163120
v 0.13548913 0.10161358 -0.00163120
v 0.13562554 0.09666136 -0.00163120
v 0.13576693 0.10103347 -0.00163120
v 0.13587101 0.09725589 -0.00163120
v 0.13597347 0.10042432 -0.00163120
v 0.13604369 0.09787548 -0.00163120
v 0.13610575 0.09979487 -0.00163120
v 0.13261121 0.10406279 -0.00163120
v 0.13320218 0.10380892 -0.00163120
v 0.13288684 0.09405744 -0.00163120
v 0.13228070 0.09384226 -0.00163120
v 0.13165319 0.09370104 -0.00163120
v 0.13101329 0.09363580 -0.00163120
v 0.13037019 0.09364744 -0.00163120
v 0.12973310 0.09373584 -0.00163120
v 0.12911112 0.09389969 -0.00163120
v 0.12851316 0.09413668 -0.00163120
v 0.12794780 0.09444338 -0.00163120
v 0.12742311 0.09481543 -0.00163120
v 0.12694662 0.09524749 -0.00163120
v 0.12652517 0.09573337 -0.00163120
v 0.12616475 0.09626611 -0.00163120
v 0.12587057 0.09683811 -0.00163120
v 0.12564681 0.09744112 -0.00163120
v 0.13264880 0.10482477 -0.00163120
v 0.13260748 0.10558653 -0.00163120
v 0.13248768 0.10633996 -0.00163120
v 0.13229069 0.10707699 -0.00163120
v 0.13201861 0.10778972 -0.00163120
v 0.13167436 0.10847054 -0.00163120
v 0.13126162 0.10911215 -0.00163120
v 0.13078480 0.10970768 -0.00163120
v 0.13024903 0.11025077 -0.00163120
v 0.12965999 0.11073561 -0.00163120
v 0.12902404 0.11115701 -0.00163120
v 0.12834795 0.11151044 -0.00163120
v 0.12763898 0.11179215 -0.00163120
v 0.12690468 0.11199912 -0.00163120
v 0.12615294 0.11212911 -0.00163120
v 0.12539180 0.11218074 -0.00163120
v 0.12488391 0.09744201 -0.00163120
v 0.12462939 0.11215348 -0.00163120
v 0.12412520 0.09752168 -0.00163120
v 0.12387387 0.11204759 -0.00163120
v 0.12337877 0.09767932 -0.00163120
v 0.12313334 0.11186423 -0.00163120
v 0.12265261 0.09791322 -0.00163120
v 0.12241571 0.11160536 -0.00163120
v 0.12195450 0.09822089 -0.00163120
v 0.12172866 0.11127372 -0.00163120
v 0.12129191 0.09859903 -0.00163120
v 0.12107955 0.11087289 -0.00163120
v 0.12067192 0.09904360 -0.00163120
v 0.12047533 0.11040715 -0.00163120
v 0.12010120 0.09954983 -0.00163120
v 0.11992243 0.10988146 -0.00163120
v 0.11958581 0.10011231 -0.00163120
v 0.11942682 0.10930149 -0.00163120
v 0.11913129 0.10072504 -0.00163120
v 0.11899377 0.10867342 -0.00163120
v 0.11874249 0.10138143 -0.00163120
v 0.11862791 0.10800397 -0.00163120
v 0.11842359 0.10207448 -0.00163120
v 0.11833318 0.10730030 -0.00163120
v 0.11817800 0.10279675 -0.00163120
v 0.11811272 0.10656996 -0.00163120
v 0.11800832 0.10354056 -0.00163120
v 0.11796887 0.10582074 -0.00163120
v 0.13346295 0.09434346 -0.00163120
v 0.13375861 0.10348626 -0.00163120
v 0.13400076 0.09469626 -0.00163120
v 0.13427251 0.10309945 -0.00163120
v 0.12462939 0.11215348 -0.01138120
v 0.12387387 0.11204759 -0.01138120
v 0.12462939 0.11215348 -0.02113120
v 0.12387387 0.11204759 -0.02113120
v 0.12462939 0.11215348 -0.00163120
v 0.12387387 0.11204759 -0.00163120
v 0.12313334 0.11186423 -0.01138120
v 0.12313334 0.11186423 -0.02113120
v 0.12313334 0.11186423 -0.00163120
v 0.12241571 0.11160536 -0.00163120
v 0.12241571 0.11160536 -0.01138120
v 0.12241571 0.11160536 -0.02113120
v 0.12172866 0.11127372 -0.00163120
v 0.12172866 0.11127372 -0.01138120
v 0.12172866 0.11127372 -0.02113120
v 0.12107955 0.11087289 -0.00163120
v 0.12107955 0.11087289 -0.01138120
v 0.12107955 0.11087289 -0.02113120
v 0.12047533 0.11040715 -0.01138120
v 0.12047533 0.11040715 -0.02113120
v 0.12047533 0.11040715 -0.00163120
v 0.11992243 0.10988146 -0.00163120
v 0.11992243 0.10988146 -0.01138120
v 0.11992243 0.10988146 -0.02113120
v 0.11942682 0.10930149 -0.01138120
v 0.11942682 0.10930149 -0.02113120
v 0.11942682 0.10930149 -0.00163120
v 0.11899377 0.10867342 -0.00163120
v 0.11899377 0.10867342 -0.01138120
v 0.11899377 0.10867342 -0.02113120
v 0.11862791 0.10800397 -0.00163120
v 0.11862791 0.10800397 -0.01138120
v 0.11862791 0.10800397 -0.02113120
v 0.12539180 0.11218074 -0.01138120
v 0.12539180 0.11218074 -0.02113120
v 0.12539180 0.11218074 -0.00163120
v 0.12615294 0.11212911 -0.01138120
v 0.12615294 0.11212911 -0.02113120
v 0.12615294 0.11212911 -0.00163120
v 0.12690468 0.11199912 -0.01138120
v 0.12690468 0.11199912 -0.02113120
v 0.12690468 0.11199912 -0.00163120
v 0.12763898 0.11179215 -0.01138120
v 0.12763898 0.11179215 -0.02113120
v 0.12763898 0.11179215 -0.00163120
v 0.12834795 0.11151044 -0.01138120
v 0.12834795 0.11151044 -0.02113120
v 0.12834795 0.11151044 -0.00163120
v 0.13576693 0.10103347 -0.00163120
v 0.13554476 0.10151065 -0.01138120
v 0.13581681 0.10090639 -0.01138120
v 0.13576693 0.10103347 -0.02113120
v 0.13548913 0.10161358 -0.02113120
v 0.13548913 0.10161358 -0.00163120
v 0.13520044 0.10207684 -0.01138120
v 0.13514400 0.10215636 -0.00163120
v 0.13514400 0.10215636 -0.02113120
v 0.13597347 0.10042432 -0.02113120
v 0.13597347 0.10042432 -0.00163120
v 0.13601244 0.10027327 -0.01138120
v 0.13610575 0.09979487 -0.02113120
v 0.13610575 0.09979487 -0.00163120
v 0.13612867 0.09962087 -0.01138120
v 0.13616191 0.09915414 -0.00163120
v 0.13616191 0.09915414 -0.02113120
v 0.13616373 0.09895913 -0.01138120
v 0.13614111 0.09851127 -0.02113120
v 0.13614111 0.09851127 -0.00163120
v 0.13611711 0.09829809 -0.01138120
v 0.13604369 0.09787548 -0.02113120
v 0.13604369 0.09787548 -0.00163120
v 0.13598948 0.09764783 -0.01138120
v 0.13587101 0.09725589 -0.02113120
v 0.13587101 0.09725589 -0.00163120
v 0.13578282 0.09701821 -0.01138120
v 0.13478905 0.10259635 -0.01138120
v 0.13473652 0.10265403 -0.00163120
v 0.13473652 0.10265403 -0.02113120
v 0.13431686 0.10306128 -0.01138120
v 0.13427251 0.10309945 -0.02113120
v 0.13427251 0.10309945 -0.00163120
v 0.13379104 0.10346460 -0.01138120
v 0.13375861 0.10348626 -0.02113120
v 0.13375861 0.10348626 -0.00163120
v 0.13321960 0.10380013 -0.01138120
v 0.13320218 0.10380892 -0.00163120
v 0.13320218 0.10380892 -0.02113120
v 0.13261121 0.10406279 -0.00163120
v 0.13261121 0.10406279 -0.02113120
v 0.13264880 0.10482477 -0.01138120
v 0.13264880 0.10482477 -0.02113120
v 0.13264880 0.10482477 -0.00163120
v 0.13260748 0.10558653 -0.00163120
v 0.13260748 0.10558653 -0.01138120
v 0.13260748 0.10558653 -0.02113120
v 0.13248768 0.10633996 -0.01138120
v 0.13248768 0.10633996 -0.02113120
v 0.13248768 0.10633996 -0.00163120
v 0.13229069 0.10707699 -0.01138120
v 0.13229069 0.10707699 -0.02113120
v 0.13229069 0.10707699 -0.00163120
v 0.13201861 0.10778972 -0.00163120
v 0.13201861 0.10778972 -0.01138120
v 0.13201861 0.10778972 -0.02113120
v 0.13167436 0.10847054 -0.01138120
v 0.13167436 0.10847054 -0.02113120
v 0.13167436 0.10847054 -0.00163120
v 0.13126162 0.10911215 -0.00163120
v 0.13126162 0.10911215 -0.01138120
v 0.13126162 0.10911215 -0.02113120
v 0.13078480 0.10970768 -0.01138120
v 0.13078480 0.10970768 -0.02113120
v 0.13078480 0.10970768 -0.00163120
v 0.13024903 0.11025077 -0.01138120
v 0.13024903 0.11025077 -0.02113120
v 0.13024903 0.11025077 -0.00163120
v 0.12965999 0.11073561 -0.01138120
v 0.12965999 0.11073561 -0.02113120
v 0.12965999 0.11073561 -0.00163120
v 0.12902404 0.11115701 -0.00163120
v 0.12902404 0.11115701 -0.01138120
v 0.12902404 0.11115701 -0.02113120
v 0.12834795 0.11151044 -0.01138120
v 0.12834795 0.11151044 -0.02113120
v 0.12834795 0.11151044 -0.00163120
v 0.11811272 0.10656996 -0.01138120
v 0.11833318 0.10730030 -0.01138120
v 0.11811272 0.10656996 -0.00163120
v 0.11833318 0.10730030 -0.02113120
v 0.11811272 0.10656996 -0.02113120
v 0.11833318 0.10730030 -0.00163120
v 0.11862791 0.10800397 -0.01138120
v 0.11862791 0.10800397 -0.02113120
v 0.11862791 0.10800397 -0.00163120
v 0.11796887 0.10582074 -0.01138120
v 0.11796887 0.10582074 -0.02113120
v 0.11796887 0.10582074 -0.00163120
v 0.11790320 0.10506068 -0.00163120
v 0.11790320 0.10506068 -0.01138120
v 0.11790320 0.10506068 -0.02113120
v 0.11791639 0.10429789 -0.00163120
v 0.11791639 0.10429789 -0.01138120
v 0.11791639 0.10429789 -0.02113120
v 0.11800832 0.10354056 -0.01138120
v 0.11800832 0.10354056 -0.02113120
v 0.11800832 0.10354056 -0.00163120
v 0.11817800 0.10279675 -0.00163120
v 0.11817800 0.10279675 -0.01138120
v 0.11817800 0.10279675 -0.02113120
v 0.11842359 0.10207448 -0.01138120
v 0.11842359 0.10207448 -0.02113120
v 0.11842359 0.10207448 -0.00163120
v 0.11874249 0.10138143 -0.01138120
v 0.11874249 0.10138143 -0.02113120
v 0.11874249 0.10138143 -0.00163120
v 0.11913129 0.10072504 -0.00163120
v 0.11913129 0.10072504 -0.01138120
v 0.11913129 0.10072504 -0.02113120
v 0.12195450 0.09822089 -0.01138120
v 0.12129191 0.09859903 -0.01138120
v 0.12195450 0.09822089 -0.00163120
v 0.12129191 0.09859903 -0.02113120
v 0.12195450 0.09822089 -0.02113120
v 0.12129191 0.09859903 -0.00163120
v 0.12265261 0.09791322 -0.00163120
v 0.12265261 0.09791322 -0.01138120
v 0.12265261 0.09791322 -0.02113120
v 0.12067192 0.09904360 -0.01138120
v 0.12067192 0.09904360 -0.02113120
v 0.12067192 0.09904360 -0.00163120
v 0.12337877 0.09767932 -0.00163120
v 0.12337877 0.09767932 -0.01138120
v 0.12337877 0.09767932 -0.02113120
v 0.12412520 0.09752168 -0.01138120
v 0.12412520 0.09752168 -0.02113120
v 0.12412520 0.09752168 -0.00163120
v 0.12488391 0.09744201 -0.00163120
v 0.12488391 0.09744201 -0.01138120
v 0.12488391 0.09744201 -0.02113120
v 0.12564681 0.09744112 -0.02113120
v 0.12564681 0.09744112 -0.00163120
v 0.12010120 0.09954983 -0.01138120
v 0.12010120 0.09954983 -0.02113120
v 0.12010120 0.09954983 -0.00163120
v 0.11958581 0.10011231 -0.01138120
v 0.11958581 0.10011231 -0.02113120
v 0.11958581 0.10011231 -0.00163120
v 0.12587057 0.09683811 -0.00163120
v 0.12587057 0.09683811 -0.02113120
v 0.12587847 0.09682026 -0.01138120
v 0.12616475 0.09626611 -0.02113120
v 0.12616475 0.09626611 -0.00163120
v 0.12618476 0.09623264 -0.01138120
v 0.12652517 0.09573337 -0.02113120
v 0.12652517 0.09573337 -0.00163120
v 0.12656104 0.09568715 -0.01138120
v 0.12694662 0.09524749 -0.02113120
v 0.12694662 0.09524749 -0.00163120
v 0.12700158 0.09519212 -0.01138120
v 0.12742311 0.09481543 -0.02113120
v 0.12749969 0.09475505 -0.01138120
v 0.12742311 0.09481543 -0.00163120
v 0.12794780 0.09444338 -0.02113120
v 0.12794780 0.09444338 -0.00163120
v 0.12804780 0.09438262 -0.01138120
v 0.12851316 0.09413668 -0.02113120
v 0.12851316 0.09413668 -0.00163120
v 0.12863756 0.09408045 -0.01138120
v 0.12911112 0.09389969 -0.02113120
v 0.12911112 0.09389969 -0.00163120
v 0.12926002 0.09385315 -0.01138120
v 0.12973310 0.09373584 -0.02113120
v 0.12973310 0.09373584 -0.00163120
v 0.12990573 0.09370417 -0.01138120
v 0.13371263 0.09449583 -0.01138120
v 0.13424541 0.09488988 -0.01138120
v 0.13400076 0.09469626 -0.02113120
v 0.13400076 0.09469626 -0.00163120
v 0.13346295 0.09434346 -0.00163120
v 0.13346295 0.09434346 -0.02113120
v 0.13313540 0.09417034 -0.01138120
v 0.13288684 0.09405744 -0.02113120
v 0.13288684 0.09405744 -0.00163120
v 0.13449257 0.09511078 -0.02113120
v 0.13449257 0.09511078 -0.00163120
v 0.13472566 0.09534650 -0.01138120
v 0.13493136 0.09558107 -0.02113120
v 0.13493136 0.09558107 -0.00163120
v 0.13514607 0.09585873 -0.01138120
v 0.13531084 0.09610041 -0.02113120
v 0.13531084 0.09610041 -0.00163120
v 0.13550025 0.09641881 -0.01138120
v 0.13562554 0.09666136 -0.02113120
v 0.13562554 0.09666136 -0.00163120
v 0.13578282 0.09701821 -0.01138120
v 0.13587101 0.09725589 -0.00163120
v 0.13587101 0.09725589 -0.02113120
v 0.13252251 0.09391836 -0.01138120
v 0.13228070 0.09384226 -0.02113120
v 0.13228070 0.09384226 -0.00163120
v 0.13188328 0.09374370 -0.01138120
v 0.13165319 0.09370104 -0.02113120
v 0.13165319 0.09370104 -0.00163120
v 0.13122741 0.09364902 -0.01138120
v 0.13101329 0.09363580 -0.00163120
v 0.13101329 0.09363580 -0.02113120
v 0.13056486 0.09363579 -0.01138120
v 0.13037019 0.09364744 -0.00163120
v 0.13037019 0.09364744 -0.02113120
v 0.12990573 0.09370417 -0.01138120
v 0.12973310 0.09373584 -0.00163120
v 0.12973310 0.09373584 -0.02113120
vt 0.00000000 0.00000000
vt 0.00000000 0.00000000
vt 0.00000000 0.00000000
vt 0.00000000 0.00000000
vt 0.00000000 0.00000000
vt 0.00000000 0.00000000
vt 0.00000000 0.00000000
vt 0.00000000 0.00000000
vt 0.00000000 0.00000000
vt 0.00000000 0.00000000
vt 0.00000000 0.00000000
vt 0.00000000 0.00000000
vt 0.00000000 0.00000000
vt 0.00000000 0.00000000
vt 0.00000000 0.00000000
vt 0.00000000 0.00000000
vt 0.00000000 0.00000000
vt 0.00000000 0.00000000
vt 0.00000000 0.00000000
vt 0.00000000 0.00000000
vt 0.00000000 0.00000000
vt 0.00000000 0.00000000
vt 0.00000000 0.00000000
vt 0.00000000 0.00000000
vt 0.00000000 0.00000000
vt 0.00000000 0.00000000
vt 0.00000000 0.00000000
vt 0.00000000 0.00000000
vt 0.00000000 0.00000000
vt 0.00000000 0.00000000
vt 0.00000000 0.00000000
vt 0.00000000 0.00000000
vt 0.00000000 0.00000000
vt 0.00000000 0.00000000
vt 0.00000000 0.00000000
vt 0.00000000 0.00000000
vt 0.00000000 0.00000000
vt 0.00000000 0.00000000
vt 0.00000000 0.00000000
vt 0.00000000 0.00000000
vt 0.00000000 0.00000000
vt 0.00000000 0.00000000
vt 0.00000000 0.00000000
vt 0.00000000 0.00000000
vt 0.00000000 0.00000000
vt 0.00000000 0.00000000
vt 0.00000000 0.00000000
vt 0.00000000 0.00000000
vt 0.00000000 0.00000000
vt 0.00000000 0.00000000
vt 0.00000000 0.00000000
vt 0.00000000 0.00000000
vt 0.00000000 0.00000000
vt 0.00000000 0.00000000
vt 0.00000000 0.00000000
vt 0.00000000 0.00000000
vt 0.00000000 0.00000000
vt 0.00000000 0.00000000
vt 0.00000000 0.00000000
vt 0.00000000 0.00000000
vt 0.00000000 0.00000000
vt 0.00000000 0.00000000
vt 0.00000000 0.00000000
vt 0.00000000 0.00000000
vt 0.00000000 0.00000000
vt 0.00000000 0.00000000
vt 0.00000000 0.00000000
vt 0.00000000 0.00000000
vt 0.00000000 0.00000000
vt 0.00000000 0.00000000
vt 0.00000000 0.00000000
vt 0.00000000 0.00000000
vt 0.00000000 0.00000000
vt 0.00000000 0.00000000
vt 0.00000000 0.00000000
vt 0.00000000 0.00000000
vt 0.00000000 0.00000000
vt 0.00000000 0.00000000
vt 0.00000000 0.00000000
vt 0.00000000 0.00000000
vt 0.00000000 0.00000000
vt 0.00000000 0.00000000
vt 0.00000000 0.00000000
vt 0.00000000 0.00000000
vt 0.00000000 0.00000000
vt 0.00000000 0.00000000
vt 0.00000000 0.00000000
vt 0.00000000 0.00000000
vt 0.00000000 0.00000000
vt 0.00000000 0.00000000
vt 0.00000000 0.00000000
vt 0.00000000 0.00000000
vt 0.00000000 0.00000000
vt 0.00000000 0.00000000
vt 0.00000000 0.00000000
vt 0.00000000 0.00000000
vt 0.00000000 0.00000000
vt 0.00000000 0.00000000
vt 0.00000000 0.00000000
vt 0.00000000 0.00000000
vt 0.00000000 0.00000000
vt 0.00000000 0.00000000
vt 0.00000000 0.00000000
vt 0.00000000 0.00000000
vt 0.00000000 0.00000000
vt 0.00000000 0.00000000
vt 0.00000000 0.00000000
vt 0.00000000 0.00000000
vt 0.00000000 0.00000000
vt 0.00000000 0.00000000
vt 0.00000000 0.00000000
vt 0.00000000 0.00000000
vt 0.00000000 0.00000000
vt 0.00000000 0.00000000
vt 0.00000000 0.00000000
vt 0.00000000 0.00000000
vt 0.00000000 0.00000000
vt 0.00000000 0.00000000
vt 0.00000000 0.00000000
vt 0.00000000 0.00000000
vt 0.00000000 0.00000000
vt 0.00000000 0.00000000
vt 0.00000000 0.00000000
vt 0.00000000 0.00000000
vt 0.00000000 0.00000000
vt 0.00000000 0.00000000
vt 0.00000000 0.00000000
vt 0.00000000 0.00000000
vt 0.00000000 0.00000000
vt 0.00000000 0.00000000
vt 0.00000000 0.00000000
vt 0.00000000 0.00000000
vt 0.00000000 0.00000000
vt 0.00000000 0.00000000
vt 0.00000000 0.00000000
vt 0.00000000 0.00000000
vt 0.00000000 0.00000000
vt 0.00000000 0.00000000
vt 0.00000000 0.00000000
vt 0.00000000 0.00000000
vt 0.00000000 0.00000000
vt 0.00000000 0.00000000
vt 0.00000000 0.00000000
vt 0.00000000 0.00000000
vt 0.00000000 0.00000000
vt 0.00000000 0.00000000
vt 0.00000000 0.00000000
vt 0.00000000 0.00000000
vt 0.00000000 0.00000000
vt 0.00000000 0.00000000
vt 0.00000000 0.00000000
vt 0.00000000 0.00000000
vt 0.00000000 0.00000000
vt 0.00000000 0.00000000
vt 0.00000000 0.00000000
vt 0.00000000 0.00000000
vt 0.00000000 0.00000000
vt 0.00000000 0.00000000
vt 0.00000000 0.00000000
vt 0.00000000 0.00000000
vt 0.00000000 0.00000000
vt 0.00000000 0.00000000
vt 0.00000000 0.00000000
vt 0.00000000 0.00000000
vt 0.00000000 0.00000000
vt 0.00000000 0.00000000
vt 0.00000000 0.00000000
vt 0.00000000 0.00000000
vt 0.00000000 0.00000000
vt 0.00000000 0.00000000
vt 0.00000000 0.00000000
vt 0.00000000 0.00000000
vt 0.00000000 0.00000000
vt 0.00000000 0.00000000
vt 0.00000000 0.00000000
vt 0.00000000 0.00000000
vt 0.00000000 0.00000000
vt 0.00000000 0.00000000
vt 0.00000000 0.00000000
vt 0.00000000 0.00000000
vt 0.00000000 0.00000000
vt 0.00000000 0.00000000
vt 0.00000000 0.00000000
vt 0.00000000 0.00000000
vt 0.00000000 0.00000000
vt 0.00000000 0.00000000
vt 0.00000000 0.00000000
vt 0.00000000 0.00000000
vt 0.00000000 0.00000000
vt 0.00000000 0.00000000
vt 0.00000000 0.00000000
vt 0.00000000 0.00000000
vt 0.00000000 0.00000000
vt 0.00000000 0.00000000
vt 0.00000000 0.00000000
vt 0.00000000 0.00000000
vt 0.00000000 0.00000000
vt 0.00000000 0.00000000
vt 0.00000000 0.00000000
vt 0.00000000 0.00000000
vt 0.00000000 0.00000000
vt 0.00000000 0.00000000
vt 0.00000000 0.00000000
vt 0.00000000 0.00000000
vt 0.00000000 0.00000000
vt 0.00000000 0.00000000
vt 0.00000000 0.00000000
vt 0.00000000 0.00000000
vt 0.00000000 0.00000000
vt 0.00000000 0.00000000
vt 0.00000000 0.00000000
vt 0.00000000 0.00000000
vt 0.00000000 0.00000000
vt 0.00000000 0.00000000
vt 0.00000000 0.00000000
vt 0.00000000 0.00000000
vt 0.00000000 0.00000000
vt 0.00000000 0.00000000
vt 0.00000000 0.00000000
vt 0.00000000 0.00000000
vt 0.00000000 0.00000000
vt 0.00000000 0.00000000
vt 0.00000000 0.00000000
vt 0.00000000 0.00000000
vt 0.00000000 0.00000000
vt 0.00000000 0.00000000
vt 0.00000000 0.00000000
vt 0.00000000 0.00000000
vt 0.00000000 0.00000000
vt 0.00000000 0.00000000
vt 0.00000000 0.00000000
vt 0.00000000 0.00000000
vt 0.00000000 0.00000000
vt 0.00000000 0.00000000
vt 0.00000000 0.00000000
vt 0.00000000 0.00000000
vt 0.00000000 0.00000000
vt 0.00000000 0.00000000
vt 0.00000000 0.00000000
vt 0.00000000 0.00000000
vt 0.00000000 0.00000000
vt 0.00000000 0.00000000
vt 0.00000000 0.00000000
vt 0.00000000 0.00000000
vt 0.00000000 0.00000000
vt 0.00000000 0.00000000
vt 0.00000000 0.00000000
vt 0.00000000 0.00000000
vt 0.00000000 0.00000000
vt 0.00000000 0.00000000
vt 0.00000000 0.00000000
vt 0.00000000 0.00000000
vt 0.00000000 0.00000000
vt 0.00000000 0.00000000
vt 0.00000000 0.00000000
vt 0.00000000 0.00000000
vt 0.00000000 0.00000000
vt 0.00000000 0.00000000
vt 0.00000000 0.00000000
vt 0.00000000 0.00000000
vt 0.00000000 0.00000000
vt 0.00000000 0.00000000
vt 0.00000000 0.00000000
vt 0.00000000 0.00000000
vt 0.00000000 0.00000000
vt 0.00000000 0.00000000
vt 0.00000000 0.00000000
vt 0.00000000 0.00000000
vt 0.00000000 0.00000000
vt 0.00000000 0.00000000
vt 0.00000000 0.00000000
vt 0.00000000 0.00000000
vt 0.00000000 0.00000000
vt 0.00000000 0.00000000
vt 0.00000000 0.00000000
vt 0.00000000 0.00000000
vt 0.00000000 0.00000000
vt 0.00000000 0.00000000
vt 0.00000000 0.00000000
vt 0.00000000 0.00000000
vt 0.00000000 0.00000000
vt 0.00000000 0.00000000
vt 0.00000000 0.00000000
vt 0.00000000 0.00000000
vt 0.00000000 0.00000000
vt 0.00000000 0.00000000
vt 0.00000000 0.00000000
vt 0.00000000 0.00000000
vt 0.00000000 0.00000000
vt 0.00000000 0.00000000
vt 0.00000000 0.00000000
vt 0.00000000 0.00000000
vt 0.00000000 0.00000000
vt 0.00000000 0.00000000
vt 0.00000000 0.00000000
vt 0.00000000 0.00000000
vt 0.00000000 0.00000000
vt 0.00000000 0.00000000
vt 0.00000000 0.00000000
vt 0.00000000 0.00000000
vt 0.00000000 0.00000000
vt 0.00000000 0.00000000
vt 0.00000000 0.00000000
vt 0.00000000 0.00000000
vt 0.00000000 0.00000000
vt 0.00000000 0.00000000
vt 0.00000000 0.00000000
vt 0.00000000 0.00000000
vt 0.00000000 0.00000000
vt 0.00000000 0.00000000
vt 0.00000000 0.00000000
vt 0.00000000 0.00000000
vt 0.00000000 0.00000000
vt 0.00000000 0.00000000
vt 0.00000000 0.00000000
vt 0.00000000 0.00000000
vt 0.00000000 0.00000000
vt 0.00000000 0.00000000
vt 0.00000000 0.00000000
vt 0.00000000 0.00000000
vt 0.00000000 0.00000000
vt 0.00000000 0.00000000
vt 0.00000000 0.00000000
vt 0.00000000 0.00000000
vt 0.00000000 0.00000000
vt 0.00000000 0.00000000
vt 0.00000000 0.00000000
vt 0.00000000 0.00000000
vt 0.00000000 0.00000000
vt 0.00000000 0.00000000
vt 0.00000000 0.00000000
vt 0.00000000 0.00000000
vt 0.00000000 0.00000000
vt 0.00000000 0.00000000
vt 0.00000000 0.00000000
vt 0.00000000 0.00000000
vt 0.00000000 0.00000000
vt 0.00000000 0.00000000
vt 0.00000000 0.00000000
vt 0.00000000 0.00000000
vt 0.00000000 0.00000000
vt 0.00000000 0.00000000
vt 0.00000000 0.00000000
vt 0.00000000 0.00000000
vt 0.00000000 0.00000000
vt 0.00000000 0.00000000
vt 0.00000000 0.00000000
vt 0.00000000 0.00000000
vt 0.00000000 0.00000000
vt 0.00000000 0.00000000
vt 0.00000000 0.00000000
vt 0.00000000 0.00000000
vt 0.00000000 0.00000000
vt 0.00000000 0.00000000
vt 0.00000000 0.00000000
vt 0.00000000 0.00000000
vt 0.00000000 0.00000000
vt 0.00000000 0.00000000
vt 0.00000000 0.00000000
vt 0.00000000 0.00000000
vt 0.00000000 0.00000000
vt 0.00000000 0.00000000
vt 0.00000000 0.00000000
vt 0.00000000 0.00000000
vt 0.00000000 0.00000000
vt 0.00000000 0.00000000
vt 0.00000000 0.00000000
vt 0.00000000 0.00000000
vt 0.00000000 0.00000000
vt 0.00000000 0.00000000
vt 0.00000000 0.00000000
vt 0.00000000 0.00000000
vt 0.00000000 0.00000000
vt 0.00000000 0.00000000
vt 0.00000000 0.00000000
vt 0.00000000 0.00000000
vt 0.00000000 0.00000000
vt 0.00000000 0.00000000
vt 0.00000000 0.00000000
vt 0.00000000 0.00000000
vt 0.00000000 0.00000000
vt 0.00000000 0.00000000
vt 0.00000000 0.00000000
vt 0.00000000 0.00000000
vt 0.00000000 0.00000000
vt 0.00000000 0.00000000
vt 0.00000000 0.00000000
vt 0.00000000 0.00000000
vt 0.00000000 0.00000000
vt 0.00000000 0.00000000
vt 0.00000000 0.00000000
vt 0.00000000 0.00000000
vt 0.00000000 0.00000000
vt 0.00000000 0.00000000
vt 0.00000000 0.00000000
vt 0.00000000 0.00000000
vt 0.00000000 0.00000000
vt 0.00000000 0.00000000
vt 0.00000000 0.00000000
vt 0.00000000 0.00000000
vt 0.00000000 0.00000000
vt 0.00000000 0.00000000
vt 0.00000000 0.00000000
vt 0.00000000 0.00000000
vt 0.00000000 0.00000000
vt 0.00000000 0.00000000
vt 0.00000000 0.00000000
vt 0.00000000 0.00000000
vt 0.00000000 0.00000000
vt 0.00000000 0.00000000
vt 0.00000000 0.00000000
vt 0.00000000 0.00000000
vt 0.00000000 0.00000000
vt 0.00000000 0.00000000
vt 0.00000000 0.00000000
vt 0.00000000 0.00000000
vt 0.00000000 0.00000000
vt 0.00000000 0.00000000
vt 0.00000000 0.00000000
vt 0.00000000 0.00000000
vt 0.00000000 0.00000000
vt 0.00000000 0.00000000
vt 0.00000000 0.00000000
vt 0.00000000 0.00000000
vt 0.00000000 0.00000000
vt 0.00000000 0.00000000
vt 0.00000000 0.00000000
vt 0.00000000 0.00000000
vt 0.00000000 0.00000000
vt 0.00000000 0.00000000
vt 0.00000000 0.00000000
vt 0.00000000 0.00000000
vt 0.00000000 0.00000000
vt 0.00000000 0.00000000
vt 0.00000000 0.00000000
vt 0.00000000 0.00000000
vt 0.00000000 0.00000000
vt 0.00000000 0.00000000
vt 0.00000000 0.00000000
vt 0.00000000 0.00000000
vt 0.00000000 0.00000000
vt 0.00000000 0.00000000
vt 0.00000000 0.00000000
vt 0.00000000 0.00000000
vt 0.00000000 0.00000000
vt 0.00000000 0.00000000
vt 0.00000000 0.00000000
vt 0.00000000 0.00000000
vt 0.00000000 0.00000000
vt 0.00000000 0.00000000
vt 0.00000000 0.00000000
vt 0.00000000 0.00000000
vt 0.00000000 0.00000000
vt 0.00000000 0.00000000
vt 0.00000000 0.00000000
vt 0.00000000 0.00000000
vt 0.00000000 0.00000000
vt 0.00000000 0.00000000
vt 0.00000000 0.00000000
vt 0.00000000 0.00000000
vt 0.00000000 0.00000000
vt 0.00000000 0.00000000
vt 0.00000000 0.00000000
vt 0.00000000 0.00000000
vt 0.00000000 0.00000000
vt 0.00000000 0.00000000
vt 0.00000000 0.00000000
vt 0.00000000 0.00000000
vt 0.00000000 0.00000000
vt 0.00000000 0.00000000
vt 0.00000000 0.00000000
vt 0.00000000 0.00000000
vt 0.00000000 0.00000000
vt 0.00000000 0.00000000
vt 0.00000000 0.00000000
vt 0.00000000 0.00000000
vt 0.00000000 0.00000000
vt 0.00000000 0.00000000
vt 0.00000000 0.00000000
vt 0.00000000 0.00000000
vt 0.00000000 0.00000000
vt 0.00000000 0.00000000
vt 0.00000000 0.00000000
vt 0.00000000 0.00000000
vt 0.00000000 0.00000000
vt 0.00000000 0.00000000
vt 0.00000000 0.00000000
vt 0.00000000 0.00000000
vt 0.00000000 0.00000000
vt 0.00000000 0.00000000
vt 0.00000000 0.00000000
vt 0.00000000 0.00000000
vt 0.00000000 0.00000000
vt 0.00000000 0.00000000
vt 0.00000000 0.00000000
vt 0.00000000 0.00000000
vt 0.00000000 0.00000000
vt 0.00000000 0.00000000
vt 0.00000000 0.00000000
vt 0.00000000 0.00000000
vt 0.00000000 0.00000000
vt 0.00000000 0.00000000
vt 0.00000000 0.00000000
vt 0.00000000 0.00000000
vt 0.00000000 0.00000000
vt 0.00000000 0.00000000
vt 0.00000000 0.00000000
vt 0.00000000 0.00000000
vt 0.00000000 0.00000000
vt 0.00000000 0.00000000
vt 0.00000000 0.00000000
vt 0.00000000 0.00000000
vt 0.00000000 0.00000000
vt 0.00000000 0.00000000
vt 0.00000000 0.00000000
vt 0.00000000 0.00000000
vt 0.00000000 0.00000000
vt 0.00000000 0.00000000
vt 0.00000000 0.00000000
vt 0.00000000 0.00000000
vt 0.00000000 0.00000000
vt 0.00000000 0.00000000
vt 0.00000000 0.00000000
vt 0.00000000 0.00000000
vt 0.00000000 0.00000000
vt 0.00000000 0.00000000
vt 0.00000000 0.00000000
vt 0.00000000 0.00000000
vt 0.00000000 0.00000000
vt 0.00000000 0.00000000
vt 0.00000000 0.00000000
vt 0.00000000 0.00000000
vt 0.00000000 0.00000000
vt 0.00000000 0.00000000
vt 0.00000000 0.00000000
vt 0.00000000 0.00000000
vt 0.00000000 0.00000000
vt 0.00000000 0.00000000
vt 0.00000000 0.00000000
vt 0.00000000 0.00000000
vt 0.00000000 0.00000000
vt 0.00000000 0.00000000
vt 0.00000000 0.00000000
vt 0.00000000 0.00000000
vt 0.00000000 0.00000000
vt 0.00000000 0.00000000
vt 0.00000000 0.00000000
vt 0.00000000 0.00000000
vt 0.00000000 0.00000000
vt 0.00000000 0.00000000
vt 0.00000000 0.00000000
vt 0.00000000 0.00000000
vt 0.00000000 0.00000000
vt 0.00000000 0.00000000
vt 0.00000000 0.00000000
vt 0.00000000 0.00000000
vt 0.00000000 0.00000000
vt 0.00000000 0.00000000
vt 0.00000000 0.00000000
vt 0.00000000 0.00000000
vt 0.00000000 0.00000000
vt 0.00000000 0.00000000
vt 0.00000000 0.00000000
vt 0.00000000 0.00000000
vt 0.00000000 0.00000000
vt 0.00000000 0.00000000
vt 0.00000000 0.00000000
vt 0.00000000 0.00000000
vt 0.00000000 0.00000000
vt 0.00000000 0.00000000
vt 0.00000000 0.00000000
vt 0.00000000 0.00000000
vt 0.00000000 0.00000000
vt 0.00000000 0.00000000
vt 0.00000000 0.00000000
vt 0.00000000 0.00000000
vt 0.00000000 0.00000000
vt 0.00000000 0.00000000
vt 0.00000000 0.00000000
vt 0.00000000 0.00000000
vt 0.00000000 0.00000000
vt 0.00000000 0.00000000
vt 0.00000000 0.00000000
vt 0.00000000 0.00000000
vt 0.00000000 0.00000000
vt 0.00000000 0.00000000
vt 0.00000000 0.00000000
vt 0.00000000 0.00000000
vt 0.00000000 0.00000000
vt 0.00000000 0.00000000
vt 0.00000000 0.00000000
vt 0.00000000 0.00000000
vt 0.00000000 0.00000000
vt 0.00000000 0.00000000
vt 0.00000000 0.00000000
vt 0.00000000 0.00000000
vt 0.00000000 0.00000000
vt 0.00000000 0.00000000
vt 0.00000000 0.00000000
vt 0.00000000 0.00000000
vt 0.00000000 0.00000000
vt 0.00000000 0.00000000
vt 0.00000000 0.00000000
vt 0.00000000 0.00000000
vt 0.00000000 0.00000000
vt 0.00000000 0.00000000
vt 0.00000000 0.00000000
vt 0.00000000 0.00000000
vt 0.00000000 0.00000000
vt 0.00000000 0.00000000
vt 0.00000000 0.00000000
vt 0.00000000 0.00000000
vt 0.00000000 0.00000000
vt 0.00000000 0.00000000
vt 0.00000000 0.00000000
vt 0.00000000 0.00000000
vt 0.00000000 0.00000000
vt 0.00000000 0.00000000
vt 0.00000000 0.00000000
vt 0.00000000 0.00000000
vt 0.00000000 0.00000000
vt 0.00000000 0.00000000
vt 0.00000000 0.00000000
vt 0.00000000 0.00000000
vt 0.00000000 0.00000000
vt 0.00000000 0.00000000
vt 0.00000000 0.00000000
vt 0.00000000 0.00000000
vt 0.00000000 0.00000000
vt 0.00000000 0.00000000
vt 0.00000000 0.00000000
vt 0.00000000 0.00000000
vt 0.00000000 0.00000000
vt 0.00000000 0.00000000
vt 0.00000000 0.00000000
vt 0.00000000 0.00000000
vt 0.00000000 0.00000000
vt 0.00000000 0.00000000
vt 0.00000000 0.00000000
vt 0.00000000 0.00000000
vt 0.00000000 0.00000000
vt 0.00000000 0.00000000
vt 0.00000000 0.00000000
vt 0.00000000 0.00000000
vt 0.00000000 0.00000000
vt 0.00000000 0.00000000
vt 0.00000000 0.00000000
vt 0.00000000 0.00000000
vt 0.00000000 0.00000000
vt 0.00000000 0.00000000
vt 0.00000000 0.00000000
vt 0.00000000 0.00000000
vt 0.00000000 0.00000000
vt 0.00000000 0.00000000
vt 0.00000000 0.00000000
vt 0.00000000 0.00000000
vt 0.00000000 0.00000000
vt 0.00000000 0.00000000
vt 0.00000000 0.00000000
vt 0.00000000 0.00000000
vt 0.00000000 0.00000000
vt 0.00000000 0.00000000
vt 0.00000000 0.00000000
vt 0.00000000 0.00000000
vt 0.00000000 0.00000000
vt 0.00000000 0.00000000
vt 0.00000000 0.00000000
vt 0.00000000 0.00000000
vt 0.00000000 0.00000000
vt 0.00000000 0.00000000
vt 0.00000000 0.00000000
vt 0.00000000 0.00000000
vt 0.00000000 0.00000000
vt 0.00000000 0.00000000
vt 0.00000000 0.00000000
vt 0.00000000 0.00000000
vt 0.00000000 0.00000000
vt 0.00000000 0.00000000
vt 0.00000000 0.00000000
vt 0.00000000 0.00000000
vt 0.00000000 0.00000000
vt 0.00000000 0.00000000
vt 0.00000000 0.00000000
vt 0.00000000 0.00000000
vt 0.00000000 0.00000000
vt 0.00000000 0.00000000
vt 0.00000000 0.00000000
vt 0.00000000 0.00000000
vt 0.00000000 0.00000000
vt 0.00000000 0.00000000
vt 0.00000000 0.00000000
vt 0.00000000 0.00000000
vt 0.00000000 0.00000000
vt 0.00000000 0.00000000
vt 0.00000000 0.00000000
vt 0.00000000 0.00000000
vt 0.00000000 0.00000000
vt 0.00000000 0.00000000
vt 0.00000000 0.00000000
vt 0.00000000 0.00000000
vt 0.00000000 0.00000000
vt 0.00000000 0.00000000
vt 0.00000000 0.00000000
vt 0.00000000 0.00000000
vt 0.00000000 0.00000000
vt 0.00000000 0.00000000
vt 0.00000000 0.00000000
vt 0.00000000 0.00000000
vt 0.00000000 0.00000000
vt 0.00000000 0.00000000
vt 0.00000000 0.00000000
vt 0.00000000 0.00000000
vt 0.00000000 0.00000000
vt 0.00000000 0.00000000
vt 0.00000000 0.00000000
vt 0.00000000 0.00000000
vt 0.00000000 0.00000000
vt 0.00000000 0.00000000
vt 0.00000000 0.00000000
vt 0.00000000 0.00000000
vt 0.00000000 0.00000000
vt 0.00000000 0.00000000
vt 0.00000000 0.00000000
vt 0.00000000 0.00000000
vt 0.00000000 0.00000000
vt 0.00000000 0.00000000
vt 0.00000000 0.00000000
vt 0.00000000 0.00000000
vt 0.00000000 0.00000000
vt 0.00000000 0.00000000
vt 0.00000000 0.00000000
vt 0.00000000 0.00000000
vt 0.00000000 0.00000000
vt 0.00000000 0.00000000
vt 0.00000000 0.00000000
vt 0.00000000 0.00000000
vt 0.00000000 0.00000000
vt 0.00000000 0.00000000
vt 0.00000000 0.00000000
vt 0.00000000 0.00000000
vt 0.00000000 0.00000000
vt 0.00000000 0.00000000
vt 0.00000000 0.00000000
vt 0.00000000 0.00000000
vt 0.00000000 0.00000000
vt 0.00000000 0.00000000
vt 0.00000000 0.00000000
vt 0.00000000 0.00000000
vt 0.00000000 0.00000000
vt 0.00000000 0.00000000
vt 0.00000000 0.00000000
vt 0.00000000 0.00000000
vt 0.00000000 0.00000000
vt 0.00000000 0.00000000
vt 0.00000000 0.00000000
vt 0.00000000 0.00000000
vt 0.00000000 0.00000000
vt 0.00000000 0.00000000
vt 0.00000000 0.00000000
vt 0.00000000 0.00000000
vt 0.00000000 0.00000000
vt 0.00000000 0.00000000
vt 0.00000000 0.00000000
vt 0.00000000 0.00000000
vt 0.00000000 0.00000000
vt 0.00000000 0.00000000
vt 0.00000000 0.00000000
vt 0.00000000 0.00000000
vt 0.00000000 0.00000000
vt 0.00000000 0.00000000
vt 0.00000000 0.00000000
vt 0.00000000 0.00000000
vt 0.00000000 0.00000000
vt 0.00000000 0.00000000
vt 0.00000000 0.00000000
vt 0.00000000 0.00000000
vt 0.00000000 0.00000000
vt 0.00000000 0.00000000
vt 0.00000000 0.00000000
vt 0.00000000 0.00000000
vt 0.00000000 0.00000000
vt 0.00000000 0.00000000
vt 0.00000000 0.00000000
vt 0.00000000 0.00000000
vt 0.00000000 0.00000000
vt 0.00000000 0.00000000
vt 0.00000000 0.00000000
vt 0.00000000 0.00000000
vt 0.00000000 0.00000000
vt 0.00000000 0.00000000
vt 0.00000000 0.00000000
vt 0.00000000 0.00000000
vt 0.00000000 0.00000000
vt 0.00000000 0.00000000
vt 0.00000000 0.00000000
vt 0.00000000 0.00000000
vt 0.00000000 0.00000000
vt 0.00000000 0.00000000
vt 0.00000000 0.00000000
vt 0.00000000 0.00000000
vt 0.00000000 0.00000000
vt 0.00000000 0.00000000
vt 0.00000000 0.00000000
vt 0.00000000 0.00000000
vt 0.00000000 0.00000000
vt 0.00000000 0.00000000
vt 0.00000000 0.00000000
vt 0.00000000 0.00000000
vt 0.00000000 0.00000000
vt 0.00000000 0.00000000
vt 0.00000000 0.00000000
vt 0.00000000 0.00000000
vt 0.00000000 0.00000000
vt 0.00000000 0.00000000
vt 0.00000000 0.00000000
vt 0.00000000 0.00000000
vt 0.00000000 0.00000000
vt 0.00000000 0.00000000
vt 0.00000000 0.00000000
vt 0.00000000 0.00000000
vt 0.00000000 0.00000000
vt 0.00000000 0.00000000
vt 0.00000000 0.00000000
vt 0.00000000 0.00000000
vt 0.00000000 0.00000000
vt 0.00000000 0.00000000
vt 0.00000000 0.00000000
vt 0.00000000 0.00000000
vt 0.00000000 0.00000000
vt 0.00000000 0.00000000
vt 0.00000000 0.00000000
vt 0.00000000 0.00000000
vt 0.00000000 0.00000000
vt 0.00000000 0.00000000
vt 0.00000000 0.00000000
vt 0.00000000 0.00000000
vt 0.00000000 0.00000000
vt 0.00000000 0.00000000
vt 0.00000000 0.00000000
vt 0.00000000 0.00000000
vt 0.00000000 0.00000000
vt 0.00000000 0.00000000
vt 0.00000000 0.00000000
vt 0.00000000 0.00000000
vt 0.00000000 0.00000000
vt 0.00000000 0.00000000
vt 0.00000000 0.00000000
vt 0.00000000 0.00000000
vt 0.00000000 0.00000000
vt 0.00000000 0.00000000
vt 0.00000000 0.00000000
vt 0.00000000 0.00000000
vt 0.00000000 0.00000000
vt 0.00000000 0.00000000
vt 0.00000000 0.00000000
vt 0.00000000 0.00000000
vt 0.00000000 0.00000000
vt 0.00000000 0.00000000
vt 0.00000000 0.00000000
vt 0.00000000 0.00000000
vt 0.00000000 0.00000000
vt 0.00000000 0.00000000
vt 0.00000000 0.00000000
vt 0.00000000 0.00000000
vt 0.00000000 0.00000000
vt 0.00000000 0.00000000
vt 0.00000000 0.00000000
vt 0.00000000 0.00000000
vt 0.00000000 0.00000000
vt 0.00000000 0.00000000
vt 0.00000000 0.00000000
vt 0.00000000 0.00000000
vt 0.00000000 0.00000000
vt 0.00000000 0.00000000
vt 0.00000000 0.00000000
vt 0.00000000 0.00000000
vt 0.00000000 0.00000000
vt 0.00000000 0.00000000
vt 0.00000000 0.00000000
vt 0.00000000 0.00000000
vt 0.00000000 0.00000000
vt 0.00000000 0.00000000
vt 0.00000000 0.00000000
vt 0.00000000 0.00000000
vt 0.00000000 0.00000000
vt 0.00000000 0.00000000
vt 0.00000000 0.00000000
vt 0.00000000 0.00000000
vt 0.00000000 0.00000000
vt 0.00000000 0.00000000
vt 0.00000000 0.00000000
vt 0.00000000 0.00000000
vt 0.00000000 0.00000000
vt 0.00000000 0.00000000
vt 0.00000000 0.00000000
vt 0.00000000 0.00000000
vt 0.00000000 0.00000000
vt 0.00000000 0.00000000
vt 0.00000000 0.00000000
vt 0.00000000 0.00000000
vt 0.00000000 0.00000000
vt 0.00000000 0.00000000
vt 0.00000000 0.00000000
vt 0.00000000 0.00000000
vt 0.00000000 0.00000000
vt 0.00000000 0.00000000
vt 0.00000000 0.00000000
vt 0.00000000 0.00000000
vt 0.00000000 0.00000000
vt 0.00000000 0.00000000
vt 0.00000000 0.00000000
vt 0.00000000 0.00000000
vt 0.00000000 0.00000000
vt 0.00000000 0.00000000
vt 0.00000000 0.00000000
vt 0.00000000 0.00000000
vt 0.00000000 0.00000000
vt 0.00000000 0.00000000
vt 0.00000000 0.00000000
vt 0.00000000 0.00000000
vt 0.00000000 0.00000000
vt 0.00000000 0.00000000
vt 0.00000000 0.00000000
vt 0.00000000 0.00000000
vt 0.00000000 0.00000000
vt 0.00000000 0.00000000
vt 0.00000000 0.00000000
vt 0.00000000 0.00000000
vt 0.00000000 0.00000000
vt 0.00000000 0.00000000
vt 0.00000000 0.00000000
vt 0.00000000 0.00000000
vt 0.00000000 0.00000000
vt 0.00000000 0.00000000
vt 0.00000000 0.00000000
vt 0.00000000 0.00000000
vt 0.00000000 0.00000000
vt 0.00000000 0.00000000
vt 0.00000000 0.00000000
vt 0.00000000 0.00000000
vt 0.00000000 0.00000000
vt 0.00000000 0.00000000
vt 0.00000000 0.00000000
vt 0.00000000 0.00000000
vt 0.00000000 0.00000000
vt 0.00000000 0.00000000
vt 0.00000000 0.00000000
vt 0.00000000 0.00000000
vt 0.00000000 0.00000000
vt 0.00000000 0.00000000
vt 0.00000000 0.00000000
vt 0.00000000 0.00000000
vt 0.00000000 0.00000000
vt 0.00000000 0.00000000
vt 0.00000000 0.00000000
vt 0.00000000 0.00000000
vt 0.00000000 0.00000000
vt 0.00000000 0.00000000
vt 0.00000000 0.00000000
vt 0.00000000 0.00000000
vt 0.00000000 0.00000000
vt 0.00000000 0.00000000
vt 0.00000000 0.00000000
vt 0.00000000 0.00000000
vt 0.00000000 0.00000000
vt 0.00000000 0.00000000
vt 0.00000000 0.00000000
vt 0.00000000 0.00000000
vt 0.00000000 0.00000000
vt 0.00000000 0.00000000
vt 0.00000000 0.00000000
vt 0.00000000 0.00000000
vt 0.00000000 0.00000000
vt 0.00000000 0.00000000
vt 0.00000000 0.00000000
vt 0.00000000 0.00000000
vt 0.00000000 0.00000000
vt 0.00000000 0.00000000
vt 0.00000000 0.00000000
vt 0.00000000 0.00000000
vt 0.00000000 0.00000000
vt 0.00000000 0.00000000
vt 0.00000000 0.00000000
vt 0.00000000 0.00000000
vt 0.00000000 0.00000000
vt 0.00000000 0.00000000
vt 0.00000000 0.00000000
vt 0.00000000 0.00000000
vt 0.00000000 0.00000000
vt 0.00000000 0.00000000
vt 0.00000000 0.00000000
vt 0.00000000 0.00000000
vt 0.00000000 0.00000000
vt 0.00000000 0.00000000
vt 0.00000000 0.00000000
vt 0.00000000 0.00000000
vt 0.00000000 0.00000000
vt 0.00000000 0.00000000
vt 0.00000000 0.00000000
vt 0.00000000 0.00000000
vt 0.00000000 0.00000000
vt 0.00000000 0.00000000
vt 0.00000000 0.00000000
vt 0.00000000 0.00000000
vt 0.00000000 0.00000000
vt 0.00000000 0.00000000
vt 0.00000000 0.00000000
vt 0.00000000 0.00000000
vt 0.00000000 0.00000000
vt 0.00000000 0.00000000
vt 0.00000000 0.00000000
vt 0.00000000 0.00000000
vt 0.00000000 0.00000000
vt 0.00000000 0.00000000
vt 0.00000000 0.00000000
vt 0.00000000 0.00000000
vt 0.00000000 0.00000000
vt 0.00000000 0.00000000
vt 0.00000000 0.00000000
vt 0.00000000 0.00000000
vt 0.00000000 0.00000000
vt 0.00000000 0.00000000
vt 0.00000000 0.00000000
vt 0.00000000 0.00000000
vt 0.00000000 0.00000000
vt 0.00000000 0.00000000
vt 0.00000000 0.00000000
vt 0.00000000 0.00000000
vt 0.00000000 0.00000000
vt 0.00000000 0.00000000
vt 0.00000000 0.00000000
vt 0.00000000 0.00000000
vt 0.00000000 0.00000000
vt 0.00000000 0.00000000
vt 0.00000000 0.00000000
vt 0.00000000 0.00000000
vt 0.00000000 0.00000000
vt 0.00000000 0.00000000
vt 0.00000000 0.00000000
vt 0.00000000 0.00000000
vt 0.00000000 0.00000000
vt 0.00000000 0.00000000
vt 0.00000000 0.00000000
vt 0.00000000 0.00000000
vt 0.00000000 0.00000000
vt 0.00000000 0.00000000
vt 0.00000000 0.00000000
vt 0.00000000 0.00000000
vt 0.00000000 0.00000000
vt 0.00000000 0.00000000
vt 0.00000000 0.00000000
vt 0.00000000 0.00000000
vt 0.00000000 0.00000000
vt 0.00000000 0.00000000
vt 0.00000000 0.00000000
vt 0.00000000 0.00000000
vt 0.00000000 0.00000000
vt 0.00000000 0.00000000
vt 0.00000000 0.00000000
vt 0.00000000 0.00000000
vt 0.00000000 0.00000000
vt 0.00000000 0.00000000
vt 0.00000000 0.00000000
vt 0.00000000 0.00000000
vt 0.00000000 0.00000000
vt 0.00000000 0.00000000
vt 0.00000000 0.00000000
vt 0.00000000 0.00000000
vt 0.00000000 0.00000000
vt 0.00000000 0.00000000
vt 0.00000000 0.00000000
vt 0.00000000 0.00000000
vt 0.00000000 0.00000000
vt 0.00000000 0.00000000
vt 0.00000000 0.00000000
vt 0.00000000 0.00000000
vt 0.00000000 0.00000000
vt 0.00000000 0.00000000
vt 0.00000000 0.00000000
vt 0.00000000 0.00000000
vt 0.00000000 0.00000000
vt 0.00000000 0.00000000
vt 0.00000000 0.00000000
vt 0.00000000 0.00000000
vt 0.00000000 0.00000000
vt 0.00000000 0.00000000
vt 0.00000000 0.00000000
vt 0.00000000 0.00000000
vt 0.00000000 0.00000000
vt 0.00000000 0.00000000
vt 0.00000000 0.00000000
vt 0.00000000 0.00000000
vt 0.00000000 0.00000000
vt 0.00000000 0.00000000
vt 0.00000000 0.00000000
vt 0.00000000 0.00000000
vt 0.00000000 0.00000000
vt 0.00000000 0.00000000
vt 0.00000000 0.00000000
vt 0.00000000 0.00000000
vt 0.00000000 0.00000000
vt 0.00000000 0.00000000
vt 0.00000000 0.00000000
vt 0.00000000 0.00000000
vt 0.00000000 0.00000000
vt 0.00000000 0.00000000
vt 0.00000000 0.00000000
vt 0.00000000 0.00000000
vt 0.00000000 0.00000000
vt 0.00000000 0.00000000
vt 0.00000000 0.00000000
vt 0.00000000 0.00000000
vt 0.00000000 0.00000000
vt 0.00000000 0.00000000
vt 0.00000000 0.00000000
vt 0.00000000 0.00000000
vt 0.00000000 0.00000000
vt 0.00000000 0.00000000
vt 0.00000000 0.00000000
vt 0.00000000 0.00000000
vt 0.00000000 0.00000000
vt 0.00000000 0.00000000
vt 0.00000000 0.00000000
vt 0.00000000 0.00000000
vt 0.00000000 0.00000000
vt 0.00000000 0.00000000
vt 0.00000000 0.00000000
vt 0.00000000 0.00000000
vt 0.00000000 0.00000000
vt 0.00000000 0.00000000
vt 0.00000000 0.00000000
vt 0.00000000 0.00000000
vt 0.00000000 0.00000000
vt 0.00000000 0.00000000
vt 0.00000000 0.00000000
vt 0.00000000 0.00000000
vt 0.00000000 0.00000000
vt 0.00000000 0.00000000
vt 0.00000000 0.00000000
vt 0.00000000 0.00000000
vt 0.00000000 0.00000000
vt 0.00000000 0.00000000
vt 0.00000000 0.00000000
vt 0.00000000 0.00000000
vt 0.00000000 0.00000000
vt 0.00000000 0.00000000
vt 0.00000000 0.00000000
vt 0.00000000 0.00000000
vt 0.00000000 0.00000000
vt 0.00000000 0.00000000
vt 0.00000000 0.00000000
vt 0.00000000 0.00000000
vt 0.00000000 0.00000000
vt 0.00000000 0.00000000
vt 0.00000000 0.00000000
vt 0.00000000 0.00000000
vt 0.00000000 0.00000000
vt 0.00000000 0.00000000
vt 0.00000000 0.00000000
vt 0.00000000 0.00000000
vt 0.00000000 0.00000000
vt 0.00000000 0.00000000
vt 0.00000000 0.00000000
vt 0.00000000 0.00000000
vt 0.00000000 0.00000000
vt 0.00000000 0.00000000
vt 0.00000000 0.00000000
vt 0.00000000 0.00000000
vt 0.00000000 0.00000000
vt 0.00000000 0.00000000
vt 0.00000000 0.00000000
vt 0.00000000 0.00000000
vt 0.00000000 0.00000000
vt 0.00000000 0.00000000
vt 0.00000000 0.00000000
vt 0.00000000 0.00000000
vt 0.00000000 0.00000000
vt 0.00000000 0.00000000
vt 0.00000000 0.00000000
vt 0.00000000 0.00000000
vt 0.00000000 0.00000000
vt 0.00000000 0.00000000
vt 0.00000000 0.00000000
vt 0.00000000 0.00000000
vt 0.00000000 0.00000000
vt 0.00000000 0.00000000
vt 0.00000000 0.00000000
vt 0.00000000 0.00000000
vt 0.00000000 0.00000000
vt 0.00000000 0.00000000
vt 0.00000000 0.00000000
vt 0.00000000 0.00000000
vt 0.00000000 0.00000000
vt 0.00000000 0.00000000
vt 0.00000000 0.00000000
vt 0.00000000 0.00000000
vt 0.00000000 0.00000000
vt 0.00000000 0.00000000
vt 0.00000000 0.00000000
vt 0.00000000 0.00000000
vt 0.00000000 0.00000000
vt 0.00000000 0.00000000
vt 0.00000000 0.00000000
vt 0.00000000 0.00000000
vt 0.00000000 0.00000000
vt 0.00000000 0.00000000
vt 0.00000000 0.00000000
vt 0.00000000 0.00000000
vt 0.00000000 0.00000000
vt 0.00000000 0.00000000
vt 0.00000000 0.00000000
vt 0.00000000 0.00000000
vt 0.00000000 0.00000000
vt 0.00000000 0.00000000
vt 0.00000000 0.00000000
vt 0.00000000 0.00000000
vt 0.00000000 0.00000000
vt 0.00000000 0.00000000
vt 0.00000000 0.00000000
vt 0.00000000 0.00000000
vt 0.00000000 0.00000000
vt 0.00000000 0.00000000
vt 0.00000000 0.00000000
vt 0.00000000 0.00000000
vt 0.00000000 0.00000000
vt 0.00000000 0.00000000
vt 0.00000000 0.00000000
vt 0.00000000 0.00000000
vt 0.00000000 0.00000000
vt 0.00000000 0.00000000
vt 0.00000000 0.00000000
vt 0.00000000 0.00000000
vt 0.00000000 0.00000000
vt 0.00000000 0.00000000
vt 0.00000000 0.00000000
vt 0.00000000 0.00000000
vt 0.00000000 0.00000000
vt 0.00000000 0.00000000
vt 0.00000000 0.00000000
vt 0.00000000 0.00000000
vt 0.00000000 0.00000000
vt 0.00000000 0.00000000
vt 0.00000000 0.00000000
vt 0.00000000 0.00000000
vt 0.00000000 0.00000000
vt 0.00000000 0.00000000
vt 0.00000000 0.00000000
vt 0.00000000 0.00000000
vt 0.00000000 0.00000000
vt 0.00000000 0.00000000
vt 0.00000000 0.00000000
vt 0.00000000 0.00000000
vt 0.00000000 0.00000000
vt 0.00000000 0.00000000
vt 0.00000000 0.00000000
vt 0.00000000 0.00000000
vt 0.00000000 0.00000000
vt 0.00000000 0.00000000
vt 0.00000000 0.00000000
vt 0.00000000 0.00000000
vt 0.00000000 0.00000000
vt 0.00000000 0.00000000
vt 0.00000000 0.00000000
vt 0.00000000 0.00000000
vt 0.00000000 0.00000000
vt 0.00000000 0.00000000
vt 0.00000000 0.00000000
vt 0.00000000 0.00000000
vt 0.00000000 0.00000000
vt 0.00000000 0.00000000
vt 0.00000000 0.00000000
vt 0.00000000 0.00000000
vt 0.00000000 0.00000000
vt 0.00000000 0.00000000
vt 0.00000000 0.00000000
vt 0.00000000 0.00000000
vt 0.00000000 0.00000000
vt 0.00000000 0.00000000
vt 0.00000000 0.00000000
vt 0.00000000 0.00000000
vt 0.00000000 0.00000000
vt 0.00000000 0.00000000
vt 0.00000000 0.00000000
vt 0.00000000 0.00000000
vt 0.00000000 0.00000000
vt 0.00000000 0.00000000
vt 0.00000000 0.00000000
vt 0.00000000 0.00000000
vt 0.00000000 0.00000000
vt 0.00000000 0.00000000
vt 0.00000000 0.00000000
vt 0.00000000 0.00000000
vt 0.00000000 0.00000000
vt 0.00000000 0.00000000
vt 0.00000000 0.00000000
vt 0.00000000 0.00000000
vt 0.00000000 0.00000000
vt 0.00000000 0.00000000
vt 0.00000000 0.00000000
vt 0.00000000 0.00000000
vt 0.00000000 0.00000000
vt 0.00000000 0.00000000
vt 0.00000000 0.00000000
vt 0.00000000 0.00000000
vt 0.00000000 0.00000000
vt 0.00000000 0.00000000
vt 0.00000000 0.00000000
vt 0.00000000 0.00000000
vt 0.00000000 0.00000000
vt 0.00000000 0.00000000
vt 0.00000000 0.00000000
vt 0.00000000 0.00000000
vt 0.00000000 0.00000000
vt 0.00000000 0.00000000
vt 0.00000000 0.00000000
vt 0.00000000 0.00000000
vt 0.00000000 0.00000000
vt 0.00000000 0.00000000
vt 0.00000000 0.00000000
vt 0.00000000 0.00000000
vt 0.00000000 0.00000000
vt 0.00000000 0.00000000
vt 0.00000000 0.00000000
vt 0.00000000 0.00000000
vt 0.00000000 0.00000000
vt 0.00000000 0.00000000
vt 0.00000000 0.00000000
vt 0.00000000 0.00000000
vt 0.00000000 0.00000000
vt 0.00000000 0.00000000
vt 0.00000000 0.00000000
vt 0.00000000 0.00000000
vt 0.00000000 0.00000000
vt 0.00000000 0.00000000
vt 0.00000000 0.00000000
vt 0.00000000 0.00000000
vt 0.00000000 0.00000000
vt 0.00000000 0.00000000
vt 0.00000000 0.00000000
vt 0.00000000 0.00000000
vt 0.00000000 0.00000000
vt 0.00000000 0.00000000
vt 0.00000000 0.00000000
vt 0.00000000 0.00000000
vt 0.00000000 0.00000000
vt 0.00000000 0.00000000
vt 0.00000000 0.00000000
vt 0.00000000 0.00000000
vt 0.00000000 0.00000000
vt 0.00000000 0.00000000
vt 0.00000000 0.00000000
vt 0.00000000 0.00000000
vt 0.00000000 0.00000000
vt 0.00000000 0.00000000
vt 0.00000000 0.00000000
vt 0.00000000 0.00000000
vt 0.00000000 0.00000000
vt 0.00000000 0.00000000
vt 0.00000000 0.00000000
vt 0.00000000 0.00000000
vt 0.00000000 0.00000000
vt 0.00000000 0.00000000
vt 0.00000000 0.00000000
vt 0.00000000 0.00000000
vt 0.00000000 0.00000000
vt 0.00000000 0.00000000
vt 0.00000000 0.00000000
vt 0.00000000 0.00000000
vt 0.00000000 0.00000000
vt 0.00000000 0.00000000
vt 0.00000000 0.00000000
vt 0.00000000 0.00000000
vt 0.00000000 0.00000000
vt 0.00000000 0.00000000
vt 0.00000000 0.00000000
vt 0.00000000 0.00000000
vt 0.00000000 0.00000000
vt 0.00000000 0.00000000
vt 0.00000000 0.00000000
vt 0.00000000 0.00000000
vt 0.00000000 0.00000000
vt 0.00000000 0.00000000
vt 0.00000000 0.00000000
vt 0.00000000 0.00000000
vt 0.00000000 0.00000000
vt 0.00000000 0.00000000
vt 0.00000000 0.00000000
vt 0.00000000 0.00000000
vt 0.00000000 0.00000000
vt 0.00000000 0.00000000
vt 0.00000000 0.00000000
vt 0.00000000 0.00000000
vt 0.00000000 0.00000000
vt 0.00000000 0.00000000
vt 0.00000000 0.00000000
vt 0.00000000 0.00000000
vt 0.00000000 0.00000000
vt 0.00000000 0.00000000
vt 0.00000000 0.00000000
vt 0.00000000 0.00000000
vt 0.00000000 0.00000000
vt 0.00000000 0.00000000
vt 0.00000000 0.00000000
vt 0.00000000 0.00000000
vt 0.00000000 0.00000000
vt 0.00000000 0.00000000
vt 0.00000000 0.00000000
vt 0.00000000 0.00000000
vt 0.00000000 0.00000000
vt 0.00000000 0.00000000
vt 0.00000000 0.00000000
vt 0.00000000 0.00000000
vt 0.00000000 0.00000000
vt 0.00000000 0.00000000
vt 0.00000000 0.00000000
vt 0.00000000 0.00000000
vt 0.00000000 0.00000000
vt 0.00000000 0.00000000
vt 0.00000000 0.00000000
vt 0.00000000 0.00000000
vt 0.00000000 0.00000000
vt 0.00000000 0.00000000
vt 0.00000000 0.00000000
vt 0.00000000 0.00000000
vt 0.00000000 0.00000000
vt 0.00000000 0.00000000
vt 0.00000000 0.00000000
vt 0.00000000 0.00000000
vt 0.00000000 0.00000000
vt 0.00000000 0.00000000
vt 0.00000000 0.00000000
vt 0.00000000 0.00000000
vt 0.00000000 0.00000000
vt 0.00000000 0.00000000
vt 0.00000000 0.00000000
vt 0.00000000 0.00000000
vt 0.00000000 0.00000000
vt 0.00000000 0.00000000
vt 0.00000000 0.00000000
vt 0.00000000 0.00000000
vt 0.00000000 0.00000000
vt 0.00000000 0.00000000
vt 0.00000000 0.00000000
vt 0.00000000 0.00000000
vt 0.00000000 0.00000000
vt 0.00000000 0.00000000
vt 0.00000000 0.00000000
vt 0.00000000 0.00000000
vt 0.00000000 0.00000000
vt 0.00000000 0.00000000
vt 0.00000000 0.00000000
vt 0.00000000 0.00000000
vt 0.00000000 0.00000000
vt 0.00000000 0.00000000
vt 0.00000000 0.00000000
vt 0.00000000 0.00000000
vt 0.00000000 0.00000000
vt 0.00000000 0.00000000
vt 0.00000000 0.00000000
vt 0.00000000 0.00000000
vt 0.00000000 0.00000000
vt 0.00000000 0.00000000
vt 0.00000000 0.00000000
vt 0.00000000 0.00000000
vt 0.00000000 0.00000000
vt 0.00000000 0.00000000
vt 0.00000000 0.00000000
vt 0.00000000 0.00000000
vt 0.00000000 0.00000000
vt 0.00000000 0.00000000
vt 0.00000000 0.00000000
vt 0.00000000 0.00000000
vt 0.00000000 0.00000000
vt 0.00000000 0.00000000
vt 0.00000000 0.00000000
vt 0.00000000 0.00000000
vt 0.00000000 0.00000000
vt 0.00000000 0.00000000
vt 0.00000000 0.00000000
vt 0.00000000 0.00000000
vt 0.00000000 0.00000000
vt 0.00000000 0.00000000
vt 0.00000000 0.00000000
vt 0.00000000 0.00000000
vt 0.00000000 0.00000000
vt 0.00000000 0.00000000
vt 0.00000000 0.00000000
vt 0.00000000 0.00000000
vt 0.00000000 0.00000000
vt 0.00000000 0.00000000
vt 0.00000000 0.00000000
vt 0.00000000 0.00000000
vt 0.00000000 0.00000000
vt 0.00000000 0.00000000
vt 0.00000000 0.00000000
vt 0.00000000 0.00000000
vt 0.00000000 0.00000000
vt 0.00000000 0.00000000
vt 0.00000000 0.00000000
vt 0.00000000 0.00000000
vt 0.00000000 0.00000000
vt 0.00000000 0.00000000
vt 0.00000000 0.00000000
vt 0.00000000 0.00000000
vt 0.00000000 0.00000000
vt 0.00000000 0.00000000
vt 0.00000000 0.00000000
vt 0.00000000 0.00000000
vt 0.00000000 0.00000000
vt 0.00000000 0.00000000
vt 0.00000000 0.00000000
vt 0.00000000 0.00000000
vt 0.00000000 0.00000000
vt 0.00000000 0.00000000
vt 0.00000000 0.00000000
vt 0.00000000 0.00000000
vt 0.00000000 0.00000000
vt 0.00000000 0.00000000
vt 0.00000000 0.00000000
vt 0.00000000 0.00000000
vt 0.00000000 0.00000000
vt 0.00000000 0.00000000
vt 0.00000000 0.00000000
vt 0.00000000 0.00000000
vt 0.00000000 0.00000000
vt 0.00000000 0.00000000
vt 0.00000000 0.00000000
vt 0.00000000 0.00000000
vt 0.00000000 0.00000000
vt 0.00000000 0.00000000
vt 0.00000000 0.00000000
vt 0.00000000 0.00000000
vt 0.00000000 0.00000000
vt 0.00000000 0.00000000
vt 0.00000000 0.00000000
vt 0.00000000 0.00000000
vt 0.00000000 0.00000000
vt 0.00000000 0.00000000
vt 0.00000000 0.00000000
vt 0.00000000 0.00000000
vt 0.00000000 0.00000000
vt 0.00000000 0.00000000
vt 0.00000000 0.00000000
vt 0.00000000 0.00000000
vt 0.00000000 0.00000000
vt 0.00000000 0.00000000
vt 0.00000000 0.00000000
vt 0.00000000 0.00000000
vt 0.00000000 0.00000000
vt 0.00000000 0.00000000
vt 0.00000000 0.00000000
vt 0.00000000 0.00000000
vt 0.00000000 0.00000000
vt 0.00000000 0.00000000
vt 0.00000000 0.00000000
vt 0.00000000 0.00000000
vt 0.00000000 0.00000000
vt 0.00000000 0.00000000
vt 0.00000000 0.00000000
vt 0.00000000 0.00000000
vt 0.00000000 0.00000000
vt 0.00000000 0.00000000
vt 0.00000000 0.00000000
vt 0.00000000 0.00000000
vt 0.00000000 0.00000000
vt 0.00000000 0.00000000
vt 0.00000000 0.00000000
vt 0.00000000 0.00000000
vt 0.00000000 0.00000000
vt 0.00000000 0.00000000
vt 0.00000000 0.00000000
vt 0.00000000 0.00000000
vt 0.00000000 0.00000000
vt 0.00000000 0.00000000
vt 0.00000000 0.00000000
vt 0.00000000 0.00000000
vt 0.00000000 0.00000000
vt 0.00000000 0.00000000
vt 0.00000000 0.00000000
vt 0.00000000 0.00000000
vt 0.00000000 0.00000000
vt 0.00000000 0.00000000
vt 0.00000000 0.00000000
vt 0.00000000 0.00000000
vt 0.00000000 0.00000000
vt 0.00000000 0.00000000
vt 0.00000000 0.00000000
vt 0.00000000 0.00000000
vt 0.00000000 0.00000000
vt 0.00000000 0.00000000
vt 0.00000000 0.00000000
vt 0.00000000 0.00000000
vt 0.00000000 0.00000000
vt 0.00000000 0.00000000
vt 0.00000000 0.00000000
vt 0.00000000 0.00000000
vt 0.00000000 0.00000000
vt 0.00000000 0.00000000
vt 0.00000000 0.00000000
vt 0.00000000 0.00000000
vt 0.00000000 0.00000000
vt 0.00000000 0.00000000
vt 0.00000000 0.00000000
vt 0.00000000 0.00000000
vt 0.00000000 0.00000000
vt 0.00000000 0.00000000
vt 0.00000000 0.00000000
vt 0.00000000 0.00000000
vt 0.00000000 0.00000000
vt 0.00000000 0.00000000
vt 0.00000000 0.00000000
vt 0.00000000 0.00000000
vt 0.00000000 0.00000000
vt 0.00000000 0.00000000
vt 0.00000000 0.00000000
vt 0.00000000 0.00000000
vt 0.00000000 0.00000000
vt 0.00000000 0.00000000
vt 0.00000000 0.00000000
vt 0.00000000 0.00000000
vt 0.00000000 0.00000000
vt 0.00000000 0.00000000
vt 0.00000000 0.00000000
vt 0.00000000 0.00000000
vt 0.00000000 0.00000000
vt 0.00000000 0.00000000
vt 0.00000000 0.00000000
vt 0.00000000 0.00000000
vt 0.00000000 0.00000000
vt 0.00000000 0.00000000
vt 0.00000000 0.00000000
vt 0.00000000 0.00000000
vt 0.00000000 0.00000000
vt 0.00000000 0.00000000
vt 0.00000000 0.00000000
vt 0.00000000 0.00000000
vt 0.00000000 0.00000000
vt 0.00000000 0.00000000
vt 0.00000000 0.00000000
vt 0.00000000 0.00000000
vt 0.00000000 0.00000000
vt 0.00000000 0.00000000
vt 0.00000000 0.00000000
vt 0.00000000 0.00000000
vt 0.00000000 0.00000000
vt 0.00000000 0.00000000
vt 0.00000000 0.00000000
vt 0.00000000 0.00000000
vt 0.00000000 0.00000000
vt 0.00000000 0.00000000
vt 0.00000000 0.00000000
vt 0.00000000 0.00000000
vt 0.00000000 0.00000000
vt 0.00000000 0.00000000
vt 0.00000000 0.00000000
vt 0.00000000 0.00000000
vt 0.00000000 0.00000000
vt 0.00000000 0.00000000
vt 0.00000000 0.00000000
vt 0.00000000 0.00000000
vt 0.00000000 0.00000000
vt 0.00000000 0.00000000
vt 0.00000000 0.00000000
vt 0.00000000 0.00000000
vt 0.00000000 0.00000000
vt 0.00000000 0.00000000
vt 0.00000000 0.00000000
vt 0.00000000 0.00000000
vt 0.00000000 0.00000000
vt 0.00000000 0.00000000
vt 0.00000000 0.00000000
vt 0.00000000 0.00000000
vt 0.00000000 0.00000000
vt 0.00000000 0.00000000
vt 0.00000000 0.00000000
vt 0.00000000 0.00000000
vt 0.00000000 0.00000000
vt 0.00000000 0.00000000
vt 0.00000000 0.00000000
vt 0.00000000 0.00000000
vt 0.00000000 0.00000000
vt 0.00000000 0.00000000
vt 0.00000000 0.00000000
vt 0.00000000 0.00000000
vt 0.00000000 0.00000000
vt 0.00000000 0.00000000
vt 0.00000000 0.00000000
vt 0.00000000 0.00000000
vt 0.00000000 0.00000000
vt 0.00000000 0.00000000
vt 0.00000000 0.00000000
vt 0.00000000 0.00000000
vt 0.00000000 0.00000000
vt 0.00000000 0.00000000
vt 0.00000000 0.00000000
vt 0.00000000 0.00000000
vt 0.00000000 0.00000000
vt 0.00000000 0.00000000
vt 0.00000000 0.00000000
vt 0.00000000 0.00000000
vt 0.00000000 0.00000000
vt 0.00000000 0.00000000
vt 0.00000000 0.00000000
vt 0.00000000 0.00000000
vt 0.00000000 0.00000000
vt 0.00000000 0.00000000
vt 0.00000000 0.00000000
vt 0.00000000 0.00000000
vt 0.00000000 0.00000000
vt 0.00000000 0.00000000
vt 0.00000000 0.00000000
vt 0.00000000 0.00000000
vt 0.00000000 0.00000000
vt 0.00000000 0.00000000
vt 0.00000000 0.00000000
vt 0.00000000 0.00000000
vt 0.00000000 0.00000000
vt 0.00000000 0.00000000
vt 0.00000000 0.00000000
vt 0.00000000 0.00000000
vt 0.00000000 0.00000000
vt 0.00000000 0.00000000
vt 0.00000000 0.00000000
vt 0.00000000 0.00000000
vt 0.00000000 0.00000000
vt 0.00000000 0.00000000
vt 0.00000000 0.00000000
vt 0.00000000 0.00000000
vt 0.00000000 0.00000000
vt 0.00000000 0.00000000
vt 0.00000000 0.00000000
vt 0.00000000 0.00000000
vt 0.00000000 0.00000000
vt 0.00000000 0.00000000
vt 0.00000000 0.00000000
vt 0.00000000 0.00000000
vt 0.00000000 0.00000000
vt 0.00000000 0.00000000
vt 0.00000000 0.00000000
vt 0.00000000 0.00000000
vt 0.00000000 0.00000000
vt 0.00000000 0.00000000
vt 0.00000000 0.00000000
vt 0.00000000 0.00000000
vt 0.00000000 0.00000000
vt 0.00000000 0.00000000
vt 0.00000000 0.00000000
vt 0.00000000 0.00000000
vt 0.00000000 0.00000000
vt 0.00000000 0.00000000
vt 0.00000000 0.00000000
vt 0.00000000 0.00000000
vt 0.00000000 0.00000000
vt 0.00000000 0.00000000
vt 0.00000000 0.00000000
vt 0.00000000 0.00000000
vt 0.00000000 0.00000000
vt 0.00000000 0.00000000
vt 0.00000000 0.00000000
vt 0.00000000 0.00000000
vt 0.00000000 0.00000000
vt 0.00000000 0.00000000
vt 0.00000000 0.00000000
vt 0.00000000 0.00000000
vt 0.00000000 0.00000000
vt 0.00000000 0.00000000
vt 0.00000000 0.00000000
vt 0.00000000 0.00000000
vt 0.00000000 0.00000000
vt 0.00000000 0.00000000
vt 0.00000000 0.00000000
vt 0.00000000 0.00000000
vt 0.00000000 0.00000000
vt 0.00000000 0.00000000
vt 0.00000000 0.00000000
vt 0.00000000 0.00000000
vt 0.00000000 0.00000000
vt 0.00000000 0.00000000
vt 0.00000000 0.00000000
vt 0.00000000 0.00000000
vt 0.00000000 0.00000000
vt 0.00000000 0.00000000
vt 0.00000000 0.00000000
vt 0.00000000 0.00000000
vt 0.00000000 0.00000000
vt 0.00000000 0.00000000
vt 0.00000000 0.00000000
vt 0.00000000 0.00000000
vt 0.00000000 0.00000000
vt 0.00000000 0.00000000
vt 0.00000000 0.00000000
vt 0.00000000 0.00000000
vt 0.00000000 0.00000000
vt 0.00000000 0.00000000
vt 0.00000000 0.00000000
vt 0.00000000 0.00000000
vt 0.00000000 0.00000000
vt 0.00000000 0.00000000
vt 0.00000000 0.00000000
vt 0.00000000 0.00000000
vt 0.00000000 0.00000000
vt 0.00000000 0.00000000
vt 0.00000000 0.00000000
vt 0.00000000 0.00000000
vt 0.00000000 0.00000000
vt 0.00000000 0.00000000
vt 0.00000000 0.00000000
vt 0.00000000 0.00000000
vt 0.00000000 0.00000000
vt 0.00000000 0.00000000
vt 0.00000000 0.00000000
vt 0.00000000 0.00000000
vt 0.00000000 0.00000000
vt 0.00000000 0.00000000
vt 0.00000000 0.00000000
vt 0.00000000 0.00000000
vt 0.00000000 0.00000000
vt 0.00000000 0.00000000
vt 0.00000000 0.00000000
vt 0.00000000 0.00000000
vt 0.00000000 0.00000000
vt 0.00000000 0.00000000
vt 0.00000000 0.00000000
vt 0.00000000 0.00000000
vt 0.00000000 0.00000000
vt 0.00000000 0.00000000
vt 0.00000000 0.00000000
vt 0.00000000 0.00000000
vt 0.00000000 0.00000000
vt 0.00000000 0.00000000
vt 0.00000000 0.00000000
vt 0.00000000 0.00000000
vt 0.00000000 0.00000000
vt 0.00000000 0.00000000
vt 0.00000000 0.00000000
vt 0.00000000 0.00000000
vt 0.00000000 0.00000000
vt 0.00000000 0.00000000
vt 0.00000000 0.00000000
vt 0.00000000 0.00000000
vt 0.00000000 0.00000000
vt 0.00000000 0.00000000
vt 0.00000000 0.00000000
vt 0.00000000 0.00000000
vt 0.00000000 0.00000000
vt 0.00000000 0.00000000
vt 0.00000000 0.00000000
vt 0.00000000 0.00000000
vt 0.00000000 0.00000000
vt 0.00000000 0.00000000
vt 0.00000000 0.00000000
vt 0.00000000 0.00000000
vt 0.00000000 0.00000000
vt 0.00000000 0.00000000
vt 0.00000000 0.00000000
vt 0.00000000 0.00000000
vt 0.00000000 0.00000000
vt 0.00000000 0.00000000
vt 0.00000000 0.00000000
vt 0.00000000 0.00000000
vt 0.00000000 0.00000000
vt 0.00000000 0.00000000
vt 0.00000000 0.00000000
vt 0.00000000 0.00000000
vt 0.00000000 0.00000000
vt 0.00000000 0.00000000
vt 0.00000000 0.00000000
vt 0.00000000 0.00000000
vt 0.00000000 0.00000000
vt 0.00000000 0.00000000
vt 0.00000000 0.00000000
vt 0.00000000 0.00000000
vt 0.00000000 0.00000000
vt 0.00000000 0.00000000
vt 0.00000000 0.00000000
vt 0.00000000 0.00000000
vt 0.00000000 0.00000000
vt 0.00000000 0.00000000
vt 0.00000000 0.00000000
vt 0.00000000 0.00000000
vt 0.00000000 0.00000000
vt 0.00000000 0.00000000
vt 0.00000000 0.00000000
vt 0.00000000 0.00000000
vt 0.00000000 0.00000000
vt 0.00000000 0.00000000
vt 0.00000000 0.00000000
vt 0.00000000 0.00000000
vt 0.00000000 0.00000000
vt 0.00000000 0.00000000
vt 0.00000000 0.00000000
vt 0.00000000 0.00000000
vt 0.00000000 0.00000000
vt 0.00000000 0.00000000
vt 0.00000000 0.00000000
vt 0.00000000 0.00000000
vt 0.00000000 0.00000000
vt 0.00000000 0.00000000
vt 0.00000000 0.00000000
vt 0.00000000 0.00000000
vt 0.00000000 0.00000000
vt 0.00000000 0.00000000
vt 0.00000000 0.00000000
vt 0.00000000 0.00000000
vt 0.00000000 0.00000000
vt 0.00000000 0.00000000
vt 0.00000000 0.00000000
vt 0.00000000 0.00000000
vt 0.00000000 0.00000000
vt 0.00000000 0.00000000
vt 0.00000000 0.00000000
vt 0.00000000 0.00000000
vt 0.00000000 0.00000000
vt 0.00000000 0.00000000
vt 0.00000000 0.00000000
vt 0.00000000 0.00000000
vt 0.00000000 0.00000000
vt 0.00000000 0.00000000
vt 0.00000000 0.00000000
vt 0.00000000 0.00000000
vt 0.00000000 0.00000000
vt 0.00000000 0.00000000
vt 0.00000000 0.00000000
vt 0.00000000 0.00000000
vt 0.00000000 0.00000000
vt 0.00000000 0.00000000
vt 0.00000000 0.00000000
vt 0.00000000 0.00000000
vt 0.00000000 0.00000000
vt 0.00000000 0.00000000
vt 0.00000000 0.00000000
vt 0.00000000 0.00000000
vt 0.00000000 0.00000000
vt 0.00000000 0.00000000
vt 0.00000000 0.00000000
vt 0.00000000 0.00000000
vt 0.00000000 0.00000000
vt 0.00000000 0.00000000
vt 0.00000000 0.00000000
vt 0.00000000 0.00000000
vt 0.00000000 0.00000000
vt 0.00000000 0.00000000
vt 0.00000000 0.00000000
vt 0.00000000 0.00000000
vt 0.00000000 0.00000000
vt 0.00000000 0.00000000
vt 0.00000000 0.00000000
vt 0.00000000 0.00000000
vt 0.00000000 0.00000000
vt 0.00000000 0.00000000
vt 0.00000000 0.00000000
vt 0.00000000 0.00000000
vt 0.00000000 0.00000000
vt 0.00000000 0.00000000
vt 0.00000000 0.00000000
vt 0.00000000 0.00000000
vt 0.00000000 0.00000000
vt 0.00000000 0.00000000
vt 0.00000000 0.00000000
vt 0.00000000 0.00000000
vt 0.00000000 0.00000000
vt 0.00000000 0.00000000
vt 0.00000000 0.00000000
vt 0.00000000 0.00000000
vt 0.00000000 0.00000000
vt 0.00000000 0.00000000
vt 0.00000000 0.00000000
vt 0.00000000 0.00000000
vt 0.00000000 0.00000000
vt 0.00000000 0.00000000
vt 0.00000000 0.00000000
vt 0.00000000 0.00000000
vt 0.00000000 0.00000000
vt 0.00000000 0.00000000
vt 0.00000000 0.00000000
vt 0.00000000 0.00000000
vt 0.00000000 0.00000000
vt 0.00000000 0.00000000
vt 0.00000000 0.00000000
vt 0.00000000 0.00000000
vt 0.00000000 0.00000000
vt 0.00000000 0.00000000
vt 0.00000000 0.00000000
vt 0.00000000 0.00000000
vt 0.00000000 0.00000000
vt 0.00000000 0.00000000
vt 0.00000000 0.00000000
vt 0.00000000 0.00000000
vt 0.00000000 0.00000000
vt 0.00000000 0.00000000
vt 0.00000000 0.00000000
vt 0.00000000 0.00000000
vt 0.00000000 0.00000000
vt 0.00000000 0.00000000
vt 0.00000000 0.00000000
vt 0.00000000 0.00000000
vt 0.00000000 0.00000000
vt 0.00000000 0.00000000
vt 0.00000000 0.00000000
vt 0.00000000 0.00000000
vt 0.00000000 0.00000000
vt 0.00000000 0.00000000
vt 0.00000000 0.00000000
vt 0.00000000 0.00000000
vt 0.00000000 0.00000000
vt 0.00000000 0.00000000
vt 0.00000000 0.00000000
vt 0.00000000 0.00000000
vt 0.00000000 0.00000000
vt 0.00000000 0.00000000
vt 0.00000000 0.00000000
vt 0.00000000 0.00000000
vt 0.00000000 0.00000000
vt 0.00000000 0.00000000
vt 0.00000000 0.00000000
vt 0.00000000 0.00000000
vt 0.00000000 0.00000000
vt 0.00000000 0.00000000
vt 0.00000000 0.00000000
vt 0.00000000 0.00000000
vt 0.00000000 0.00000000
vt 0.00000000 0.00000000
vt 0.00000000 0.00000000
vt 0.00000000 0.00000000
vt 0.00000000 0.00000000
vt 0.00000000 0.00000000
vt 0.00000000 0.00000000
vt 0.00000000 0.00000000
vt 0.00000000 0.00000000
vt 0.00000000 0.00000000
vt 0.00000000 0.00000000
vt 0.00000000 0.00000000
vt 0.00000000 0.00000000
vt 0.00000000 0.00000000
vt 0.00000000 0.00000000
vt 0.00000000 0.00000000
vt 0.00000000 0.00000000
vt 0.00000000 0.00000000
vt 0.00000000 0.00000000
vt 0.00000000 0.00000000
vt 0.00000000 0.00000000
vt 0.00000000 0.00000000
vt 0.00000000 0.00000000
vt 0.00000000 0.00000000
vt 0.00000000 0.00000000
vt 0.00000000 0.00000000
vt 0.00000000 0.00000000
vt 0.00000000 0.00000000
vt 0.00000000 0.00000000
vt 0.00000000 0.00000000
vt 0.00000000 0.00000000
vt 0.00000000 0.00000000
vt 0.00000000 0.00000000
vt 0.00000000 0.00000000
vt 0.00000000 0.00000000
vt 0.00000000 0.00000000
vt 0.00000000 0.00000000
vt 0.00000000 0.00000000
vt 0.00000000 0.00000000
vt 0.00000000 0.00000000
vt 0.00000000 0.00000000
vt 0.00000000 0.00000000
vt 0.00000000 0.00000000
vt 0.00000000 0.00000000
vt 0.00000000 0.00000000
vt 0.00000000 0.00000000
vt 0.00000000 0.00000000
vt 0.00000000 0.00000000
vt 0.00000000 0.00000000
vt 0.00000000 0.00000000
vt 0.00000000 0.00000000
vt 0.00000000 0.00000000
vt 0.00000000 0.00000000
vt 0.00000000 0.00000000
vt 0.00000000 0.00000000
vt 0.00000000 0.00000000
vt 0.00000000 0.00000000
vt 0.00000000 0.00000000
vt 0.00000000 0.00000000
vt 0.00000000 0.00000000
vt 0.00000000 0.00000000
vt 0.00000000 0.00000000
vt 0.00000000 0.00000000
vt 0.00000000 0.00000000
vt 0.00000000 0.00000000
vt 0.00000000 0.00000000
vt 0.00000000 0.00000000
vt 0.00000000 0.00000000
vt 0.00000000 0.00000000
vt 0.00000000 0.00000000
vt 0.00000000 0.00000000
vt 0.00000000 0.00000000
vt 0.00000000 0.00000000
vt 0.00000000 0.00000000
vt 0.00000000 0.00000000
vt 0.00000000 0.00000000
vt 0.00000000 0.00000000
vt 0.00000000 0.00000000
vt 0.00000000 0.00000000
vt 0.00000000 0.00000000
vt 0.00000000 0.00000000
vt 0.00000000 0.00000000
vt 0.00000000 0.00000000
vt 0.00000000 0.00000000
vt 0.00000000 0.00000000
vt 0.00000000 0.00000000
vt 0.00000000 0.00000000
vt 0.00000000 0.00000000
vt 0.00000000 0.00000000
vt 0.00000000 0.00000000
vt 0.00000000 0.00000000
vt 0.00000000 0.00000000
vt 0.00000000 0.00000000
vt 0.00000000 0.00000000
vt 0.00000000 0.00000000
vt 0.00000000 0.00000000
vt 0.00000000 0.00000000
vt 0.00000000 0.00000000
vt 0.00000000 0.00000000
vt 0.00000000 0.00000000
vt 0.00000000 0.00000000
vt 0.00000000 0.00000000
vt 0.00000000 0.00000000
vt 0.00000000 0.00000000
vt 0.00000000 0.00000000
vt 0.00000000 0.00000000
vt 0.00000000 0.00000000
vt 0.00000000 0.00000000
vt 0.00000000 0.00000000
vt 0.00000000 0.00000000
vt 0.00000000 0.00000000
vt 0.00000000 0.00000000
vt 0.00000000 0.00000000
vt 0.00000000 0.00000000
vt 0.00000000 0.00000000
vt 0.00000000 0.00000000
vt 0.00000000 0.00000000
vt 0.00000000 0.00000000
vt 0.00000000 0.00000000
vt 0.00000000 0.00000000
vt 0.00000000 0.00000000
vt 0.00000000 0.00000000
vt 0.00000000 0.00000000
vt 0.00000000 0.00000000
vt 0.00000000 0.00000000
vt 0.00000000 0.00000000
vt 0.00000000 0.00000000
vt 0.00000000 0.00000000
vt 0.00000000 0.00000000
vt 0.00000000 0.00000000
vt 0.00000000 0.00000000
vt 0.00000000 0.00000000
vt 0.00000000 0.00000000
vt 0.00000000 0.00000000
vt 0.00000000 0.00000000
vt 0.00000000 0.00000000
vt 0.00000000 0.00000000
vt 0.00000000 0.00000000
vt 0.00000000 0.00000000
vt 0.00000000 0.00000000
vt 0.00000000 0.00000000
vt 0.00000000 0.00000000
vt 0.00000000 0.00000000
vt 0.00000000 0.00000000
vt 0.00000000 0.00000000
vt 0.00000000 0.00000000
vt 0.00000000 0.00000000
vt 0.00000000 0.00000000
vt 0.00000000 0.00000000
vt 0.00000000 0.00000000
vt 0.00000000 0.00000000
vt 0.00000000 0.00000000
vt 0.00000000 0.00000000
vt 0.00000000 0.00000000
vt 0.00000000 0.00000000
vt 0.00000000 0.00000000
vt 0.00000000 0.00000000
vt 0.00000000 0.00000000
vt 0.00000000 0.00000000
vt 0.00000000 0.00000000
vt 0.00000000 0.00000000
vt 0.00000000 0.00000000
vt 0.00000000 0.00000000
vt 0.00000000 0.00000000
vt 0.00000000 0.00000000
vt 0.00000000 0.00000000
vt 0.00000000 0.00000000
vt 0.00000000 0.00000000
vt 0.00000000 0.00000000
vt 0.00000000 0.00000000
vt 0.00000000 0.00000000
vt 0.00000000 0.00000000
vt 0.00000000 0.00000000
vt 0.00000000 0.00000000
vt 0.00000000 0.00000000
vt 0.00000000 0.00000000
vt 0.00000000 0.00000000
vt 0.00000000 0.00000000
vt 0.00000000 0.00000000
vt 0.00000000 0.00000000
vt 0.00000000 0.00000000
vt 0.00000000 0.00000000
vt 0.00000000 0.00000000
vt 0.00000000 0.00000000
vt 0.00000000 0.00000000
vt 0.00000000 0.00000000
vt 0.00000000 0.00000000
vt 0.00000000 0.00000000
vt 0.00000000 0.00000000
vt 0.00000000 0.00000000
vt 0.00000000 0.00000000
vt 0.00000000 0.00000000
vt 0.00000000 0.00000000
vt 0.00000000 0.00000000
vt 0.00000000 0.00000000
vt 0.00000000 0.00000000
vt 0.00000000 0.00000000
vt 0.00000000 0.00000000
vt 0.00000000 0.00000000
vt 0.00000000 0.00000000
vt 0.00000000 0.00000000
vt 0.00000000 0.00000000
vt 0.00000000 0.00000000
vt 0.00000000 0.00000000
vt 0.00000000 0.00000000
vt 0.00000000 0.00000000
vt 0.00000000 0.00000000
vt 0.00000000 0.00000000
vt 0.00000000 0.00000000
vt 0.00000000 0.00000000
vt 0.00000000 0.00000000
vt 0.00000000 0.00000000
vt 0.00000000 0.00000000
vt 0.00000000 0.00000000
vt 0.00000000 0.00000000
vt 0.00000000 0.00000000
vt 0.00000000 0.00000000
vt 0.00000000 0.00000000
vt 0.00000000 0.00000000
vt 0.00000000 0.00000000
vt 0.00000000 0.00000000
vt 0.00000000 0.00000000
vt 0.00000000 0.00000000
vt 0.00000000 0.00000000
vt 0.00000000 0.00000000
vt 0.00000000 0.00000000
vt 0.00000000 0.00000000
vt 0.00000000 0.00000000
vt 0.00000000 0.00000000
vt 0.00000000 0.00000000
vt 0.00000000 0.00000000
vt 0.00000000 0.00000000
vt 0.00000000 0.00000000
vt 0.00000000 0.00000000
vt 0.00000000 0.00000000
vt 0.00000000 0.00000000
vt 0.00000000 0.00000000
vt 0.00000000 0.00000000
vt 0.00000000 0.00000000
vt 0.00000000 0.00000000
vt 0.00000000 0.00000000
vt 0.00000000 0.00000000
vt 0.00000000 0.00000000
vt 0.00000000 0.00000000
vt 0.00000000 0.00000000
vt 0.00000000 0.00000000
vt 0.00000000 0.00000000
vt 0.00000000 0.00000000
vt 0.00000000 0.00000000
vt 0.00000000 0.00000000
vt 0.00000000 0.00000000
vt 0.00000000 0.00000000
vt 0.00000000 0.00000000
vt 0.00000000 0.00000000
vt 0.00000000 0.00000000
vt 0.00000000 0.00000000
vt 0.00000000 0.00000000
vt 0.00000000 0.00000000
vt 0.00000000 0.00000000
vt 0.00000000 0.00000000
vt 0.00000000 0.00000000
vt 0.00000000 0.00000000
vt 0.00000000 0.00000000
vt 0.00000000 0.00000000
vt 0.00000000 0.00000000
vt 0.00000000 0.00000000
vt 0.00000000 0.00000000
vt 0.00000000 0.00000000
vt 0.00000000 0.00000000
vt 0.00000000 0.00000000
vt 0.00000000 0.00000000
vt 0.00000000 0.00000000
vt 0.00000000 0.00000000
vt 0.00000000 0.00000000
vt 0.00000000 0.00000000
vt 0.00000000 0.00000000
vt 0.00000000 0.00000000
vt 0.00000000 0.00000000
vt 0.00000000 0.00000000
vt 0.00000000 0.00000000
vt 0.00000000 0.00000000
vt 0.00000000 0.00000000
vt 0.00000000 0.00000000
vt 0.00000000 0.00000000
vt 0.00000000 0.00000000
vt 0.00000000 0.00000000
vt 0.00000000 0.00000000
vt 0.00000000 0.00000000
vt 0.00000000 0.00000000
vt 0.00000000 0.00000000
vt 0.00000000 0.00000000
vt 0.00000000 0.00000000
vt 0.00000000 0.00000000
vt 0.00000000 0.00000000
vt 0.00000000 0.00000000
vt 0.00000000 0.00000000
vt 0.00000000 0.00000000
vt 0.00000000 0.00000000
vt 0.00000000 0.00000000
vt 0.00000000 0.00000000
vt 0.00000000 0.00000000
vt 0.00000000 0.00000000
vt 0.00000000 0.00000000
vt 0.00000000 0.00000000
vt 0.00000000 0.00000000
vt 0.00000000 0.00000000
vt 0.00000000 0.00000000
vt 0.00000000 0.00000000
vt 0.00000000 0.00000000
vt 0.00000000 0.00000000
vt 0.00000000 0.00000000
vt 0.00000000 0.00000000
vt 0.00000000 0.00000000
vt 0.00000000 0.00000000
vt 0.00000000 0.00000000
vt 0.00000000 0.00000000
vt 0.00000000 0.00000000
vt 0.00000000 0.00000000
vt 0.00000000 0.00000000
vt 0.00000000 0.00000000
vt 0.00000000 0.00000000
vt 0.00000000 0.00000000
vt 0.00000000 0.00000000
vt 0.00000000 0.00000000
vt 0.00000000 0.00000000
vt 0.00000000 0.00000000
vt 0.00000000 0.00000000
vt 0.00000000 0.00000000
vt 0.00000000 0.00000000
vt 0.00000000 0.00000000
vt 0.00000000 0.00000000
vt 0.00000000 0.00000000
vt 0.00000000 0.00000000
vt 0.00000000 0.00000000
vt 0.00000000 0.00000000
vt 0.00000000 0.00000000
vt 0.00000000 0.00000000
vt 0.00000000 0.00000000
vt 0.00000000 0.00000000
vt 0.00000000 0.00000000
vt 0.00000000 0.00000000
vt 0.00000000 0.00000000
vt 0.00000000 0.00000000
vt 0.00000000 0.00000000
vt 0.00000000 0.00000000
vt 0.00000000 0.00000000
vt 0.00000000 0.00000000
vt 0.00000000 0.00000000
vt 0.00000000 0.00000000
vt 0.00000000 0.00000000
vt 0.00000000 0.00000000
vt 0.00000000 0.00000000
vt 0.00000000 0.00000000
vt 0.00000000 0.00000000
vt 0.00000000 0.00000000
vt 0.00000000 0.00000000
vt 0.00000000 0.00000000
vt 0.00000000 0.00000000
vt 0.00000000 0.00000000
vt 0.00000000 0.00000000
vt 0.00000000 0.00000000
vt 0.00000000 0.00000000
vt 0.00000000 0.00000000
vt 0.00000000 0.00000000
vt 0.00000000 0.00000000
vt 0.00000000 0.00000000
vt 0.00000000 0.00000000
vt 0.00000000 0.00000000
vt 0.00000000 0.00000000
vt 0.00000000 0.00000000
vt 0.00000000 0.00000000
vt 0.00000000 0.00000000
vt 0.00000000 0.00000000
vt 0.00000000 0.00000000
vt 0.00000000 0.00000000
vt 0.00000000 0.00000000
vt 0.00000000 0.00000000
vt 0.00000000 0.00000000
vt 0.00000000 0.00000000
vt 0.00000000 0.00000000
vt 0.00000000 0.00000000
vt 0.00000000 0.00000000
vt 0.00000000 0.00000000
vt 0.00000000 0.00000000
vt 0.00000000 0.00000000
vt 0.00000000 0.00000000
vt 0.00000000 0.00000000
vt 0.00000000 0.00000000
vt 0.00000000 0.00000000
vt 0.00000000 0.00000000
vt 0.00000000 0.00000000
vt 0.00000000 0.00000000
vt 0.00000000 0.00000000
vt 0.00000000 0.00000000
vt 0.00000000 0.00000000
vt 0.00000000 0.00000000
vt 0.00000000 0.00000000
vt 0.00000000 0.00000000
vt 0.00000000 0.00000000
vt 0.00000000 0.00000000
vt 0.00000000 0.00000000
vt 0.00000000 0.00000000
vt 0.00000000 0.00000000
vt 0.00000000 0.00000000
vt 0.00000000 0.00000000
vt 0.00000000 0.00000000
vt 0.00000000 0.00000000
vt 0.00000000 0.00000000
vt 0.00000000 0.00000000
vt 0.00000000 0.00000000
vt 0.00000000 0.00000000
vt 0.00000000 0.00000000
vt 0.00000000 0.00000000
vt 0.00000000 0.00000000
vt 0.00000000 0.00000000
vt 0.00000000 0.00000000
vt 0.00000000 0.00000000
vt 0.00000000 0.00000000
vt 0.00000000 0.00000000
vt 0.00000000 0.00000000
vt 0.00000000 0.00000000
vt 0.00000000 0.00000000
vt 0.00000000 0.00000000
vt 0.00000000 0.00000000
vt 0.00000000 0.00000000
vt 0.00000000 0.00000000
vt 0.00000000 0.00000000
vt 0.00000000 0.00000000
vt 0.00000000 0.00000000
vt 0.00000000 0.00000000
vt 0.00000000 0.00000000
vt 0.00000000 0.00000000
vt 0.00000000 0.00000000
vt 0.00000000 0.00000000
vt 0.00000000 0.00000000
vt 0.00000000 0.00000000
vt 0.00000000 0.00000000
vt 0.00000000 0.00000000
vt 0.00000000 0.00000000
vt 0.00000000 0.00000000
vt 0.00000000 0.00000000
vt 0.00000000 0.00000000
vt 0.00000000 0.00000000
vt 0.00000000 0.00000000
vt 0.00000000 0.00000000
vt 0.00000000 0.00000000
vt 0.00000000 0.00000000
vt 0.00000000 0.00000000
vt 0.00000000 0.00000000
vt 0.00000000 0.00000000
vt 0.00000000 0.00000000
vt 0.00000000 0.00000000
vt 0.00000000 0.00000000
vt 0.00000000 0.00000000
vt 0.00000000 0.00000000
vt 0.00000000 0.00000000
vt 0.00000000 0.00000000
vt 0.00000000 0.00000000
vt 0.00000000 0.00000000
vt 0.00000000 0.00000000
vt 0.00000000 0.00000000
vt 0.00000000 0.00000000
vt 0.00000000 0.00000000
vt 0.00000000 0.00000000
vt 0.00000000 0.00000000
vt 0.00000000 0.00000000
vt 0.00000000 0.00000000
vt 0.00000000 0.00000000
vt 0.00000000 0.00000000
vt 0.00000000 0.00000000
vt 0.00000000 0.00000000
vt 0.00000000 0.00000000
vt 0.00000000 0.00000000
vt 0.00000000 0.00000000
vt 0.00000000 0.00000000
vt 0.00000000 0.00000000
vt 0.00000000 0.00000000
vt 0.00000000 0.00000000
vt 0.00000000 0.00000000
vt 0.00000000 0.00000000
vt 0.00000000 0.00000000
vt 0.00000000 0.00000000
vt 0.00000000 0.00000000
vt 0.00000000 0.00000000
vt 0.00000000 0.00000000
vt 0.00000000 0.00000000
vt 0.00000000 0.00000000
vt 0.00000000 0.00000000
vt 0.00000000 0.00000000
vt 0.00000000 0.00000000
vt 0.00000000 0.00000000
vt 0.00000000 0.00000000
vt 0.00000000 0.00000000
vt 0.00000000 0.00000000
vt 0.00000000 0.00000000
vt 0.00000000 0.00000000
vt 0.00000000 0.00000000
vt 0.00000000 0.00000000
vt 0.00000000 0.00000000
vt 0.00000000 0.00000000
vt 0.00000000 0.00000000
vt 0.00000000 0.00000000
vt 0.00000000 0.00000000
vt 0.00000000 0.00000000
vt 0.00000000 0.00000000
vt 0.00000000 0.00000000
vt 0.00000000 0.00000000
vt 0.00000000 0.00000000
vt 0.00000000 0.00000000
vt 0.00000000 0.00000000
vt 0.00000000 0.00000000
vt 0.00000000 0.00000000
vt 0.00000000 0.00000000
vt 0.00000000 0.00000000
vt 0.00000000 0.00000000
vt 0.00000000 0.00000000
vt 0.00000000 0.00000000
vt 0.00000000 0.00000000
vt 0.00000000 0.00000000
vt 0.00000000 0.00000000
vt 0.00000000 0.00000000
vt 0.00000000 0.00000000
vt 0.00000000 0.00000000
vt 0.00000000 0.00000000
vt 0.00000000 0.00000000
vt 0.00000000 0.00000000
vt 0.00000000 0.00000000
vt 0.00000000 0.00000000
vt 0.00000000 0.00000000
vt 0.00000000 0.00000000
vt 0.00000000 0.00000000
vt 0.00000000 0.00000000
vt 0.00000000 0.00000000
vt 0.00000000 0.00000000
vt 0.00000000 0.00000000
vt 0.00000000 0.00000000
vt 0.00000000 0.00000000
vt 0.00000000 0.00000000
vt 0.00000000 0.00000000
vt 0.00000000 0.00000000
vt 0.00000000 0.00000000
vt 0.00000000 0.00000000
vt 0.00000000 0.00000000
vt 0.00000000 0.00000000
vt 0.00000000 0.00000000
vt 0.00000000 0.00000000
vt 0.00000000 0.00000000
vt 0.00000000 0.00000000
vt 0.00000000 0.00000000
vt 0.00000000 0.00000000
vt 0.00000000 0.00000000
vt 0.00000000 0.00000000
vt 0.00000000 0.00000000
vt 0.00000000 0.00000000
vt 0.00000000 0.00000000
vt 0.00000000 0.00000000
vt 0.00000000 0.00000000
vt 0.00000000 0.00000000
vt 0.00000000 0.00000000
vt 0.00000000 0.00000000
vt 0.00000000 0.00000000
vt 0.00000000 0.00000000
vt 0.00000000 0.00000000
vt 0.00000000 0.00000000
vt 0.00000000 0.00000000
vt 0.00000000 0.00000000
vt 0.00000000 0.00000000
vt 0.00000000 0.00000000
vt 0.00000000 0.00000000
vt 0.00000000 0.00000000
vt 0.00000000 0.00000000
vt 0.00000000 0.00000000
vt 0.00000000 0.00000000
vt 0.00000000 0.00000000
vt 0.00000000 0.00000000
vt 0.00000000 0.00000000
vt 0.00000000 0.00000000
vt 0.00000000 0.00000000
vt 0.00000000 0.00000000
vt 0.00000000 0.00000000
vt 0.00000000 0.00000000
vt 0.00000000 0.00000000
vt 0.00000000 0.00000000
vt 0.00000000 0.00000000
vt 0.00000000 0.00000000
vt 0.00000000 0.00000000
vt 0.00000000 0.00000000
vt 0.00000000 0.00000000
vt 0.00000000 0.00000000
vt 0.00000000 0.00000000
vt 0.00000000 0.00000000
vt 0.00000000 0.00000000
vt 0.00000000 0.00000000
vt 0.00000000 0.00000000
vt 0.00000000 0.00000000
vt 0.00000000 0.00000000
vt 0.00000000 0.00000000
vt 0.00000000 0.00000000
vt 0.00000000 0.00000000
vt 0.00000000 0.00000000
vt 0.00000000 0.00000000
vt 0.00000000 0.00000000
vt 0.00000000 0.00000000
vt 0.00000000 0.00000000
vt 0.00000000 0.00000000
vt 0.00000000 0.00000000
vt 0.00000000 0.00000000
vt 0.00000000 0.00000000
vt 0.00000000 0.00000000
vt 0.00000000 0.00000000
vt 0.00000000 0.00000000
vt 0.00000000 0.00000000
vt 0.00000000 0.00000000
vt 0.00000000 0.00000000
vt 0.00000000 0.00000000
vt 0.00000000 0.00000000
vt 0.00000000 0.00000000
vt 0.00000000 0.00000000
vt 0.00000000 0.00000000
vt 0.00000000 0.00000000
vt 0.00000000 0.00000000
vt 0.00000000 0.00000000
vt 0.00000000 0.00000000
vt 0.00000000 0.00000000
vt 0.00000000 0.00000000
vt 0.00000000 0.00000000
vt 0.00000000 0.00000000
vt 0.00000000 0.00000000
vt 0.00000000 0.00000000
vt 0.00000000 0.00000000
vt 0.00000000 0.00000000
vt 0.00000000 0.00000000
vt 0.00000000 0.00000000
vt 0.00000000 0.00000000
vt 0.00000000 0.00000000
vt 0.00000000 0.00000000
vt 0.00000000 0.00000000
vt 0.00000000 0.00000000
vt 0.00000000 0.00000000
vt 0.00000000 0.00000000
vt 0.00000000 0.00000000
vt 0.00000000 0.00000000
vt 0.00000000 0.00000000
vt 0.00000000 0.00000000
vt 0.00000000 0.00000000
vt 0.00000000 0.00000000
vt 0.00000000 0.00000000
vt 0.00000000 0.00000000
vt 0.00000000 0.00000000
vt 0.00000000 0.00000000
vt 0.00000000 0.00000000
vt 0.00000000 0.00000000
vt 0.00000000 0.00000000
vt 0.00000000 0.00000000
vt 0.00000000 0.00000000
vt 0.00000000 0.00000000
vt 0.00000000 0.00000000
vt 0.00000000 0.00000000
vt 0.00000000 0.00000000
vt 0.00000000 0.00000000
vt 0.00000000 0.00000000
vt 0.00000000 0.00000000
vt 0.00000000 0.00000000
vt 0.00000000 0.00000000
vt 0.00000000 0.00000000
vt 0.00000000 0.00000000
vt 0.00000000 0.00000000
vt 0.00000000 0.00000000
vt 0.00000000 0.00000000
vt 0.00000000 0.00000000
vt 0.00000000 0.00000000
vt 0.00000000 0.00000000
vt 0.00000000 0.00000000
vt 0.00000000 0.00000000
vt 0.00000000 0.00000000
vt 0.00000000 0.00000000
vt 0.00000000 0.00000000
vt 0.00000000 0.00000000
vt 0.00000000 0.00000000
vt 0.00000000 0.00000000
vt 0.00000000 0.00000000
vt 0.00000000 0.00000000
vt 0.00000000 0.00000000
vt 0.00000000 0.00000000
vt 0.00000000 0.00000000
vt 0.00000000 0.00000000
vt 0.00000000 0.00000000
vt 0.00000000 0.00000000
vt 0.00000000 0.00000000
vt 0.00000000 0.00000000
vt 0.00000000 0.00000000
vt 0.00000000 0.00000000
vt 0.00000000 0.00000000
vt 0.00000000 0.00000000
vt 0.00000000 0.00000000
vt 0.00000000 0.00000000
vt 0.00000000 0.00000000
vt 0.00000000 0.00000000
vt 0.00000000 0.00000000
vt 0.00000000 0.00000000
vt 0.00000000 0.00000000
vt 0.00000000 0.00000000
vt 0.00000000 0.00000000
vt 0.00000000 0.00000000
vt 0.00000000 0.00000000
vt 0.00000000 0.00000000
vt 0.00000000 0.00000000
vt 0.00000000 0.00000000
vt 0.00000000 0.00000000
vt 0.00000000 0.00000000
vt 0.00000000 0.00000000
vt 0.00000000 0.00000000
vt 0.00000000 0.00000000
vt 0.00000000 0.00000000
vt 0.00000000 0.00000000
vt 0.00000000 0.00000000
vt 0.00000000 0.00000000
vt 0.00000000 0.00000000
vt 0.00000000 0.00000000
vt 0.00000000 0.00000000
vt 0.00000000 0.00000000
vt 0.00000000 0.00000000
vt 0.00000000 0.00000000
vt 0.00000000 0.00000000
vt 0.00000000 0.00000000
vt 0.00000000 0.00000000
vt 0.00000000 0.00000000
vt 0.00000000 0.00000000
vt 0.00000000 0.00000000
vt 0.00000000 0.00000000
vt 0.00000000 0.00000000
vt 0.00000000 0.00000000
vt 0.00000000 0.00000000
vt 0.00000000 0.00000000
vt 0.00000000 0.00000000
vt 0.00000000 0.00000000
vt 0.00000000 0.00000000
vt 0.00000000 0.00000000
vt 0.00000000 0.00000000
vt 0.00000000 0.00000000
vt 0.00000000 0.00000000
vt 0.00000000 0.00000000
vt 0.00000000 0.00000000
vt 0.00000000 0.00000000
vt 0.00000000 0.00000000
vt 0.00000000 0.00000000
vt 0.00000000 0.00000000
vt 0.00000000 0.00000000
vt 0.00000000 0.00000000
vt 0.00000000 0.00000000
vt 0.00000000 0.00000000
vt 0.00000000 0.00000000
vt 0.00000000 0.00000000
vt 0.00000000 0.00000000
vt 0.00000000 0.00000000
vt 0.00000000 0.00000000
vt 0.00000000 0.00000000
vt 0.00000000 0.00000000
vt 0.00000000 0.00000000
vt 0.00000000 0.00000000
vt 0.00000000 0.00000000
vt 0.00000000 0.00000000
vt 0.00000000 0.00000000
vt 0.00000000 0.00000000
vt 0.00000000 0.00000000
vt 0.00000000 0.00000000
vt 0.00000000 0.00000000
vt 0.00000000 0.00000000
vt 0.00000000 0.00000000
vt 0.00000000 0.00000000
vt 0.00000000 0.00000000
vt 0.00000000 0.00000000
vt 0.00000000 0.00000000
vt 0.00000000 0.00000000
vt 0.00000000 0.00000000
vt 0.00000000 0.00000000
vt 0.00000000 0.00000000
vt 0.00000000 0.00000000
vt 0.00000000 0.00000000
vt 0.00000000 0.00000000
vt 0.00000000 0.00000000
vt 0.00000000 0.00000000
vt 0.00000000 0.00000000
vt 0.00000000 0.00000000
vt 0.00000000 0.00000000
vt 0.00000000 0.00000000
vt 0.00000000 0.00000000
vt 0.00000000 0.00000000
vt 0.00000000 0.00000000
vt 0.00000000 0.00000000
vt 0.00000000 0.00000000
vt 0.00000000 0.00000000
vt 0.00000000 0.00000000
vt 0.00000000 0.00000000
vt 0.00000000 0.00000000
vt 0.00000000 0.00000000
vt 0.35022786 0.00357143
vt 0.60629368 0.26785713
vt 0.61231881 0.26191804
vt 0.34420291 0.00951042
vt 0.35022786 0.26785707
vt 0.34420291 0.26191804
vt 0.60629374 0.00357143
vt 0.61231881 0.00951048
vt 0.22532380 0.56626719
vt 0.07078347 0.56631440
vt 0.22529303 0.81542021
vt 0.07077602 0.81535691
vt 0.14799227 0.56228924
vt 0.07073698 0.56263429
vt 0.22533494 0.56233799
vt 0.14793964 0.81940556
vt 0.22530898 0.81935632
vt 0.07075314 0.81895524
vt 0.22627971 0.69084573
vt 0.22627833 0.71118265
vt 0.22627741 0.73168254
vt 0.22627664 0.75264645
vt 0.22627546 0.77357280
vt 0.22627409 0.79449809
vt 0.22627281 0.81542021
vt 0.22628905 0.62861031
vt 0.22629207 0.60783273
vt 0.22629559 0.58705008
vt 0.22631234 0.56624770
vt 0.22628626 0.64932466
vt 0.22628260 0.67041945
vt 0.07057932 0.82256448
vt 0.14789119 0.82337517
vt 0.22532369 0.82329398
vt 0.14796129 0.55832750
vt 0.07052582 0.55894011
vt 0.22534548 0.55840784
vt 0.07025138 0.82619864
vt 0.14784245 0.82734692
vt 0.22533743 0.82723248
vt 0.14793041 0.55436409
vt 0.07014570 0.55521679
vt 0.22535560 0.55447710
vt 0.22725560 0.77357304
vt 0.22725406 0.79449815
vt 0.22725268 0.81542021
vt 0.22726540 0.64932585
vt 0.22726066 0.62861007
vt 0.22726525 0.60783291
vt 0.22726949 0.58705044
vt 0.22728659 0.56624860
vt 0.22725493 0.67041868
vt 0.22723429 0.69084632
vt 0.22723471 0.71118253
vt 0.22724833 0.73168278
vt 0.22725771 0.75264585
vt 0.14779393 0.83132213
vt 0.22535037 0.83117151
vt 0.06974836 0.82988054
vt 0.22536536 0.55054605
vt 0.14790048 0.55039793
vt 0.06957701 0.55143833
vt 0.06906448 0.83362204
vt 0.14774671 0.83530158
vt 0.22536282 0.83511156
vt 0.22537506 0.54661465
vt 0.14787278 0.54642856
vt 0.06880742 0.54759258
vt 0.22823867 0.75264555
vt 0.22823563 0.77357316
vt 0.22823399 0.79449826
vt 0.22823253 0.81542033
vt 0.22822715 0.67041922
vt 0.22824448 0.64932632
vt 0.22823231 0.62860990
vt 0.22823834 0.60783309
vt 0.22824325 0.58705097
vt 0.22826087 0.56624937
vt 0.22818875 0.69084698
vt 0.22819106 0.71118194
vt 0.22821921 0.73168212
vt 0.04813876 0.81591457
vt 0.04813306 0.56591231
vt 0.03462766 0.56603336
vt 0.03457797 0.81575722
vt 0.03439048 0.81832612
vt 0.04810746 0.81891042
vt 0.04807228 0.56302172
vt 0.03447592 0.56345457
vt 0.03417502 0.82087839
vt 0.04783981 0.82186335
vt 0.04778208 0.56019235
vt 0.03434067 0.56089413
vt 0.03391283 0.82344621
vt 0.04734038 0.82468742
vt 0.04726952 0.55752289
vt 0.03417716 0.55833083
vt 0.02614515 0.81576067
vt 0.02619328 0.56601703
vt 0.02616530 0.81851041
vt 0.02625163 0.56301963
vt 0.14770228 0.83928573
vt 0.22537506 0.83905143
vt 0.06818009 0.83745033
vt 0.03370456 0.82604587
vt 0.04664109 0.82728738
vt 0.02587153 0.82113862
vt 0.02609236 0.56033134
vt 0.02536232 0.82429910
vt 0.15330949 0.18155618
vt 0.15628895 0.15109183
vt 0.18719454 0.15402868
vt 0.27236229 0.14676373
vt 0.25462300 0.15482354
vt 0.26636136 0.14693275
vt 0.25774339 0.15082711
vt 0.26037404 0.14650187
vt 0.26641363 0.20762485
vt 0.26055589 0.20632964
vt 0.25056207 0.19637522
vt 0.25285086 0.20088519
vt 0.25459519 0.20562577
vt 0.33401954 0.05672660
vt 0.32600650 0.09860373
vt 0.32673874 0.09272847
vt 0.30948988 0.30759272
vt 0.30931753 0.27089706
vt 0.30973756 0.26499310
vt 0.30954894 0.25907201
vt 0.32467473 0.10437720
vt 0.30875424 0.25320926
vt 0.32275727 0.10998692
vt 0.30736002 0.24745031
vt 0.32027346 0.11537620
vt 0.30538234 0.24186233
vt 0.31724909 0.12048990
vt 0.30284074 0.23650014
vt 0.31371483 0.12527524
vt 0.29976138 0.23141904
vt 0.30970734 0.12968332
vt 0.29617581 0.22667159
vt 0.30526778 0.13366883
vt 0.29212087 0.22230618
vt 0.30044171 0.13719052
vt 0.28763834 0.21836810
vt 0.29527873 0.14021230
vt 0.28277484 0.21489789
vt 0.28983232 0.14270328
vt 0.27758023 0.21193136
vt 0.28415841 0.14463778
vt 0.27210754 0.20949864
vt 0.27831483 0.14599577
vt 0.24776009 0.19215608
vt 0.25105500 0.15843813
vt 0.24448226 0.18828480
vt 0.24708723 0.16162181
vt 0.24077244 0.18481347
vt 0.24277312 0.16433205
vt 0.23668076 0.18178855
vt 0.23817059 0.16653223
vt 0.23226237 0.17925104
vt 0.23334152 0.16819297
vt 0.22757645 0.17723499
vt 0.22835098 0.16929242
vt 0.22268637 0.17576732
vt 0.22326636 0.16981585
vt 0.21765803 0.17486785
vt 0.21815586 0.16975641
vt 0.21255785 0.17454779
vt 0.21308726 0.16911420
vt 0.20745340 0.17481160
vt 0.20812756 0.16789787
vt 0.20241307 0.17565498
vt 0.20334330 0.16612327
vt 0.19750449 0.17706729
vt 0.19879878 0.16381486
vt 0.19279401 0.17902946
vt 0.19455516 0.16100338
vt 0.18834466 0.18151531
vt 0.19066969 0.15772666
vt 0.18421654 0.18449156
vt 0.15632819 0.18562615
vt 0.18046546 0.18791759
vt 0.15884976 0.19001283
vt 0.17714182 0.19174838
vt 0.16084032 0.19465767
vt 0.17429003 0.19593261
vt 0.16227321 0.19949843
vt 0.17194866 0.20041443
vt 0.16312934 0.20447004
vt 0.17014915 0.20513378
vt 0.16339776 0.20950608
vt 0.16891594 0.21002713
vt 0.16307420 0.21453883
vt 0.16826531 0.21502914
vt 0.16820520 0.22007225
vt 0.16216198 0.21950069
vt 0.16873543 0.22508876
vt 0.16067292 0.22432445
vt 0.16984922 0.23001093
vt 0.15862742 0.22894533
vt 0.17153190 0.23477292
vt 0.15605326 0.23330122
vt 0.15298524 0.23733403
vt 0.17376128 0.23931095
vt 0.14946480 0.24098966
vt 0.17650744 0.24356425
vt 0.14553894 0.24421909
vt 0.17973377 0.24747573
vt 0.14126058 0.24697928
vt 0.18339717 0.25099316
vt 0.19156370 0.26847389
vt 0.19139466 0.26256147
vt 0.18744873 0.25406900
vt 0.19183381 0.25666255
vt 0.12984928 0.26259410
vt 0.13116379 0.25682330
vt 0.13668644 0.24923338
vt 0.13187888 0.25095093
vt 0.19233890 0.27433935
vt 0.12794876 0.26820388
vt 0.19371292 0.28009710
vt 0.12548202 0.27359495
vt 0.19567111 0.28568804
vt 0.12247409 0.27871180
vt 0.19819333 0.29105449
vt 0.11895578 0.28350189
vt 0.20125419 0.29614177
vt 0.11496343 0.28791597
vt 0.20482160 0.30089736
vt 0.11053814 0.29190871
vt 0.20885958 0.30527240
vt 0.10572524 0.29543883
vt 0.21332608 0.30922204
vt 0.10057443 0.29847035
vt 0.21817547 0.31270543
vt 0.09513871 0.30097187
vt 0.22335818 0.31568691
vt 0.08947377 0.30291769
vt 0.22881940 0.31813529
vt 0.08363801 0.30428791
vt 0.23450923 0.32002750
vt 0.07769103 0.30506849
vt 0.24036378 0.32134205
vt 0.07169490 0.30525127
vt 0.28281900 0.32925320
vt 0.24632078 0.32206550
vt 0.25232065 0.32219061
vt 0.25830254 0.32171616
vt 0.26420519 0.32064694
vt 0.26996744 0.31899375
vt 0.27553058 0.31677344
vt 0.28083697 0.31400877
vt 0.28665304 0.32932073
vt 0.29045075 0.32879591
vt 0.28583235 0.31072810
vt 0.29411820 0.32769188
vt 0.29756492 0.32603595
vt 0.30070665 0.32386866
vt 0.29046509 0.30696514
vt 0.30346555 0.32124367
vt 0.30577376 0.31822547
vt 0.30757454 0.31488863
vt 0.29468715 0.30275881
vt 0.30882356 0.31131494
vt 0.29845551 0.29815274
vt 0.30173120 0.29319420
vt 0.30448049 0.28793401
vt 0.30667543 0.28242663
vt 0.30829322 0.27672842
vt 0.02850248 0.30498967
vt 0.06571556 0.30483550
vt 0.05980362 0.30382398
vt 0.05402555 0.30222744
vt 0.04844133 0.30006254
vt 0.04310815 0.29735136
vt 0.03808083 0.29412159
vt 0.03341112 0.29040667
vt 0.02472848 0.30433118
vt 0.02110568 0.30309901
vt 0.02914711 0.28624487
vt 0.01772321 0.30132347
vt 0.01466425 0.29904822
vt 0.01200417 0.29632968
vt 0.02533241 0.28167915
vt 0.00980831 0.29323456
vt 0.00813061 0.28983921
vt 0.00701245 0.28622708
vt 0.02200583 0.27675676
vt 0.00648134 0.28248715
vt 0.00655018 0.27871168
vt 0.01920100 0.27152839
vt 0.01694650 0.26604789
vt 0.01526600 0.26037142
vt 0.01417710 0.25455713
vt 0.01369111 0.24866417
vt 0.01381321 0.24275330
vt 0.01454165 0.23688497
vt 0.03073724 0.07068511
vt 0.03092840 0.07659666
vt 0.01587021 0.23112004
vt 0.03172478 0.08245174
vt 0.01778414 0.22551733
vt 0.03312011 0.08820255
vt 0.02026389 0.22013476
vt 0.03509891 0.09378394
vt 0.02328388 0.21502736
vt 0.03764054 0.09913795
vt 0.02681334 0.21024759
vt 0.04071978 0.10421109
vt 0.03081606 0.20584454
vt 0.04430458 0.10895124
vt 0.03525038 0.20186372
vt 0.04835803 0.11330942
vt 0.04007112 0.19834585
vt 0.05283826 0.11724055
vt 0.04522861 0.19532700
vt 0.05769981 0.12070461
vt 0.05066982 0.19283855
vt 0.06289234 0.12366573
vt 0.05633896 0.19090594
vt 0.06836271 0.12609354
vt 0.06217780 0.18954916
vt 0.07405432 0.12796327
vt 0.06812590 0.18878214
vt 0.08989931 0.13920005
vt 0.07990852 0.12925552
vt 0.08761047 0.13469358
vt 0.08586532 0.12995678
vt 0.08585113 0.18072517
vt 0.09270197 0.14341477
vt 0.08941625 0.17711392
vt 0.09598034 0.14728236
vt 0.09338146 0.17393330
vt 0.09969076 0.15075047
vt 0.09769358 0.17122576
vt 0.10378367 0.15377286
vt 0.10229495 0.16902791
vt 0.10820393 0.15630898
vt 0.10712399 0.16736920
vt 0.11289292 0.15832508
vt 0.11211616 0.16627224
vt 0.11778796 0.15979452
vt 0.11720464 0.16575210
vt 0.12282338 0.16069770
vt 0.12232189 0.16581582
vt 0.12793122 0.16102149
vt 0.12739781 0.16646221
vt 0.13304189 0.16076159
vt 0.13236380 0.16768217
vt 0.13808660 0.15992080
vt 0.13715263 0.16945891
vt 0.14299810 0.15851079
vt 0.14170043 0.17176892
vt 0.14771026 0.15655045
vt 0.14594604 0.17458145
vt 0.15216050 0.15406643
vt 0.14983313 0.17785840
vt 0.07412261 0.18861246
vt 0.08273388 0.18471926
vt 0.08010574 0.18904185
vt 0.03096983 0.02812926
vt 0.03115455 0.06478792
vt 0.03217556 0.05896329
vt 0.03378985 0.05327044
vt 0.03598067 0.04776808
vt 0.03872608 0.04251231
vt 0.04199750 0.03755748
vt 0.04576146 0.03295424
vt 0.03163330 0.02441036
vt 0.03287894 0.02083916
vt 0.04997928 0.02874980
vt 0.03467610 0.01750419
vt 0.03698049 0.01448710
vt 0.03973538 0.01186273
vt 0.05460795 0.02498724
vt 0.04287264 0.00969489
vt 0.04631533 0.00803746
vt 0.04997905 0.00693105
vt 0.05959979 0.02170559
vt 0.05377317 0.00640313
vt 0.05760463 0.00646650
vt 0.06490427 0.01893794
vt 0.07046651 0.01671335
vt 0.07622955 0.01505459
vt 0.08213320 0.01397907
vt 0.08811723 0.01349778
vt 0.09411959 0.01361631
vt 0.10007354 0.01433277
vt 0.31201825 0.03045696
vt 0.26881194 0.03024439
vt 0.10592577 0.01564059
vt 0.26282477 0.03043514
vt 0.11161488 0.01752612
vt 0.25687057 0.03122470
vt 0.11708103 0.01996986
vt 0.25103450 0.03260275
vt 0.12226829 0.02294688
vt 0.24536890 0.03455631
vt 0.12712321 0.02642613
vt 0.23993199 0.03706569
vt 0.13159555 0.03037220
vt 0.23478091 0.04010482
vt 0.13563982 0.03474412
vt 0.22996819 0.04364220
vt 0.13921395 0.03949716
vt 0.22554374 0.04764137
vt 0.14228143 0.04458229
vt 0.22155294 0.05206131
vt 0.14481062 0.04994740
vt 0.21803656 0.05685679
vt 0.14677539 0.05553697
vt 0.21503063 0.06197839
vt 0.14815569 0.06129397
vt 0.21256657 0.06737350
vt 0.14893739 0.06715889
vt 0.21066919 0.07298639
vt 0.15712133 0.08463433
vt 0.19926767 0.08861376
vt 0.20935872 0.07875964
vt 0.20384079 0.08635571
vt 0.20864823 0.08463410
vt 0.19498962 0.09137805
vt 0.16078863 0.08814801
vt 0.19106446 0.09461092
vt 0.16401902 0.09205555
vt 0.18754481 0.09826909
vt 0.16676885 0.09630521
vt 0.18447790 0.10230368
vt 0.16900139 0.10083936
vt 0.17068619 0.10559732
vt 0.18190439 0.10666024
vt 0.17180032 0.11051535
vt 0.17985868 0.11128049
vt 0.17232850 0.11552726
vt 0.17836770 0.11610222
vt 0.17226361 0.12056565
vt 0.17745101 0.12106092
vt 0.17712118 0.12609033
vt 0.17160647 0.12556364
vt 0.17738397 0.13112353
vt 0.17036800 0.13045403
vt 0.17823631 0.13609278
vt 0.16856444 0.13517104
vt 0.16622014 0.13965155
vt 0.17966661 0.14093129
vt 0.16336638 0.14383511
vt 0.18165539 0.14557460
vt 0.16004114 0.14766558
vt 0.18417616 0.14995997
vt 0.14911208 0.07307216
vt 0.15306653 0.08156193
vt 0.14867851 0.07897227
vt 0.27479395 0.03065362
vt 0.28070927 0.03165875
vt 0.28649101 0.03324915
vt 0.29207984 0.03540831
vt 0.29741800 0.03811436
vt 0.30245054 0.04133898
vt 0.30712605 0.04504927
vt 0.31579444 0.03111015
vt 0.31942081 0.03233763
vt 0.31139645 0.04920702
vt 0.32280773 0.03410906
vt 0.32587162 0.03638122
vt 0.32853770 0.03909798
vt 0.31521758 0.05377041
vt 0.33073962 0.04219248
vt 0.33242330 0.04558879
vt 0.33354720 0.04920304
vt 0.31854966 0.05869209
vt 0.33408380 0.05294625
vt 0.32135791 0.06392194
vt 0.32361320 0.06940635
vt 0.32529297 0.07508847
vt 0.32638004 0.08090979
vt 0.32686374 0.08681002
vt 0.32273057 0.18225044
vt 0.32478642 0.16122800
vt 0.32681757 0.14045757
vt 0.32885298 0.11964463
vt 0.33090115 0.09870440
vt 0.33294979 0.07776280
vt 0.33499834 0.05681854
vt 0.31046775 0.30768543
vt 0.31251359 0.28675890
vt 0.31455889 0.26583806
vt 0.31660596 0.24489863
vt 0.31864539 0.22403760
vt 0.32067868 0.20324123
vt 0.18490237 0.01749778
vt 0.20622109 0.01950813
vt 0.22745737 0.02151081
vt 0.24858446 0.02350359
vt 0.26977089 0.02550196
vt 0.29094061 0.02749867
vt 0.31211153 0.02949577
vt 0.16358331 0.01548759
vt 0.14277665 0.01352491
vt 0.12147724 0.01151627
vt 0.10019726 0.00950945
vt 0.07894958 0.00750572
vt 0.05769835 0.00550155
vt 0.01779474 0.15320215
vt 0.01989031 0.13171075
vt 0.02191064 0.11099117
vt 0.02393507 0.09023324
vt 0.02595658 0.06950427
vt 0.02797832 0.04877380
vt 0.03000073 0.02803743
vt 0.01574621 0.17422366
vt 0.01372088 0.19501072
vt 0.01168126 0.21594279
vt 0.00964383 0.23685496
vt 0.00760903 0.25773901
vt 0.00557435 0.27861813
vt 0.15556893 0.31808448
vt 0.13425839 0.31605104
vt 0.11303016 0.31402549
vt 0.09185462 0.31200489
vt 0.07070891 0.30998689
vt 0.04956152 0.30796880
vt 0.02840818 0.30595019
vt 0.17688057 0.32011747
vt 0.19791821 0.32212484
vt 0.21908589 0.32414424
vt 0.24029742 0.32616815
vt 0.26151273 0.32819238
vt 0.28272450 0.33021641
vt 0.32165524 0.20333372
vt 0.32371232 0.18234372
vt 0.32576284 0.16132110
vt 0.32778943 0.14054970
vt 0.32982865 0.11973719
vt 0.33187985 0.09879746
vt 0.33392876 0.07785574
vt 0.33597738 0.05691066
vt 0.31349152 0.28685179
vt 0.31144580 0.30777833
vt 0.31553701 0.26593092
vt 0.31758276 0.24499144
vt 0.31961882 0.22413039
vt 0.16367728 0.01453109
vt 0.14286825 0.01256886
vt 0.12157153 0.01054972
vt 0.10029093 0.00854389
vt 0.07904308 0.00654083
vt 0.05779197 0.00453644
vt 0.18499574 0.01652979
vt 0.20631492 0.01854186
vt 0.22755067 0.02054890
vt 0.24867798 0.02254279
vt 0.26986429 0.02454033
vt 0.29103401 0.02653742
vt 0.31220469 0.02853457
vt 0.00663314 0.25764662
vt 0.00866721 0.23676251
vt 0.01070341 0.21585014
vt 0.01274589 0.19491881
vt 0.01476909 0.17413132
vt 0.01680147 0.15310708
vt 0.01890383 0.13161874
vt 0.02094126 0.11089839
vt 0.02296557 0.09014151
vt 0.02498776 0.06941254
vt 0.02700927 0.04868186
vt 0.02903151 0.02794570
vt 0.00459885 0.27852470
vt 0.26141810 0.32915568
vt 0.24020278 0.32713145
vt 0.21899137 0.32510641
vt 0.19782446 0.32308310
vt 0.17678571 0.32107899
vt 0.15547407 0.31905213
vt 0.13416353 0.31701687
vt 0.11293552 0.31498829
vt 0.09176022 0.31296566
vt 0.07061462 0.31094706
vt 0.04946722 0.30892915
vt 0.02831378 0.30691066
vt 0.28262988 0.33117965
vt 0.01580798 0.15301289
vt 0.01791729 0.13152491
vt 0.01997199 0.11080567
vt 0.02199596 0.09004967
vt 0.02401882 0.06932065
vt 0.02604016 0.04859002
vt 0.02806241 0.02785375
vt 0.00565715 0.25755432
vt 0.00362319 0.27843133
vt 0.00769043 0.23667000
vt 0.00972562 0.21575746
vt 0.01177090 0.19482675
vt 0.01379185 0.17403936
vt 0.10038467 0.00757833
vt 0.07913671 0.00557582
vt 0.05788571 0.00357143
vt 0.16377012 0.01357470
vt 0.18508939 0.01556174
vt 0.20640878 0.01757563
vt 0.22764416 0.01958699
vt 0.24877128 0.02158209
vt 0.26995769 0.02357852
vt 0.29112726 0.02557606
vt 0.31229809 0.02757305
vt 0.14296122 0.01161264
vt 0.12166587 0.00958305
vt 0.31855962 0.24508411
vt 0.32059246 0.22422293
vt 0.32263181 0.20342660
vt 0.32469401 0.18243687
vt 0.32673952 0.16141377
vt 0.32876116 0.14064197
vt 0.33080429 0.11983017
vt 0.33285856 0.09889068
vt 0.33490774 0.07794879
vt 0.33695653 0.05700256
vt 0.31446928 0.28694487
vt 0.31242368 0.30787122
vt 0.31651524 0.26602378
vt 0.24010824 0.32809481
vt 0.21889675 0.32606858
vt 0.19773051 0.32404137
vt 0.17669141 0.32204053
vt 0.15537931 0.32001987
vt 0.13406868 0.31798261
vt 0.11284079 0.31595096
vt 0.09166576 0.31392658
vt 0.07052033 0.31190729
vt 0.04937288 0.30988953
vt 0.02821954 0.30787122
vt 0.26132348 0.33011898
vt 0.28253537 0.33214286
vt 0.31543636 0.51194876
vt 0.31283650 0.51178652
vt 0.31486762 0.50380039
vt 0.32092342 0.54795229
vt 0.57355314 0.54798996
vt 0.57359058 0.70066208
vt 0.32084677 0.70064551
vt 0.31682155 0.62423289
vt 0.31719080 0.54790533
vt 0.31684166 0.70067161
vt 0.57765049 0.62423545
vt 0.57758278 0.70067906
vt 0.57721323 0.54796189
vt 0.44747385 0.70161504
vt 0.42626971 0.70161384
vt 0.40526065 0.70161301
vt 0.38415313 0.70161146
vt 0.36305410 0.70161003
vt 0.34195155 0.70160913
vt 0.32084703 0.70160830
vt 0.55233252 0.70162964
vt 0.57359058 0.70163190
vt 0.53107601 0.70162636
vt 0.50982094 0.70162332
vt 0.48860976 0.70162004
vt 0.46753234 0.70161712
vt 0.58088487 0.54778314
vt 0.58167911 0.62418932
vt 0.58157635 0.70069492
vt 0.31280065 0.62419915
vt 0.31344399 0.54769576
vt 0.31283402 0.70069516
vt 0.58458215 0.54745060
vt 0.58570993 0.62414300
vt 0.58557099 0.70070982
vt 0.30882451 0.70071620
vt 0.30877802 0.62416548
vt 0.30966774 0.54731911
vt 0.46753433 0.70255518
vt 0.44747150 0.70255631
vt 0.42627099 0.70257652
vt 0.40526029 0.70257396
vt 0.38415319 0.70257407
vt 0.36305395 0.70257246
vt 0.34195167 0.70257193
vt 0.32084712 0.70257097
vt 0.55233234 0.70259953
vt 0.57359058 0.70260173
vt 0.53107578 0.70259595
vt 0.50982058 0.70259213
vt 0.48860875 0.70258451
vt 0.58832812 0.54694372
vt 0.58974421 0.62409711
vt 0.58956665 0.70072395
vt 0.30481321 0.70073485
vt 0.30475292 0.62413251
vt 0.30583540 0.54675615
vt 0.59213543 0.54625654
vt 0.59378266 0.62405258
vt 0.59356278 0.70073766
vt 0.30080047 0.70075130
vt 0.30072463 0.62410158
vt 0.30193505 0.54599464
vt 0.48860744 0.70354879
vt 0.46753421 0.70349348
vt 0.44747150 0.70349747
vt 0.42627198 0.70353919
vt 0.40526021 0.70353472
vt 0.38415319 0.70353669
vt 0.36305383 0.70353502
vt 0.34195179 0.70353454
vt 0.32084712 0.70353371
vt 0.55233222 0.70356929
vt 0.57359058 0.70357144
vt 0.53107560 0.70356566
vt 0.50982022 0.70356071
vt 0.32052186 0.52557546
vt 0.57409853 0.52562952
vt 0.32064894 0.51223379
vt 0.57392263 0.51226264
vt 0.31759015 0.52551466
vt 0.31803334 0.51208299
vt 0.57651275 0.51209158
vt 0.57713169 0.52558404
vt 0.31472054 0.52522713
vt 0.57906348 0.51189905
vt 0.58012021 0.52530342
vt 0.31201312 0.52471995
vt 0.58161914 0.51165074
vt 0.58297688 0.52479130
vt 0.32063526 0.50390106
vt 0.57393211 0.50393671
vt 0.31759378 0.50395745
vt 0.57675141 0.50409067
vt 0.59603149 0.54536963
vt 0.59782606 0.62401104
vt 0.59755939 0.70075130
vt 0.58417386 0.51136845
vt 0.58560634 0.52407783
vt 0.57934099 0.50385207
vt 0.58200163 0.50357145
vt 0.01938067 0.53085810
vt 0.02198655 0.53060675
vt 0.02169972 0.53879386
vt 0.28078735 0.34283727
vt 0.28031942 0.49520710
vt 0.02804333 0.34218767
vt 0.02768749 0.49453440
vt 0.02379033 0.41844323
vt 0.02405042 0.34216109
vt 0.02403709 0.49454734
vt 0.28461257 0.41909361
vt 0.28405222 0.49526286
vt 0.28477356 0.34283653
vt 0.15454401 0.34155476
vt 0.17570530 0.34160939
vt 0.19662909 0.34166321
vt 0.21762267 0.34171718
vt 0.23867516 0.34177065
vt 0.25972989 0.34182450
vt 0.28079003 0.34187859
vt 0.13387738 0.34150067
vt 0.11306407 0.34144565
vt 0.09177941 0.34138885
vt 0.07053342 0.34133229
vt 0.04929863 0.34127632
vt 0.02804612 0.34122041
vt 0.02037527 0.49470896
vt 0.01976356 0.41848016
vt 0.02005614 0.34213570
vt 0.28863144 0.41913521
vt 0.28779885 0.49548101
vt 0.28876060 0.34283659
vt 0.01668779 0.49502248
vt 0.01573440 0.41851735
vt 0.01606085 0.34211129
vt 0.29274812 0.34283718
vt 0.29265201 0.41917661
vt 0.29157460 0.49586591
vt 0.21762501 0.34076035
vt 0.23867749 0.34081221
vt 0.25973260 0.34086588
vt 0.28079262 0.34091991
vt 0.13387981 0.34055650
vt 0.15454753 0.34060282
vt 0.11306635 0.34048763
vt 0.09178249 0.34042078
vt 0.07053600 0.34036529
vt 0.04930118 0.34030923
vt 0.02804882 0.34025306
vt 0.17570697 0.34065166
vt 0.19663198 0.34070909
vt 0.01295149 0.49550858
vt 0.01170188 0.41855437
vt 0.01206478 0.34208763
vt 0.29673621 0.34283814
vt 0.29667529 0.41921702
vt 0.29540610 0.49643674
vt 0.00915427 0.49617267
vt 0.00766497 0.41859010
vt 0.00806802 0.34206468
vt 0.30070186 0.41925520
vt 0.29930514 0.49720600
vt 0.30072463 0.34283918
vt 0.23867989 0.33985382
vt 0.25973517 0.33990738
vt 0.28079513 0.33996120
vt 0.17570916 0.33969399
vt 0.19663462 0.33975500
vt 0.15454997 0.33965099
vt 0.13388249 0.33961228
vt 0.11306959 0.33952948
vt 0.09178551 0.33945289
vt 0.07053858 0.33939832
vt 0.04930381 0.33934218
vt 0.02805147 0.33928570
vt 0.21762732 0.33980343
vt 0.28066605 0.51754045
vt 0.02706038 0.51685238
vt 0.28050661 0.53085560
vt 0.02718304 0.53022331
vt 0.28359818 0.51760834
vt 0.28312212 0.53101218
vt 0.02457648 0.53040117
vt 0.02402123 0.51687485
vt 0.28646761 0.51790231
vt 0.28571877 0.53115237
vt 0.02102496 0.51713061
vt 0.28917423 0.51841497
vt 0.28831846 0.53132075
vt 0.01815900 0.51761508
vt 0.28050023 0.53917205
vt 0.02715664 0.53853762
vt 0.28354114 0.53912121
vt 0.02436743 0.53851157
vt 0.00526836 0.49703422
vt 0.00362319 0.41862303
vt 0.00407119 0.34204182
vt 0.01674278 0.53105605
vt 0.01551952 0.51829743
vt 0.01849091 0.53928572
vt 0.28626689 0.53928572
vt 0.60475475 0.48113757
vt 0.60735422 0.48130193
vt 0.60531574 0.48928571
vt 0.59929985 0.44513103
vt 0.34666970 0.44487447
vt 0.34676671 0.29220411
vt 0.59951150 0.29243940
vt 0.34263951 0.36862472
vt 0.34277403 0.29218325
vt 0.34300941 0.44489935
vt 0.60346872 0.36885440
vt 0.60303241 0.44518128
vt 0.60351640 0.29241669
vt 0.47313711 0.29136047
vt 0.49341157 0.29137969
vt 0.51452368 0.29139790
vt 0.53580970 0.29141602
vt 0.55705506 0.29143429
vt 0.57828307 0.29145259
vt 0.59951228 0.29147100
vt 0.45304102 0.29134056
vt 0.43214250 0.29131904
vt 0.41076884 0.29129696
vt 0.38941258 0.29127491
vt 0.36809343 0.29125297
vt 0.34676790 0.29123130
vt 0.33933771 0.44507486
vt 0.33861101 0.36866730
vt 0.33878013 0.29216364
vt 0.60752374 0.29239661
vt 0.60748941 0.36889166
vt 0.60677904 0.44539431
vt 0.33458003 0.36871004
vt 0.33478516 0.29214501
vt 0.33563998 0.44540411
vt 0.61153328 0.29237905
vt 0.61151201 0.36892891
vt 0.61055499 0.44577435
vt 0.41077042 0.29032227
vt 0.38941354 0.29030153
vt 0.36809444 0.29028028
vt 0.34676880 0.29025856
vt 0.47313824 0.29043955
vt 0.49341279 0.29043582
vt 0.51452386 0.29043099
vt 0.53581035 0.29044604
vt 0.55705595 0.29046553
vt 0.57828403 0.29048419
vt 0.59951305 0.29050273
vt 0.45304140 0.29040545
vt 0.43214372 0.29035497
vt 0.33189344 0.44590774
vt 0.33054578 0.36875251
vt 0.33078939 0.29212719
vt 0.61554474 0.29236394
vt 0.61553699 0.36896533
vt 0.61438692 0.44634077
vt 0.32808548 0.44659168
vt 0.32650721 0.36879361
vt 0.32679304 0.29210994
vt 0.61955756 0.29235104
vt 0.61956519 0.36899966
vt 0.61828649 0.44710565
vt 0.47313890 0.28951874
vt 0.45304361 0.28947040
vt 0.43214610 0.28939089
vt 0.41077194 0.28934768
vt 0.38941458 0.28932819
vt 0.36809540 0.28930753
vt 0.34676990 0.28928572
vt 0.51452368 0.28946403
vt 0.53581089 0.28947592
vt 0.55705690 0.28949678
vt 0.57828486 0.28951591
vt 0.59951413 0.28953421
vt 0.49341241 0.28949207
vt 0.34610453 0.46723431
vt 0.59968162 0.46750784
vt 0.59954286 0.48084792
vt 0.34626862 0.48060128
vt 0.34367818 0.48077017
vt 0.34307125 0.46727714
vt 0.60261303 0.46757114
vt 0.60215813 0.48100090
vt 0.34112722 0.48096064
vt 0.34008256 0.46755514
vt 0.60548222 0.46786124
vt 0.33857119 0.48120674
vt 0.33722544 0.46806487
vt 0.60818899 0.46837077
vt 0.34625173 0.48892641
vt 0.59954935 0.48918000
vt 0.34343234 0.48877105
vt 0.60259008 0.48912576
vt 0.32418841 0.44747517
vt 0.32246378 0.36883163
vt 0.32279643 0.29209295
vt 0.33601621 0.48148674
vt 0.33459523 0.46877605
vt 0.34084225 0.48900756
vt 0.33818087 0.48928571
vt 0.58138633 0.84384471
vt 0.54710144 0.88653547
vt 0.54759645 0.89149511
vt 0.57655519 0.84499937
vt 0.54720020 0.88155180
vt 0.57189620 0.84672529
vt 0.54789120 0.87661582
vt 0.56747603 0.84899735
vt 0.54916489 0.87179792
vt 0.56335795 0.85178298
vt 0.55100262 0.86716735
vt 0.55960047 0.85504246
vt 0.60103112 0.84513867
vt 0.59621340 0.84392893
vt 0.55253184 0.90552878
vt 0.55524856 0.90970135
vt 0.55844229 0.91351861
vt 0.56206745 0.91692537
vt 0.56607211 0.91987324
vt 0.57039893 0.92231959
vt 0.57498592 0.92423010
vt 0.57976735 0.92557669
vt 0.58467484 0.92634040
vt 0.58963823 0.92651027
vt 0.59458613 0.92608380
vt 0.59944791 0.92506737
vt 0.60415393 0.92347521
vt 0.60863662 0.92133027
vt 0.61283213 0.91866314
vt 0.60436487 0.84026456
vt 0.60818225 0.83576208
vt 0.61244279 0.83167958
vt 0.61710083 0.82806075
vt 0.62210625 0.82494426
vt 0.62740558 0.82236332
vt 0.63294232 0.82034570
vt 0.63865703 0.81891292
vt 0.64448875 0.81808060
vt 0.65037489 0.81785715
vt 0.65625232 0.81824523
vt 0.66205865 0.81924087
vt 0.66773123 0.82083297
vt 0.67320979 0.82300490
vt 0.67843527 0.82573318
vt 0.68335217 0.82898873
vt 0.61752224 0.92223966
vt 0.68790764 0.83273679
vt 0.62255538 0.92531109
vt 0.69205290 0.83693695
vt 0.62787765 0.92784411
vt 0.69574386 0.84154469
vt 0.63343239 0.92981184
vt 0.69894069 0.84651023
vt 0.63915962 0.93119276
vt 0.70160931 0.85178071
vt 0.64499843 0.93197250
vt 0.70372128 0.85729986
vt 0.65088624 0.93214285
vt 0.70525384 0.86300838
vt 0.65676022 0.93170178
vt 0.70619082 0.86884528
vt 0.66255730 0.93065393
vt 0.70652175 0.87474793
vt 0.66821551 0.92901069
vt 0.70624363 0.88065350
vt 0.67367429 0.92678940
vt 0.70535904 0.88649863
vt 0.67887527 0.92401415
vt 0.70387763 0.89222068
vt 0.68376279 0.92071438
vt 0.70181507 0.89775866
vt 0.68828440 0.91692537
vt 0.69919372 0.90305299
vt 0.55033141 0.90106040
vt 0.59128624 0.84330553
vt 0.54867828 0.89635998
vt 0.58632016 0.84327739
vt 0.71640867 0.45917273
vt 0.71170408 0.46282011
vt 0.66930717 0.39927527
vt 0.75880551 0.52271754
vt 0.76351011 0.51907015
vt 0.66460270 0.40292269
vt 0.70698583 0.46647927
vt 0.75408733 0.52637666
vt 0.65988439 0.40658179
vt 0.70230448 0.47011092
vt 0.74940598 0.53000844
vt 0.65520304 0.41021350
vt 0.72104901 0.45557612
vt 0.76815045 0.51547360
vt 0.67394751 0.39567870
vt 0.69771004 0.47367635
vt 0.74481148 0.53357381
vt 0.65060854 0.41377890
vt 0.69325161 0.47713727
vt 0.74035299 0.53703469
vt 0.64615017 0.41723981
vt 0.68897682 0.48045686
vt 0.73607826 0.54035431
vt 0.64187539 0.42055941
vt 0.73203313 0.54349679
vt 0.68493170 0.48359931
vt 0.63783032 0.42370185
vt 0.72826087 0.54642856
vt 0.68115950 0.48653108
vt 0.63405800 0.42663369
vt 0.67847443 0.39217126
vt 0.72557586 0.45206872
vt 0.77267730 0.51196617
vt 0.72994053 0.44868806
vt 0.77704203 0.50858557
vt 0.68283910 0.38879067
vt 0.68699497 0.38557297
vt 0.73409641 0.44547045
vt 0.78119785 0.50536788
vt 0.78510040 0.50234759
vt 0.69089752 0.38255262
vt 0.69414270 0.38003084
vt 0.78834558 0.49982578
vt 0.74134660 0.43984869
vt 0.79184246 0.49710965
vt 0.74495995 0.43704218
vt 0.69763958 0.37731478
vt 0.79554117 0.49423805
vt 0.74878412 0.43407330
vt 0.70133829 0.37444314
vt 0.79938859 0.49125212
vt 0.75276101 0.43098700
vt 0.70518571 0.37145719
vt 0.80332977 0.48819461
vt 0.75683022 0.42783031
vt 0.70912689 0.36839965
vt 0.80730814 0.48510927
vt 0.71310526 0.36531433
vt 0.76092947 0.42465132
vt 0.81126678 0.48204035
vt 0.71706390 0.36224541
vt 0.76499718 0.42149815
vt 0.81514907 0.47903171
vt 0.72094613 0.35923684
vt 0.76897091 0.41841885
vt 0.81889927 0.47612652
vt 0.72469640 0.35633162
vt 0.77279055 0.41546020
vt 0.82246375 0.47336632
vt 0.72826087 0.35357141
vt 0.77639794 0.41266719
vt 0.81521720 0.96357137
vt 0.81521720 0.96928567
vt 0.74275362 0.96357137
vt 0.74275362 0.96928567
vt 0.88768095 0.96357161
vt 0.88768095 0.96928579
vt 0.88768095 0.97500002
vt 0.81521720 0.97500002
vt 0.74275362 0.97500002
vt 0.81521720 0.95785719
vt 0.74275362 0.95785731
vt 0.88768095 0.95785743
vt 0.81521720 0.95214278
vt 0.74275362 0.95214266
vt 0.88768095 0.95214301
vt 0.74275362 0.94642860
vt 0.81521720 0.94642866
vt 0.88768095 0.94642878
vt 0.74275362 0.94071424
vt 0.81521720 0.94071424
vt 0.88768095 0.94071424
vt 0.74275362 0.93499982
vt 0.81521720 0.93500018
vt 0.88768101 0.93500030
vt 0.74275362 0.92928588
vt 0.81521720 0.92928576
vt 0.88768101 0.92928600
vt 0.74275362 0.92357159
vt 0.81521726 0.92357159
vt 0.88768101 0.92357177
vt 0.81521726 0.91785723
vt 0.74275368 0.91785735
vt 0.88768107 0.91785759
vt 0.81521726 0.91214293
vt 0.74275368 0.91214269
vt 0.88768107 0.91214317
vt 0.81521726 0.90642864
vt 0.74275368 0.90642864
vt 0.88768107 0.90642887
vt 0.81521726 0.90071446
vt 0.74275368 0.90071422
vt 0.88768113 0.90071464
vt 0.74275368 0.89500004
vt 0.81521732 0.89500016
vt 0.88768119 0.89500034
vt 0.74275374 0.88928574
vt 0.81521732 0.88928574
vt 0.88768119 0.88928628
vt 0.46854389 0.76784867
vt 0.47086781 0.76263076
vt 0.39873111 0.73749155
vt 0.40105513 0.73227364
vt 0.53835654 0.79820585
vt 0.54068059 0.79298794
vt 0.46616882 0.77318126
vt 0.39635605 0.74282408
vt 0.53598154 0.80353838
vt 0.39395538 0.74821430
vt 0.46376812 0.77857143
vt 0.53358084 0.80892855
vt 0.39155468 0.75360453
vt 0.46136740 0.78396165
vt 0.53118014 0.81431878
vt 0.45899230 0.78929424
vt 0.38917959 0.75893712
vt 0.52880508 0.81965148
vt 0.47311583 0.75758350
vt 0.40330312 0.72722626
vt 0.54292858 0.78794068
vt 0.47526377 0.75276083
vt 0.40545100 0.72240365
vt 0.54507643 0.78311789
vt 0.54710144 0.77857143
vt 0.47728872 0.74821424
vt 0.40747598 0.71785712
vt 0.38685566 0.76415503
vt 0.45666838 0.79451215
vt 0.52648115 0.82486933
vt 0.45442042 0.79955935
vt 0.38460770 0.76920223
vt 0.52423316 0.82991648
vt 0.45227247 0.80438203
vt 0.38245976 0.77402490
vt 0.52208519 0.83473921
vt 0.38043478 0.77857143
vt 0.45024756 0.80892855
vt 0.52006024 0.83928573
vt 0.97463745 0.67800218
vt 0.90217292 0.68204331
vt 0.90217298 0.67695540
vt 0.82971019 0.67800182
vt 0.82971019 0.68294001
vt 0.97463757 0.68294048
vt 0.90217286 0.68713105
vt 0.82971019 0.68787825
vt 0.97463757 0.68787885
vt 0.82971019 0.67306376
vt 0.97463745 0.67306381
vt 0.90217298 0.67186755
vt 0.82971019 0.66812539
vt 0.97463745 0.66812539
vt 0.90217298 0.66677976
vt 0.82971025 0.66318727
vt 0.97463733 0.66318709
vt 0.90217304 0.66169196
vt 0.97463733 0.65824866
vt 0.82971025 0.65824890
vt 0.90217304 0.65660417
vt 0.82971030 0.65331066
vt 0.97463721 0.65331030
vt 0.90217304 0.65151638
vt 0.97463715 0.64837193
vt 0.82971042 0.64837235
vt 0.90217298 0.64642859
vt 0.90217280 0.69221896
vt 0.82971019 0.69281650
vt 0.97463757 0.69281727
vt 0.90217274 0.69730669
vt 0.97463769 0.69775563
vt 0.82971025 0.69775480
vt 0.90217263 0.70239455
vt 0.82971025 0.70269299
vt 0.97463769 0.70269400
vt 0.90217257 0.70748228
vt 0.82971025 0.70763129
vt 0.97463769 0.70763242
vt 0.97463769 0.71257085
vt 0.82971025 0.71256983
vt 0.90217465 0.71842766
vt 0.82971025 0.71842718
vt 0.97463769 0.71842802
vt 0.97463769 0.72428524
vt 0.90217459 0.72428489
vt 0.82971019 0.72428453
vt 0.90217453 0.73014224
vt 0.82971019 0.73014188
vt 0.97463769 0.73014241
vt 0.90217453 0.73599958
vt 0.82971019 0.73599923
vt 0.97463769 0.73599964
vt 0.97463769 0.74185681
vt 0.90217447 0.74185681
vt 0.82971013 0.74185658
vt 0.97463769 0.74771404
vt 0.90217447 0.74771410
vt 0.82971013 0.74771398
vt 0.97463769 0.75357127
vt 0.90217447 0.75357145
vt 0.82971013 0.75357127
vt 0.04113017 0.92142856
vt 0.04615507 0.92142856
vt 0.04365692 0.99642855
vt 0.04365692 0.84642857
vt 0.03873451 0.84642857
vt 0.03873451 0.99642855
vt 0.03602955 0.92142856
vt 0.03377521 0.99642855
vt 0.03377521 0.84642857
vt 0.04847156 0.84642857
vt 0.04847156 0.99642855
vt 0.05102761 0.92142856
vt 0.05310972 0.99642855
vt 0.05310972 0.84642857
vt 0.05567405 0.92142856
vt 0.05750489 0.84642857
vt 0.05750489 0.99642855
vt 0.03093078 0.92142856
vt 0.02884982 0.99642855
vt 0.02884982 0.84642857
vt 0.02591105 0.92142856
vt 0.02402886 0.99642855
vt 0.02402886 0.84642857
vt 0.06002360 0.92142856
vt 0.06159420 0.84642857
vt 0.06159420 0.99642855
vt 0.02104701 0.92142856
vt 0.01938127 0.84642857
vt 0.01938127 0.99642855
vt 0.01641252 0.92142856
vt 0.01497393 0.84642857
vt 0.01497393 0.99642855
vt 0.01207779 0.92142856
vt 0.01086957 0.84642857
vt 0.01086957 0.99642855
vt 0.76225734 0.59727573
vt 0.81782192 0.61334181
vt 0.82205796 0.61090481
vt 0.76487607 0.60127491
vt 0.81331056 0.61527961
vt 0.76797771 0.60494781
vt 0.80858850 0.61669016
vt 0.77151781 0.60824126
vt 0.80372339 0.61755341
vt 0.77544564 0.61110878
vt 0.79878485 0.61785716
vt 0.77970493 0.61350852
vt 0.79384345 0.61759669
vt 0.79722971 0.53910416
vt 0.79230225 0.53954148
vt 0.83253223 0.60097915
vt 0.83811915 0.60269368
vt 0.84386206 0.60384941
vt 0.84969980 0.60443383
vt 0.85556960 0.60444099
vt 0.86140871 0.60387039
vt 0.86715484 0.60272819
vt 0.87274623 0.60102701
vt 0.87812316 0.59878480
vt 0.88322800 0.59602547
vt 0.88800645 0.59277856
vt 0.89240718 0.58907896
vt 0.89638311 0.58496624
vt 0.89989126 0.58048439
vt 0.90289491 0.57568121
vt 0.90536129 0.57060826
vt 0.90726435 0.56531984
vt 0.79875904 0.53370696
vt 0.90858346 0.55987239
vt 0.80086553 0.52848893
vt 0.90930474 0.55432427
vt 0.80352676 0.52350610
vt 0.90942031 0.54873496
vt 0.80671424 0.51881170
vt 0.90892911 0.54316419
vt 0.81039387 0.51445609
vt 0.90783626 0.53767139
vt 0.81452632 0.51048577
vt 0.90615344 0.53231573
vt 0.81906718 0.50694329
vt 0.90389854 0.52715427
vt 0.82396805 0.50386667
vt 0.90109599 0.52224219
vt 0.82917649 0.50128853
vt 0.89777565 0.51763207
vt 0.83463657 0.49923667
vt 0.89397305 0.51337343
vt 0.84029013 0.49773297
vt 0.88972884 0.50951159
vt 0.84607649 0.49679363
vt 0.88508844 0.50608820
vt 0.85193366 0.49642858
vt 0.88010138 0.50313956
vt 0.85779929 0.49664176
vt 0.87482142 0.50069720
vt 0.78746486 0.54053599
vt 0.78278679 0.54207391
vt 0.77833509 0.54413295
vt 0.77417344 0.54668355
vt 0.77036166 0.54968953
vt 0.76695400 0.55310762
vt 0.76399964 0.55688888
vt 0.76154059 0.56097913
vt 0.75961220 0.56531984
vt 0.75824201 0.56984884
vt 0.75744957 0.57450140
vt 0.75724638 0.57921070
vt 0.75763535 0.58390945
vt 0.82946610 0.60467887
vt 0.75861073 0.58853048
vt 0.82595789 0.60800344
vt 0.76015890 0.59300709
vt 0.87105989 0.24999128
vt 0.87714440 0.24999063
vt 0.87106001 0.17500067
vt 0.87714446 0.17500000
vt 0.87106001 0.32498190
vt 0.87714440 0.32498121
vt 0.88324720 0.32498142
vt 0.88324708 0.24999079
vt 0.88324708 0.17500018
vt 0.88930297 0.32498249
vt 0.88930297 0.24999185
vt 0.88930297 0.17500122
vt 0.89524716 0.24999376
vt 0.89524704 0.17500313
vt 0.89524716 0.32498440
vt 0.90101600 0.32498711
vt 0.90101588 0.24999651
vt 0.90101588 0.17500588
vt 0.90654790 0.32499066
vt 0.90654790 0.25000006
vt 0.90654790 0.17500943
vt 0.86505932 0.24999283
vt 0.86505932 0.17500220
vt 0.86505926 0.32498345
vt 0.85920602 0.17500460
vt 0.85920602 0.24999523
vt 0.85920614 0.32498583
vt 0.85356337 0.24999842
vt 0.85356337 0.17500781
vt 0.85356337 0.32498905
vt 0.84819144 0.25000238
vt 0.84819132 0.17501177
vt 0.84819132 0.32499301
vt 0.84314764 0.32499775
vt 0.84314752 0.17501649
vt 0.91178328 0.32499498
vt 0.91178328 0.25000435
vt 0.91178340 0.17501374
vt 0.83894694 0.17501242
vt 0.83881414 0.25000295
vt 0.83894694 0.32499367
vt 0.83442128 0.32499030
vt 0.83413780 0.24999951
vt 0.83442128 0.17500906
vt 0.82963514 0.32498771
vt 0.82918948 0.24999690
vt 0.82963526 0.17500646
vt 0.82465732 0.32498592
vt 0.82404429 0.24999516
vt 0.82465720 0.17500469
vt 0.81955904 0.32498497
vt 0.81878054 0.24999425
vt 0.81955892 0.17500371
vt 0.81441307 0.32498482
vt 0.81441307 0.17500359
vt 0.81347823 0.24999428
vt 0.80929345 0.32498556
vt 0.80929345 0.17500432
vt 0.80821788 0.24999520
vt 0.80427349 0.32498711
vt 0.80427349 0.17500587
vt 0.80307966 0.24999700
vt 0.79942483 0.32498947
vt 0.79942465 0.17500825
vt 0.79814136 0.24999964
vt 0.79481697 0.32499266
vt 0.79481697 0.17501140
vt 0.79347825 0.25000310
vt 0.91666669 0.32499999
vt 0.91666669 0.25000939
vt 0.91666669 0.17501874
vt 0.94390804 0.53571427
vt 0.94989103 0.53571427
vt 0.94390804 0.46071428
vt 0.94989103 0.46071428
vt 0.94390804 0.61071426
vt 0.94989103 0.61071426
vt 0.93802136 0.53571427
vt 0.93802124 0.46071428
vt 0.93802136 0.61071426
vt 0.95590609 0.61071426
vt 0.95590609 0.53571427
vt 0.95590609 0.46071428
vt 0.96188909 0.61071426
vt 0.96188909 0.53571427
vt 0.96188909 0.46071434
vt 0.96777576 0.53571427
vt 0.96777576 0.46071428
vt 0.96777576 0.61071426
vt 0.97350335 0.53571427
vt 0.97350335 0.46071434
vt 0.97350335 0.61071426
vt 0.97901040 0.61071426
vt 0.97901040 0.53571427
vt 0.97901040 0.46071428
vt 0.98423809 0.53571427
vt 0.98423809 0.46071428
vt 0.98423809 0.61071426
vt 0.98913044 0.61071426
vt 0.98913044 0.53571427
vt 0.98913044 0.46071428
vt 0.93229377 0.53571427
vt 0.93229377 0.46071428
vt 0.93229377 0.61071426
vt 0.92678666 0.53571427
vt 0.92678660 0.46071428
vt 0.92678666 0.61071426
vt 0.92155904 0.53571427
vt 0.92155898 0.46071428
vt 0.92155898 0.61071426
vt 0.91666669 0.46071428
vt 0.91666675 0.53571427
vt 0.91666669 0.61071426
vt 0.74364001 0.65894341
vt 0.74679136 0.65515453
vt 0.68817174 0.61135036
vt 0.80411309 0.70051616
vt 0.80105454 0.70419353
vt 0.68511307 0.61502784
vt 0.74048913 0.66273212
vt 0.79799616 0.70787102
vt 0.68205452 0.61870539
vt 0.69123024 0.60767299
vt 0.80717158 0.69683880
vt 0.74994242 0.65136576
vt 0.69428885 0.60399544
vt 0.81023008 0.69316131
vt 0.75309348 0.64757699
vt 0.69734740 0.60031801
vt 0.81328851 0.68948394
vt 0.75624448 0.64378822
vt 0.81634700 0.68580651
vt 0.70040607 0.59664059
vt 0.75939584 0.63999939
vt 0.70346457 0.59296316
vt 0.81940538 0.68212909
vt 0.76254684 0.63621062
vt 0.82246375 0.67845160
vt 0.70652318 0.58928573
vt 0.76569796 0.63242179
vt 0.73733795 0.66652101
vt 0.79493749 0.71154839
vt 0.67899579 0.62238288
vt 0.73418695 0.67030984
vt 0.79187912 0.71522582
vt 0.67593712 0.62606055
vt 0.73103595 0.67409873
vt 0.78882056 0.71890312
vt 0.67287856 0.62973797
vt 0.72788477 0.67788756
vt 0.78576207 0.72258055
vt 0.66981977 0.63341558
vt 0.66676128 0.63709313
vt 0.78270346 0.72625822
vt 0.72110474 0.68603748
vt 0.77907586 0.73062003
vt 0.66313368 0.64145499
vt 0.65950602 0.64581680
vt 0.71747714 0.69039935
vt 0.77544832 0.73498183
vt 0.65587831 0.65017867
vt 0.71384948 0.69476122
vt 0.77182060 0.73934370
vt 0.71022165 0.69912308
vt 0.76819289 0.74370551
vt 0.65225065 0.65454060
vt 0.64862281 0.65890241
vt 0.70659393 0.70348489
vt 0.76456523 0.74806738
vt 0.70296621 0.70784676
vt 0.76093769 0.75242919
vt 0.64499509 0.66326427
vt 0.66306204 0.75582737
vt 0.66668969 0.75146550
vt 0.60509062 0.71124494
vt 0.60871834 0.70688307
vt 0.72466141 0.79604781
vt 0.72103375 0.80040967
vt 0.60146296 0.71560687
vt 0.65943444 0.76018929
vt 0.71740615 0.80477154
vt 0.59783512 0.71996874
vt 0.65580666 0.76455116
vt 0.71377844 0.80913335
vt 0.59420741 0.72433060
vt 0.65217894 0.76891303
vt 0.71015078 0.81349534
vt 0.64855129 0.77327502
vt 0.59057969 0.72869253
vt 0.70652318 0.81785715
vt 0.67031747 0.74710363
vt 0.61234599 0.70252120
vt 0.72828895 0.79168600
vt 0.67394501 0.74274170
vt 0.61597353 0.69815928
vt 0.73191649 0.78732407
vt 0.67757267 0.73837978
vt 0.61960125 0.69379735
vt 0.73554420 0.78296214
vt 0.73917180 0.77860034
vt 0.68120021 0.73401797
vt 0.62322891 0.68943554
vt 0.74279946 0.77423847
vt 0.68482804 0.72965610
vt 0.62685674 0.68507367
vt 0.74642718 0.76987666
vt 0.68845576 0.72529429
vt 0.63048446 0.68071181
vt 0.69208342 0.72093230
vt 0.63411218 0.67634988
vt 0.75005484 0.76551467
vt 0.75368255 0.76115286
vt 0.69571114 0.71657050
vt 0.63773990 0.67198801
vt 0.75730997 0.75679106
vt 0.69933856 0.71220869
vt 0.64136744 0.66762614
vt 0.26321784 0.65714288
vt 0.26831836 0.65714288
vt 0.26561335 0.58214283
vt 0.26561335 0.73214287
vt 0.27057266 0.73214287
vt 0.27057266 0.58214283
vt 0.27341726 0.65714288
vt 0.27549812 0.73214287
vt 0.27549812 0.58214283
vt 0.26069108 0.73214287
vt 0.26069108 0.58214283
vt 0.25819302 0.65714288
vt 0.25587645 0.58214283
vt 0.25587645 0.73214287
vt 0.25332022 0.65714288
vt 0.25123814 0.58214283
vt 0.25123814 0.73214287
vt 0.24867392 0.65714288
vt 0.24684308 0.73214287
vt 0.24684308 0.58214283
vt 0.24432434 0.65714288
vt 0.24275362 0.58214283
vt 0.24275362 0.73214287
vt 0.27843687 0.65714288
vt 0.28031904 0.73214287
vt 0.28031904 0.58214283
vt 0.28330091 0.65714288
vt 0.28496656 0.73214287
vt 0.28496656 0.58214283
vt 0.28793544 0.65714288
vt 0.28937396 0.58214283
vt 0.28937396 0.73214287
vt 0.29227021 0.65714288
vt 0.29347825 0.58214283
vt 0.29347825 0.73214287
vt 0.96508968 0.37110707
vt 0.96317083 0.36578223
vt 0.89181244 0.33590373
vt 0.89723766 0.33410704
vt 0.96070564 0.36068147
vt 0.90282208 0.33287349
vt 0.95771986 0.35585976
vt 0.90850550 0.33221638
vt 0.95424587 0.35136843
vt 0.91422719 0.33214286
vt 0.95032084 0.34725559
vt 0.91992575 0.33265346
vt 0.94598657 0.34356532
vt 0.92554075 0.33374289
vt 0.94128948 0.34033695
vt 0.88463473 0.43417907
vt 0.86046523 0.36710358
vt 0.85565042 0.36680385
vt 0.85083377 0.36707446
vt 0.84608442 0.36791149
vt 0.84147024 0.36930275
vt 0.83705729 0.37122858
vt 0.83290875 0.37366122
vt 0.82908428 0.37656608
vt 0.82563835 0.37990117
vt 0.82262057 0.38361916
vt 0.82007390 0.38766643
vt 0.81803495 0.39198539
vt 0.81653291 0.39651385
vt 0.81558913 0.40118712
vt 0.81521738 0.40593836
vt 0.88109440 0.43741620
vt 0.81542283 0.41069940
vt 0.87718785 0.44021246
vt 0.81620276 0.41540217
vt 0.87297100 0.44252762
vt 0.81754565 0.41997910
vt 0.86850458 0.44432887
vt 0.81943226 0.42436495
vt 0.86385226 0.44559011
vt 0.82183594 0.42849678
vt 0.85908055 0.44629329
vt 0.82472193 0.43231538
vt 0.85425812 0.44642857
vt 0.82804918 0.43576607
vt 0.84945381 0.44599390
vt 0.83176982 0.43879971
vt 0.84473652 0.44499546
vt 0.88974285 0.43672642
vt 0.89509004 0.43873879
vt 0.90061909 0.44019485
vt 0.90627092 0.44107899
vt 0.91198480 0.44138163
vt 0.91769981 0.44109952
vt 0.92335486 0.44023591
vt 0.92888927 0.43879968
vt 0.93424392 0.43680653
vt 0.93936133 0.43427768
vt 0.94418687 0.43124017
vt 0.94866902 0.42772648
vt 0.95275968 0.42377418
vt 0.95641518 0.41942558
vt 0.95959616 0.41472730
vt 0.96226889 0.40972954
vt 0.86279535 0.36194122
vt 0.96440470 0.40448576
vt 0.86565286 0.35704419
vt 0.96598029 0.39905214
vt 0.86900705 0.35246515
vt 0.96697956 0.39348683
vt 0.87282246 0.34825274
vt 0.96739131 0.38784942
vt 0.87705791 0.34445208
vt 0.96721131 0.38219997
vt 0.88166821 0.34110412
vt 0.96644139 0.37659928
vt 0.88660389 0.33824444
vt 0.14855070 0.91701680
vt 0.14855070 0.91113442
vt 0.07608700 0.91701680
vt 0.07608698 0.91113436
vt 0.22101444 0.91701680
vt 0.22101444 0.91113436
vt 0.22101444 0.90525204
vt 0.14855070 0.90525216
vt 0.07608700 0.90525204
vt 0.14855070 0.89936978
vt 0.07608701 0.89936972
vt 0.22101441 0.89936972
vt 0.14855070 0.92289919
vt 0.07608698 0.92289907
vt 0.22101444 0.92289907
vt 0.22101441 0.89348739
vt 0.14855072 0.89348739
vt 0.07608701 0.89348733
vt 0.14855070 0.88760501
vt 0.07608701 0.88760501
vt 0.22101441 0.88760507
vt 0.14855072 0.88172269
vt 0.07608702 0.88172263
vt 0.22101441 0.88172281
vt 0.14855072 0.87584037
vt 0.07608704 0.87584031
vt 0.22101441 0.87584049
vt 0.22101441 0.86995816
vt 0.14855072 0.86995792
vt 0.07608703 0.86995792
vt 0.14855073 0.86407566
vt 0.07608704 0.86407566
vt 0.22101444 0.86407584
vt 0.22101444 0.85819358
vt 0.14855073 0.85819328
vt 0.07608703 0.85819328
vt 0.14855072 0.92878145
vt 0.07608698 0.92878133
vt 0.22101447 0.92878133
vt 0.14855072 0.93466383
vt 0.07608698 0.93466383
vt 0.22101447 0.93466371
vt 0.14855070 0.94054633
vt 0.07608697 0.94054621
vt 0.22101450 0.94054621
vt 0.14855070 0.94642860
vt 0.07608695 0.94642860
vt 0.22101450 0.94642848
vt 0.14855075 0.85231096
vt 0.07608703 0.85231096
vt 0.22101447 0.85231125
vt 0.22101450 0.84642893
vt 0.14855078 0.84642857
vt 0.07608702 0.84642863
vt 0.84420282 0.07373299
vt 0.84420282 0.06788616
vt 0.77173918 0.07373276
vt 0.77173924 0.06788605
vt 0.91666657 0.06788628
vt 0.91666657 0.07373299
vt 0.84420282 0.07957972
vt 0.91666657 0.07957995
vt 0.77173918 0.07957961
vt 0.91666663 0.06203943
vt 0.84420282 0.06203933
vt 0.77173924 0.06203933
vt 0.84420282 0.08542655
vt 0.91666657 0.08542667
vt 0.77173918 0.08542633
vt 0.77173918 0.09127327
vt 0.84420282 0.09127339
vt 0.91666651 0.09127351
vt 0.77173918 0.09712000
vt 0.84420282 0.09712011
vt 0.91666651 0.09712034
vt 0.77173913 0.10296683
vt 0.84420282 0.10296683
vt 0.91666651 0.10296695
vt 0.84420282 0.05619261
vt 0.77173924 0.05619261
vt 0.91666663 0.05619272
vt 0.91666663 0.05034600
vt 0.84420282 0.05034589
vt 0.77173924 0.05034589
vt 0.84420282 0.04449905
vt 0.77173924 0.04449905
vt 0.91666663 0.04449905
vt 0.91666669 0.03865244
vt 0.84420282 0.03865244
vt 0.77173924 0.03865221
vt 0.91666663 0.03280549
vt 0.84420282 0.03280549
vt 0.77173924 0.03280549
vt 0.91666669 0.02695877
vt 0.84420282 0.02695866
vt 0.77173924 0.02695888
vt 0.91666669 0.02111205
vt 0.84420282 0.02111205
vt 0.77173924 0.02111205
vt 0.91666669 0.01526510
vt 0.84420282 0.01526510
vt 0.77173924 0.01526521
vt 0.91666669 0.00941838
vt 0.84420282 0.00941838
vt 0.77173924 0.00941849
vt 0.91666669 0.00357166
vt 0.84420282 0.00357143
vt 0.77173924 0.00357166
vt 0.77173913 0.10881344
vt 0.91666651 0.10881367
vt 0.77173913 0.11374310
vt 0.91666651 0.11374321
vt 0.84420466 0.11389247
vt 0.91666657 0.11867252
vt 0.77173913 0.11867275
vt 0.84420460 0.11897105
vt 0.91666663 0.12360195
vt 0.77173918 0.12360219
vt 0.84420460 0.12404986
vt 0.91666663 0.12853116
vt 0.77173924 0.12853184
vt 0.84420460 0.12912855
vt 0.91666669 0.13346060
vt 0.77173930 0.13346151
vt 0.84420460 0.13420703
vt 0.91666669 0.13838989
vt 0.77173930 0.13839093
vt 0.84420466 0.13928571
vt 0.26737151 0.89642823
vt 0.27144864 0.82500118
vt 0.26631412 0.82500124
vt 0.26736921 0.75357211
vt 0.27235278 0.75357199
vt 0.27235508 0.89642811
vt 0.27658311 0.82500118
vt 0.27733856 0.89642805
vt 0.27733657 0.75357187
vt 0.26238793 0.89642835
vt 0.26238549 0.75357217
vt 0.26117966 0.82500130
vt 0.25740433 0.89642841
vt 0.25740179 0.75357234
vt 0.25604504 0.82500136
vt 0.25242099 0.89642847
vt 0.25241822 0.75357246
vt 0.25091070 0.82500142
vt 0.24743453 0.75357264
vt 0.24743730 0.89642853
vt 0.24577622 0.82500154
vt 0.24245384 0.89642859
vt 0.24245094 0.75357276
vt 0.24064161 0.82500160
vt 0.23747034 0.89642859
vt 0.23746726 0.75357294
vt 0.23550725 0.82500172
vt 0.28171757 0.82500112
vt 0.28232211 0.89642793
vt 0.28232026 0.75357175
vt 0.28685206 0.82500112
vt 0.28730410 0.75357163
vt 0.28730559 0.89642781
vt 0.29198655 0.82500118
vt 0.29228777 0.75357151
vt 0.29228917 0.89642763
vt 0.29712117 0.82500118
vt 0.29727274 0.89642751
vt 0.29727173 0.75357145
vt 0.30225620 0.89642745
vt 0.30225542 0.75357145
vt 0.30816677 0.82500005
vt 0.30816668 0.75357145
vt 0.30816713 0.89642745
vt 0.31407794 0.89642745
vt 0.31407794 0.82499999
vt 0.31407759 0.75357145
vt 0.31998888 0.82499993
vt 0.31998879 0.75357145
vt 0.31998911 0.89642745
vt 0.32590005 0.82499987
vt 0.32589969 0.75357145
vt 0.32589993 0.89642745
vt 0.33181086 0.89642745
vt 0.33181098 0.82499987
vt 0.33181086 0.75357151
vt 0.33772200 0.82499987
vt 0.33772188 0.75357151
vt 0.33772200 0.89642745
vt 0.34363317 0.89642751
vt 0.34363317 0.82499981
vt 0.34363309 0.75357151
vt 0.34954399 0.82499981
vt 0.34954411 0.75357151
vt 0.34954411 0.89642751
vt 0.35545516 0.89642751
vt 0.35545516 0.82499981
vt 0.35545516 0.75357151
vt 0.36136633 0.89642751
vt 0.36136633 0.82499981
vt 0.36136621 0.75357151
vt 0.36727735 0.82499981
vt 0.36727762 0.75357151
vt 0.36727735 0.89642751
vt 0.37318841 0.89642751
vt 0.37318841 0.82499981
vt 0.37318841 0.75357151
vt 0.96958637 0.16785729
vt 0.97456348 0.16785733
vt 0.97222114 0.23928571
vt 0.97222269 0.09642882
vt 0.96739185 0.09642874
vt 0.96739042 0.23928566
vt 0.96460921 0.16785724
vt 0.96256101 0.09642867
vt 0.96255958 0.23928566
vt 0.97705191 0.23928571
vt 0.97705352 0.09642890
vt 0.97954041 0.16785741
vt 0.98188263 0.23928571
vt 0.98188430 0.09642901
vt 0.98451763 0.16785744
vt 0.98671347 0.23928569
vt 0.98671514 0.09642914
vt 0.98949456 0.16785750
vt 0.99154598 0.09642927
vt 0.99154431 0.23928566
vt 0.95963222 0.16785720
vt 0.95772874 0.23928560
vt 0.95773029 0.09642862
vt 0.99447155 0.16785756
vt 0.99637681 0.09642942
vt 0.99637502 0.23928560
vt 0.95465517 0.16785714
vt 0.95289791 0.23928554
vt 0.95289946 0.09642860
vt 0.94967818 0.16785710
vt 0.94806862 0.09642857
vt 0.94806707 0.23928544
vt 0.94470102 0.16785704
vt 0.94323772 0.09642857
vt 0.94323617 0.23928536
vt 0.93972403 0.16785698
vt 0.93840700 0.09642859
vt 0.93840545 0.23928525
vt 0.93474698 0.16785693
vt 0.93357462 0.23928511
vt 0.93357617 0.09642860
vt 0.92977011 0.16785687
vt 0.92874533 0.09642865
vt 0.92874390 0.23928501
vt 0.92479295 0.16785683
vt 0.92391455 0.09642868
vt 0.92391306 0.23928487
vt 0.79153115 0.79384458
vt 0.75724638 0.83653545
vt 0.75774139 0.84149498
vt 0.78670001 0.79499936
vt 0.75734490 0.83155173
vt 0.78204101 0.79672521
vt 0.75803602 0.82661563
vt 0.77762085 0.79899734
vt 0.75930971 0.82179797
vt 0.77350259 0.80178291
vt 0.76114744 0.81716728
vt 0.76974541 0.80504256
vt 0.81117594 0.79513848
vt 0.80635834 0.79392904
vt 0.76267672 0.85552871
vt 0.76539332 0.85970140
vt 0.76858711 0.86351836
vt 0.77221239 0.86692524
vt 0.77621704 0.86987329
vt 0.78054363 0.87231952
vt 0.78513074 0.87422985
vt 0.78991216 0.87557644
vt 0.79481971 0.87634033
vt 0.79978311 0.87651020
vt 0.80473107 0.87608373
vt 0.80959284 0.87506706
vt 0.81429881 0.87347507
vt 0.81878167 0.87132996
vt 0.82297695 0.86866289
vt 0.81450969 0.79026443
vt 0.81832719 0.78576219
vt 0.82258743 0.78167945
vt 0.82724535 0.77806056
vt 0.83225089 0.77494413
vt 0.83755034 0.77236307
vt 0.84308702 0.77034569
vt 0.84880173 0.76891285
vt 0.85463345 0.76808059
vt 0.86051965 0.76785713
vt 0.86639714 0.76824516
vt 0.87220347 0.76924080
vt 0.87787592 0.77083302
vt 0.88335449 0.77300489
vt 0.88858002 0.77573317
vt 0.89349693 0.77898878
vt 0.82766706 0.87223947
vt 0.89805239 0.78273654
vt 0.83270013 0.87531084
vt 0.90219772 0.78693694
vt 0.83802241 0.87784386
vt 0.90588856 0.79154450
vt 0.84357715 0.87981158
vt 0.90908551 0.79651016
vt 0.84930438 0.88119245
vt 0.91175425 0.80178070
vt 0.85514325 0.88197237
vt 0.91386610 0.80729967
vt 0.86103117 0.88214284
vt 0.91539866 0.81300813
vt 0.86690497 0.88170159
vt 0.91633558 0.81884503
vt 0.87270200 0.88065386
vt 0.91666669 0.82474780
vt 0.87836027 0.87901044
vt 0.91638833 0.83065319
vt 0.88381922 0.87678933
vt 0.91550386 0.83649850
vt 0.88902003 0.87401390
vt 0.91402239 0.84222060
vt 0.89390755 0.87071413
vt 0.91195989 0.84775847
vt 0.89842927 0.86692524
vt 0.90933853 0.85305291
vt 0.76047617 0.85106021
vt 0.80143106 0.79330540
vt 0.75882322 0.84635979
vt 0.79646504 0.79327738
vt 0.46014491 0.89642841
vt 0.46014494 0.90214288
vt 0.53260869 0.89642853
vt 0.53260869 0.90214276
vt 0.38768125 0.89642864
vt 0.38768125 0.90214276
vt 0.46014491 0.90785706
vt 0.53260863 0.90785706
vt 0.38768125 0.90785706
vt 0.38768125 0.91357136
vt 0.46014491 0.91357136
vt 0.53260863 0.91357136
vt 0.38768125 0.91928560
vt 0.46014491 0.91928571
vt 0.53260869 0.91928560
vt 0.38768125 0.92499989
vt 0.46014491 0.92500001
vt 0.53260869 0.92499989
vt 0.46014491 0.93071419
vt 0.53260869 0.93071419
vt 0.38768125 0.93071389
vt 0.38768122 0.93642837
vt 0.46014491 0.93642849
vt 0.53260869 0.93642849
vt 0.46014488 0.94214278
vt 0.53260869 0.94214272
vt 0.38768122 0.94214261
vt 0.38768122 0.94785690
vt 0.46014488 0.94785714
vt 0.53260869 0.94785714
vt 0.38768119 0.95357120
vt 0.46014488 0.95357144
vt 0.53260869 0.95357144
vt 0.46014491 0.89071423
vt 0.53260869 0.89071435
vt 0.38768122 0.89071435
vt 0.46014491 0.88499993
vt 0.53260869 0.88499999
vt 0.38768122 0.88500011
vt 0.46014491 0.87928575
vt 0.53260869 0.87928575
vt 0.38768119 0.87928587
vt 0.46014488 0.87357122
vt 0.53260869 0.87357134
vt 0.38768116 0.87357157
vt 0.46014488 0.86785716
vt 0.53260869 0.86785716
vt 0.38768116 0.86785728
vt 0.76449263 0.03497926
vt 0.69202781 0.03899922
vt 0.69202787 0.03393803
vt 0.61956543 0.03497896
vt 0.61956543 0.03989126
vt 0.76449263 0.03989170
vt 0.69202775 0.04406037
vt 0.76449269 0.04480426
vt 0.61956543 0.04480362
vt 0.61956549 0.03006663
vt 0.76449263 0.03006670
vt 0.69202787 0.02887700
vt 0.61956549 0.02515424
vt 0.76449251 0.02515420
vt 0.69202787 0.02381590
vt 0.76449245 0.02024179
vt 0.61956549 0.02024200
vt 0.69202793 0.01875477
vt 0.61956561 0.01532960
vt 0.76449239 0.01532927
vt 0.69202793 0.01369361
vt 0.61956567 0.01041717
vt 0.76449233 0.01041668
vt 0.69202787 0.00863248
vt 0.61956573 0.00550478
vt 0.76449221 0.00550420
vt 0.69202787 0.00357143
vt 0.69202775 0.04912157
vt 0.76449275 0.04971679
vt 0.61956543 0.04971594
vt 0.69202769 0.05418267
vt 0.61956543 0.05462831
vt 0.76449275 0.05462937
vt 0.69202763 0.05924398
vt 0.61956543 0.05954062
vt 0.76449275 0.05954180
vt 0.69202751 0.06430506
vt 0.76449275 0.06445446
vt 0.61956543 0.06445316
vt 0.76449275 0.06936692
vt 0.61956537 0.06936554
vt 0.69202971 0.07519283
vt 0.61956537 0.07519221
vt 0.76449275 0.07519342
vt 0.76449275 0.08101996
vt 0.69202960 0.08101942
vt 0.61956537 0.08101884
vt 0.69202954 0.08684597
vt 0.61956531 0.08684546
vt 0.76449269 0.08684642
vt 0.69202948 0.09267265
vt 0.61956531 0.09267224
vt 0.76449269 0.09267312
vt 0.76449269 0.09849966
vt 0.69202942 0.09849925
vt 0.61956531 0.09849889
vt 0.69202942 0.10432592
vt 0.61956525 0.10432557
vt 0.76449263 0.10432620
vt 0.76449263 0.11015274
vt 0.69202936 0.11015259
vt 0.61956525 0.11015221
vt 0.69202930 0.11597911
vt 0.61956525 0.11597881
vt 0.76449263 0.11597922
vt 0.69202930 0.12180572
vt 0.61956519 0.12180547
vt 0.76449263 0.12180576
vt 0.69202930 0.12763245
vt 0.61956519 0.12763225
vt 0.76449263 0.12763247
vt 0.76449263 0.13345902
vt 0.69202930 0.13345908
vt 0.61956519 0.13345890
vt 0.69202930 0.13928571
vt 0.61956519 0.13928556
vt 0.76449263 0.13928556
vt 0.77476990 0.21785720
vt 0.78050083 0.21785721
vt 0.77476948 0.28928563
vt 0.78050107 0.14642875
vt 0.77477008 0.14642873
vt 0.78050035 0.28928566
vt 0.78623164 0.21785726
vt 0.78623188 0.14642876
vt 0.78623122 0.28928572
vt 0.76903892 0.21785717
vt 0.76903915 0.14642870
vt 0.76903868 0.28928560
vt 0.76330775 0.28928557
vt 0.76330805 0.21785714
vt 0.76330829 0.14642869
vt 0.75757694 0.28928554
vt 0.75757712 0.21785712
vt 0.75757730 0.14642867
vt 0.75184619 0.21785712
vt 0.75184643 0.14642866
vt 0.75184602 0.28928554
vt 0.74611503 0.28928551
vt 0.74611521 0.21785711
vt 0.74611545 0.14642864
vt 0.74038434 0.21785709
vt 0.74038452 0.14642864
vt 0.74038422 0.28928551
vt 0.73465353 0.21785709
vt 0.73465365 0.14642861
vt 0.73465335 0.28928551
vt 0.72892231 0.28928551
vt 0.72892255 0.21785708
vt 0.72892267 0.14642861
vt 0.70026791 0.21785705
vt 0.70599890 0.21785705
vt 0.70026791 0.28928539
vt 0.70599884 0.14642860
vt 0.70026797 0.14642859
vt 0.70599878 0.28928542
vt 0.69453704 0.28928539
vt 0.69453698 0.21785706
vt 0.69453704 0.14642859
vt 0.71172982 0.21785705
vt 0.71172982 0.14642860
vt 0.71172965 0.28928545
vt 0.68880606 0.28928539
vt 0.68880606 0.21785705
vt 0.68880600 0.14642857
vt 0.68307519 0.21785706
vt 0.68307513 0.14642859
vt 0.68307519 0.28928539
vt 0.67734438 0.28928539
vt 0.67734432 0.21785706
vt 0.67734426 0.14642857
vt 0.67161334 0.14642859
vt 0.67161357 0.28928539
vt 0.71746063 0.21785706
vt 0.71746069 0.14642859
vt 0.71746039 0.28928545
vt 0.72319156 0.21785706
vt 0.72319156 0.14642860
vt 0.72319132 0.28928548
vt 0.66678190 0.28928539
vt 0.66678160 0.14642866
vt 0.66663545 0.21785857
vt 0.66194963 0.14642872
vt 0.66195023 0.28928545
vt 0.66165745 0.21785854
vt 0.65711784 0.14642881
vt 0.65711856 0.28928551
vt 0.65667939 0.21785851
vt 0.65228593 0.14642884
vt 0.65228689 0.28928557
vt 0.65170139 0.21785851
vt 0.64745408 0.14642894
vt 0.64672345 0.21785851
vt 0.64745522 0.28928563
vt 0.64262217 0.14642903
vt 0.64262348 0.28928566
vt 0.64174545 0.21785851
vt 0.63779032 0.14642914
vt 0.63779175 0.28928569
vt 0.63676745 0.21785855
vt 0.63295859 0.14642924
vt 0.63296014 0.28928572
vt 0.63178962 0.21785858
vt 0.62812686 0.14642937
vt 0.62812841 0.28928572
vt 0.62681162 0.21785864
vt 0.96495700 0.87142855
vt 0.95956641 0.87142855
vt 0.96209306 0.79642856
vt 0.96209306 0.94642860
vt 0.96735227 0.94642860
vt 0.96735227 0.79642856
vt 0.97038621 0.87142855
vt 0.97261393 0.79642856
vt 0.97261393 0.94642860
vt 0.95691150 0.79642856
vt 0.95691150 0.94642860
vt 0.95429671 0.87142855
vt 0.95188177 0.79642856
vt 0.95188177 0.94642860
vt 0.94922769 0.87142855
vt 0.94707543 0.79642856
vt 0.94707543 0.94642860
vt 0.94443691 0.87142855
vt 0.94256216 0.79642856
vt 0.94256216 0.94642860
vt 0.93999660 0.87142855
vt 0.93840581 0.94642860
vt 0.93840581 0.79642856
vt 0.97577190 0.87142855
vt 0.97780234 0.79642856
vt 0.97780234 0.94642860
vt 0.98103178 0.87142855
vt 0.98284328 0.79642856
vt 0.98284328 0.94642860
vt 0.98608619 0.87142855
vt 0.98766470 0.94642860
vt 0.98766470 0.79642856
vt 0.99085855 0.87142855
vt 0.99219769 0.94642860
vt 0.99219769 0.79642856
vt 0.99527562 0.87142855
vt 0.99637681 0.94642860
vt 0.99637681 0.79642856
usemtl material_0
f 3301/3301 2942/2942 3302/3302
f 2942/2942 3303/3303 3302/3302
f 2942/2942 3304/3304 3303/3303
f 3304/3304 3357/3357 3303/3303
f 3304/3304 3358/3358 3357/3357
f 3358/3358 3425/3425 3357/3357
f 3358/3358 3426/3426 3425/3425
f 3514/3514 3488/3488 3513/3513
f 3514/3514 3489/3489 3488/3488
f 3489/3489 3463/3463 3488/3488
f 3489/3489 3464/3464 3463/3463
f 3464/3464 3456/3456 3463/3463
f 3464/3464 3465/3465 3456/3456
f 3465/3465 3466/3466 3456/3456
f 3465/3465 3491/3491 3466/3466
f 3491/3491 3492/3492 3466/3466
f 3491/3491 3517/3517 3492/3492
f 3517/3517 3518/3518 3492/3492
f 3429/3429 3349/3349 3430/3430
f 3349/3349 3350/3350 3430/3430
f 3349/3349 3296/3296 3350/3350
f 3296/3296 3297/3297 3350/3350
f 3296/3296 2939/2939 3297/3297
f 2939/2939 3298/3298 3297/3297
f 2939/2939 3299/3299 3298/3298
f 3299/3299 3352/3352 3298/3298
f 3299/3299 3353/3353 3352/3352
f 3353/3353 3433/3433 3352/3352
f 3433/3433 3432/3432 3352/3352
f 3521/3521 3495/3495 3520/3520
f 3495/3495 3494/3494 3520/3520
f 3495/3495 3469/3469 3494/3494
f 3469/3469 3468/3468 3494/3494
f 3469/3469 3456/3456 3468/3468
f 3456/3456 3467/3467 3468/3468
f 3456/3456 3466/3466 3467/3467
f 3466/3466 3492/3492 3467/3467
f 3302/3302 3354/3354 3301/3301
f 3354/3354 3355/3355 3301/3301
f 3354/3354 3434/3434 3355/3355
f 3434/3434 3435/3435 3355/3355
f 3522/3522 3496/3496 3523/3523
f 3496/3496 3497/3497 3523/3523
f 3496/3496 3470/3470 3497/3497
f 3470/3470 3471/3471 3497/3497
f 3470/3470 3455/3455 3471/3471
f 3456/3456 3455/3455 3463/3463
f 3455/3455 3475/3475 3463/3463
f 3455/3455 3474/3474 3475/3475
f 3474/3474 3500/3500 3475/3475
f 3474/3474 3499/3499 3500/3500
f 3499/3499 3525/3525 3500/3500
f 3499/3499 3524/3524 3525/3525
f 3436/3436 3356/3356 3424/3424
f 3436/3436 3354/3354 3356/3356
f 3354/3354 3302/3302 3356/3356
f 3353/3353 3299/3299 3300/3300
f 3299/3299 2939/2939 3300/3300
f 2942/2942 2939/2939 3294/3294
f 2939/2939 3295/3295 3294/3294
f 2939/2939 3296/3296 3295/3295
f 3296/3296 3349/3349 3295/3295
f 3357/3357 3356/3356 3303/3303
f 3356/3356 3302/3302 3303/3303
f 3304/3304 2942/2942 3305/3305
f 2942/2942 3306/3306 3305/3305
f 2942/2942 3294/3294 3306/3306
f 3294/3294 3347/3347 3306/3306
f 3294/3294 3348/3348 3347/3347
f 3348/3348 3428/3428 3347/3347
f 3348/3348 3429/3429 3428/3428
f 3517/3517 3491/3491 3516/3516
f 3304/3304 3305/3305 3358/3358
f 3305/3305 3346/3346 3358/3358
f 3305/3305 3306/3306 3346/3346
f 3306/3306 3347/3347 3346/3346
f 3349/3349 3348/3348 3295/3295
f 3348/3348 3294/3294 3295/3295
f 3298/3298 3351/3351 3297/3297
f 3351/3351 3350/3350 3297/3297
f 3351/3351 3431/3431 3350/3350
f 3431/3431 3430/3430 3350/3350
f 3519/3519 3493/3493 3518/3518
f 3493/3493 3492/3492 3518/3518
f 3493/3493 3467/3467 3492/3492
f 3436/3436 3434/3434 3354/3354
f 3425/3425 3424/3424 3357/3357
f 3424/3424 3356/3356 3357/3357
f 3358/3358 3346/3346 3426/3426
f 3346/3346 3427/3427 3426/3426
f 3346/3346 3347/3347 3427/3427
f 3347/3347 3428/3428 3427/3427
f 3429/3429 3348/3348 3349/3349
f 3432/3432 3351/3351 3352/3352
f 3351/3351 3298/3298 3352/3352
f 3432/3432 3431/3431 3351/3351
f 3524/3524 3498/3498 3522/3522
f 3498/3498 3496/3496 3522/3522
f 3498/3498 3472/3472 3496/3496
f 3472/3472 3470/3470 3496/3496
f 3472/3472 3455/3455 3470/3470
f 3488/3488 3500/3500 3513/3513
f 3500/3500 3525/3525 3513/3513
f 3514/3514 3515/3515 3489/3489
f 3515/3515 3490/3490 3489/3489
f 3515/3515 3516/3516 3490/3490
f 3516/3516 3491/3491 3490/3490
f 3494/3494 3519/3519 3520/3520
f 3494/3494 3493/3493 3519/3519
f 3524/3524 3499/3499 3498/3498
f 3499/3499 3473/3473 3498/3498
f 3499/3499 3474/3474 3473/3473
f 3474/3474 3455/3455 3473/3473
f 3473/3473 3472/3472 3498/3498
f 3463/3463 3475/3475 3488/3488
f 3475/3475 3500/3500 3488/3488
f 3465/3465 3490/3490 3491/3491
f 3465/3465 3464/3464 3490/3490
f 3464/3464 3489/3489 3490/3490
f 3468/3468 3493/3493 3494/3494
f 3468/3468 3467/3467 3493/3493
f 3455/3455 3472/3472 3473/3473
f 1/1 2/2 3/3
f 2/2 4/4 3/3
f 2/2 5/5 4/4
f 5/5 6/6 4/4
f 5/5 7/7 6/6
f 7/7 8/8 6/6
f 7/7 9/9 8/8
f 9/9 10/10 8/8
f 9/9 11/11 10/10
f 11/11 12/12 10/10
f 11/11 13/13 12/12
f 13/13 14/14 12/12
f 13/13 15/15 14/14
f 15/15 16/16 14/14
f 15/15 17/17 16/16
f 17/17 18/18 16/16
f 17/17 19/19 18/18
f 19/19 20/20 18/18
f 19/19 21/21 20/20
f 21/21 22/22 20/20
f 21/21 23/23 22/22
f 23/23 24/24 22/22
f 24/24 25/25 22/22
f 24/24 26/26 25/25
f 26/26 27/27 25/25
f 26/26 28/28 27/27
f 28/28 29/29 27/27
f 28/28 30/30 29/29
f 30/30 31/31 29/29
f 30/30 32/32 31/31
f 32/32 33/33 31/31
f 33/33 34/34 31/31
f 34/34 35/35 31/31
f 34/34 36/36 35/35
f 36/36 37/37 35/35
f 36/36 38/38 37/37
f 38/38 39/39 37/37
f 38/38 40/40 39/39
f 40/40 41/41 39/39
f 40/40 42/42 41/41
f 42/42 43/43 41/41
f 42/42 44/44 43/43
f 44/44 45/45 43/43
f 44/44 46/46 45/45
f 46/46 47/47 45/45
f 46/46 48/48 47/47
f 48/48 49/49 47/47
f 48/48 50/50 49/49
f 50/50 51/51 49/49
f 50/50 52/52 51/51
f 52/52 53/53 51/51
f 53/53 54/54 51/51
f 53/53 55/55 54/54
f 55/55 56/56 54/54
f 55/55 57/57 56/56
f 57/57 58/58 56/56
f 57/57 59/59 58/58
f 59/59 4/4 58/58
f 59/59 3/3 4/4
f 54/54 60/60 51/51
f 60/60 49/49 51/51
f 60/60 61/61 49/49
f 61/61 47/47 49/49
f 61/61 62/62 47/47
f 62/62 45/45 47/47
f 62/62 63/63 45/45
f 63/63 43/43 45/45
f 63/63 64/64 43/43
f 64/64 41/41 43/43
f 64/64 65/65 41/41
f 65/65 39/39 41/41
f 65/65 66/66 39/39
f 66/66 37/37 39/39
f 66/66 67/67 37/37
f 67/67 35/35 37/37
f 67/67 29/29 35/35
f 29/29 31/31 35/35
f 56/56 68/68 54/54
f 68/68 60/60 54/54
f 68/68 69/69 60/60
f 69/69 61/61 60/60
f 69/69 70/70 61/61
f 70/70 62/62 61/61
f 70/70 71/71 62/62
f 71/71 63/63 62/62
f 71/71 72/72 63/63
f 72/72 64/64 63/63
f 72/72 73/73 64/64
f 73/73 65/65 64/64
f 73/73 74/74 65/65
f 74/74 66/66 65/65
f 74/74 75/75 66/66
f 75/75 67/67 66/66
f 75/75 27/27 67/67
f 27/27 29/29 67/67
f 6/6 58/58 4/4
f 58/58 76/76 56/56
f 76/76 68/68 56/56
f 76/76 77/77 68/68
f 77/77 69/69 68/68
f 77/77 78/78 69/69
f 78/78 70/70 69/69
f 78/78 79/79 70/70
f 79/79 71/71 70/70
f 79/79 80/80 71/71
f 80/80 72/72 71/71
f 80/80 81/81 72/72
f 81/81 73/73 72/72
f 81/81 82/82 73/73
f 82/82 74/74 73/73
f 82/82 83/83 74/74
f 83/83 75/75 74/74
f 83/83 25/25 75/75
f 25/25 27/27 75/75
f 8/8 76/76 6/6
f 76/76 58/58 6/6
f 8/8 77/77 76/76
f 10/10 77/77 8/8
f 10/10 78/78 77/77
f 12/12 78/78 10/10
f 12/12 79/79 78/78
f 14/14 79/79 12/12
f 14/14 80/80 79/79
f 16/16 80/80 14/14
f 16/16 81/81 80/80
f 18/18 81/81 16/16
f 18/18 82/82 81/81
f 20/20 82/82 18/18
f 20/20 83/83 82/82
f 22/22 83/83 20/20
f 22/22 25/25 83/83
f 2845/2845 2825/2825 2844/2844
f 2825/2825 2843/2843 2844/2844
f 2825/2825 2842/2842 2843/2843
f 2842/2842 2864/2864 2843/2843
f 2842/2842 2863/2863 2864/2864
f 2863/2863 2890/2890 2864/2864
f 2863/2863 2889/2889 2890/2890
f 3414/3414 3359/3359 3422/3422
f 3414/3414 3365/3365 3359/3359
f 3365/3365 3307/3307 3359/3359
f 3365/3365 3308/3308 3307/3307
f 3308/3308 3206/3206 3307/3307
f 3308/3308 3309/3309 3206/3206
f 3309/3309 3310/3310 3206/3206
f 3309/3309 3367/3367 3310/3310
f 3367/3367 3368/3368 3310/3310
f 3367/3367 3417/3417 3368/3368
f 3417/3417 3418/3418 3368/3368
f 2897/2897 2871/2871 2885/2885
f 2871/2871 2872/2872 2885/2885
f 2871/2871 2837/2837 2872/2872
f 2837/2837 2838/2838 2872/2872
f 2837/2837 2827/2827 2838/2838
f 2827/2827 2839/2839 2838/2838
f 2827/2827 2840/2840 2839/2839
f 2840/2840 2861/2861 2839/2839
f 2840/2840 2862/2862 2861/2861
f 2862/2862 2888/2888 2861/2861
f 2888/2888 2887/2887 2861/2861
f 3421/3421 3371/3371 3420/3420
f 3371/3371 3370/3370 3420/3420
f 3371/3371 3313/3313 3370/3370
f 3313/3313 3312/3312 3370/3370
f 3313/3313 3206/3206 3312/3312
f 3206/3206 3311/3311 3312/3312
f 3206/3206 3310/3310 3311/3311
f 3310/3310 3368/3368 3311/3311
f 2844/2844 2866/2866 2845/2845
f 2866/2866 2867/2867 2845/2845
f 2866/2866 2893/2893 2867/2867
f 2893/2893 2894/2894 2867/2867
f 3412/3412 3363/3363 3413/3413
f 3363/3363 3364/3364 3413/3413
f 3363/3363 3318/3318 3364/3364
f 3318/3318 3319/3319 3364/3364
f 3318/3318 3198/3198 3319/3319
f 3206/3206 3198/3198 3307/3307
f 3198/3198 3314/3314 3307/3307
f 3198/3198 3315/3315 3314/3314
f 3315/3315 3360/3360 3314/3314
f 3315/3315 3361/3361 3360/3360
f 3361/3361 3423/3423 3360/3360
f 3361/3361 3411/3411 3423/3423
f 2892/2892 2865/2865 2891/2891
f 2892/2892 2866/2866 2865/2865
f 2866/2866 2844/2844 2865/2865
f 2862/2862 2840/2840 2841/2841
f 2840/2840 2827/2827 2841/2841
f 2825/2825 2827/2827 2835/2835
f 2827/2827 2836/2836 2835/2835
f 2827/2827 2837/2837 2836/2836
f 2837/2837 2871/2871 2836/2836
f 2864/2864 2865/2865 2843/2843
f 2865/2865 2844/2844 2843/2843
f 2842/2842 2825/2825 2846/2846
f 2825/2825 2847/2847 2846/2846
f 2825/2825 2835/2835 2847/2847
f 2835/2835 2869/2869 2847/2847
f 2835/2835 2870/2870 2869/2869
f 2870/2870 2896/2896 2869/2869
f 2870/2870 2897/2897 2896/2896
f 3417/3417 3367/3367 3416/3416
f 2842/2842 2846/2846 2863/2863
f 2846/2846 2868/2868 2863/2863
f 2846/2846 2847/2847 2868/2868
f 2847/2847 2869/2869 2868/2868
f 2871/2871 2870/2870 2836/2836
f 2870/2870 2835/2835 2836/2836
f 2839/2839 2860/2860 2838/2838
f 2860/2860 2872/2872 2838/2838
f 2860/2860 2886/2886 2872/2872
f 2886/2886 2885/2885 2872/2872
f 3419/3419 3369/3369 3418/3418
f 3369/3369 3368/3368 3418/3418
f 3369/3369 3311/3311 3368/3368
f 2892/2892 2893/2893 2866/2866
f 2890/2890 2891/2891 2864/2864
f 2891/2891 2865/2865 2864/2864
f 2863/2863 2868/2868 2889/2889
f 2868/2868 2895/2895 2889/2889
f 2868/2868 2869/2869 2895/2895
f 2869/2869 2896/2896 2895/2895
f 2897/2897 2870/2870 2871/2871
f 2887/2887 2860/2860 2861/2861
f 2860/2860 2839/2839 2861/2861
f 2887/2887 2886/2886 2860/2860
f 3411/3411 3362/3362 3412/3412
f 3362/3362 3363/3363 3412/3412
f 3362/3362 3317/3317 3363/3363
f 3317/3317 3318/3318 3363/3363
f 3317/3317 3198/3198 3318/3318
f 3359/3359 3360/3360 3422/3422
f 3360/3360 3423/3423 3422/3422
f 3414/3414 3415/3415 3365/3365
f 3415/3415 3366/3366 3365/3365
f 3415/3415 3416/3416 3366/3366
f 3416/3416 3367/3367 3366/3366
f 3370/3370 3419/3419 3420/3420
f 3370/3370 3369/3369 3419/3419
f 3411/3411 3361/3361 3362/3362
f 3361/3361 3316/3316 3362/3362
f 3361/3361 3315/3315 3316/3316
f 3315/3315 3198/3198 3316/3316
f 3316/3316 3317/3317 3362/3362
f 3307/3307 3314/3314 3359/3359
f 3314/3314 3360/3360 3359/3359
f 3309/3309 3366/3366 3367/3367
f 3309/3309 3308/3308 3366/3366
f 3308/3308 3365/3365 3366/3366
f 3312/3312 3369/3369 3370/3370
f 3312/3312 3311/3311 3369/3369
f 3198/3198 3317/3317 3316/3316
f 84/84 85/85 86/86
f 85/85 87/87 86/86
f 85/85 88/88 87/87
f 88/88 89/89 87/87
f 88/88 90/90 89/89
f 90/90 91/91 89/89
f 90/90 92/92 91/91
f 92/92 93/93 91/91
f 92/92 94/94 93/93
f 94/94 95/95 93/93
f 94/94 96/96 95/95
f 96/96 97/97 95/95
f 96/96 98/98 97/97
f 98/98 99/99 97/97
f 98/98 100/100 99/99
f 100/100 101/101 99/99
f 100/100 102/102 101/101
f 102/102 103/103 101/101
f 102/102 104/104 103/103
f 104/104 105/105 103/103
f 104/104 106/106 105/105
f 106/106 107/107 105/105
f 107/107 108/108 105/105
f 107/107 109/109 108/108
f 109/109 110/110 108/108
f 109/109 111/111 110/110
f 111/111 112/112 110/110
f 111/111 113/113 112/112
f 113/113 114/114 112/112
f 113/113 115/115 114/114
f 115/115 116/116 114/114
f 116/116 117/117 114/114
f 117/117 118/118 114/114
f 117/117 119/119 118/118
f 119/119 120/120 118/118
f 119/119 121/121 120/120
f 121/121 122/122 120/120
f 121/121 123/123 122/122
f 123/123 124/124 122/122
f 123/123 125/125 124/124
f 125/125 126/126 124/124
f 125/125 127/127 126/126
f 127/127 128/128 126/126
f 127/127 129/129 128/128
f 129/129 130/130 128/128
f 129/129 131/131 130/130
f 131/131 132/132 130/130
f 131/131 133/133 132/132
f 133/133 134/134 132/132
f 133/133 135/135 134/134
f 135/135 136/136 134/134
f 136/136 137/137 134/134
f 136/136 138/138 137/137
f 138/138 139/139 137/137
f 138/138 140/140 139/139
f 140/140 141/141 139/139
f 140/140 142/142 141/141
f 142/142 87/87 141/141
f 142/142 86/86 87/87
f 137/137 143/143 134/134
f 143/143 132/132 134/134
f 143/143 144/144 132/132
f 144/144 130/130 132/132
f 144/144 145/145 130/130
f 145/145 128/128 130/130
f 145/145 146/146 128/128
f 146/146 126/126 128/128
f 146/146 147/147 126/126
f 147/147 124/124 126/126
f 147/147 148/148 124/124
f 148/148 122/122 124/124
f 148/148 149/149 122/122
f 149/149 120/120 122/122
f 149/149 150/150 120/120
f 150/150 118/118 120/120
f 150/150 112/112 118/118
f 112/112 114/114 118/118
f 139/139 151/151 137/137
f 151/151 143/143 137/137
f 151/151 152/152 143/143
f 152/152 144/144 143/143
f 152/152 153/153 144/144
f 153/153 145/145 144/144
f 153/153 154/154 145/145
f 154/154 146/146 145/145
f 154/154 155/155 146/146
f 155/155 147/147 146/146
f 155/155 156/156 147/147
f 156/156 148/148 147/147
f 156/156 157/157 148/148
f 157/157 149/149 148/148
f 157/157 158/158 149/149
f 158/158 150/150 149/149
f 158/158 110/110 150/150
f 110/110 112/112 150/150
f 89/89 141/141 87/87
f 141/141 159/159 139/139
f 159/159 151/151 139/139
f 159/159 160/160 151/151
f 160/160 152/152 151/151
f 160/160 161/161 152/152
f 161/161 153/153 152/152
f 161/161 162/162 153/153
f 162/162 154/154 153/153
f 162/162 163/163 154/154
f 163/163 155/155 154/154
f 163/163 164/164 155/155
f 164/164 156/156 155/155
f 164/164 165/165 156/156
f 165/165 157/157 156/156
f 165/165 166/166 157/157
f 166/166 158/158 157/157
f 166/166 108/108 158/158
f 108/108 110/110 158/158
f 91/91 159/159 89/89
f 159/159 141/141 89/89
f 91/91 160/160 159/159
f 93/93 160/160 91/91
f 93/93 161/161 160/160
f 95/95 161/161 93/93
f 95/95 162/162 161/161
f 97/97 162/162 95/95
f 97/97 163/163 162/162
f 99/99 163/163 97/97
f 99/99 164/164 163/163
f 101/101 164/164 99/99
f 101/101 165/165 164/164
f 103/103 165/165 101/101
f 103/103 166/166 165/165
f 105/105 166/166 103/103
f 105/105 108/108 166/166
f 3570/3570 3554/3554 3569/3569
f 3554/3554 3568/3568 3569/3569
f 3554/3554 3567/3567 3568/3568
f 3567/3567 3589/3589 3568/3568
f 3567/3567 3601/3601 3589/3589
f 3601/3601 3618/3618 3589/3589
f 3601/3601 3617/3617 3618/3618
f 3410/3410 3376/3376 3409/3409
f 3410/3410 3377/3377 3376/3376
f 3377/3377 3320/3320 3376/3376
f 3377/3377 3321/3321 3320/3320
f 3321/3321 3178/3178 3320/3320
f 3321/3321 3322/3322 3178/3178
f 3322/3322 3323/3323 3178/3178
f 3322/3322 3379/3379 3323/3323
f 3379/3379 3380/3380 3323/3323
f 3379/3379 3400/3400 3380/3380
f 3400/3400 3401/3401 3380/3380
f 3621/3621 3595/3595 3622/3622
f 3595/3595 3596/3596 3622/3622
f 3595/3595 3572/3572 3596/3596
f 3572/3572 3573/3573 3596/3596
f 3572/3572 3556/3556 3573/3573
f 3556/3556 3574/3574 3573/3573
f 3556/3556 3575/3575 3574/3574
f 3575/3575 3598/3598 3574/3574
f 3575/3575 3599/3599 3598/3598
f 3599/3599 3625/3625 3598/3598
f 3625/3625 3624/3624 3598/3598
f 3404/3404 3383/3383 3403/3403
f 3383/3383 3382/3382 3403/3403
f 3383/3383 3326/3326 3382/3382
f 3326/3326 3325/3325 3382/3382
f 3326/3326 3178/3178 3325/3325
f 3178/3178 3324/3324 3325/3325
f 3178/3178 3323/3323 3324/3324
f 3323/3323 3380/3380 3324/3324
f 3569/3569 3591/3591 3570/3570
f 3591/3591 3592/3592 3570/3570
f 3591/3591 3615/3615 3592/3592
f 3615/3615 3616/3616 3592/3592
f 3405/3405 3372/3372 3406/3406
f 3372/3372 3384/3384 3406/3406
f 3372/3372 3331/3331 3384/3384
f 3331/3331 3332/3332 3384/3384
f 3331/3331 3107/3107 3332/3332
f 3178/3178 3107/3107 3320/3320
f 3107/3107 3327/3327 3320/3320
f 3107/3107 3328/3328 3327/3327
f 3328/3328 3375/3375 3327/3327
f 3328/3328 3374/3374 3375/3375
f 3374/3374 3408/3408 3375/3375
f 3374/3374 3407/3407 3408/3408
f 3614/3614 3590/3590 3626/3626
f 3614/3614 3591/3591 3590/3590
f 3591/3591 3569/3569 3590/3590
f 3599/3599 3575/3575 3576/3576
f 3575/3575 3556/3556 3576/3576
f 3554/3554 3556/3556 3564/3564
f 3556/3556 3571/3571 3564/3564
f 3556/3556 3572/3572 3571/3571
f 3572/3572 3595/3595 3571/3571
f 3589/3589 3590/3590 3568/3568
f 3590/3590 3569/3569 3568/3568
f 3567/3567 3554/3554 3566/3566
f 3554/3554 3565/3565 3566/3566
f 3554/3554 3564/3564 3565/3565
f 3564/3564 3594/3594 3565/3565
f 3564/3564 3593/3593 3594/3594
f 3593/3593 3620/3620 3594/3594
f 3593/3593 3621/3621 3620/3620
f 3400/3400 3379/3379 3399/3399
f 3567/3567 3566/3566 3601/3601
f 3566/3566 3600/3600 3601/3601
f 3566/3566 3565/3565 3600/3600
f 3565/3565 3594/3594 3600/3600
f 3595/3595 3593/3593 3571/3571
f 3593/3593 3564/3564 3571/3571
f 3574/3574 3597/3597 3573/3573
f 3597/3597 3596/3596 3573/3573
f 3597/3597 3623/3623 3596/3596
f 3623/3623 3622/3622 3596/3596
f 3402/3402 3381/3381 3401/3401
f 3381/3381 3380/3380 3401/3401
f 3381/3381 3324/3324 3380/3380
f 3614/3614 3615/3615 3591/3591
f 3618/3618 3626/3626 3589/3589
f 3626/3626 3590/3590 3589/3589
f 3601/3601 3600/3600 3617/3617
f 3600/3600 3619/3619 3617/3617
f 3600/3600 3594/3594 3619/3619
f 3594/3594 3620/3620 3619/3619
f 3621/3621 3593/3593 3595/3595
f 3624/3624 3597/3597 3598/3598
f 3597/3597 3574/3574 3598/3598
f 3624/3624 3623/3623 3597/3597
f 3407/3407 3373/3373 3405/3405
f 3373/3373 3372/3372 3405/3405
f 3373/3373 3330/3330 3372/3372
f 3330/3330 3331/3331 3372/3372
f 3330/3330 3107/3107 3331/3331
f 3376/3376 3375/3375 3409/3409
f 3375/3375 3408/3408 3409/3409
f 3410/3410 3398/3398 3377/3377
f 3398/3398 3378/3378 3377/3377
f 3398/3398 3399/3399 3378/3378
f 3399/3399 3379/3379 3378/3378
f 3382/3382 3402/3402 3403/3403
f 3382/3382 3381/3381 3402/3402
f 3407/3407 3374/3374 3373/3373
f 3374/3374 3329/3329 3373/3373
f 3374/3374 3328/3328 3329/3329
f 3328/3328 3107/3107 3329/3329
f 3329/3329 3330/3330 3373/3373
f 3320/3320 3327/3327 3376/3376
f 3327/3327 3375/3375 3376/3376
f 3322/3322 3378/3378 3379/3379
f 3322/3322 3321/3321 3378/3378
f 3321/3321 3377/3377 3378/3378
f 3325/3325 3381/3381 3382/3382
f 3325/3325 3324/3324 3381/3381
f 3107/3107 3330/3330 3329/3329
f 167/167 168/168 169/169
f 168/168 170/170 169/169
f 168/168 171/171 170/170
f 171/171 172/172 170/170
f 171/171 173/173 172/172
f 173/173 174/174 172/172
f 173/173 175/175 174/174
f 175/175 176/176 174/174
f 175/175 177/177 176/176
f 177/177 178/178 176/176
f 177/177 179/179 178/178
f 179/179 180/180 178/178
f 179/179 181/181 180/180
f 181/181 182/182 180/180
f 181/181 183/183 182/182
f 183/183 184/184 182/182
f 183/183 185/185 184/184
f 185/185 186/186 184/184
f 185/185 187/187 186/186
f 187/187 188/188 186/186
f 187/187 189/189 188/188
f 189/189 190/190 188/188
f 190/190 191/191 188/188
f 190/190 192/192 191/191
f 192/192 193/193 191/191
f 192/192 194/194 193/193
f 194/194 195/195 193/193
f 194/194 196/196 195/195
f 196/196 197/197 195/195
f 196/196 198/198 197/197
f 198/198 199/199 197/197
f 199/199 200/200 197/197
f 200/200 201/201 197/197
f 200/200 202/202 201/201
f 202/202 203/203 201/201
f 202/202 204/204 203/203
f 204/204 205/205 203/203
f 204/204 206/206 205/205
f 206/206 207/207 205/205
f 206/206 208/208 207/207
f 208/208 209/209 207/207
f 208/208 210/210 209/209
f 210/210 211/211 209/209
f 210/210 212/212 211/211
f 212/212 213/213 211/211
f 212/212 214/214 213/213
f 214/214 215/215 213/213
f 214/214 216/216 215/215
f 216/216 217/217 215/215
f 216/216 218/218 217/217
f 218/218 219/219 217/217
f 219/219 220/220 217/217
f 219/219 221/221 220/220
f 221/221 222/222 220/220
f 221/221 223/223 222/222
f 223/223 224/224 222/222
f 223/223 225/225 224/224
f 225/225 170/170 224/224
f 225/225 169/169 170/170
f 220/220 226/226 217/217
f 226/226 215/215 217/217
f 226/226 227/227 215/215
f 227/227 213/213 215/215
f 227/227 228/228 213/213
f 228/228 211/211 213/213
f 228/228 229/229 211/211
f 229/229 209/209 211/211
f 229/229 230/230 209/209
f 230/230 207/207 209/209
f 230/230 231/231 207/207
f 231/231 205/205 207/207
f 231/231 232/232 205/205
f 232/232 203/203 205/205
f 232/232 233/233 203/203
f 233/233 201/201 203/203
f 233/233 195/195 201/201
f 195/195 197/197 201/201
f 222/222 234/234 220/220
f 234/234 226/226 220/220
f 234/234 235/235 226/226
f 235/235 227/227 226/226
f 235/235 236/236 227/227
f 236/236 228/228 227/227
f 236/236 237/237 228/228
f 237/237 229/229 228/228
f 237/237 238/238 229/229
f 238/238 230/230 229/229
f 238/238 239/239 230/230
f 239/239 231/231 230/230
f 239/239 240/240 231/231
f 240/240 232/232 231/231
f 240/240 241/241 232/232
f 241/241 233/233 232/232
f 241/241 193/193 233/233
f 193/193 195/195 233/233
f 172/172 224/224 170/170
f 224/224 242/242 222/222
f 242/242 234/234 222/222
f 242/242 243/243 234/234
f 243/243 235/235 234/234
f 243/243 244/244 235/235
f 244/244 236/236 235/235
f 244/244 245/245 236/236
f 245/245 237/237 236/236
f 245/245 246/246 237/237
f 246/246 238/238 237/237
f 246/246 247/247 238/238
f 247/247 239/239 238/238
f 247/247 248/248 239/239
f 248/248 240/240 239/239
f 248/248 249/249 240/240
f 249/249 241/241 240/240
f 249/249 191/191 241/241
f 191/191 193/193 241/241
f 174/174 242/242 172/172
f 242/242 224/224 172/172
f 174/174 243/243 242/242
f 176/176 243/243 174/174
f 176/176 244/244 243/243
f 178/178 244/244 176/176
f 178/178 245/245 244/244
f 180/180 245/245 178/178
f 180/180 246/246 245/245
f 182/182 246/246 180/180
f 182/182 247/247 246/246
f 184/184 247/247 182/182
f 184/184 248/248 247/247
f 186/186 248/248 184/184
f 186/186 249/249 248/248
f 188/188 249/249 186/186
f 188/188 191/191 249/249
f 3671/3671 3658/3658 3670/3670
f 3658/3658 3669/3669 3670/3670
f 3658/3658 3668/3668 3669/3669
f 3668/3668 3697/3697 3669/3669
f 3668/3668 3696/3696 3697/3697
f 3696/3696 3722/3722 3697/3697
f 3696/3696 3727/3727 3722/3722
f 3440/3440 3389/3389 3439/3439
f 3440/3440 3390/3390 3389/3389
f 3390/3390 3333/3333 3389/3389
f 3390/3390 3334/3334 3333/3333
f 3334/3334 3087/3087 3333/3333
f 3334/3334 3335/3335 3087/3087
f 3335/3335 3336/3336 3087/3087
f 3335/3335 3392/3392 3336/3336
f 3392/3392 3393/3393 3336/3336
f 3392/3392 3443/3443 3393/3393
f 3443/3443 3444/3444 3393/3393
f 3717/3717 3702/3702 3718/3718
f 3702/3702 3690/3690 3718/3718
f 3702/3702 3673/3673 3690/3690
f 3673/3673 3674/3674 3690/3690
f 3673/3673 3657/3657 3674/3674
f 3657/3657 3675/3675 3674/3674
f 3657/3657 3676/3676 3675/3675
f 3676/3676 3692/3692 3675/3675
f 3676/3676 3693/3693 3692/3692
f 3693/3693 3721/3721 3692/3692
f 3721/3721 3720/3720 3692/3692
f 3447/3447 3396/3396 3446/3446
f 3396/3396 3395/3395 3446/3446
f 3396/3396 3339/3339 3395/3395
f 3339/3339 3338/3338 3395/3395
f 3339/3339 3087/3087 3338/3338
f 3087/3087 3337/3337 3338/3338
f 3087/3087 3336/3336 3337/3337
f 3336/3336 3393/3393 3337/3337
f 3670/3670 3699/3699 3671/3671
f 3699/3699 3700/3700 3671/3671
f 3699/3699 3725/3725 3700/3700
f 3725/3725 3726/3726 3700/3700
f 3448/3448 3385/3385 3449/3449
f 3385/3385 3397/3397 3449/3449
f 3385/3385 3344/3344 3397/3397
f 3344/3344 3345/3345 3397/3397
f 3344/3344 3062/3062 3345/3345
f 3087/3087 3062/3062 3333/3333
f 3062/3062 3340/3340 3333/3333
f 3062/3062 3341/3341 3340/3340
f 3341/3341 3388/3388 3340/3340
f 3341/3341 3387/3387 3388/3388
f 3387/3387 3438/3438 3388/3388
f 3387/3387 3437/3437 3438/3438
f 3724/3724 3698/3698 3723/3723
f 3724/3724 3699/3699 3698/3698
f 3699/3699 3670/3670 3698/3698
f 3693/3693 3676/3676 3677/3677
f 3676/3676 3657/3657 3677/3677
f 3658/3658 3657/3657 3665/3665
f 3657/3657 3672/3672 3665/3665
f 3657/3657 3673/3673 3672/3672
f 3673/3673 3702/3702 3672/3672
f 3697/3697 3698/3698 3669/3669
f 3698/3698 3670/3670 3669/3669
f 3668/3668 3658/3658 3667/3667
f 3658/3658 3666/3666 3667/3667
f 3658/3658 3665/3665 3666/3666
f 3665/3665 3694/3694 3666/3666
f 3665/3665 3701/3701 3694/3694
f 3701/3701 3716/3716 3694/3694
f 3701/3701 3717/3717 3716/3716
f 3443/3443 3392/3392 3442/3442
f 3668/3668 3667/3667 3696/3696
f 3667/3667 3695/3695 3696/3696
f 3667/3667 3666/3666 3695/3695
f 3666/3666 3694/3694 3695/3695
f 3702/3702 3701/3701 3672/3672
f 3701/3701 3665/3665 3672/3672
f 3675/3675 3691/3691 3674/3674
f 3691/3691 3690/3690 3674/3674
f 3691/3691 3719/3719 3690/3690
f 3719/3719 3718/3718 3690/3690
f 3445/3445 3394/3394 3444/3444
f 3394/3394 3393/3393 3444/3444
f 3394/3394 3337/3337 3393/3393
f 3724/3724 3725/3725 3699/3699
f 3722/3722 3723/3723 3697/3697
f 3723/3723 3698/3698 3697/3697
f 3696/3696 3695/3695 3727/3727
f 3695/3695 3715/3715 3727/3727
f 3695/3695 3694/3694 3715/3715
f 3694/3694 3716/3716 3715/3715
f 3717/3717 3701/3701 3702/3702
f 3720/3720 3691/3691 3692/3692
f 3691/3691 3675/3675 3692/3692
f 3720/3720 3719/3719 3691/3691
f 3437/3437 3386/3386 3448/3448
f 3386/3386 3385/3385 3448/3448
f 3386/3386 3343/3343 3385/3385
f 3343/3343 3344/3344 3385/3385
f 3343/3343 3062/3062 3344/3344
f 3389/3389 3388/3388 3439/3439
f 3388/3388 3438/3438 3439/3439
f 3440/3440 3441/3441 3390/3390
f 3441/3441 3391/3391 3390/3390
f 3441/3441 3442/3442 3391/3391
f 3442/3442 3392/3392 3391/3391
f 3395/3395 3445/3445 3446/3446
f 3395/3395 3394/3394 3445/3445
f 3437/3437 3387/3387 3386/3386
f 3387/3387 3342/3342 3386/3386
f 3387/3387 3341/3341 3342/3342
f 3341/3341 3062/3062 3342/3342
f 3342/3342 3343/3343 3386/3386
f 3333/3333 3340/3340 3389/3389
f 3340/3340 3388/3388 3389/3389
f 3335/3335 3391/3391 3392/3392
f 3335/3335 3334/3334 3391/3391
f 3334/3334 3390/3390 3391/3391
f 3338/3338 3394/3394 3395/3395
f 3338/3338 3337/3337 3394/3394
f 3062/3062 3343/3343 3342/3342
f 250/250 251/251 252/252
f 251/251 253/253 252/252
f 251/251 254/254 253/253
f 254/254 255/255 253/253
f 254/254 256/256 255/255
f 256/256 257/257 255/255
f 256/256 258/258 257/257
f 258/258 259/259 257/257
f 258/258 260/260 259/259
f 260/260 261/261 259/259
f 260/260 262/262 261/261
f 262/262 263/263 261/261
f 262/262 264/264 263/263
f 264/264 265/265 263/263
f 264/264 266/266 265/265
f 266/266 267/267 265/265
f 266/266 268/268 267/267
f 268/268 269/269 267/267
f 268/268 270/270 269/269
f 270/270 271/271 269/269
f 270/270 272/272 271/271
f 272/272 273/273 271/271
f 273/273 274/274 271/271
f 273/273 275/275 274/274
f 275/275 276/276 274/274
f 275/275 277/277 276/276
f 277/277 278/278 276/276
f 277/277 279/279 278/278
f 279/279 280/280 278/278
f 279/279 281/281 280/280
f 281/281 282/282 280/280
f 282/282 283/283 280/280
f 283/283 284/284 280/280
f 283/283 285/285 284/284
f 285/285 286/286 284/284
f 285/285 287/287 286/286
f 287/287 288/288 286/286
f 287/287 289/289 288/288
f 289/289 290/290 288/288
f 289/289 291/291 290/290
f 291/291 292/292 290/290
f 291/291 293/293 292/292
f 293/293 294/294 292/292
f 293/293 295/295 294/294
f 295/295 296/296 294/294
f 295/295 297/297 296/296
f 297/297 298/298 296/296
f 297/297 299/299 298/298
f 299/299 300/300 298/298
f 299/299 301/301 300/300
f 301/301 302/302 300/300
f 302/302 303/303 300/300
f 302/302 304/304 303/303
f 304/304 305/305 303/303
f 304/304 306/306 305/305
f 306/306 307/307 305/305
f 306/306 308/308 307/307
f 308/308 253/253 307/307
f 308/308 252/252 253/253
f 303/303 309/309 300/300
f 309/309 298/298 300/300
f 309/309 310/310 298/298
f 310/310 296/296 298/298
f 310/310 311/311 296/296
f 311/311 294/294 296/296
f 311/311 312/312 294/294
f 312/312 292/292 294/294
f 312/312 313/313 292/292
f 313/313 290/290 292/292
f 313/313 314/314 290/290
f 314/314 288/288 290/290
f 314/314 315/315 288/288
f 315/315 286/286 288/288
f 315/315 316/316 286/286
f 316/316 284/284 286/286
f 316/316 278/278 284/284
f 278/278 280/280 284/284
f 305/305 317/317 303/303
f 317/317 309/309 303/303
f 317/317 318/318 309/309
f 318/318 310/310 309/309
f 318/318 319/319 310/310
f 319/319 311/311 310/310
f 319/319 320/320 311/311
f 320/320 312/312 311/311
f 320/320 321/321 312/312
f 321/321 313/313 312/312
f 321/321 322/322 313/313
f 322/322 314/314 313/313
f 322/322 323/323 314/314
f 323/323 315/315 314/314
f 323/323 324/324 315/315
f 324/324 316/316 315/315
f 324/324 276/276 316/316
f 276/276 278/278 316/316
f 255/255 307/307 253/253
f 307/307 325/325 305/305
f 325/325 317/317 305/305
f 325/325 326/326 317/317
f 326/326 318/318 317/317
f 326/326 327/327 318/318
f 327/327 319/319 318/318
f 327/327 328/328 319/319
f 328/328 320/320 319/319
f 328/328 329/329 320/320
f 329/329 321/321 320/320
f 329/329 330/330 321/321
f 330/330 322/322 321/321
f 330/330 331/331 322/322
f 331/331 323/323 322/322
f 331/331 332/332 323/323
f 332/332 324/324 323/323
f 332/332 274/274 324/324
f 274/274 276/276 324/324
f 257/257 325/325 255/255
f 325/325 307/307 255/255
f 257/257 326/326 325/325
f 259/259 326/326 257/257
f 259/259 327/327 326/326
f 261/261 327/327 259/259
f 261/261 328/328 327/327
f 263/263 328/328 261/261
f 263/263 329/329 328/328
f 265/265 329/329 263/263
f 265/265 330/330 329/329
f 267/267 330/330 265/265
f 267/267 331/331 330/330
f 269/269 331/331 267/267
f 269/269 332/332 331/331
f 271/271 332/332 269/269
f 271/271 274/274 332/332
f 3557/3557 3558/3558 3556/3556
f 3558/3558 3559/3559 3556/3556
f 3558/3558 3578/3578 3559/3559
f 3578/3578 3579/3579 3559/3559
f 3578/3578 3584/3584 3579/3579
f 3584/3584 3585/3585 3579/3579
f 3584/3584 3603/3603 3585/3585
f 3603/3603 3604/3604 3585/3585
f 3603/3603 3609/3609 3604/3604
f 3609/3609 3610/3610 3604/3604
f 3609/3609 3646/3646 3610/3610
f 3646/3646 3647/3647 3610/3610
f 2883/2883 2877/2877 2882/2882
f 2877/2877 2876/2876 2882/2882
f 2877/2877 2857/2857 2876/2876
f 2857/2857 2859/2859 2876/2876
f 2857/2857 2851/2851 2859/2859
f 2851/2851 2853/2853 2859/2859
f 2851/2851 2829/2829 2853/2853
f 2829/2829 2831/2831 2853/2853
f 2829/2829 2825/2825 2831/2831
f 2825/2825 2829/2829 2826/2826
f 2829/2829 2830/2830 2826/2826
f 2829/2829 2851/2851 2830/2830
f 2851/2851 2852/2852 2830/2830
f 2851/2851 2857/2857 2852/2852
f 2857/2857 2858/2858 2852/2852
f 2857/2857 2877/2877 2858/2858
f 2877/2877 2878/2878 2858/2858
f 2877/2877 2883/2883 2878/2878
f 2883/2883 2884/2884 2878/2878
f 3646/3646 3609/3609 3645/3645
f 3609/3609 3608/3608 3645/3645
f 3609/3609 3603/3603 3608/3608
f 3603/3603 3602/3602 3608/3608
f 3603/3603 3584/3584 3602/3602
f 3584/3584 3583/3583 3602/3602
f 3584/3584 3578/3578 3583/3583
f 3578/3578 3577/3577 3583/3583
f 3578/3578 3558/3558 3577/3577
f 3558/3558 3560/3560 3577/3577
f 3558/3558 3557/3557 3560/3560
f 2825/2825 2826/2826 2827/2827
f 2826/2826 2828/2828 2827/2827
f 2828/2828 2832/2832 2827/2827
f 2832/2832 2833/2833 2827/2827
f 2832/2832 2849/2849 2833/2833
f 2849/2849 2850/2850 2833/2833
f 2849/2849 2855/2855 2850/2850
f 2855/2855 2856/2856 2850/2850
f 2855/2855 2873/2873 2856/2856
f 2873/2873 2874/2874 2856/2856
f 2873/2873 2880/2880 2874/2874
f 2880/2880 2881/2881 2874/2874
f 2880/2880 2918/2918 2881/2881
f 2918/2918 2919/2919 2881/2881
f 3511/3511 3505/3505 3510/3510
f 3505/3505 3504/3504 3510/3510
f 3505/3505 3486/3486 3504/3504
f 3486/3486 3485/3485 3504/3504
f 3486/3486 3479/3479 3485/3485
f 3479/3479 3481/3481 3485/3485
f 3479/3479 3457/3457 3481/3481
f 3457/3457 3459/3459 3481/3481
f 3457/3457 3456/3456 3459/3459
f 3456/3456 3457/3457 3453/3453
f 3457/3457 3458/3458 3453/3453
f 3457/3457 3479/3479 3458/3458
f 3479/3479 3480/3480 3458/3458
f 3479/3479 3486/3486 3480/3480
f 3486/3486 3487/3487 3480/3480
f 3486/3486 3505/3505 3487/3487
f 3505/3505 3506/3506 3487/3487
f 3505/3505 3511/3511 3506/3506
f 3511/3511 3512/3512 3506/3506
f 2918/2918 2880/2880 2920/2920
f 2880/2880 2879/2879 2920/2920
f 2880/2880 2873/2873 2879/2879
f 2873/2873 2875/2875 2879/2879
f 2873/2873 2855/2855 2875/2875
f 2855/2855 2854/2854 2875/2875
f 2855/2855 2849/2849 2854/2854
f 2849/2849 2848/2848 2854/2854
f 2849/2849 2832/2832 2848/2848
f 2832/2832 2834/2834 2848/2848
f 2832/2832 2828/2828 2834/2834
f 3456/3456 3453/3453 3455/3455
f 3453/3453 3454/3454 3455/3455
f 3031/3031 3029/3029 3030/3030
f 3029/3029 3027/3027 3030/3030
f 3029/3029 3028/3028 3027/3027
f 3028/3028 3026/3026 3027/3027
f 3028/3028 3032/3032 3026/3026
f 3032/3032 3033/3033 3026/3026
f 3033/3033 3034/3034 3026/3026
f 3033/3033 3035/3035 3034/3034
f 3027/3027 3026/3026 3025/3025
f 3026/3026 3024/3024 3025/3025
f 3024/3024 3023/3023 3025/3025
f 3024/3024 3022/3022 3023/3023
f 3022/3022 3021/3021 3023/3023
f 3022/3022 3020/3020 3021/3021
f 3020/3020 3018/3018 3021/3021
f 3020/3020 3019/3019 3018/3018
f 3019/3019 3017/3017 3018/3018
f 3017/3017 3016/3016 3018/3018
f 3017/3017 3015/3015 3016/3016
f 3015/3015 3014/3014 3016/3016
f 3015/3015 3013/3013 3014/3014
f 3013/3013 3012/3012 3014/3014
f 3013/3013 3010/3010 3012/3012
f 3010/3010 3011/3011 3012/3012
f 3010/3010 3009/3009 3011/3011
f 3010/3010 3008/3008 3009/3009
f 3008/3008 3007/3007 3009/3009
f 3008/3008 3006/3006 3007/3007
f 3006/3006 3005/3005 3007/3007
f 3006/3006 3004/3004 3005/3005
f 3004/3004 3003/3003 3005/3005
f 3004/3004 3002/3002 3003/3003
f 3002/3002 3001/3001 3003/3003
f 3002/3002 3000/3000 3001/3001
f 3000/3000 2999/2999 3001/3001
f 3000/3000 2998/2998 2999/2999
f 2998/2998 2997/2997 2999/2999
f 2998/2998 2926/2926 2997/2997
f 2926/2926 2928/2928 2997/2997
f 2926/2926 2927/2927 2928/2928
f 2927/2927 3266/3266 2928/2928
f 2927/2927 3265/3265 3266/3266
f 3265/3265 3264/3264 3266/3266
f 3265/3265 3263/3263 3264/3264
f 3263/3263 3262/3262 3264/3264
f 3263/3263 3261/3261 3262/3262
f 3261/3261 3259/3259 3262/3262
f 3261/3261 3260/3260 3259/3259
f 3260/3260 3258/3258 3259/3259
f 3258/3258 3257/3257 3259/3259
f 3258/3258 3256/3256 3257/3257
f 3256/3256 3255/3255 3257/3257
f 3256/3256 3253/3253 3255/3255
f 3253/3253 3254/3254 3255/3255
f 3253/3253 3252/3252 3254/3254
f 2928/2928 2996/2996 2997/2997
f 2996/2996 2995/2995 2997/2997
f 2996/2996 2994/2994 2995/2995
f 2994/2994 2993/2993 2995/2995
f 2994/2994 2992/2992 2993/2993
f 2992/2992 2991/2991 2993/2993
f 2992/2992 2990/2990 2991/2991
f 2990/2990 2989/2989 2991/2991
f 2990/2990 2988/2988 2989/2989
f 2988/2988 2987/2987 2989/2989
f 2988/2988 2986/2986 2987/2987
f 2986/2986 2985/2985 2987/2987
f 2986/2986 2984/2984 2985/2985
f 2984/2984 2983/2983 2985/2985
f 2984/2984 2982/2982 2983/2983
f 2982/2982 2981/2981 2983/2983
f 2982/2982 2980/2980 2981/2981
f 2980/2980 2979/2979 2981/2981
f 2980/2980 2978/2978 2979/2979
f 2978/2978 2977/2977 2979/2979
f 2978/2978 2976/2976 2977/2977
f 2976/2976 2975/2975 2977/2977
f 2976/2976 2974/2974 2975/2975
f 2974/2974 2973/2973 2975/2975
f 2974/2974 2972/2972 2973/2973
f 2972/2972 2971/2971 2973/2973
f 2972/2972 2970/2970 2971/2971
f 2970/2970 2969/2969 2971/2971
f 2970/2970 2930/2930 2969/2969
f 2930/2930 2936/2936 2969/2969
f 2930/2930 2929/2929 2936/2936
f 2929/2929 2934/2934 2936/2936
f 2929/2929 2968/2968 2934/2934
f 2968/2968 2967/2967 2934/2934
f 2968/2968 2966/2966 2967/2967
f 2966/2966 2965/2965 2967/2967
f 2966/2966 2964/2964 2965/2965
f 2964/2964 2963/2963 2965/2965
f 2964/2964 2962/2962 2963/2963
f 2962/2962 2961/2961 2963/2963
f 2962/2962 2960/2960 2961/2961
f 2960/2960 2959/2959 2961/2961
f 2960/2960 2958/2958 2959/2959
f 2958/2958 2957/2957 2959/2959
f 2958/2958 2956/2956 2957/2957
f 2956/2956 2955/2955 2957/2957
f 2956/2956 2954/2954 2955/2955
f 2954/2954 2953/2953 2955/2955
f 2954/2954 2952/2952 2953/2953
f 2952/2952 2951/2951 2953/2953
f 2952/2952 2950/2950 2951/2951
f 2950/2950 2949/2949 2951/2951
f 2950/2950 2948/2948 2949/2949
f 2948/2948 2947/2947 2949/2949
f 2948/2948 2946/2946 2947/2947
f 2946/2946 2945/2945 2947/2947
f 2946/2946 2940/2940 2945/2945
f 2940/2940 2944/2944 2945/2945
f 2940/2940 2939/2939 2944/2944
f 2939/2939 2942/2942 2944/2944
f 2942/2942 2943/2943 2944/2944
f 2942/2942 3086/3086 2943/2943
f 2934/2934 2935/2935 2936/2936
f 2935/2935 2937/2937 2936/2936
f 2935/2935 2938/2938 2937/2937
f 3086/3086 2942/2942 3085/3085
f 2942/2942 3084/3084 3085/3085
f 2942/2942 3083/3083 3084/3084
f 3083/3083 2942/2942 3082/3082
f 2942/2942 3080/3080 3082/3082
f 2942/2942 3081/3081 3080/3080
f 3081/3081 3079/3079 3080/3080
f 3079/3079 3076/3076 3080/3080
f 3079/3079 3078/3078 3076/3076
f 3078/3078 3077/3077 3076/3076
f 3077/3077 3075/3075 3076/3076
f 3075/3075 3072/3072 3076/3076
f 3075/3075 3074/3074 3072/3072
f 3074/3074 3073/3073 3072/3072
f 3073/3073 3071/3071 3072/3072
f 3071/3071 3069/3069 3072/3072
f 3071/3071 3070/3070 3069/3069
f 3070/3070 3062/3062 3069/3069
f 3062/3062 3068/3068 3069/3069
f 3062/3062 3067/3067 3068/3068
f 3067/3067 3062/3062 3066/3066
f 3062/3062 3065/3065 3066/3066
f 3062/3062 3064/3064 3065/3065
f 3064/3064 3062/3062 3063/3063
f 3062/3062 3060/3060 3063/3063
f 3062/3062 3061/3061 3060/3060
f 3061/3061 3059/3059 3060/3060
f 3059/3059 3058/3058 3060/3060
f 3059/3059 3057/3057 3058/3058
f 3057/3057 3056/3056 3058/3058
f 3057/3057 3055/3055 3056/3056
f 3055/3055 3054/3054 3056/3056
f 3055/3055 3053/3053 3054/3054
f 3053/3053 3052/3052 3054/3054
f 3053/3053 3051/3051 3052/3052
f 3051/3051 3050/3050 3052/3052
f 3051/3051 3049/3049 3050/3050
f 3049/3049 3048/3048 3050/3050
f 3049/3049 3047/3047 3048/3048
f 3047/3047 3046/3046 3048/3048
f 3047/3047 3045/3045 3046/3046
f 3045/3045 3044/3044 3046/3046
f 3045/3045 3043/3043 3044/3044
f 3043/3043 3042/3042 3044/3044
f 3043/3043 3041/3041 3042/3042
f 3041/3041 3040/3040 3042/3042
f 3041/3041 3039/3039 3040/3040
f 3039/3039 3038/3038 3040/3040
f 3039/3039 3037/3037 3038/3038
f 3037/3037 3036/3036 3038/3038
f 3037/3037 3032/3032 3036/3036
f 3032/3032 3028/3028 3036/3036
f 3238/3238 3237/3237 3236/3236
f 3237/3237 3235/3235 3236/3236
f 3235/3235 3233/3233 3236/3236
f 3235/3235 3234/3234 3233/3233
f 3234/3234 3232/3232 3233/3233
f 3234/3234 3267/3267 3232/3232
f 3233/3233 3232/3232 3231/3231
f 3232/3232 3230/3230 3231/3231
f 3230/3230 3229/3229 3231/3231
f 3230/3230 3228/3228 3229/3229
f 3228/3228 3227/3227 3229/3229
f 3228/3228 3226/3226 3227/3227
f 3226/3226 3225/3225 3227/3227
f 3226/3226 3224/3224 3225/3225
f 3224/3224 3223/3223 3225/3225
f 3224/3224 3222/3222 3223/3223
f 3222/3222 3221/3221 3223/3223
f 3222/3222 3220/3220 3221/3221
f 3220/3220 3219/3219 3221/3221
f 3220/3220 3218/3218 3219/3219
f 3218/3218 3217/3217 3219/3219
f 3218/3218 3216/3216 3217/3217
f 3216/3216 3215/3215 3217/3217
f 3216/3216 3214/3214 3215/3215
f 3214/3214 3213/3213 3215/3215
f 3214/3214 3212/3212 3213/3213
f 3212/3212 3211/3211 3213/3213
f 3212/3212 3210/3210 3211/3211
f 3210/3210 3209/3209 3211/3211
f 3210/3210 3208/3208 3209/3209
f 3208/3208 3207/3207 3209/3209
f 3208/3208 3205/3205 3207/3207
f 3205/3205 3206/3206 3207/3207
f 3205/3205 3198/3198 3206/3206
f 3207/3207 3206/3206 3270/3270
f 3206/3206 3271/3271 3270/3270
f 3206/3206 3272/3272 3271/3271
f 3272/3272 3206/3206 3273/3273
f 3206/3206 3274/3274 3273/3273
f 3206/3206 3275/3275 3274/3274
f 3275/3275 3206/3206 3276/3276
f 3206/3206 3277/3277 3276/3276
f 3277/3277 3278/3278 3276/3276
f 3278/3278 3279/3279 3276/3276
f 3278/3278 3280/3280 3279/3279
f 3280/3280 3281/3281 3279/3279
f 3281/3281 3282/3282 3279/3279
f 3282/3282 3283/3283 3279/3279
f 3282/3282 3284/3284 3283/3283
f 3284/3284 3285/3285 3283/3283
f 3285/3285 3286/3286 3283/3283
f 3286/3286 3287/3287 3283/3283
f 3286/3286 3288/3288 3287/3287
f 3288/3288 2939/2939 3287/3287
f 2939/2939 3289/3289 3287/3287
f 2939/2939 3290/3290 3289/3289
f 3290/3290 2939/2939 3291/3291
f 2939/2939 3292/3292 3291/3291
f 2939/2939 3293/3293 3292/3292
f 3293/3293 2939/2939 2941/2941
f 2939/2939 2940/2940 2941/2941
f 2929/2929 2930/2930 2931/2931
f 2930/2930 2932/2932 2931/2931
f 2932/2932 2933/2933 2931/2931
f 3253/3253 3251/3251 3252/3252
f 3251/3251 3250/3250 3252/3252
f 3251/3251 3249/3249 3250/3250
f 3249/3249 3248/3248 3250/3250
f 3249/3249 3247/3247 3248/3248
f 3247/3247 3245/3245 3248/3248
f 3247/3247 3246/3246 3245/3245
f 3246/3246 3244/3244 3245/3245
f 3244/3244 3243/3243 3245/3245
f 3244/3244 3242/3242 3243/3243
f 3242/3242 3241/3241 3243/3243
f 3242/3242 3240/3240 3241/3241
f 3240/3240 3239/3239 3241/3241
f 3240/3240 3234/3234 3239/3239
f 3234/3234 3235/3235 3239/3239
f 3145/3145 3144/3144 3143/3143
f 3144/3144 3142/3142 3143/3143
f 3142/3142 3140/3140 3143/3143
f 3142/3142 3141/3141 3140/3140
f 3141/3141 3139/3139 3140/3140
f 3139/3139 3138/3138 3140/3140
f 3139/3139 3137/3137 3138/3138
f 3137/3137 3136/3136 3138/3138
f 3137/3137 3135/3135 3136/3136
f 3135/3135 3134/3134 3136/3136
f 3135/3135 3133/3133 3134/3134
f 3133/3133 3132/3132 3134/3134
f 3133/3133 3131/3131 3132/3132
f 3131/3131 3130/3130 3132/3132
f 3131/3131 3129/3129 3130/3130
f 3129/3129 3128/3128 3130/3130
f 3129/3129 3127/3127 3128/3128
f 3127/3127 3126/3126 3128/3128
f 3127/3127 3125/3125 3126/3126
f 3125/3125 3124/3124 3126/3126
f 3125/3125 3123/3123 3124/3124
f 3123/3123 3122/3122 3124/3124
f 3123/3123 3121/3121 3122/3122
f 3121/3121 3120/3120 3122/3122
f 3121/3121 3119/3119 3120/3120
f 3119/3119 3118/3118 3120/3120
f 3119/3119 3117/3117 3118/3118
f 3117/3117 3116/3116 3118/3118
f 3117/3117 3114/3114 3116/3116
f 3114/3114 3115/3115 3116/3116
f 3114/3114 3107/3107 3115/3115
f 3107/3107 3178/3178 3115/3115
f 3178/3178 3179/3179 3115/3115
f 3178/3178 3180/3180 3179/3179
f 3180/3180 3178/3178 3181/3181
f 3178/3178 3182/3182 3181/3181
f 3178/3178 3183/3183 3182/3182
f 3183/3183 3178/3178 3184/3184
f 3178/3178 3185/3185 3184/3184
f 3178/3178 3186/3186 3185/3185
f 3186/3186 3187/3187 3185/3185
f 3187/3187 3188/3188 3185/3185
f 3187/3187 3189/3189 3188/3188
f 3189/3189 3190/3190 3188/3188
f 3190/3190 3191/3191 3188/3188
f 3191/3191 3192/3192 3188/3188
f 3191/3191 3193/3193 3192/3192
f 3193/3193 3194/3194 3192/3192
f 3194/3194 3195/3195 3192/3192
f 3195/3195 3196/3196 3192/3192
f 3195/3195 3197/3197 3196/3196
f 3197/3197 3198/3198 3196/3196
f 3198/3198 3199/3199 3196/3196
f 3198/3198 3200/3200 3199/3199
f 3200/3200 3198/3198 3201/3201
f 3198/3198 3202/3202 3201/3201
f 3198/3198 3203/3203 3202/3202
f 3203/3203 3198/3198 3204/3204
f 3198/3198 3205/3205 3204/3204
f 3269/3269 3267/3267 3268/3268
f 3267/3267 3234/3234 3268/3268
f 2926/2926 3174/3174 2927/2927
f 3174/3174 3173/3173 2927/2927
f 3174/3174 3172/3172 3173/3173
f 3172/3172 3171/3171 3173/3173
f 3172/3172 3170/3170 3171/3171
f 3170/3170 3169/3169 3171/3171
f 3170/3170 3168/3168 3169/3169
f 3168/3168 3167/3167 3169/3169
f 3168/3168 3166/3166 3167/3167
f 3166/3166 3165/3165 3167/3167
f 3166/3166 3164/3164 3165/3165
f 3164/3164 3163/3163 3165/3165
f 3164/3164 3162/3162 3163/3163
f 3162/3162 3161/3161 3163/3163
f 3162/3162 3160/3160 3161/3161
f 3160/3160 3159/3159 3161/3161
f 3160/3160 3158/3158 3159/3159
f 3158/3158 3157/3157 3159/3159
f 3158/3158 3156/3156 3157/3157
f 3156/3156 3155/3155 3157/3157
f 3156/3156 3154/3154 3155/3155
f 3154/3154 3153/3153 3155/3155
f 3154/3154 3152/3152 3153/3153
f 3152/3152 3151/3151 3153/3153
f 3152/3152 3150/3150 3151/3151
f 3150/3150 3149/3149 3151/3151
f 3150/3150 3148/3148 3149/3149
f 3148/3148 3147/3147 3149/3149
f 3148/3148 3146/3146 3147/3147
f 3146/3146 3142/3142 3147/3147
f 3146/3146 3141/3141 3142/3142
f 3177/3177 3175/3175 3176/3176
f 3175/3175 3146/3146 3176/3176
f 3175/3175 3141/3141 3146/3146
f 3062/3062 3087/3087 3061/3061
f 3087/3087 3088/3088 3061/3061
f 3087/3087 3089/3089 3088/3088
f 3089/3089 3087/3087 3090/3090
f 3087/3087 3091/3091 3090/3090
f 3087/3087 3092/3092 3091/3091
f 3092/3092 3087/3087 3093/3093
f 3087/3087 3094/3094 3093/3093
f 3087/3087 3095/3095 3094/3094
f 3095/3095 3096/3096 3094/3094
f 3096/3096 3097/3097 3094/3094
f 3096/3096 3098/3098 3097/3097
f 3098/3098 3099/3099 3097/3097
f 3099/3099 3100/3100 3097/3097
f 3100/3100 3101/3101 3097/3097
f 3100/3100 3102/3102 3101/3101
f 3102/3102 3103/3103 3101/3101
f 3103/3103 3104/3104 3101/3101
f 3104/3104 3105/3105 3101/3101
f 3104/3104 3106/3106 3105/3105
f 3106/3106 3107/3107 3105/3105
f 3107/3107 3108/3108 3105/3105
f 3107/3107 3109/3109 3108/3108
f 3109/3109 3107/3107 3110/3110
f 3107/3107 3111/3111 3110/3110
f 3107/3107 3112/3112 3111/3111
f 3112/3112 3107/3107 3113/3113
f 3107/3107 3114/3114 3113/3113
f 333/333 334/334 335/335
f 334/334 336/336 335/335
f 334/334 337/337 336/336
f 335/335 338/338 333/333
f 338/338 339/339 333/333
f 338/338 340/340 339/339
f 340/340 341/341 339/339
f 340/340 342/342 341/341
f 342/342 343/343 341/341
f 342/342 344/344 343/343
f 344/344 345/345 343/343
f 344/344 346/346 345/345
f 346/346 347/347 345/345
f 346/346 348/348 347/347
f 348/348 349/349 347/347
f 348/348 350/350 349/349
f 350/350 351/351 349/349
f 350/350 352/352 351/351
f 352/352 353/353 351/351
f 352/352 354/354 353/353
f 354/354 355/355 353/353
f 354/354 356/356 355/355
f 356/356 357/357 355/355
f 356/356 358/358 357/357
f 358/358 359/359 357/357
f 358/358 360/360 359/359
f 360/360 361/361 359/359
f 360/360 362/362 361/361
f 362/362 363/363 361/361
f 362/362 364/364 363/363
f 364/364 365/365 363/363
f 364/364 366/366 365/365
f 366/366 367/367 365/365
f 366/366 368/368 367/367
f 368/368 369/369 367/367
f 368/368 370/370 369/369
f 370/370 371/371 369/369
f 370/370 372/372 371/371
f 372/372 373/373 371/371
f 372/372 374/374 373/373
f 374/374 375/375 373/373
f 374/374 376/376 375/375
f 376/376 377/377 375/375
f 376/376 378/378 377/377
f 378/378 379/379 377/377
f 378/378 380/380 379/379
f 380/380 381/381 379/379
f 381/381 382/382 379/379
f 381/381 383/383 382/382
f 383/383 384/384 382/382
f 383/383 385/385 384/384
f 385/385 386/386 384/384
f 385/385 387/387 386/386
f 387/387 388/388 386/386
f 387/387 389/389 388/388
f 389/389 390/390 388/388
f 389/389 391/391 390/390
f 391/391 392/392 390/390
f 391/391 393/393 392/392
f 393/393 394/394 392/392
f 393/393 395/395 394/394
f 395/395 396/396 394/394
f 395/395 397/397 396/396
f 397/397 398/398 396/396
f 397/397 399/399 398/398
f 399/399 400/400 398/398
f 399/399 401/401 400/400
f 401/401 402/402 400/400
f 401/401 403/403 402/402
f 403/403 404/404 402/402
f 403/403 405/405 404/404
f 405/405 406/406 404/404
f 406/406 407/407 404/404
f 406/406 408/408 407/407
f 408/408 409/409 407/407
f 408/408 410/410 409/409
f 410/410 411/411 409/409
f 410/410 412/412 411/411
f 412/412 413/413 411/411
f 412/412 414/414 413/413
f 414/414 415/415 413/413
f 415/415 416/416 413/413
f 415/415 417/417 416/416
f 369/369 371/371 418/418
f 371/371 419/419 418/418
f 371/371 373/373 419/419
f 373/373 420/420 419/419
f 373/373 375/375 420/420
f 375/375 421/421 420/420
f 375/375 377/377 421/421
f 377/377 422/422 421/421
f 377/377 379/379 422/422
f 379/379 382/382 422/422
f 418/418 419/419 423/423
f 419/419 424/424 423/423
f 419/419 420/420 424/424
f 420/420 425/425 424/424
f 420/420 421/421 425/425
f 421/421 426/426 425/425
f 421/421 422/422 426/426
f 422/422 427/427 426/426
f 422/422 382/382 427/427
f 382/382 384/384 427/427
f 423/423 424/424 428/428
f 424/424 429/429 428/428
f 424/424 425/425 429/429
f 425/425 430/430 429/429
f 425/425 426/426 430/430
f 426/426 431/431 430/430
f 426/426 427/427 431/431
f 427/427 432/432 431/431
f 427/427 384/384 432/432
f 384/384 386/386 432/432
f 428/428 429/429 433/433
f 429/429 434/434 433/433
f 429/429 430/430 434/434
f 430/430 435/435 434/434
f 430/430 431/431 435/435
f 431/431 436/436 435/435
f 431/431 432/432 436/436
f 432/432 437/437 436/436
f 432/432 386/386 437/437
f 386/386 388/388 437/437
f 433/433 434/434 438/438
f 434/434 439/439 438/438
f 434/434 435/435 439/439
f 435/435 440/440 439/439
f 435/435 436/436 440/440
f 436/436 441/441 440/440
f 436/436 437/437 441/441
f 437/437 442/442 441/441
f 437/437 388/388 442/442
f 388/388 390/390 442/442
f 438/438 439/439 443/443
f 439/439 444/444 443/443
f 439/439 440/440 444/444
f 440/440 445/445 444/444
f 440/440 441/441 445/445
f 441/441 446/446 445/445
f 441/441 442/442 446/446
f 442/442 447/447 446/446
f 442/442 390/390 447/447
f 390/390 392/392 447/447
f 443/443 444/444 448/448
f 444/444 449/449 448/448
f 444/444 445/445 449/449
f 445/445 450/450 449/449
f 445/445 446/446 450/450
f 446/446 451/451 450/450
f 446/446 447/447 451/451
f 447/447 452/452 451/451
f 447/447 392/392 452/452
f 392/392 394/394 452/452
f 448/448 449/449 453/453
f 449/449 454/454 453/453
f 449/449 450/450 454/454
f 450/450 455/455 454/454
f 450/450 451/451 455/455
f 451/451 456/456 455/455
f 451/451 452/452 456/456
f 452/452 457/457 456/456
f 452/452 394/394 457/457
f 394/394 396/396 457/457
f 453/453 454/454 458/458
f 454/454 459/459 458/458
f 454/454 455/455 459/459
f 455/455 460/460 459/459
f 455/455 456/456 460/460
f 456/456 461/461 460/460
f 456/456 457/457 461/461
f 457/457 462/462 461/461
f 457/457 396/396 462/462
f 396/396 398/398 462/462
f 458/458 459/459 463/463
f 459/459 464/464 463/463
f 459/459 460/460 464/464
f 460/460 465/465 464/464
f 460/460 461/461 465/465
f 461/461 466/466 465/465
f 461/461 462/462 466/466
f 462/462 467/467 466/466
f 462/462 398/398 467/467
f 398/398 400/400 467/467
f 463/463 464/464 468/468
f 464/464 469/469 468/468
f 464/464 465/465 469/469
f 465/465 470/470 469/469
f 465/465 466/466 470/470
f 466/466 471/471 470/470
f 466/466 467/467 471/471
f 467/467 472/472 471/471
f 467/467 400/400 472/472
f 400/400 402/402 472/472
f 468/468 469/469 473/473
f 469/469 474/474 473/473
f 469/469 470/470 474/474
f 470/470 475/475 474/474
f 470/470 471/471 475/475
f 471/471 476/476 475/475
f 471/471 472/472 476/476
f 472/472 477/477 476/476
f 472/472 402/402 477/477
f 402/402 404/404 477/477
f 473/473 474/474 478/478
f 474/474 479/479 478/478
f 474/474 475/475 479/479
f 475/475 480/480 479/479
f 475/475 476/476 480/480
f 476/476 481/481 480/480
f 476/476 477/477 481/481
f 477/477 407/407 481/481
f 477/477 404/404 407/407
f 478/478 479/479 482/482
f 479/479 483/483 482/482
f 479/479 480/480 483/483
f 480/480 484/484 483/483
f 480/480 481/481 484/484
f 481/481 409/409 484/484
f 481/481 407/407 409/409
f 482/482 483/483 485/485
f 483/483 486/486 485/485
f 483/483 484/484 486/486
f 484/484 411/411 486/486
f 484/484 409/409 411/411
f 485/485 486/486 487/487
f 486/486 413/413 487/487
f 486/486 411/411 413/413
f 487/487 413/413 416/416
f 405/405 403/403 488/488
f 403/403 489/489 488/488
f 380/380 378/378 490/490
f 378/378 491/491 490/490
f 378/378 376/376 491/491
f 376/376 492/492 491/491
f 376/376 374/374 492/492
f 374/374 493/493 492/492
f 374/374 372/372 493/493
f 372/372 494/494 493/493
f 372/372 370/370 494/494
f 370/370 368/368 494/494
f 490/490 491/491 495/495
f 491/491 496/496 495/495
f 491/491 492/492 496/496
f 492/492 497/497 496/496
f 492/492 493/493 497/497
f 493/493 498/498 497/497
f 493/493 494/494 498/498
f 494/494 499/499 498/498
f 494/494 368/368 499/499
f 368/368 366/366 499/499
f 495/495 496/496 500/500
f 496/496 501/501 500/500
f 496/496 497/497 501/501
f 497/497 502/502 501/501
f 497/497 498/498 502/502
f 498/498 503/503 502/502
f 498/498 499/499 503/503
f 499/499 504/504 503/503
f 499/499 366/366 504/504
f 366/366 364/364 504/504
f 500/500 501/501 505/505
f 501/501 506/506 505/505
f 501/501 502/502 506/506
f 502/502 507/507 506/506
f 502/502 503/503 507/507
f 503/503 508/508 507/507
f 503/503 504/504 508/508
f 504/504 509/509 508/508
f 504/504 364/364 509/509
f 364/364 362/362 509/509
f 506/506 510/510 505/505
f 510/510 511/511 505/505
f 510/510 512/512 511/511
f 512/512 513/513 511/511
f 512/512 514/514 513/513
f 514/514 515/515 513/513
f 514/514 516/516 515/515
f 516/516 517/517 515/515
f 516/516 518/518 517/517
f 518/518 519/519 517/517
f 518/518 520/520 519/519
f 520/520 521/521 519/519
f 520/520 522/522 521/521
f 522/522 523/523 521/521
f 522/522 524/524 523/523
f 524/524 525/525 523/523
f 524/524 526/526 525/525
f 526/526 527/527 525/525
f 526/526 528/528 527/527
f 528/528 529/529 527/527
f 528/528 530/530 529/529
f 530/530 531/531 529/529
f 530/530 532/532 531/531
f 532/532 533/533 531/531
f 532/532 534/534 533/533
f 534/534 535/535 533/533
f 534/534 536/536 535/535
f 536/536 537/537 535/535
f 536/536 538/538 537/537
f 538/538 539/539 537/537
f 538/538 540/540 539/539
f 540/540 541/541 539/539
f 540/540 542/542 541/541
f 542/542 543/543 541/541
f 542/542 544/544 543/543
f 545/545 541/541 546/546
f 541/541 543/543 546/546
f 542/542 547/547 544/544
f 547/547 548/548 544/544
f 547/547 549/549 548/548
f 547/547 550/550 549/549
f 550/550 551/551 549/549
f 550/550 552/552 551/551
f 550/550 553/553 552/552
f 553/553 336/336 552/552
f 553/553 335/335 336/336
f 553/553 554/554 335/335
f 554/554 338/338 335/335
f 554/554 555/555 338/338
f 555/555 340/340 338/338
f 555/555 556/556 340/340
f 556/556 342/342 340/340
f 556/556 557/557 342/342
f 557/557 344/344 342/342
f 557/557 558/558 344/344
f 558/558 346/346 344/344
f 558/558 559/559 346/346
f 559/559 348/348 346/346
f 559/559 560/560 348/348
f 560/560 350/350 348/348
f 560/560 561/561 350/350
f 561/561 352/352 350/350
f 561/561 562/562 352/352
f 562/562 354/354 352/352
f 562/562 563/563 354/354
f 563/563 356/356 354/354
f 563/563 564/564 356/356
f 564/564 358/358 356/356
f 564/564 565/565 358/358
f 565/565 360/360 358/358
f 565/565 566/566 360/360
f 566/566 362/362 360/360
f 566/566 509/509 362/362
f 550/550 567/567 553/553
f 567/567 554/554 553/553
f 567/567 568/568 554/554
f 568/568 555/555 554/554
f 568/568 569/569 555/555
f 569/569 556/556 555/555
f 569/569 570/570 556/556
f 570/570 557/557 556/556
f 570/570 571/571 557/557
f 571/571 558/558 557/557
f 571/571 572/572 558/558
f 572/572 559/559 558/558
f 572/572 573/573 559/559
f 573/573 560/560 559/559
f 573/573 574/574 560/560
f 574/574 561/561 560/560
f 574/574 575/575 561/561
f 575/575 562/562 561/561
f 575/575 576/576 562/562
f 576/576 563/563 562/562
f 576/576 577/577 563/563
f 577/577 564/564 563/563
f 577/577 578/578 564/564
f 578/578 565/565 564/564
f 578/578 579/579 565/565
f 579/579 566/566 565/565
f 579/579 580/580 566/566
f 580/580 509/509 566/566
f 580/580 508/508 509/509
f 540/540 547/547 542/542
f 547/547 581/581 550/550
f 581/581 567/567 550/550
f 581/581 582/582 567/567
f 582/582 568/568 567/567
f 582/582 583/583 568/568
f 583/583 569/569 568/568
f 583/583 584/584 569/569
f 584/584 570/570 569/569
f 584/584 585/585 570/570
f 585/585 571/571 570/570
f 585/585 586/586 571/571
f 586/586 572/572 571/571
f 586/586 587/587 572/572
f 587/587 573/573 572/572
f 587/587 588/588 573/573
f 588/588 574/574 573/573
f 588/588 589/589 574/574
f 589/589 575/575 574/574
f 589/589 590/590 575/575
f 590/590 576/576 575/575
f 590/590 591/591 576/576
f 591/591 577/577 576/576
f 591/591 592/592 577/577
f 592/592 578/578 577/577
f 592/592 593/593 578/578
f 593/593 579/579 578/578
f 593/593 594/594 579/579
f 594/594 580/580 579/579
f 594/594 595/595 580/580
f 595/595 508/508 580/580
f 595/595 507/507 508/508
f 538/538 581/581 540/540
f 581/581 547/547 540/540
f 538/538 582/582 581/581
f 536/536 582/582 538/538
f 536/536 583/583 582/582
f 534/534 583/583 536/536
f 534/534 584/584 583/583
f 532/532 584/584 534/534
f 532/532 585/585 584/584
f 530/530 585/585 532/532
f 530/530 586/586 585/585
f 528/528 586/586 530/530
f 528/528 587/587 586/586
f 526/526 587/587 528/528
f 526/526 588/588 587/587
f 524/524 588/588 526/526
f 524/524 589/589 588/588
f 522/522 589/589 524/524
f 522/522 590/590 589/589
f 520/520 590/590 522/522
f 520/520 591/591 590/590
f 518/518 591/591 520/520
f 518/518 592/592 591/591
f 516/516 592/592 518/518
f 516/516 593/593 592/592
f 514/514 593/593 516/516
f 514/514 594/594 593/593
f 512/512 594/594 514/514
f 512/512 595/595 594/594
f 510/510 595/595 512/512
f 510/510 507/507 595/595
f 506/506 507/507 510/510
f 545/545 546/546 596/596
f 546/546 543/543 596/596
f 543/543 597/597 596/596
f 543/543 544/544 597/597
f 544/544 598/598 597/597
f 544/544 548/548 598/598
f 548/548 599/599 598/598
f 548/548 549/549 599/599
f 549/549 600/600 599/599
f 549/549 551/551 600/600
f 551/551 601/601 600/600
f 551/551 552/552 601/601
f 552/552 336/336 601/601
f 336/336 334/334 601/601
f 336/336 337/337 334/334
f 597/597 602/602 596/596
f 602/602 603/603 596/596
f 602/602 604/604 603/603
f 604/604 605/605 603/603
f 604/604 606/606 605/605
f 606/606 607/607 605/605
f 606/606 608/608 607/607
f 608/608 609/609 607/607
f 608/608 610/610 609/609
f 610/610 611/611 609/609
f 610/610 612/612 611/611
f 612/612 613/613 611/611
f 612/612 614/614 613/613
f 614/614 615/615 613/613
f 614/614 616/616 615/615
f 616/616 617/617 615/615
f 616/616 618/618 617/617
f 618/618 619/619 617/617
f 618/618 620/620 619/619
f 620/620 621/621 619/619
f 620/620 622/622 621/621
f 622/622 623/623 621/621
f 622/622 624/624 623/623
f 624/624 625/625 623/623
f 624/624 626/626 625/625
f 626/626 627/627 625/625
f 626/626 628/628 627/627
f 628/628 629/629 627/627
f 628/628 630/630 629/629
f 630/630 631/631 629/629
f 630/630 632/632 631/631
f 632/632 633/633 631/631
f 632/632 634/634 633/633
f 634/634 635/635 633/633
f 635/635 636/636 633/633
f 635/635 637/637 636/636
f 637/637 638/638 636/636
f 637/637 639/639 638/638
f 639/639 640/640 638/638
f 639/639 641/641 640/640
f 641/641 642/642 640/640
f 641/641 643/643 642/642
f 643/643 644/644 642/642
f 643/643 645/645 644/644
f 645/645 646/646 644/644
f 645/645 647/647 646/646
f 647/647 648/648 646/646
f 647/647 649/649 648/648
f 649/649 650/650 648/648
f 649/649 651/651 650/650
f 651/651 652/652 650/650
f 651/651 653/653 652/652
f 653/653 654/654 652/652
f 653/653 655/655 654/654
f 655/655 656/656 654/654
f 655/655 657/657 656/656
f 657/657 658/658 656/656
f 657/657 659/659 658/658
f 659/659 660/660 658/658
f 659/659 661/661 660/660
f 661/661 662/662 660/660
f 661/661 663/663 662/662
f 663/663 664/664 662/662
f 663/663 665/665 664/664
f 665/665 666/666 664/664
f 665/665 667/667 666/666
f 667/667 668/668 666/666
f 667/667 669/669 668/668
f 669/669 670/670 668/668
f 669/669 671/671 670/670
f 671/671 672/672 670/670
f 671/671 673/673 672/672
f 673/673 674/674 672/672
f 673/673 675/675 674/674
f 623/623 625/625 676/676
f 625/625 677/677 676/676
f 625/625 627/627 677/677
f 627/627 678/678 677/677
f 627/627 629/629 678/678
f 629/629 679/679 678/678
f 629/629 631/631 679/679
f 631/631 680/680 679/679
f 631/631 633/633 680/680
f 633/633 636/636 680/680
f 676/676 677/677 681/681
f 677/677 682/682 681/681
f 677/677 678/678 682/682
f 678/678 683/683 682/682
f 678/678 679/679 683/683
f 679/679 684/684 683/683
f 679/679 680/680 684/684
f 680/680 685/685 684/684
f 680/680 636/636 685/685
f 636/636 638/638 685/685
f 681/681 682/682 686/686
f 682/682 687/687 686/686
f 682/682 683/683 687/687
f 683/683 688/688 687/687
f 683/683 684/684 688/688
f 684/684 689/689 688/688
f 684/684 685/685 689/689
f 685/685 690/690 689/689
f 685/685 638/638 690/690
f 638/638 640/640 690/690
f 686/686 687/687 691/691
f 687/687 692/692 691/691
f 687/687 688/688 692/692
f 688/688 693/693 692/692
f 688/688 689/689 693/693
f 689/689 694/694 693/693
f 689/689 690/690 694/694
f 690/690 695/695 694/694
f 690/690 640/640 695/695
f 640/640 642/642 695/695
f 691/691 692/692 696/696
f 692/692 697/697 696/696
f 692/692 693/693 697/697
f 693/693 698/698 697/697
f 693/693 694/694 698/698
f 694/694 699/699 698/698
f 694/694 695/695 699/699
f 695/695 700/700 699/699
f 695/695 642/642 700/700
f 642/642 644/644 700/700
f 696/696 697/697 701/701
f 697/697 702/702 701/701
f 697/697 698/698 702/702
f 698/698 703/703 702/702
f 698/698 699/699 703/703
f 699/699 704/704 703/703
f 699/699 700/700 704/704
f 700/700 705/705 704/704
f 700/700 644/644 705/705
f 644/644 646/646 705/705
f 701/701 702/702 706/706
f 702/702 707/707 706/706
f 702/702 703/703 707/707
f 703/703 708/708 707/707
f 703/703 704/704 708/708
f 704/704 709/709 708/708
f 704/704 705/705 709/709
f 705/705 710/710 709/709
f 705/705 646/646 710/710
f 646/646 648/648 710/710
f 706/706 707/707 711/711
f 707/707 712/712 711/711
f 707/707 708/708 712/712
f 708/708 713/713 712/712
f 708/708 709/709 713/713
f 709/709 714/714 713/713
f 709/709 710/710 714/714
f 710/710 715/715 714/714
f 710/710 648/648 715/715
f 648/648 650/650 715/715
f 711/711 712/712 716/716
f 712/712 717/717 716/716
f 712/712 713/713 717/717
f 713/713 718/718 717/717
f 713/713 714/714 718/718
f 714/714 719/719 718/718
f 714/714 715/715 719/719
f 715/715 720/720 719/719
f 715/715 650/650 720/720
f 650/650 652/652 720/720
f 716/716 717/717 721/721
f 717/717 722/722 721/721
f 717/717 718/718 722/722
f 718/718 723/723 722/722
f 718/718 719/719 723/723
f 719/719 724/724 723/723
f 719/719 720/720 724/724
f 720/720 725/725 724/724
f 720/720 652/652 725/725
f 652/652 654/654 725/725
f 721/721 722/722 726/726
f 722/722 727/727 726/726
f 722/722 723/723 727/727
f 723/723 728/728 727/727
f 723/723 724/724 728/728
f 724/724 729/729 728/728
f 724/724 725/725 729/729
f 725/725 730/730 729/729
f 725/725 654/654 730/730
f 654/654 656/656 730/730
f 726/726 727/727 731/731
f 727/727 732/732 731/731
f 727/727 728/728 732/732
f 728/728 733/733 732/732
f 728/728 729/729 733/733
f 729/729 734/734 733/733
f 729/729 730/730 734/734
f 730/730 735/735 734/734
f 730/730 656/656 735/735
f 656/656 658/658 735/735
f 731/731 732/732 736/736
f 732/732 737/737 736/736
f 732/732 733/733 737/737
f 733/733 738/738 737/737
f 733/733 734/734 738/738
f 734/734 739/739 738/738
f 734/734 735/735 739/739
f 735/735 740/740 739/739
f 735/735 658/658 740/740
f 658/658 660/660 740/740
f 736/736 737/737 741/741
f 737/737 742/742 741/741
f 737/737 738/738 742/742
f 738/738 743/743 742/742
f 738/738 739/739 743/743
f 739/739 744/744 743/743
f 739/739 740/740 744/744
f 740/740 745/745 744/744
f 740/740 660/660 745/745
f 660/660 662/662 745/745
f 741/741 742/742 746/746
f 742/742 747/747 746/746
f 742/742 743/743 747/747
f 743/743 748/748 747/747
f 743/743 744/744 748/748
f 744/744 749/749 748/748
f 744/744 745/745 749/749
f 745/745 750/750 749/749
f 745/745 662/662 750/750
f 662/662 664/664 750/750
f 746/746 747/747 751/751
f 747/747 752/752 751/751
f 747/747 748/748 752/752
f 748/748 753/753 752/752
f 748/748 749/749 753/753
f 749/749 754/754 753/753
f 749/749 750/750 754/754
f 750/750 666/666 754/754
f 750/750 664/664 666/666
f 751/751 752/752 755/755
f 752/752 756/756 755/755
f 752/752 753/753 756/756
f 753/753 757/757 756/756
f 753/753 754/754 757/757
f 754/754 668/668 757/757
f 754/754 666/666 668/668
f 755/755 756/756 758/758
f 756/756 759/759 758/758
f 756/756 757/757 759/759
f 757/757 670/670 759/759
f 757/757 668/668 670/670
f 758/758 759/759 760/760
f 759/759 672/672 760/760
f 759/759 670/670 672/672
f 760/760 672/672 674/674
f 673/673 761/761 675/675
f 761/761 762/762 675/675
f 761/761 763/763 762/762
f 763/763 764/764 762/762
f 763/763 765/765 764/764
f 765/765 766/766 764/764
f 765/765 767/767 766/766
f 767/767 768/768 766/766
f 767/767 769/769 768/768
f 769/769 770/770 768/768
f 769/769 771/771 770/770
f 771/771 772/772 770/770
f 771/771 773/773 772/772
f 773/773 774/774 772/772
f 773/773 775/775 774/774
f 775/775 776/776 774/774
f 776/776 777/777 774/774
f 776/776 778/778 777/777
f 778/778 779/779 777/777
f 778/778 780/780 779/779
f 780/780 781/781 779/779
f 780/780 782/782 781/781
f 782/782 783/783 781/781
f 782/782 784/784 783/783
f 784/784 785/785 783/783
f 784/784 786/786 785/785
f 786/786 787/787 785/785
f 786/786 788/788 787/787
f 788/788 789/789 787/787
f 788/788 790/790 789/789
f 790/790 791/791 789/789
f 790/790 792/792 791/791
f 792/792 793/793 791/791
f 792/792 794/794 793/793
f 794/794 795/795 793/793
f 794/794 796/796 795/795
f 796/796 797/797 795/795
f 796/796 416/416 797/797
f 416/416 415/415 797/797
f 416/416 417/417 415/415
f 764/764 766/766 798/798
f 766/766 799/799 798/798
f 766/766 800/800 799/799
f 800/800 801/801 799/799
f 800/800 802/802 801/801
f 802/802 803/803 801/801
f 802/802 804/804 803/803
f 804/804 805/805 803/803
f 804/804 783/783 805/805
f 783/783 785/785 805/805
f 798/798 799/799 806/806
f 799/799 807/807 806/806
f 799/799 801/801 807/807
f 801/801 808/808 807/807
f 801/801 803/803 808/808
f 803/803 809/809 808/808
f 803/803 805/805 809/809
f 805/805 810/810 809/809
f 805/805 785/785 810/810
f 785/785 787/787 810/810
f 806/806 807/807 811/811
f 807/807 812/812 811/811
f 807/807 808/808 812/812
f 808/808 813/813 812/812
f 808/808 809/809 813/813
f 809/809 814/814 813/813
f 809/809 810/810 814/814
f 810/810 815/815 814/814
f 810/810 787/787 815/815
f 787/787 789/789 815/815
f 811/811 812/812 816/816
f 812/812 817/817 816/816
f 812/812 813/813 817/817
f 813/813 818/818 817/817
f 813/813 814/814 818/818
f 814/814 819/819 818/818
f 814/814 815/815 819/819
f 815/815 820/820 819/819
f 815/815 789/789 820/820
f 789/789 791/791 820/820
f 816/816 817/817 821/821
f 817/817 822/822 821/821
f 817/817 818/818 822/822
f 818/818 823/823 822/822
f 818/818 819/819 823/823
f 819/819 824/824 823/823
f 819/819 820/820 824/824
f 820/820 825/825 824/824
f 820/820 791/791 825/825
f 791/791 793/793 825/825
f 821/821 822/822 826/826
f 822/822 827/827 826/826
f 822/822 823/823 827/827
f 823/823 828/828 827/827
f 823/823 824/824 828/828
f 824/824 829/829 828/828
f 824/824 825/825 829/829
f 825/825 830/830 829/829
f 825/825 793/793 830/830
f 793/793 795/795 830/830
f 826/826 827/827 831/831
f 827/827 832/832 831/831
f 827/827 828/828 832/832
f 828/828 833/833 832/832
f 828/828 829/829 833/833
f 829/829 834/834 833/833
f 829/829 830/830 834/834
f 830/830 835/835 834/834
f 830/830 795/795 835/835
f 795/795 797/797 835/835
f 831/831 832/832 836/836
f 832/832 837/837 836/836
f 832/832 833/833 837/837
f 833/833 838/838 837/837
f 833/833 834/834 838/838
f 834/834 839/839 838/838
f 834/834 835/835 839/839
f 835/835 840/840 839/839
f 835/835 797/797 840/840
f 797/797 415/415 840/840
f 836/836 837/837 841/841
f 837/837 842/842 841/841
f 837/837 838/838 842/842
f 838/838 843/843 842/842
f 838/838 839/839 843/843
f 839/839 844/844 843/843
f 839/839 840/840 844/844
f 840/840 414/414 844/844
f 840/840 415/415 414/414
f 841/841 842/842 845/845
f 842/842 846/846 845/845
f 842/842 843/843 846/846
f 843/843 847/847 846/846
f 843/843 844/844 847/847
f 844/844 408/408 847/847
f 844/844 410/410 408/408
f 845/845 846/846 848/848
f 846/846 849/849 848/848
f 846/846 847/847 849/849
f 847/847 406/406 849/849
f 847/847 408/408 406/406
f 489/489 848/848 488/488
f 848/848 405/405 488/488
f 848/848 849/849 405/405
f 849/849 406/406 405/405
f 410/410 844/844 412/412
f 844/844 414/414 412/412
f 775/775 773/773 850/850
f 773/773 851/851 850/850
f 773/773 771/771 851/851
f 771/771 852/852 851/851
f 771/771 769/769 852/852
f 769/769 853/853 852/852
f 769/769 767/767 853/853
f 767/767 854/854 853/853
f 767/767 763/763 854/854
f 763/763 761/761 854/854
f 850/850 851/851 855/855
f 851/851 856/856 855/855
f 851/851 857/857 856/856
f 857/857 667/667 856/856
f 857/857 669/669 667/667
f 855/855 856/856 858/858
f 856/856 665/665 858/858
f 856/856 667/667 665/665
f 858/858 665/665 663/663
f 632/632 859/859 634/634
f 859/859 860/860 634/634
f 859/859 861/861 860/860
f 861/861 862/862 860/860
f 861/861 863/863 862/862
f 863/863 864/864 862/862
f 863/863 865/865 864/864
f 865/865 866/866 864/864
f 865/865 867/867 866/866
f 867/867 868/868 866/866
f 867/867 869/869 868/868
f 869/869 870/870 868/868
f 869/869 871/871 870/870
f 871/871 872/872 870/870
f 871/871 873/873 872/872
f 873/873 874/874 872/872
f 873/873 875/875 874/874
f 875/875 876/876 874/874
f 875/875 877/877 876/876
f 877/877 878/878 876/876
f 877/877 879/879 878/878
f 879/879 880/880 878/878
f 879/879 881/881 880/880
f 881/881 882/882 880/880
f 881/881 883/883 882/882
f 883/883 884/884 882/882
f 883/883 885/885 884/884
f 885/885 886/886 884/884
f 885/885 887/887 886/886
f 887/887 888/888 886/886
f 887/887 601/601 888/888
f 601/601 334/334 888/888
f 767/767 765/765 763/763
f 598/598 889/889 597/597
f 889/889 602/602 597/597
f 889/889 890/890 602/602
f 890/890 604/604 602/602
f 890/890 891/891 604/604
f 891/891 606/606 604/604
f 891/891 892/892 606/606
f 892/892 608/608 606/606
f 892/892 893/893 608/608
f 893/893 610/610 608/608
f 893/893 894/894 610/610
f 894/894 612/612 610/610
f 894/894 895/895 612/612
f 895/895 614/614 612/612
f 895/895 896/896 614/614
f 896/896 616/616 614/614
f 896/896 897/897 616/616
f 897/897 618/618 616/616
f 897/897 898/898 618/618
f 898/898 620/620 618/618
f 898/898 899/899 620/620
f 899/899 622/622 620/620
f 899/899 900/900 622/622
f 900/900 624/624 622/622
f 900/900 626/626 624/624
f 599/599 901/901 598/598
f 901/901 889/889 598/598
f 901/901 902/902 889/889
f 902/902 890/890 889/889
f 902/902 903/903 890/890
f 903/903 891/891 890/890
f 903/903 904/904 891/891
f 904/904 892/892 891/891
f 904/904 905/905 892/892
f 905/905 893/893 892/892
f 905/905 906/906 893/893
f 906/906 894/894 893/893
f 906/906 907/907 894/894
f 907/907 895/895 894/894
f 907/907 908/908 895/895
f 908/908 896/896 895/895
f 908/908 909/909 896/896
f 909/909 897/897 896/896
f 909/909 910/910 897/897
f 910/910 898/898 897/897
f 910/910 911/911 898/898
f 911/911 899/899 898/898
f 911/911 912/912 899/899
f 912/912 900/900 899/899
f 912/912 913/913 900/900
f 913/913 626/626 900/900
f 913/913 628/628 626/626
f 887/887 600/600 601/601
f 600/600 914/914 599/599
f 914/914 901/901 599/599
f 914/914 915/915 901/901
f 915/915 902/902 901/901
f 915/915 916/916 902/902
f 916/916 903/903 902/902
f 916/916 917/917 903/903
f 917/917 904/904 903/903
f 917/917 918/918 904/904
f 918/918 905/905 904/904
f 918/918 919/919 905/905
f 919/919 906/906 905/905
f 919/919 920/920 906/906
f 920/920 907/907 906/906
f 920/920 921/921 907/907
f 921/921 908/908 907/907
f 921/921 922/922 908/908
f 922/922 909/909 908/908
f 922/922 923/923 909/909
f 923/923 910/910 909/909
f 923/923 924/924 910/910
f 924/924 911/911 910/910
f 924/924 925/925 911/911
f 925/925 912/912 911/911
f 925/925 926/926 912/912
f 926/926 913/913 912/912
f 926/926 927/927 913/913
f 927/927 628/628 913/913
f 927/927 630/630 628/628
f 885/885 914/914 887/887
f 914/914 600/600 887/887
f 885/885 915/915 914/914
f 883/883 915/915 885/885
f 883/883 916/916 915/915
f 881/881 916/916 883/883
f 881/881 917/917 916/916
f 879/879 917/917 881/881
f 879/879 918/918 917/917
f 877/877 918/918 879/879
f 877/877 919/919 918/918
f 875/875 919/919 877/877
f 875/875 920/920 919/919
f 873/873 920/920 875/875
f 873/873 921/921 920/920
f 871/871 921/921 873/873
f 871/871 922/922 921/921
f 869/869 922/922 871/871
f 869/869 923/923 922/922
f 867/867 923/923 869/869
f 867/867 924/924 923/923
f 865/865 924/924 867/867
f 865/865 925/925 924/924
f 865/865 863/863 925/925
f 863/863 926/926 925/925
f 863/863 861/861 926/926
f 861/861 927/927 926/926
f 861/861 859/859 927/927
f 859/859 630/630 927/927
f 859/859 632/632 630/630
f 671/671 928/928 673/673
f 928/928 761/761 673/673
f 928/928 854/854 761/761
f 669/669 929/929 671/671
f 929/929 928/928 671/671
f 929/929 853/853 928/928
f 853/853 854/854 928/928
f 669/669 857/857 929/929
f 857/857 852/852 929/929
f 857/857 851/851 852/852
f 852/852 853/853 929/929
f 766/766 768/768 800/800
f 768/768 930/930 800/800
f 768/768 770/770 930/930
f 770/770 931/931 930/930
f 770/770 772/772 931/931
f 772/772 777/777 931/931
f 772/772 774/774 777/777
f 800/800 930/930 802/802
f 930/930 932/932 802/802
f 930/930 931/931 932/932
f 931/931 779/779 932/932
f 931/931 777/777 779/779
f 781/781 932/932 779/779
f 781/781 804/804 932/932
f 804/804 802/802 932/932
f 783/783 804/804 781/781
f 3872/3872 3869/3869 3873/3873
f 3869/3869 3871/3871 3873/3873
f 3869/3869 3870/3870 3871/3871
f 3872/3872 3873/3873 3874/3874
f 3873/3873 3875/3875 3874/3874
f 3873/3873 3876/3876 3875/3875
f 3876/3876 3879/3879 3875/3875
f 3879/3879 3878/3878 3875/3875
f 3879/3879 3882/3882 3878/3878
f 3882/3882 3881/3881 3878/3878
f 3882/3882 3885/3885 3881/3881
f 3885/3885 3884/3884 3881/3881
f 3885/3885 3887/3887 3884/3884
f 3887/3887 3888/3888 3884/3884
f 3887/3887 3890/3890 3888/3888
f 3890/3890 3891/3891 3888/3888
f 3890/3890 3893/3893 3891/3891
f 3893/3893 3894/3894 3891/3891
f 3893/3893 3896/3896 3894/3894
f 3896/3896 3897/3897 3894/3894
f 3896/3896 3899/3899 3897/3897
f 3899/3899 3900/3900 3897/3897
f 4083/4083 4080/4080 4082/4082
f 4080/4080 4079/4079 4082/4082
f 4080/4080 4077/4077 4079/4079
f 4077/4077 4076/4076 4079/4079
f 4077/4077 4072/4072 4076/4076
f 4072/4072 4070/4070 4076/4076
f 4072/4072 4069/4069 4070/4070
f 4069/4069 4067/4067 4070/4070
f 4069/4069 4058/4058 4067/4067
f 4058/4058 4056/4056 4067/4067
f 4058/4058 4054/4054 4056/4056
f 4054/4054 4050/4050 4056/4056
f 4054/4054 4053/4053 4050/4050
f 4053/4053 4051/4051 4050/4050
f 4053/4053 4059/4059 4051/4051
f 4059/4059 4061/4061 4051/4051
f 4059/4059 4063/4063 4061/4061
f 4063/4063 4064/4064 4061/4061
f 4063/4063 4065/4065 4064/4064
f 4065/4065 4073/4073 4064/4064
f 4065/4065 4074/4074 4073/4073
f 4012/4012 4011/4011 4014/4014
f 4012/4012 4010/4010 4011/4011
f 4010/4010 4008/4008 4011/4011
f 4010/4010 4006/4006 4008/4008
f 4006/4006 4005/4005 4008/4008
f 4006/4006 4004/4004 4005/4005
f 4004/4004 4002/4002 4005/4005
f 4004/4004 4001/4001 4002/4002
f 4001/4001 3999/3999 4002/4002
f 4001/4001 3998/3998 3999/3999
f 3998/3998 3990/3990 3999/3999
f 3998/3998 3988/3988 3990/3990
f 3988/3988 3989/3989 3990/3990
f 3988/3988 3993/3993 3989/3989
f 3993/3993 3994/3994 3989/3989
f 3993/3993 3996/3996 3994/3994
f 3996/3996 4015/4015 3994/3994
f 3996/3996 4017/4017 4015/4015
f 4017/4017 4018/4018 4015/4015
f 4017/4017 4019/4019 4018/4018
f 4019/4019 4021/4021 4018/4018
f 4019/4019 4023/4023 4021/4021
f 4023/4023 4024/4024 4021/4021
f 4023/4023 4026/4026 4024/4024
f 4026/4026 4027/4027 4024/4024
f 4027/4027 4025/4025 4024/4024
f 4027/4027 4028/4028 4025/4025
f 3874/3874 3875/3875 3877/3877
f 3875/3875 3878/3878 3877/3877
f 3877/3877 3878/3878 3880/3880
f 3878/3878 3881/3881 3880/3880
f 3880/3880 3881/3881 3883/3883
f 3881/3881 3884/3884 3883/3883
f 3883/3883 3884/3884 3886/3886
f 3884/3884 3888/3888 3886/3886
f 3886/3886 3888/3888 3889/3889
f 3888/3888 3891/3891 3889/3889
f 3889/3889 3891/3891 3892/3892
f 3891/3891 3894/3894 3892/3892
f 3892/3892 3894/3894 3895/3895
f 3894/3894 3897/3897 3895/3895
f 3895/3895 3897/3897 3898/3898
f 3897/3897 3900/3900 3898/3898
f 4084/4084 4082/4082 4081/4081
f 4082/4082 4079/4079 4081/4081
f 4081/4081 4079/4079 4078/4078
f 4079/4079 4076/4076 4078/4078
f 4078/4078 4076/4076 4071/4071
f 4076/4076 4070/4070 4071/4071
f 4071/4071 4070/4070 4068/4068
f 4070/4070 4067/4067 4068/4068
f 4068/4068 4067/4067 4057/4057
f 4067/4067 4056/4056 4057/4057
f 4057/4057 4056/4056 4055/4055
f 4056/4056 4050/4050 4055/4055
f 4055/4055 4050/4050 4052/4052
f 4050/4050 4051/4051 4052/4052
f 4052/4052 4051/4051 4060/4060
f 4051/4051 4061/4061 4060/4060
f 4060/4060 4061/4061 4062/4062
f 4061/4061 4064/4064 4062/4062
f 4062/4062 4064/4064 4066/4066
f 4064/4064 4073/4073 4066/4066
f 4066/4066 4073/4073 4075/4075
f 4014/4014 4011/4011 4013/4013
f 4013/4013 4011/4011 4009/4009
f 4011/4011 4008/4008 4009/4009
f 4009/4009 4008/4008 4007/4007
f 4008/4008 4005/4005 4007/4007
f 4007/4007 4005/4005 4003/4003
f 4005/4005 4002/4002 4003/4003
f 4003/4003 4002/4002 4000/4000
f 4002/4002 3999/3999 4000/4000
f 4000/4000 3999/3999 3997/3997
f 3999/3999 3990/3990 3997/3997
f 3997/3997 3990/3990 3991/3991
f 3990/3990 3989/3989 3991/3991
f 3991/3991 3989/3989 3992/3992
f 3989/3989 3994/3994 3992/3992
f 3992/3992 3994/3994 3995/3995
f 3994/3994 4015/4015 3995/3995
f 3995/3995 4015/4015 4016/4016
f 4015/4015 4018/4018 4016/4016
f 4016/4016 4018/4018 4020/4020
f 4018/4018 4021/4021 4020/4020
f 4020/4020 4021/4021 4022/4022
f 4021/4021 4024/4024 4022/4022
f 4022/4022 4024/4024 4025/4025
f 3876/3876 3873/3873 3871/3871
f 933/933 934/934 935/935
f 934/934 936/936 935/935
f 934/934 937/937 936/936
f 935/935 938/938 933/933
f 938/938 939/939 933/933
f 938/938 940/940 939/939
f 940/940 941/941 939/939
f 940/940 942/942 941/941
f 942/942 943/943 941/941
f 942/942 944/944 943/943
f 944/944 945/945 943/943
f 944/944 946/946 945/945
f 946/946 947/947 945/945
f 946/946 948/948 947/947
f 948/948 949/949 947/947
f 948/948 950/950 949/949
f 950/950 951/951 949/949
f 950/950 952/952 951/951
f 952/952 953/953 951/951
f 952/952 954/954 953/953
f 954/954 955/955 953/953
f 954/954 956/956 955/955
f 956/956 957/957 955/955
f 956/956 958/958 957/957
f 958/958 959/959 957/957
f 958/958 960/960 959/959
f 960/960 961/961 959/959
f 960/960 962/962 961/961
f 962/962 963/963 961/961
f 962/962 964/964 963/963
f 964/964 965/965 963/963
f 964/964 966/966 965/965
f 966/966 967/967 965/965
f 966/966 968/968 967/967
f 968/968 969/969 967/967
f 968/968 970/970 969/969
f 970/970 971/971 969/969
f 970/970 972/972 971/971
f 972/972 973/973 971/971
f 972/972 974/974 973/973
f 974/974 975/975 973/973
f 974/974 976/976 975/975
f 976/976 977/977 975/975
f 976/976 978/978 977/977
f 978/978 979/979 977/977
f 978/978 980/980 979/979
f 980/980 981/981 979/979
f 981/981 982/982 979/979
f 981/981 983/983 982/982
f 983/983 984/984 982/982
f 983/983 985/985 984/984
f 985/985 986/986 984/984
f 985/985 987/987 986/986
f 987/987 988/988 986/986
f 987/987 989/989 988/988
f 989/989 990/990 988/988
f 989/989 991/991 990/990
f 991/991 992/992 990/990
f 991/991 993/993 992/992
f 993/993 994/994 992/992
f 993/993 995/995 994/994
f 995/995 996/996 994/994
f 995/995 997/997 996/996
f 997/997 998/998 996/996
f 997/997 999/999 998/998
f 999/999 1000/1000 998/998
f 999/999 1001/1001 1000/1000
f 1001/1001 1002/1002 1000/1000
f 1001/1001 1003/1003 1002/1002
f 1003/1003 1004/1004 1002/1002
f 1003/1003 1005/1005 1004/1004
f 1005/1005 1006/1006 1004/1004
f 1006/1006 1007/1007 1004/1004
f 1006/1006 1008/1008 1007/1007
f 1008/1008 1009/1009 1007/1007
f 1008/1008 1010/1010 1009/1009
f 1010/1010 1011/1011 1009/1009
f 1010/1010 1012/1012 1011/1011
f 1012/1012 1013/1013 1011/1011
f 1012/1012 1014/1014 1013/1013
f 1014/1014 1015/1015 1013/1013
f 1015/1015 1016/1016 1013/1013
f 1015/1015 1017/1017 1016/1016
f 969/969 971/971 1018/1018
f 971/971 1019/1019 1018/1018
f 971/971 973/973 1019/1019
f 973/973 1020/1020 1019/1019
f 973/973 975/975 1020/1020
f 975/975 1021/1021 1020/1020
f 975/975 977/977 1021/1021
f 977/977 1022/1022 1021/1021
f 977/977 979/979 1022/1022
f 979/979 982/982 1022/1022
f 1018/1018 1019/1019 1023/1023
f 1019/1019 1024/1024 1023/1023
f 1019/1019 1020/1020 1024/1024
f 1020/1020 1025/1025 1024/1024
f 1020/1020 1021/1021 1025/1025
f 1021/1021 1026/1026 1025/1025
f 1021/1021 1022/1022 1026/1026
f 1022/1022 1027/1027 1026/1026
f 1022/1022 982/982 1027/1027
f 982/982 984/984 1027/1027
f 1023/1023 1024/1024 1028/1028
f 1024/1024 1029/1029 1028/1028
f 1024/1024 1025/1025 1029/1029
f 1025/1025 1030/1030 1029/1029
f 1025/1025 1026/1026 1030/1030
f 1026/1026 1031/1031 1030/1030
f 1026/1026 1027/1027 1031/1031
f 1027/1027 1032/1032 1031/1031
f 1027/1027 984/984 1032/1032
f 984/984 986/986 1032/1032
f 1028/1028 1029/1029 1033/1033
f 1029/1029 1034/1034 1033/1033
f 1029/1029 1030/1030 1034/1034
f 1030/1030 1035/1035 1034/1034
f 1030/1030 1031/1031 1035/1035
f 1031/1031 1036/1036 1035/1035
f 1031/1031 1032/1032 1036/1036
f 1032/1032 1037/1037 1036/1036
f 1032/1032 986/986 1037/1037
f 986/986 988/988 1037/1037
f 1033/1033 1034/1034 1038/1038
f 1034/1034 1039/1039 1038/1038
f 1034/1034 1035/1035 1039/1039
f 1035/1035 1040/1040 1039/1039
f 1035/1035 1036/1036 1040/1040
f 1036/1036 1041/1041 1040/1040
f 1036/1036 1037/1037 1041/1041
f 1037/1037 1042/1042 1041/1041
f 1037/1037 988/988 1042/1042
f 988/988 990/990 1042/1042
f 1038/1038 1039/1039 1043/1043
f 1039/1039 1044/1044 1043/1043
f 1039/1039 1040/1040 1044/1044
f 1040/1040 1045/1045 1044/1044
f 1040/1040 1041/1041 1045/1045
f 1041/1041 1046/1046 1045/1045
f 1041/1041 1042/1042 1046/1046
f 1042/1042 1047/1047 1046/1046
f 1042/1042 990/990 1047/1047
f 990/990 992/992 1047/1047
f 1043/1043 1044/1044 1048/1048
f 1044/1044 1049/1049 1048/1048
f 1044/1044 1045/1045 1049/1049
f 1045/1045 1050/1050 1049/1049
f 1045/1045 1046/1046 1050/1050
f 1046/1046 1051/1051 1050/1050
f 1046/1046 1047/1047 1051/1051
f 1047/1047 1052/1052 1051/1051
f 1047/1047 992/992 1052/1052
f 992/992 994/994 1052/1052
f 1048/1048 1049/1049 1053/1053
f 1049/1049 1054/1054 1053/1053
f 1049/1049 1050/1050 1054/1054
f 1050/1050 1055/1055 1054/1054
f 1050/1050 1051/1051 1055/1055
f 1051/1051 1056/1056 1055/1055
f 1051/1051 1052/1052 1056/1056
f 1052/1052 1057/1057 1056/1056
f 1052/1052 994/994 1057/1057
f 994/994 996/996 1057/1057
f 1053/1053 1054/1054 1058/1058
f 1054/1054 1059/1059 1058/1058
f 1054/1054 1055/1055 1059/1059
f 1055/1055 1060/1060 1059/1059
f 1055/1055 1056/1056 1060/1060
f 1056/1056 1061/1061 1060/1060
f 1056/1056 1057/1057 1061/1061
f 1057/1057 1062/1062 1061/1061
f 1057/1057 996/996 1062/1062
f 996/996 998/998 1062/1062
f 1058/1058 1059/1059 1063/1063
f 1059/1059 1064/1064 1063/1063
f 1059/1059 1060/1060 1064/1064
f 1060/1060 1065/1065 1064/1064
f 1060/1060 1061/1061 1065/1065
f 1061/1061 1066/1066 1065/1065
f 1061/1061 1062/1062 1066/1066
f 1062/1062 1067/1067 1066/1066
f 1062/1062 998/998 1067/1067
f 998/998 1000/1000 1067/1067
f 1063/1063 1064/1064 1068/1068
f 1064/1064 1069/1069 1068/1068
f 1064/1064 1065/1065 1069/1069
f 1065/1065 1070/1070 1069/1069
f 1065/1065 1066/1066 1070/1070
f 1066/1066 1071/1071 1070/1070
f 1066/1066 1067/1067 1071/1071
f 1067/1067 1072/1072 1071/1071
f 1067/1067 1000/1000 1072/1072
f 1000/1000 1002/1002 1072/1072
f 1068/1068 1069/1069 1073/1073
f 1069/1069 1074/1074 1073/1073
f 1069/1069 1070/1070 1074/1074
f 1070/1070 1075/1075 1074/1074
f 1070/1070 1071/1071 1075/1075
f 1071/1071 1076/1076 1075/1075
f 1071/1071 1072/1072 1076/1076
f 1072/1072 1077/1077 1076/1076
f 1072/1072 1002/1002 1077/1077
f 1002/1002 1004/1004 1077/1077
f 1073/1073 1074/1074 1078/1078
f 1074/1074 1079/1079 1078/1078
f 1074/1074 1075/1075 1079/1079
f 1075/1075 1080/1080 1079/1079
f 1075/1075 1076/1076 1080/1080
f 1076/1076 1081/1081 1080/1080
f 1076/1076 1077/1077 1081/1081
f 1077/1077 1007/1007 1081/1081
f 1077/1077 1004/1004 1007/1007
f 1078/1078 1079/1079 1082/1082
f 1079/1079 1083/1083 1082/1082
f 1079/1079 1080/1080 1083/1083
f 1080/1080 1084/1084 1083/1083
f 1080/1080 1081/1081 1084/1084
f 1081/1081 1009/1009 1084/1084
f 1081/1081 1007/1007 1009/1009
f 1082/1082 1083/1083 1085/1085
f 1083/1083 1086/1086 1085/1085
f 1083/1083 1084/1084 1086/1086
f 1084/1084 1011/1011 1086/1086
f 1084/1084 1009/1009 1011/1011
f 1085/1085 1086/1086 1087/1087
f 1086/1086 1013/1013 1087/1087
f 1086/1086 1011/1011 1013/1013
f 1087/1087 1013/1013 1016/1016
f 1005/1005 1003/1003 1088/1088
f 1003/1003 1089/1089 1088/1088
f 980/980 978/978 1090/1090
f 978/978 1091/1091 1090/1090
f 978/978 976/976 1091/1091
f 976/976 1092/1092 1091/1091
f 976/976 974/974 1092/1092
f 974/974 1093/1093 1092/1092
f 974/974 972/972 1093/1093
f 972/972 1094/1094 1093/1093
f 972/972 970/970 1094/1094
f 970/970 968/968 1094/1094
f 1090/1090 1091/1091 1095/1095
f 1091/1091 1096/1096 1095/1095
f 1091/1091 1092/1092 1096/1096
f 1092/1092 1097/1097 1096/1096
f 1092/1092 1093/1093 1097/1097
f 1093/1093 1098/1098 1097/1097
f 1093/1093 1094/1094 1098/1098
f 1094/1094 1099/1099 1098/1098
f 1094/1094 968/968 1099/1099
f 968/968 966/966 1099/1099
f 1095/1095 1096/1096 1100/1100
f 1096/1096 1101/1101 1100/1100
f 1096/1096 1097/1097 1101/1101
f 1097/1097 1102/1102 1101/1101
f 1097/1097 1098/1098 1102/1102
f 1098/1098 1103/1103 1102/1102
f 1098/1098 1099/1099 1103/1103
f 1099/1099 1104/1104 1103/1103
f 1099/1099 966/966 1104/1104
f 966/966 964/964 1104/1104
f 1100/1100 1101/1101 1105/1105
f 1101/1101 1106/1106 1105/1105
f 1101/1101 1102/1102 1106/1106
f 1102/1102 1107/1107 1106/1106
f 1102/1102 1103/1103 1107/1107
f 1103/1103 1108/1108 1107/1107
f 1103/1103 1104/1104 1108/1108
f 1104/1104 1109/1109 1108/1108
f 1104/1104 964/964 1109/1109
f 964/964 962/962 1109/1109
f 1106/1106 1110/1110 1105/1105
f 1110/1110 1111/1111 1105/1105
f 1110/1110 1112/1112 1111/1111
f 1112/1112 1113/1113 1111/1111
f 1112/1112 1114/1114 1113/1113
f 1114/1114 1115/1115 1113/1113
f 1114/1114 1116/1116 1115/1115
f 1116/1116 1117/1117 1115/1115
f 1116/1116 1118/1118 1117/1117
f 1118/1118 1119/1119 1117/1117
f 1118/1118 1120/1120 1119/1119
f 1120/1120 1121/1121 1119/1119
f 1120/1120 1122/1122 1121/1121
f 1122/1122 1123/1123 1121/1121
f 1122/1122 1124/1124 1123/1123
f 1124/1124 1125/1125 1123/1123
f 1124/1124 1126/1126 1125/1125
f 1126/1126 1127/1127 1125/1125
f 1126/1126 1128/1128 1127/1127
f 1128/1128 1129/1129 1127/1127
f 1128/1128 1130/1130 1129/1129
f 1130/1130 1131/1131 1129/1129
f 1130/1130 1132/1132 1131/1131
f 1132/1132 1133/1133 1131/1131
f 1132/1132 1134/1134 1133/1133
f 1134/1134 1135/1135 1133/1133
f 1134/1134 1136/1136 1135/1135
f 1136/1136 1137/1137 1135/1135
f 1136/1136 1138/1138 1137/1137
f 1138/1138 1139/1139 1137/1137
f 1138/1138 1140/1140 1139/1139
f 1140/1140 1141/1141 1139/1139
f 1140/1140 1142/1142 1141/1141
f 1142/1142 1143/1143 1141/1141
f 1142/1142 1144/1144 1143/1143
f 1145/1145 1141/1141 1146/1146
f 1141/1141 1143/1143 1146/1146
f 1142/1142 1147/1147 1144/1144
f 1147/1147 1148/1148 1144/1144
f 1147/1147 1149/1149 1148/1148
f 1147/1147 1150/1150 1149/1149
f 1150/1150 1151/1151 1149/1149
f 1150/1150 1152/1152 1151/1151
f 1150/1150 1153/1153 1152/1152
f 1153/1153 936/936 1152/1152
f 1153/1153 935/935 936/936
f 1153/1153 1154/1154 935/935
f 1154/1154 938/938 935/935
f 1154/1154 1155/1155 938/938
f 1155/1155 940/940 938/938
f 1155/1155 1156/1156 940/940
f 1156/1156 942/942 940/940
f 1156/1156 1157/1157 942/942
f 1157/1157 944/944 942/942
f 1157/1157 1158/1158 944/944
f 1158/1158 946/946 944/944
f 1158/1158 1159/1159 946/946
f 1159/1159 948/948 946/946
f 1159/1159 1160/1160 948/948
f 1160/1160 950/950 948/948
f 1160/1160 1161/1161 950/950
f 1161/1161 952/952 950/950
f 1161/1161 1162/1162 952/952
f 1162/1162 954/954 952/952
f 1162/1162 1163/1163 954/954
f 1163/1163 956/956 954/954
f 1163/1163 1164/1164 956/956
f 1164/1164 958/958 956/956
f 1164/1164 1165/1165 958/958
f 1165/1165 960/960 958/958
f 1165/1165 1166/1166 960/960
f 1166/1166 962/962 960/960
f 1166/1166 1109/1109 962/962
f 1150/1150 1167/1167 1153/1153
f 1167/1167 1154/1154 1153/1153
f 1167/1167 1168/1168 1154/1154
f 1168/1168 1155/1155 1154/1154
f 1168/1168 1169/1169 1155/1155
f 1169/1169 1156/1156 1155/1155
f 1169/1169 1170/1170 1156/1156
f 1170/1170 1157/1157 1156/1156
f 1170/1170 1171/1171 1157/1157
f 1171/1171 1158/1158 1157/1157
f 1171/1171 1172/1172 1158/1158
f 1172/1172 1159/1159 1158/1158
f 1172/1172 1173/1173 1159/1159
f 1173/1173 1160/1160 1159/1159
f 1173/1173 1174/1174 1160/1160
f 1174/1174 1161/1161 1160/1160
f 1174/1174 1175/1175 1161/1161
f 1175/1175 1162/1162 1161/1161
f 1175/1175 1176/1176 1162/1162
f 1176/1176 1163/1163 1162/1162
f 1176/1176 1177/1177 1163/1163
f 1177/1177 1164/1164 1163/1163
f 1177/1177 1178/1178 1164/1164
f 1178/1178 1165/1165 1164/1164
f 1178/1178 1179/1179 1165/1165
f 1179/1179 1166/1166 1165/1165
f 1179/1179 1180/1180 1166/1166
f 1180/1180 1109/1109 1166/1166
f 1180/1180 1108/1108 1109/1109
f 1140/1140 1147/1147 1142/1142
f 1147/1147 1181/1181 1150/1150
f 1181/1181 1167/1167 1150/1150
f 1181/1181 1182/1182 1167/1167
f 1182/1182 1168/1168 1167/1167
f 1182/1182 1183/1183 1168/1168
f 1183/1183 1169/1169 1168/1168
f 1183/1183 1184/1184 1169/1169
f 1184/1184 1170/1170 1169/1169
f 1184/1184 1185/1185 1170/1170
f 1185/1185 1171/1171 1170/1170
f 1185/1185 1186/1186 1171/1171
f 1186/1186 1172/1172 1171/1171
f 1186/1186 1187/1187 1172/1172
f 1187/1187 1173/1173 1172/1172
f 1187/1187 1188/1188 1173/1173
f 1188/1188 1174/1174 1173/1173
f 1188/1188 1189/1189 1174/1174
f 1189/1189 1175/1175 1174/1174
f 1189/1189 1190/1190 1175/1175
f 1190/1190 1176/1176 1175/1175
f 1190/1190 1191/1191 1176/1176
f 1191/1191 1177/1177 1176/1176
f 1191/1191 1192/1192 1177/1177
f 1192/1192 1178/1178 1177/1177
f 1192/1192 1193/1193 1178/1178
f 1193/1193 1179/1179 1178/1178
f 1193/1193 1194/1194 1179/1179
f 1194/1194 1180/1180 1179/1179
f 1194/1194 1195/1195 1180/1180
f 1195/1195 1108/1108 1180/1180
f 1195/1195 1107/1107 1108/1108
f 1138/1138 1181/1181 1140/1140
f 1181/1181 1147/1147 1140/1140
f 1138/1138 1182/1182 1181/1181
f 1136/1136 1182/1182 1138/1138
f 1136/1136 1183/1183 1182/1182
f 1134/1134 1183/1183 1136/1136
f 1134/1134 1184/1184 1183/1183
f 1132/1132 1184/1184 1134/1134
f 1132/1132 1185/1185 1184/1184
f 1130/1130 1185/1185 1132/1132
f 1130/1130 1186/1186 1185/1185
f 1128/1128 1186/1186 1130/1130
f 1128/1128 1187/1187 1186/1186
f 1126/1126 1187/1187 1128/1128
f 1126/1126 1188/1188 1187/1187
f 1124/1124 1188/1188 1126/1126
f 1124/1124 1189/1189 1188/1188
f 1122/1122 1189/1189 1124/1124
f 1122/1122 1190/1190 1189/1189
f 1120/1120 1190/1190 1122/1122
f 1120/1120 1191/1191 1190/1190
f 1118/1118 1191/1191 1120/1120
f 1118/1118 1192/1192 1191/1191
f 1116/1116 1192/1192 1118/1118
f 1116/1116 1193/1193 1192/1192
f 1114/1114 1193/1193 1116/1116
f 1114/1114 1194/1194 1193/1193
f 1112/1112 1194/1194 1114/1114
f 1112/1112 1195/1195 1194/1194
f 1110/1110 1195/1195 1112/1112
f 1110/1110 1107/1107 1195/1195
f 1106/1106 1107/1107 1110/1110
f 1145/1145 1146/1146 1196/1196
f 1146/1146 1143/1143 1196/1196
f 1143/1143 1197/1197 1196/1196
f 1143/1143 1144/1144 1197/1197
f 1144/1144 1198/1198 1197/1197
f 1144/1144 1148/1148 1198/1198
f 1148/1148 1199/1199 1198/1198
f 1148/1148 1149/1149 1199/1199
f 1149/1149 1200/1200 1199/1199
f 1149/1149 1151/1151 1200/1200
f 1151/1151 1201/1201 1200/1200
f 1151/1151 1152/1152 1201/1201
f 1152/1152 936/936 1201/1201
f 936/936 934/934 1201/1201
f 936/936 937/937 934/934
f 1197/1197 1202/1202 1196/1196
f 1202/1202 1203/1203 1196/1196
f 1202/1202 1204/1204 1203/1203
f 1204/1204 1205/1205 1203/1203
f 1204/1204 1206/1206 1205/1205
f 1206/1206 1207/1207 1205/1205
f 1206/1206 1208/1208 1207/1207
f 1208/1208 1209/1209 1207/1207
f 1208/1208 1210/1210 1209/1209
f 1210/1210 1211/1211 1209/1209
f 1210/1210 1212/1212 1211/1211
f 1212/1212 1213/1213 1211/1211
f 1212/1212 1214/1214 1213/1213
f 1214/1214 1215/1215 1213/1213
f 1214/1214 1216/1216 1215/1215
f 1216/1216 1217/1217 1215/1215
f 1216/1216 1218/1218 1217/1217
f 1218/1218 1219/1219 1217/1217
f 1218/1218 1220/1220 1219/1219
f 1220/1220 1221/1221 1219/1219
f 1220/1220 1222/1222 1221/1221
f 1222/1222 1223/1223 1221/1221
f 1222/1222 1224/1224 1223/1223
f 1224/1224 1225/1225 1223/1223
f 1224/1224 1226/1226 1225/1225
f 1226/1226 1227/1227 1225/1225
f 1226/1226 1228/1228 1227/1227
f 1228/1228 1229/1229 1227/1227
f 1228/1228 1230/1230 1229/1229
f 1230/1230 1231/1231 1229/1229
f 1230/1230 1232/1232 1231/1231
f 1232/1232 1233/1233 1231/1231
f 1232/1232 1234/1234 1233/1233
f 1234/1234 1235/1235 1233/1233
f 1235/1235 1236/1236 1233/1233
f 1235/1235 1237/1237 1236/1236
f 1237/1237 1238/1238 1236/1236
f 1237/1237 1239/1239 1238/1238
f 1239/1239 1240/1240 1238/1238
f 1239/1239 1241/1241 1240/1240
f 1241/1241 1242/1242 1240/1240
f 1241/1241 1243/1243 1242/1242
f 1243/1243 1244/1244 1242/1242
f 1243/1243 1245/1245 1244/1244
f 1245/1245 1246/1246 1244/1244
f 1245/1245 1247/1247 1246/1246
f 1247/1247 1248/1248 1246/1246
f 1247/1247 1249/1249 1248/1248
f 1249/1249 1250/1250 1248/1248
f 1249/1249 1251/1251 1250/1250
f 1251/1251 1252/1252 1250/1250
f 1251/1251 1253/1253 1252/1252
f 1253/1253 1254/1254 1252/1252
f 1253/1253 1255/1255 1254/1254
f 1255/1255 1256/1256 1254/1254
f 1255/1255 1257/1257 1256/1256
f 1257/1257 1258/1258 1256/1256
f 1257/1257 1259/1259 1258/1258
f 1259/1259 1260/1260 1258/1258
f 1259/1259 1261/1261 1260/1260
f 1261/1261 1262/1262 1260/1260
f 1261/1261 1263/1263 1262/1262
f 1263/1263 1264/1264 1262/1262
f 1263/1263 1265/1265 1264/1264
f 1265/1265 1266/1266 1264/1264
f 1265/1265 1267/1267 1266/1266
f 1267/1267 1268/1268 1266/1266
f 1267/1267 1269/1269 1268/1268
f 1269/1269 1270/1270 1268/1268
f 1269/1269 1271/1271 1270/1270
f 1271/1271 1272/1272 1270/1270
f 1271/1271 1273/1273 1272/1272
f 1273/1273 1274/1274 1272/1272
f 1273/1273 1275/1275 1274/1274
f 1223/1223 1225/1225 1276/1276
f 1225/1225 1277/1277 1276/1276
f 1225/1225 1227/1227 1277/1277
f 1227/1227 1278/1278 1277/1277
f 1227/1227 1229/1229 1278/1278
f 1229/1229 1279/1279 1278/1278
f 1229/1229 1231/1231 1279/1279
f 1231/1231 1280/1280 1279/1279
f 1231/1231 1233/1233 1280/1280
f 1233/1233 1236/1236 1280/1280
f 1276/1276 1277/1277 1281/1281
f 1277/1277 1282/1282 1281/1281
f 1277/1277 1278/1278 1282/1282
f 1278/1278 1283/1283 1282/1282
f 1278/1278 1279/1279 1283/1283
f 1279/1279 1284/1284 1283/1283
f 1279/1279 1280/1280 1284/1284
f 1280/1280 1285/1285 1284/1284
f 1280/1280 1236/1236 1285/1285
f 1236/1236 1238/1238 1285/1285
f 1281/1281 1282/1282 1286/1286
f 1282/1282 1287/1287 1286/1286
f 1282/1282 1283/1283 1287/1287
f 1283/1283 1288/1288 1287/1287
f 1283/1283 1284/1284 1288/1288
f 1284/1284 1289/1289 1288/1288
f 1284/1284 1285/1285 1289/1289
f 1285/1285 1290/1290 1289/1289
f 1285/1285 1238/1238 1290/1290
f 1238/1238 1240/1240 1290/1290
f 1286/1286 1287/1287 1291/1291
f 1287/1287 1292/1292 1291/1291
f 1287/1287 1288/1288 1292/1292
f 1288/1288 1293/1293 1292/1292
f 1288/1288 1289/1289 1293/1293
f 1289/1289 1294/1294 1293/1293
f 1289/1289 1290/1290 1294/1294
f 1290/1290 1295/1295 1294/1294
f 1290/1290 1240/1240 1295/1295
f 1240/1240 1242/1242 1295/1295
f 1291/1291 1292/1292 1296/1296
f 1292/1292 1297/1297 1296/1296
f 1292/1292 1293/1293 1297/1297
f 1293/1293 1298/1298 1297/1297
f 1293/1293 1294/1294 1298/1298
f 1294/1294 1299/1299 1298/1298
f 1294/1294 1295/1295 1299/1299
f 1295/1295 1300/1300 1299/1299
f 1295/1295 1242/1242 1300/1300
f 1242/1242 1244/1244 1300/1300
f 1296/1296 1297/1297 1301/1301
f 1297/1297 1302/1302 1301/1301
f 1297/1297 1298/1298 1302/1302
f 1298/1298 1303/1303 1302/1302
f 1298/1298 1299/1299 1303/1303
f 1299/1299 1304/1304 1303/1303
f 1299/1299 1300/1300 1304/1304
f 1300/1300 1305/1305 1304/1304
f 1300/1300 1244/1244 1305/1305
f 1244/1244 1246/1246 1305/1305
f 1301/1301 1302/1302 1306/1306
f 1302/1302 1307/1307 1306/1306
f 1302/1302 1303/1303 1307/1307
f 1303/1303 1308/1308 1307/1307
f 1303/1303 1304/1304 1308/1308
f 1304/1304 1309/1309 1308/1308
f 1304/1304 1305/1305 1309/1309
f 1305/1305 1310/1310 1309/1309
f 1305/1305 1246/1246 1310/1310
f 1246/1246 1248/1248 1310/1310
f 1306/1306 1307/1307 1311/1311
f 1307/1307 1312/1312 1311/1311
f 1307/1307 1308/1308 1312/1312
f 1308/1308 1313/1313 1312/1312
f 1308/1308 1309/1309 1313/1313
f 1309/1309 1314/1314 1313/1313
f 1309/1309 1310/1310 1314/1314
f 1310/1310 1315/1315 1314/1314
f 1310/1310 1248/1248 1315/1315
f 1248/1248 1250/1250 1315/1315
f 1311/1311 1312/1312 1316/1316
f 1312/1312 1317/1317 1316/1316
f 1312/1312 1313/1313 1317/1317
f 1313/1313 1318/1318 1317/1317
f 1313/1313 1314/1314 1318/1318
f 1314/1314 1319/1319 1318/1318
f 1314/1314 1315/1315 1319/1319
f 1315/1315 1320/1320 1319/1319
f 1315/1315 1250/1250 1320/1320
f 1250/1250 1252/1252 1320/1320
f 1316/1316 1317/1317 1321/1321
f 1317/1317 1322/1322 1321/1321
f 1317/1317 1318/1318 1322/1322
f 1318/1318 1323/1323 1322/1322
f 1318/1318 1319/1319 1323/1323
f 1319/1319 1324/1324 1323/1323
f 1319/1319 1320/1320 1324/1324
f 1320/1320 1325/1325 1324/1324
f 1320/1320 1252/1252 1325/1325
f 1252/1252 1254/1254 1325/1325
f 1321/1321 1322/1322 1326/1326
f 1322/1322 1327/1327 1326/1326
f 1322/1322 1323/1323 1327/1327
f 1323/1323 1328/1328 1327/1327
f 1323/1323 1324/1324 1328/1328
f 1324/1324 1329/1329 1328/1328
f 1324/1324 1325/1325 1329/1329
f 1325/1325 1330/1330 1329/1329
f 1325/1325 1254/1254 1330/1330
f 1254/1254 1256/1256 1330/1330
f 1326/1326 1327/1327 1331/1331
f 1327/1327 1332/1332 1331/1331
f 1327/1327 1328/1328 1332/1332
f 1328/1328 1333/1333 1332/1332
f 1328/1328 1329/1329 1333/1333
f 1329/1329 1334/1334 1333/1333
f 1329/1329 1330/1330 1334/1334
f 1330/1330 1335/1335 1334/1334
f 1330/1330 1256/1256 1335/1335
f 1256/1256 1258/1258 1335/1335
f 1331/1331 1332/1332 1336/1336
f 1332/1332 1337/1337 1336/1336
f 1332/1332 1333/1333 1337/1337
f 1333/1333 1338/1338 1337/1337
f 1333/1333 1334/1334 1338/1338
f 1334/1334 1339/1339 1338/1338
f 1334/1334 1335/1335 1339/1339
f 1335/1335 1340/1340 1339/1339
f 1335/1335 1258/1258 1340/1340
f 1258/1258 1260/1260 1340/1340
f 1336/1336 1337/1337 1341/1341
f 1337/1337 1342/1342 1341/1341
f 1337/1337 1338/1338 1342/1342
f 1338/1338 1343/1343 1342/1342
f 1338/1338 1339/1339 1343/1343
f 1339/1339 1344/1344 1343/1343
f 1339/1339 1340/1340 1344/1344
f 1340/1340 1345/1345 1344/1344
f 1340/1340 1260/1260 1345/1345
f 1260/1260 1262/1262 1345/1345
f 1341/1341 1342/1342 1346/1346
f 1342/1342 1347/1347 1346/1346
f 1342/1342 1343/1343 1347/1347
f 1343/1343 1348/1348 1347/1347
f 1343/1343 1344/1344 1348/1348
f 1344/1344 1349/1349 1348/1348
f 1344/1344 1345/1345 1349/1349
f 1345/1345 1350/1350 1349/1349
f 1345/1345 1262/1262 1350/1350
f 1262/1262 1264/1264 1350/1350
f 1346/1346 1347/1347 1351/1351
f 1347/1347 1352/1352 1351/1351
f 1347/1347 1348/1348 1352/1352
f 1348/1348 1353/1353 1352/1352
f 1348/1348 1349/1349 1353/1353
f 1349/1349 1354/1354 1353/1353
f 1349/1349 1350/1350 1354/1354
f 1350/1350 1266/1266 1354/1354
f 1350/1350 1264/1264 1266/1266
f 1351/1351 1352/1352 1355/1355
f 1352/1352 1356/1356 1355/1355
f 1352/1352 1353/1353 1356/1356
f 1353/1353 1357/1357 1356/1356
f 1353/1353 1354/1354 1357/1357
f 1354/1354 1268/1268 1357/1357
f 1354/1354 1266/1266 1268/1268
f 1355/1355 1356/1356 1358/1358
f 1356/1356 1359/1359 1358/1358
f 1356/1356 1357/1357 1359/1359
f 1357/1357 1270/1270 1359/1359
f 1357/1357 1268/1268 1270/1270
f 1358/1358 1359/1359 1360/1360
f 1359/1359 1272/1272 1360/1360
f 1359/1359 1270/1270 1272/1272
f 1360/1360 1272/1272 1274/1274
f 1273/1273 1361/1361 1275/1275
f 1361/1361 1362/1362 1275/1275
f 1361/1361 1363/1363 1362/1362
f 1363/1363 1364/1364 1362/1362
f 1363/1363 1365/1365 1364/1364
f 1365/1365 1366/1366 1364/1364
f 1365/1365 1367/1367 1366/1366
f 1367/1367 1368/1368 1366/1366
f 1367/1367 1369/1369 1368/1368
f 1369/1369 1370/1370 1368/1368
f 1369/1369 1371/1371 1370/1370
f 1371/1371 1372/1372 1370/1370
f 1371/1371 1373/1373 1372/1372
f 1373/1373 1374/1374 1372/1372
f 1373/1373 1375/1375 1374/1374
f 1375/1375 1376/1376 1374/1374
f 1376/1376 1377/1377 1374/1374
f 1376/1376 1378/1378 1377/1377
f 1378/1378 1379/1379 1377/1377
f 1378/1378 1380/1380 1379/1379
f 1380/1380 1381/1381 1379/1379
f 1380/1380 1382/1382 1381/1381
f 1382/1382 1383/1383 1381/1381
f 1382/1382 1384/1384 1383/1383
f 1384/1384 1385/1385 1383/1383
f 1384/1384 1386/1386 1385/1385
f 1386/1386 1387/1387 1385/1385
f 1386/1386 1388/1388 1387/1387
f 1388/1388 1389/1389 1387/1387
f 1388/1388 1390/1390 1389/1389
f 1390/1390 1391/1391 1389/1389
f 1390/1390 1392/1392 1391/1391
f 1392/1392 1393/1393 1391/1391
f 1392/1392 1394/1394 1393/1393
f 1394/1394 1395/1395 1393/1393
f 1394/1394 1396/1396 1395/1395
f 1396/1396 1397/1397 1395/1395
f 1396/1396 1016/1016 1397/1397
f 1016/1016 1015/1015 1397/1397
f 1016/1016 1017/1017 1015/1015
f 1364/1364 1366/1366 1398/1398
f 1366/1366 1399/1399 1398/1398
f 1366/1366 1400/1400 1399/1399
f 1400/1400 1401/1401 1399/1399
f 1400/1400 1402/1402 1401/1401
f 1402/1402 1403/1403 1401/1401
f 1402/1402 1404/1404 1403/1403
f 1404/1404 1405/1405 1403/1403
f 1404/1404 1383/1383 1405/1405
f 1383/1383 1385/1385 1405/1405
f 1398/1398 1399/1399 1406/1406
f 1399/1399 1407/1407 1406/1406
f 1399/1399 1401/1401 1407/1407
f 1401/1401 1408/1408 1407/1407
f 1401/1401 1403/1403 1408/1408
f 1403/1403 1409/1409 1408/1408
f 1403/1403 1405/1405 1409/1409
f 1405/1405 1410/1410 1409/1409
f 1405/1405 1385/1385 1410/1410
f 1385/1385 1387/1387 1410/1410
f 1406/1406 1407/1407 1411/1411
f 1407/1407 1412/1412 1411/1411
f 1407/1407 1408/1408 1412/1412
f 1408/1408 1413/1413 1412/1412
f 1408/1408 1409/1409 1413/1413
f 1409/1409 1414/1414 1413/1413
f 1409/1409 1410/1410 1414/1414
f 1410/1410 1415/1415 1414/1414
f 1410/1410 1387/1387 1415/1415
f 1387/1387 1389/1389 1415/1415
f 1411/1411 1412/1412 1416/1416
f 1412/1412 1417/1417 1416/1416
f 1412/1412 1413/1413 1417/1417
f 1413/1413 1418/1418 1417/1417
f 1413/1413 1414/1414 1418/1418
f 1414/1414 1419/1419 1418/1418
f 1414/1414 1415/1415 1419/1419
f 1415/1415 1420/1420 1419/1419
f 1415/1415 1389/1389 1420/1420
f 1389/1389 1391/1391 1420/1420
f 1416/1416 1417/1417 1421/1421
f 1417/1417 1422/1422 1421/1421
f 1417/1417 1418/1418 1422/1422
f 1418/1418 1423/1423 1422/1422
f 1418/1418 1419/1419 1423/1423
f 1419/1419 1424/1424 1423/1423
f 1419/1419 1420/1420 1424/1424
f 1420/1420 1425/1425 1424/1424
f 1420/1420 1391/1391 1425/1425
f 1391/1391 1393/1393 1425/1425
f 1421/1421 1422/1422 1426/1426
f 1422/1422 1427/1427 1426/1426
f 1422/1422 1423/1423 1427/1427
f 1423/1423 1428/1428 1427/1427
f 1423/1423 1424/1424 1428/1428
f 1424/1424 1429/1429 1428/1428
f 1424/1424 1425/1425 1429/1429
f 1425/1425 1430/1430 1429/1429
f 1425/1425 1393/1393 1430/1430
f 1393/1393 1395/1395 1430/1430
f 1426/1426 1427/1427 1431/1431
f 1427/1427 1432/1432 1431/1431
f 1427/1427 1428/1428 1432/1432
f 1428/1428 1433/1433 1432/1432
f 1428/1428 1429/1429 1433/1433
f 1429/1429 1434/1434 1433/1433
f 1429/1429 1430/1430 1434/1434
f 1430/1430 1435/1435 1434/1434
f 1430/1430 1395/1395 1435/1435
f 1395/1395 1397/1397 1435/1435
f 1431/1431 1432/1432 1436/1436
f 1432/1432 1437/1437 1436/1436
f 1432/1432 1433/1433 1437/1437
f 1433/1433 1438/1438 1437/1437
f 1433/1433 1434/1434 1438/1438
f 1434/1434 1439/1439 1438/1438
f 1434/1434 1435/1435 1439/1439
f 1435/1435 1440/1440 1439/1439
f 1435/1435 1397/1397 1440/1440
f 1397/1397 1015/1015 1440/1440
f 1436/1436 1437/1437 1441/1441
f 1437/1437 1442/1442 1441/1441
f 1437/1437 1438/1438 1442/1442
f 1438/1438 1443/1443 1442/1442
f 1438/1438 1439/1439 1443/1443
f 1439/1439 1444/1444 1443/1443
f 1439/1439 1440/1440 1444/1444
f 1440/1440 1014/1014 1444/1444
f 1440/1440 1015/1015 1014/1014
f 1441/1441 1442/1442 1445/1445
f 1442/1442 1446/1446 1445/1445
f 1442/1442 1443/1443 1446/1446
f 1443/1443 1447/1447 1446/1446
f 1443/1443 1444/1444 1447/1447
f 1444/1444 1008/1008 1447/1447
f 1444/1444 1010/1010 1008/1008
f 1445/1445 1446/1446 1448/1448
f 1446/1446 1449/1449 1448/1448
f 1446/1446 1447/1447 1449/1449
f 1447/1447 1006/1006 1449/1449
f 1447/1447 1008/1008 1006/1006
f 1089/1089 1448/1448 1088/1088
f 1448/1448 1005/1005 1088/1088
f 1448/1448 1449/1449 1005/1005
f 1449/1449 1006/1006 1005/1005
f 1010/1010 1444/1444 1012/1012
f 1444/1444 1014/1014 1012/1012
f 1375/1375 1373/1373 1450/1450
f 1373/1373 1451/1451 1450/1450
f 1373/1373 1371/1371 1451/1451
f 1371/1371 1452/1452 1451/1451
f 1371/1371 1369/1369 1452/1452
f 1369/1369 1453/1453 1452/1452
f 1369/1369 1367/1367 1453/1453
f 1367/1367 1454/1454 1453/1453
f 1367/1367 1363/1363 1454/1454
f 1363/1363 1361/1361 1454/1454
f 1450/1450 1451/1451 1455/1455
f 1451/1451 1456/1456 1455/1455
f 1451/1451 1457/1457 1456/1456
f 1457/1457 1267/1267 1456/1456
f 1457/1457 1269/1269 1267/1267
f 1455/1455 1456/1456 1458/1458
f 1456/1456 1265/1265 1458/1458
f 1456/1456 1267/1267 1265/1265
f 1458/1458 1265/1265 1263/1263
f 1232/1232 1459/1459 1234/1234
f 1459/1459 1460/1460 1234/1234
f 1459/1459 1461/1461 1460/1460
f 1461/1461 1462/1462 1460/1460
f 1461/1461 1463/1463 1462/1462
f 1463/1463 1464/1464 1462/1462
f 1463/1463 1465/1465 1464/1464
f 1465/1465 1466/1466 1464/1464
f 1465/1465 1467/1467 1466/1466
f 1467/1467 1468/1468 1466/1466
f 1467/1467 1469/1469 1468/1468
f 1469/1469 1470/1470 1468/1468
f 1469/1469 1471/1471 1470/1470
f 1471/1471 1472/1472 1470/1470
f 1471/1471 1473/1473 1472/1472
f 1473/1473 1474/1474 1472/1472
f 1473/1473 1475/1475 1474/1474
f 1475/1475 1476/1476 1474/1474
f 1475/1475 1477/1477 1476/1476
f 1477/1477 1478/1478 1476/1476
f 1477/1477 1479/1479 1478/1478
f 1479/1479 1480/1480 1478/1478
f 1479/1479 1481/1481 1480/1480
f 1481/1481 1482/1482 1480/1480
f 1481/1481 1483/1483 1482/1482
f 1483/1483 1484/1484 1482/1482
f 1483/1483 1485/1485 1484/1484
f 1485/1485 1486/1486 1484/1484
f 1485/1485 1487/1487 1486/1486
f 1487/1487 1488/1488 1486/1486
f 1487/1487 1201/1201 1488/1488
f 1201/1201 934/934 1488/1488
f 1367/1367 1365/1365 1363/1363
f 1198/1198 1489/1489 1197/1197
f 1489/1489 1202/1202 1197/1197
f 1489/1489 1490/1490 1202/1202
f 1490/1490 1204/1204 1202/1202
f 1490/1490 1491/1491 1204/1204
f 1491/1491 1206/1206 1204/1204
f 1491/1491 1492/1492 1206/1206
f 1492/1492 1208/1208 1206/1206
f 1492/1492 1493/1493 1208/1208
f 1493/1493 1210/1210 1208/1208
f 1493/1493 1494/1494 1210/1210
f 1494/1494 1212/1212 1210/1210
f 1494/1494 1495/1495 1212/1212
f 1495/1495 1214/1214 1212/1212
f 1495/1495 1496/1496 1214/1214
f 1496/1496 1216/1216 1214/1214
f 1496/1496 1497/1497 1216/1216
f 1497/1497 1218/1218 1216/1216
f 1497/1497 1498/1498 1218/1218
f 1498/1498 1220/1220 1218/1218
f 1498/1498 1499/1499 1220/1220
f 1499/1499 1222/1222 1220/1220
f 1499/1499 1500/1500 1222/1222
f 1500/1500 1224/1224 1222/1222
f 1500/1500 1226/1226 1224/1224
f 1199/1199 1501/1501 1198/1198
f 1501/1501 1489/1489 1198/1198
f 1501/1501 1502/1502 1489/1489
f 1502/1502 1490/1490 1489/1489
f 1502/1502 1503/1503 1490/1490
f 1503/1503 1491/1491 1490/1490
f 1503/1503 1504/1504 1491/1491
f 1504/1504 1492/1492 1491/1491
f 1504/1504 1505/1505 1492/1492
f 1505/1505 1493/1493 1492/1492
f 1505/1505 1506/1506 1493/1493
f 1506/1506 1494/1494 1493/1493
f 1506/1506 1507/1507 1494/1494
f 1507/1507 1495/1495 1494/1494
f 1507/1507 1508/1508 1495/1495
f 1508/1508 1496/1496 1495/1495
f 1508/1508 1509/1509 1496/1496
f 1509/1509 1497/1497 1496/1496
f 1509/1509 1510/1510 1497/1497
f 1510/1510 1498/1498 1497/1497
f 1510/1510 1511/1511 1498/1498
f 1511/1511 1499/1499 1498/1498
f 1511/1511 1512/1512 1499/1499
f 1512/1512 1500/1500 1499/1499
f 1512/1512 1513/1513 1500/1500
f 1513/1513 1226/1226 1500/1500
f 1513/1513 1228/1228 1226/1226
f 1487/1487 1200/1200 1201/1201
f 1200/1200 1514/1514 1199/1199
f 1514/1514 1501/1501 1199/1199
f 1514/1514 1515/1515 1501/1501
f 1515/1515 1502/1502 1501/1501
f 1515/1515 1516/1516 1502/1502
f 1516/1516 1503/1503 1502/1502
f 1516/1516 1517/1517 1503/1503
f 1517/1517 1504/1504 1503/1503
f 1517/1517 1518/1518 1504/1504
f 1518/1518 1505/1505 1504/1504
f 1518/1518 1519/1519 1505/1505
f 1519/1519 1506/1506 1505/1505
f 1519/1519 1520/1520 1506/1506
f 1520/1520 1507/1507 1506/1506
f 1520/1520 1521/1521 1507/1507
f 1521/1521 1508/1508 1507/1507
f 1521/1521 1522/1522 1508/1508
f 1522/1522 1509/1509 1508/1508
f 1522/1522 1523/1523 1509/1509
f 1523/1523 1510/1510 1509/1509
f 1523/1523 1524/1524 1510/1510
f 1524/1524 1511/1511 1510/1510
f 1524/1524 1525/1525 1511/1511
f 1525/1525 1512/1512 1511/1511
f 1525/1525 1526/1526 1512/1512
f 1526/1526 1513/1513 1512/1512
f 1526/1526 1527/1527 1513/1513
f 1527/1527 1228/1228 1513/1513
f 1527/1527 1230/1230 1228/1228
f 1485/1485 1514/1514 1487/1487
f 1514/1514 1200/1200 1487/1487
f 1485/1485 1515/1515 1514/1514
f 1483/1483 1515/1515 1485/1485
f 1483/1483 1516/1516 1515/1515
f 1481/1481 1516/1516 1483/1483
f 1481/1481 1517/1517 1516/1516
f 1479/1479 1517/1517 1481/1481
f 1479/1479 1518/1518 1517/1517
f 1477/1477 1518/1518 1479/1479
f 1477/1477 1519/1519 1518/1518
f 1475/1475 1519/1519 1477/1477
f 1475/1475 1520/1520 1519/1519
f 1473/1473 1520/1520 1475/1475
f 1473/1473 1521/1521 1520/1520
f 1471/1471 1521/1521 1473/1473
f 1471/1471 1522/1522 1521/1521
f 1469/1469 1522/1522 1471/1471
f 1469/1469 1523/1523 1522/1522
f 1467/1467 1523/1523 1469/1469
f 1467/1467 1524/1524 1523/1523
f 1465/1465 1524/1524 1467/1467
f 1465/1465 1525/1525 1524/1524
f 1465/1465 1463/1463 1525/1525
f 1463/1463 1526/1526 1525/1525
f 1463/1463 1461/1461 1526/1526
f 1461/1461 1527/1527 1526/1526
f 1461/1461 1459/1459 1527/1527
f 1459/1459 1230/1230 1527/1527
f 1459/1459 1232/1232 1230/1230
f 1271/1271 1528/1528 1273/1273
f 1528/1528 1361/1361 1273/1273
f 1528/1528 1454/1454 1361/1361
f 1269/1269 1529/1529 1271/1271
f 1529/1529 1528/1528 1271/1271
f 1529/1529 1453/1453 1528/1528
f 1453/1453 1454/1454 1528/1528
f 1269/1269 1457/1457 1529/1529
f 1457/1457 1452/1452 1529/1529
f 1457/1457 1451/1451 1452/1452
f 1452/1452 1453/1453 1529/1529
f 1366/1366 1368/1368 1400/1400
f 1368/1368 1530/1530 1400/1400
f 1368/1368 1370/1370 1530/1530
f 1370/1370 1531/1531 1530/1530
f 1370/1370 1372/1372 1531/1531
f 1372/1372 1377/1377 1531/1531
f 1372/1372 1374/1374 1377/1377
f 1400/1400 1530/1530 1402/1402
f 1530/1530 1532/1532 1402/1402
f 1530/1530 1531/1531 1532/1532
f 1531/1531 1379/1379 1532/1532
f 1531/1531 1377/1377 1379/1379
f 1381/1381 1532/1532 1379/1379
f 1381/1381 1404/1404 1532/1532
f 1404/1404 1402/1402 1532/1532
f 1383/1383 1404/1404 1381/1381
f 4313/4313 4314/4314 4311/4311
f 4314/4314 4312/4312 4311/4311
f 4314/4314 4315/4315 4312/4312
f 4313/4313 4311/4311 4310/4310
f 4311/4311 4308/4308 4310/4310
f 4311/4311 4309/4309 4308/4308
f 4309/4309 4306/4306 4308/4308
f 4306/4306 4305/4305 4308/4308
f 4306/4306 4303/4303 4305/4305
f 4303/4303 4302/4302 4305/4305
f 4303/4303 4282/4282 4302/4302
f 4282/4282 4281/4281 4302/4302
f 4282/4282 4279/4279 4281/4281
f 4279/4279 4275/4275 4281/4281
f 4279/4279 4278/4278 4275/4275
f 4278/4278 4276/4276 4275/4275
f 4278/4278 4285/4285 4276/4276
f 4285/4285 4286/4286 4276/4276
f 4285/4285 4288/4288 4286/4286
f 4288/4288 4289/4289 4286/4286
f 4288/4288 4291/4291 4289/4289
f 4291/4291 4292/4292 4289/4289
f 4291/4291 4293/4293 4292/4292
f 4293/4293 4295/4295 4292/4292
f 4293/4293 4297/4297 4295/4295
f 4297/4297 4298/4298 4295/4295
f 4297/4297 4299/4299 4298/4298
f 4299/4299 4301/4301 4298/4298
f 4401/4401 4397/4397 4399/4399
f 4397/4397 4396/4396 4399/4399
f 4397/4397 4395/4395 4396/4396
f 4395/4395 4393/4393 4396/4396
f 4395/4395 4392/4392 4393/4393
f 4392/4392 4390/4390 4393/4393
f 4392/4392 4388/4388 4390/4390
f 4388/4388 4379/4379 4390/4390
f 4388/4388 4382/4382 4379/4379
f 4382/4382 4380/4380 4379/4379
f 4382/4382 4383/4383 4380/4380
f 4383/4383 4385/4385 4380/4380
f 4383/4383 4386/4386 4385/4385
f 4386/4386 4402/4402 4385/4385
f 4386/4386 4403/4403 4402/4402
f 4403/4403 4405/4405 4402/4402
f 4403/4403 4406/4406 4405/4405
f 4406/4406 4408/4408 4405/4405
f 4406/4406 4410/4410 4408/4408
f 4410/4410 4411/4411 4408/4408
f 4410/4410 4413/4413 4411/4411
f 4227/4227 4226/4226 4229/4229
f 4227/4227 4224/4224 4226/4226
f 4224/4224 4223/4223 4226/4226
f 4224/4224 4221/4221 4223/4223
f 4221/4221 4220/4220 4223/4223
f 4221/4221 4218/4218 4220/4220
f 4218/4218 4217/4217 4220/4220
f 4218/4218 4215/4215 4217/4217
f 4215/4215 4213/4213 4217/4217
f 4215/4215 4212/4212 4213/4213
f 4212/4212 4210/4210 4213/4213
f 4212/4212 4209/4209 4210/4210
f 4209/4209 4207/4207 4210/4210
f 4209/4209 4206/4206 4207/4207
f 4206/4206 4204/4204 4207/4207
f 4206/4206 4203/4203 4204/4204
f 4203/4203 4201/4201 4204/4204
f 4203/4203 4202/4202 4201/4201
f 4202/4202 4195/4195 4201/4201
f 4195/4195 4200/4200 4201/4201
f 4195/4195 4196/4196 4200/4200
f 4310/4310 4308/4308 4307/4307
f 4308/4308 4305/4305 4307/4307
f 4307/4307 4305/4305 4304/4304
f 4305/4305 4302/4302 4304/4304
f 4304/4304 4302/4302 4283/4283
f 4302/4302 4281/4281 4283/4283
f 4283/4283 4281/4281 4280/4280
f 4281/4281 4275/4275 4280/4280
f 4280/4280 4275/4275 4277/4277
f 4275/4275 4276/4276 4277/4277
f 4277/4277 4276/4276 4284/4284
f 4276/4276 4286/4286 4284/4284
f 4284/4284 4286/4286 4287/4287
f 4286/4286 4289/4289 4287/4287
f 4287/4287 4289/4289 4290/4290
f 4289/4289 4292/4292 4290/4290
f 4290/4290 4292/4292 4294/4294
f 4292/4292 4295/4295 4294/4294
f 4294/4294 4295/4295 4296/4296
f 4295/4295 4298/4298 4296/4296
f 4296/4296 4298/4298 4300/4300
f 4298/4298 4301/4301 4300/4300
f 4400/4400 4399/4399 4398/4398
f 4399/4399 4396/4396 4398/4398
f 4398/4398 4396/4396 4394/4394
f 4396/4396 4393/4393 4394/4394
f 4394/4394 4393/4393 4391/4391
f 4393/4393 4390/4390 4391/4391
f 4391/4391 4390/4390 4389/4389
f 4390/4390 4379/4379 4389/4389
f 4389/4389 4379/4379 4381/4381
f 4379/4379 4380/4380 4381/4381
f 4381/4381 4380/4380 4384/4384
f 4380/4380 4385/4385 4384/4384
f 4384/4384 4385/4385 4387/4387
f 4385/4385 4402/4402 4387/4387
f 4387/4387 4402/4402 4404/4404
f 4402/4402 4405/4405 4404/4404
f 4404/4404 4405/4405 4407/4407
f 4405/4405 4408/4408 4407/4407
f 4407/4407 4408/4408 4409/4409
f 4408/4408 4411/4411 4409/4409
f 4409/4409 4411/4411 4412/4412
f 4229/4229 4226/4226 4228/4228
f 4228/4228 4226/4226 4225/4225
f 4226/4226 4223/4223 4225/4225
f 4225/4225 4223/4223 4222/4222
f 4223/4223 4220/4220 4222/4222
f 4222/4222 4220/4220 4219/4219
f 4220/4220 4217/4217 4219/4219
f 4219/4219 4217/4217 4216/4216
f 4217/4217 4213/4213 4216/4216
f 4216/4216 4213/4213 4214/4214
f 4213/4213 4210/4210 4214/4214
f 4214/4214 4210/4210 4211/4211
f 4210/4210 4207/4207 4211/4211
f 4211/4211 4207/4207 4208/4208
f 4207/4207 4204/4204 4208/4208
f 4208/4208 4204/4204 4205/4205
f 4204/4204 4201/4201 4205/4205
f 4205/4205 4201/4201 4200/4200
f 4309/4309 4311/4311 4312/4312
f 1533/1533 1534/1534 1535/1535
f 1534/1534 1536/1536 1535/1535
f 1534/1534 1537/1537 1536/1536
f 1535/1535 1538/1538 1533/1533
f 1538/1538 1539/1539 1533/1533
f 1538/1538 1540/1540 1539/1539
f 1540/1540 1541/1541 1539/1539
f 1540/1540 1542/1542 1541/1541
f 1542/1542 1543/1543 1541/1541
f 1542/1542 1544/1544 1543/1543
f 1544/1544 1545/1545 1543/1543
f 1544/1544 1546/1546 1545/1545
f 1546/1546 1547/1547 1545/1545
f 1546/1546 1548/1548 1547/1547
f 1548/1548 1549/1549 1547/1547
f 1548/1548 1550/1550 1549/1549
f 1550/1550 1551/1551 1549/1549
f 1550/1550 1552/1552 1551/1551
f 1552/1552 1553/1553 1551/1551
f 1552/1552 1554/1554 1553/1553
f 1554/1554 1555/1555 1553/1553
f 1554/1554 1556/1556 1555/1555
f 1556/1556 1557/1557 1555/1555
f 1556/1556 1558/1558 1557/1557
f 1558/1558 1559/1559 1557/1557
f 1558/1558 1560/1560 1559/1559
f 1560/1560 1561/1561 1559/1559
f 1560/1560 1562/1562 1561/1561
f 1562/1562 1563/1563 1561/1561
f 1562/1562 1564/1564 1563/1563
f 1564/1564 1565/1565 1563/1563
f 1564/1564 1566/1566 1565/1565
f 1566/1566 1567/1567 1565/1565
f 1566/1566 1568/1568 1567/1567
f 1568/1568 1569/1569 1567/1567
f 1568/1568 1570/1570 1569/1569
f 1570/1570 1571/1571 1569/1569
f 1570/1570 1572/1572 1571/1571
f 1572/1572 1573/1573 1571/1571
f 1572/1572 1574/1574 1573/1573
f 1574/1574 1575/1575 1573/1573
f 1574/1574 1576/1576 1575/1575
f 1576/1576 1577/1577 1575/1575
f 1576/1576 1578/1578 1577/1577
f 1578/1578 1579/1579 1577/1577
f 1579/1579 1580/1580 1577/1577
f 1579/1579 1581/1581 1580/1580
f 1581/1581 1582/1582 1580/1580
f 1581/1581 1583/1583 1582/1582
f 1583/1583 1584/1584 1582/1582
f 1583/1583 1585/1585 1584/1584
f 1585/1585 1586/1586 1584/1584
f 1585/1585 1587/1587 1586/1586
f 1587/1587 1588/1588 1586/1586
f 1587/1587 1589/1589 1588/1588
f 1589/1589 1590/1590 1588/1588
f 1589/1589 1591/1591 1590/1590
f 1591/1591 1592/1592 1590/1590
f 1591/1591 1593/1593 1592/1592
f 1593/1593 1594/1594 1592/1592
f 1593/1593 1595/1595 1594/1594
f 1595/1595 1596/1596 1594/1594
f 1595/1595 1597/1597 1596/1596
f 1597/1597 1598/1598 1596/1596
f 1597/1597 1599/1599 1598/1598
f 1599/1599 1600/1600 1598/1598
f 1599/1599 1601/1601 1600/1600
f 1601/1601 1602/1602 1600/1600
f 1601/1601 1603/1603 1602/1602
f 1603/1603 1604/1604 1602/1602
f 1603/1603 1605/1605 1604/1604
f 1605/1605 1606/1606 1604/1604
f 1605/1605 1607/1607 1606/1606
f 1607/1607 1608/1608 1606/1606
f 1607/1607 1609/1609 1608/1608
f 1609/1609 1610/1610 1608/1608
f 1609/1609 1611/1611 1610/1610
f 1611/1611 1612/1612 1610/1610
f 1611/1611 1613/1613 1612/1612
f 1613/1613 1614/1614 1612/1612
f 1613/1613 1615/1615 1614/1614
f 1615/1615 1616/1616 1614/1614
f 1615/1615 1617/1617 1616/1616
f 1617/1617 1618/1618 1616/1616
f 1617/1617 1619/1619 1618/1618
f 1567/1567 1569/1569 1620/1620
f 1569/1569 1621/1621 1620/1620
f 1569/1569 1571/1571 1621/1621
f 1571/1571 1622/1622 1621/1621
f 1571/1571 1573/1573 1622/1622
f 1573/1573 1623/1623 1622/1622
f 1573/1573 1575/1575 1623/1623
f 1575/1575 1624/1624 1623/1623
f 1575/1575 1577/1577 1624/1624
f 1577/1577 1580/1580 1624/1624
f 1620/1620 1621/1621 1625/1625
f 1621/1621 1626/1626 1625/1625
f 1621/1621 1622/1622 1626/1626
f 1622/1622 1627/1627 1626/1626
f 1622/1622 1623/1623 1627/1627
f 1623/1623 1628/1628 1627/1627
f 1623/1623 1624/1624 1628/1628
f 1624/1624 1629/1629 1628/1628
f 1624/1624 1580/1580 1629/1629
f 1580/1580 1582/1582 1629/1629
f 1625/1625 1626/1626 1630/1630
f 1626/1626 1631/1631 1630/1630
f 1626/1626 1627/1627 1631/1631
f 1627/1627 1632/1632 1631/1631
f 1627/1627 1628/1628 1632/1632
f 1628/1628 1633/1633 1632/1632
f 1628/1628 1629/1629 1633/1633
f 1629/1629 1634/1634 1633/1633
f 1629/1629 1582/1582 1634/1634
f 1582/1582 1584/1584 1634/1634
f 1630/1630 1631/1631 1635/1635
f 1631/1631 1636/1636 1635/1635
f 1631/1631 1632/1632 1636/1636
f 1632/1632 1637/1637 1636/1636
f 1632/1632 1633/1633 1637/1637
f 1633/1633 1638/1638 1637/1637
f 1633/1633 1634/1634 1638/1638
f 1634/1634 1639/1639 1638/1638
f 1634/1634 1584/1584 1639/1639
f 1584/1584 1586/1586 1639/1639
f 1635/1635 1636/1636 1640/1640
f 1636/1636 1641/1641 1640/1640
f 1636/1636 1637/1637 1641/1641
f 1637/1637 1642/1642 1641/1641
f 1637/1637 1638/1638 1642/1642
f 1638/1638 1643/1643 1642/1642
f 1638/1638 1639/1639 1643/1643
f 1639/1639 1644/1644 1643/1643
f 1639/1639 1586/1586 1644/1644
f 1586/1586 1588/1588 1644/1644
f 1640/1640 1641/1641 1645/1645
f 1641/1641 1646/1646 1645/1645
f 1641/1641 1642/1642 1646/1646
f 1642/1642 1647/1647 1646/1646
f 1642/1642 1643/1643 1647/1647
f 1643/1643 1648/1648 1647/1647
f 1643/1643 1644/1644 1648/1648
f 1644/1644 1649/1649 1648/1648
f 1644/1644 1588/1588 1649/1649
f 1588/1588 1590/1590 1649/1649
f 1645/1645 1646/1646 1650/1650
f 1646/1646 1651/1651 1650/1650
f 1646/1646 1647/1647 1651/1651
f 1647/1647 1652/1652 1651/1651
f 1647/1647 1648/1648 1652/1652
f 1648/1648 1653/1653 1652/1652
f 1648/1648 1649/1649 1653/1653
f 1649/1649 1654/1654 1653/1653
f 1649/1649 1590/1590 1654/1654
f 1590/1590 1592/1592 1654/1654
f 1650/1650 1651/1651 1655/1655
f 1651/1651 1656/1656 1655/1655
f 1651/1651 1652/1652 1656/1656
f 1652/1652 1657/1657 1656/1656
f 1652/1652 1653/1653 1657/1657
f 1653/1653 1658/1658 1657/1657
f 1653/1653 1654/1654 1658/1658
f 1654/1654 1659/1659 1658/1658
f 1654/1654 1592/1592 1659/1659
f 1592/1592 1594/1594 1659/1659
f 1655/1655 1656/1656 1660/1660
f 1656/1656 1661/1661 1660/1660
f 1656/1656 1657/1657 1661/1661
f 1657/1657 1662/1662 1661/1661
f 1657/1657 1658/1658 1662/1662
f 1658/1658 1663/1663 1662/1662
f 1658/1658 1659/1659 1663/1663
f 1659/1659 1664/1664 1663/1663
f 1659/1659 1594/1594 1664/1664
f 1594/1594 1596/1596 1664/1664
f 1660/1660 1661/1661 1665/1665
f 1661/1661 1666/1666 1665/1665
f 1661/1661 1662/1662 1666/1666
f 1662/1662 1667/1667 1666/1666
f 1662/1662 1663/1663 1667/1667
f 1663/1663 1668/1668 1667/1667
f 1663/1663 1664/1664 1668/1668
f 1664/1664 1669/1669 1668/1668
f 1664/1664 1596/1596 1669/1669
f 1596/1596 1598/1598 1669/1669
f 1665/1665 1666/1666 1670/1670
f 1666/1666 1671/1671 1670/1670
f 1666/1666 1667/1667 1671/1671
f 1667/1667 1672/1672 1671/1671
f 1667/1667 1668/1668 1672/1672
f 1668/1668 1673/1673 1672/1672
f 1668/1668 1669/1669 1673/1673
f 1669/1669 1674/1674 1673/1673
f 1669/1669 1598/1598 1674/1674
f 1598/1598 1600/1600 1674/1674
f 1670/1670 1671/1671 1675/1675
f 1671/1671 1676/1676 1675/1675
f 1671/1671 1672/1672 1676/1676
f 1672/1672 1677/1677 1676/1676
f 1672/1672 1673/1673 1677/1677
f 1673/1673 1678/1678 1677/1677
f 1673/1673 1674/1674 1678/1678
f 1674/1674 1679/1679 1678/1678
f 1674/1674 1600/1600 1679/1679
f 1600/1600 1602/1602 1679/1679
f 1675/1675 1676/1676 1680/1680
f 1676/1676 1681/1681 1680/1680
f 1676/1676 1677/1677 1681/1681
f 1677/1677 1682/1682 1681/1681
f 1677/1677 1678/1678 1682/1682
f 1678/1678 1683/1683 1682/1682
f 1678/1678 1679/1679 1683/1683
f 1679/1679 1684/1684 1683/1683
f 1679/1679 1602/1602 1684/1684
f 1602/1602 1604/1604 1684/1684
f 1680/1680 1681/1681 1685/1685
f 1681/1681 1686/1686 1685/1685
f 1681/1681 1682/1682 1686/1686
f 1682/1682 1687/1687 1686/1686
f 1682/1682 1683/1683 1687/1687
f 1683/1683 1688/1688 1687/1687
f 1683/1683 1684/1684 1688/1688
f 1684/1684 1689/1689 1688/1688
f 1684/1684 1604/1604 1689/1689
f 1604/1604 1606/1606 1689/1689
f 1685/1685 1686/1686 1690/1690
f 1686/1686 1691/1691 1690/1690
f 1686/1686 1687/1687 1691/1691
f 1687/1687 1692/1692 1691/1691
f 1687/1687 1688/1688 1692/1692
f 1688/1688 1693/1693 1692/1692
f 1688/1688 1689/1689 1693/1693
f 1689/1689 1694/1694 1693/1693
f 1689/1689 1606/1606 1694/1694
f 1606/1606 1608/1608 1694/1694
f 1691/1691 1695/1695 1690/1690
f 1695/1695 1696/1696 1690/1690
f 1695/1695 1697/1697 1696/1696
f 1697/1697 1698/1698 1696/1696
f 1697/1697 1699/1699 1698/1698
f 1699/1699 1700/1700 1698/1698
f 1699/1699 1616/1616 1700/1700
f 1616/1616 1618/1618 1700/1700
f 1617/1617 1701/1701 1619/1619
f 1701/1701 1702/1702 1619/1619
f 1701/1701 1703/1703 1702/1702
f 1703/1703 1704/1704 1702/1702
f 1703/1703 1705/1705 1704/1704
f 1705/1705 1706/1706 1704/1704
f 1705/1705 1707/1707 1706/1706
f 1707/1707 1708/1708 1706/1706
f 1707/1707 1709/1709 1708/1708
f 1709/1709 1710/1710 1708/1708
f 1709/1709 1711/1711 1710/1710
f 1711/1711 1712/1712 1710/1710
f 1711/1711 1713/1713 1712/1712
f 1713/1713 1714/1714 1712/1712
f 1713/1713 1715/1715 1714/1714
f 1715/1715 1716/1716 1714/1714
f 1715/1715 1717/1717 1716/1716
f 1717/1717 1718/1718 1716/1716
f 1717/1717 1719/1719 1718/1718
f 1719/1719 1720/1720 1718/1718
f 1719/1719 1721/1721 1720/1720
f 1721/1721 1722/1722 1720/1720
f 1721/1721 1723/1723 1722/1722
f 1723/1723 1724/1724 1722/1722
f 1723/1723 1721/1721 1725/1725
f 1721/1721 1726/1726 1725/1725
f 1721/1721 1727/1727 1726/1726
f 1727/1727 1728/1728 1726/1726
f 1727/1727 1729/1729 1728/1728
f 1729/1729 1730/1730 1728/1728
f 1729/1729 1731/1731 1730/1730
f 1731/1731 1732/1732 1730/1730
f 1731/1731 1733/1733 1732/1732
f 1733/1733 1734/1734 1732/1732
f 1733/1733 1735/1735 1734/1734
f 1735/1735 1736/1736 1734/1734
f 1735/1735 1737/1737 1736/1736
f 1733/1733 1738/1738 1735/1735
f 1738/1738 1739/1739 1735/1735
f 1738/1738 1740/1740 1739/1739
f 1740/1740 1741/1741 1739/1739
f 1740/1740 1742/1742 1741/1741
f 1742/1742 1743/1743 1741/1741
f 1742/1742 1744/1744 1743/1743
f 1744/1744 1745/1745 1743/1743
f 1744/1744 1746/1746 1745/1745
f 1746/1746 1747/1747 1745/1745
f 1746/1746 1748/1748 1747/1747
f 1748/1748 1749/1749 1747/1747
f 1748/1748 1750/1750 1749/1749
f 1750/1750 1751/1751 1749/1749
f 1750/1750 1752/1752 1751/1751
f 1752/1752 1753/1753 1751/1751
f 1752/1752 1754/1754 1753/1753
f 1754/1754 1755/1755 1753/1753
f 1754/1754 1756/1756 1755/1755
f 1756/1756 1757/1757 1755/1755
f 1756/1756 1609/1609 1757/1757
f 1609/1609 1607/1607 1757/1757
f 1578/1578 1576/1576 1758/1758
f 1576/1576 1759/1759 1758/1758
f 1576/1576 1574/1574 1759/1759
f 1574/1574 1760/1760 1759/1759
f 1574/1574 1572/1572 1760/1760
f 1572/1572 1761/1761 1760/1760
f 1572/1572 1570/1570 1761/1761
f 1570/1570 1762/1762 1761/1761
f 1570/1570 1568/1568 1762/1762
f 1568/1568 1566/1566 1762/1762
f 1758/1758 1759/1759 1763/1763
f 1759/1759 1764/1764 1763/1763
f 1759/1759 1760/1760 1764/1764
f 1760/1760 1765/1765 1764/1764
f 1760/1760 1761/1761 1765/1765
f 1761/1761 1766/1766 1765/1765
f 1761/1761 1762/1762 1766/1766
f 1762/1762 1767/1767 1766/1766
f 1762/1762 1566/1566 1767/1767
f 1566/1566 1564/1564 1767/1767
f 1763/1763 1764/1764 1768/1768
f 1764/1764 1769/1769 1768/1768
f 1764/1764 1765/1765 1769/1769
f 1765/1765 1770/1770 1769/1769
f 1765/1765 1766/1766 1770/1770
f 1766/1766 1771/1771 1770/1770
f 1766/1766 1767/1767 1771/1771
f 1767/1767 1772/1772 1771/1771
f 1767/1767 1564/1564 1772/1772
f 1564/1564 1562/1562 1772/1772
f 1768/1768 1769/1769 1773/1773
f 1769/1769 1774/1774 1773/1773
f 1769/1769 1770/1770 1774/1774
f 1770/1770 1775/1775 1774/1774
f 1770/1770 1771/1771 1775/1775
f 1771/1771 1776/1776 1775/1775
f 1771/1771 1772/1772 1776/1776
f 1772/1772 1777/1777 1776/1776
f 1772/1772 1562/1562 1777/1777
f 1562/1562 1778/1778 1777/1777
f 1562/1562 1560/1560 1778/1778
f 1560/1560 1779/1779 1778/1778
f 1560/1560 1558/1558 1779/1779
f 1558/1558 1556/1556 1779/1779
f 1773/1773 1774/1774 1780/1780
f 1774/1774 1781/1781 1780/1780
f 1774/1774 1775/1775 1781/1781
f 1775/1775 1782/1782 1781/1781
f 1775/1775 1776/1776 1782/1782
f 1776/1776 1783/1783 1782/1782
f 1776/1776 1777/1777 1783/1783
f 1777/1777 1784/1784 1783/1783
f 1777/1777 1778/1778 1784/1784
f 1778/1778 1785/1785 1784/1784
f 1778/1778 1779/1779 1785/1785
f 1779/1779 1786/1786 1785/1785
f 1779/1779 1556/1556 1786/1786
f 1556/1556 1554/1554 1786/1786
f 1780/1780 1781/1781 1787/1787
f 1781/1781 1788/1788 1787/1787
f 1781/1781 1782/1782 1788/1788
f 1782/1782 1789/1789 1788/1788
f 1782/1782 1783/1783 1789/1789
f 1783/1783 1790/1790 1789/1789
f 1783/1783 1784/1784 1790/1790
f 1784/1784 1791/1791 1790/1790
f 1784/1784 1785/1785 1791/1791
f 1785/1785 1792/1792 1791/1791
f 1785/1785 1786/1786 1792/1792
f 1786/1786 1793/1793 1792/1792
f 1786/1786 1554/1554 1793/1793
f 1554/1554 1552/1552 1793/1793
f 1787/1787 1788/1788 1794/1794
f 1788/1788 1795/1795 1794/1794
f 1788/1788 1789/1789 1795/1795
f 1789/1789 1790/1790 1795/1795
f 1794/1794 1795/1795 1796/1796
f 1795/1795 1797/1797 1796/1796
f 1795/1795 1790/1790 1797/1797
f 1790/1790 1798/1798 1797/1797
f 1790/1790 1791/1791 1798/1798
f 1791/1791 1799/1799 1798/1798
f 1791/1791 1792/1792 1799/1799
f 1792/1792 1800/1800 1799/1799
f 1792/1792 1793/1793 1800/1800
f 1793/1793 1801/1801 1800/1800
f 1793/1793 1552/1552 1801/1801
f 1552/1552 1550/1550 1801/1801
f 1797/1797 1798/1798 1796/1796
f 1798/1798 1802/1802 1796/1796
f 1798/1798 1803/1803 1802/1802
f 1803/1803 1804/1804 1802/1802
f 1803/1803 1805/1805 1804/1804
f 1805/1805 1806/1806 1804/1804
f 1805/1805 1807/1807 1806/1806
f 1807/1807 1808/1808 1806/1806
f 1807/1807 1809/1809 1808/1808
f 1809/1809 1810/1810 1808/1808
f 1809/1809 1811/1811 1810/1810
f 1811/1811 1812/1812 1810/1810
f 1811/1811 1813/1813 1812/1812
f 1813/1813 1814/1814 1812/1812
f 1813/1813 1815/1815 1814/1814
f 1815/1815 1816/1816 1814/1814
f 1815/1815 1817/1817 1816/1816
f 1817/1817 1818/1818 1816/1816
f 1817/1817 1819/1819 1818/1818
f 1819/1819 1820/1820 1818/1818
f 1819/1819 1821/1821 1820/1820
f 1821/1821 1822/1822 1820/1820
f 1821/1821 1823/1823 1822/1822
f 1823/1823 1824/1824 1822/1822
f 1823/1823 1825/1825 1824/1824
f 1826/1826 1822/1822 1827/1827
f 1822/1822 1824/1824 1827/1827
f 1823/1823 1828/1828 1825/1825
f 1828/1828 1829/1829 1825/1825
f 1828/1828 1830/1830 1829/1829
f 1830/1830 1831/1831 1829/1829
f 1830/1830 1832/1832 1831/1831
f 1832/1832 1830/1830 1833/1833
f 1830/1830 1834/1834 1833/1833
f 1830/1830 1835/1835 1834/1834
f 1835/1835 1836/1836 1834/1834
f 1835/1835 1837/1837 1836/1836
f 1837/1837 1838/1838 1836/1836
f 1837/1837 1839/1839 1838/1838
f 1839/1839 1840/1840 1838/1838
f 1839/1839 1841/1841 1840/1840
f 1841/1841 1842/1842 1840/1840
f 1841/1841 1843/1843 1842/1842
f 1843/1843 1844/1844 1842/1842
f 1843/1843 1845/1845 1844/1844
f 1845/1845 1846/1846 1844/1844
f 1845/1845 1847/1847 1846/1846
f 1847/1847 1848/1848 1846/1846
f 1847/1847 1849/1849 1848/1848
f 1849/1849 1801/1801 1848/1848
f 1849/1849 1800/1800 1801/1801
f 1833/1833 1834/1834 1536/1536
f 1834/1834 1535/1535 1536/1536
f 1834/1834 1836/1836 1535/1535
f 1836/1836 1538/1538 1535/1535
f 1836/1836 1838/1838 1538/1538
f 1838/1838 1540/1540 1538/1538
f 1838/1838 1840/1840 1540/1540
f 1840/1840 1542/1542 1540/1540
f 1840/1840 1842/1842 1542/1542
f 1842/1842 1544/1544 1542/1542
f 1842/1842 1844/1844 1544/1544
f 1844/1844 1546/1546 1544/1544
f 1844/1844 1846/1846 1546/1546
f 1846/1846 1548/1548 1546/1546
f 1846/1846 1848/1848 1548/1548
f 1848/1848 1550/1550 1548/1548
f 1848/1848 1801/1801 1550/1550
f 1821/1821 1828/1828 1823/1823
f 1828/1828 1850/1850 1830/1830
f 1850/1850 1835/1835 1830/1830
f 1850/1850 1851/1851 1835/1835
f 1851/1851 1837/1837 1835/1835
f 1851/1851 1852/1852 1837/1837
f 1852/1852 1839/1839 1837/1837
f 1852/1852 1853/1853 1839/1839
f 1853/1853 1841/1841 1839/1839
f 1853/1853 1854/1854 1841/1841
f 1854/1854 1843/1843 1841/1841
f 1854/1854 1855/1855 1843/1843
f 1855/1855 1845/1845 1843/1843
f 1855/1855 1856/1856 1845/1845
f 1856/1856 1847/1847 1845/1845
f 1856/1856 1857/1857 1847/1847
f 1857/1857 1849/1849 1847/1847
f 1857/1857 1858/1858 1849/1849
f 1858/1858 1800/1800 1849/1849
f 1858/1858 1799/1799 1800/1800
f 1819/1819 1850/1850 1821/1821
f 1850/1850 1828/1828 1821/1821
f 1819/1819 1851/1851 1850/1850
f 1817/1817 1851/1851 1819/1819
f 1817/1817 1852/1852 1851/1851
f 1815/1815 1852/1852 1817/1817
f 1815/1815 1853/1853 1852/1852
f 1813/1813 1853/1853 1815/1815
f 1813/1813 1854/1854 1853/1853
f 1811/1811 1854/1854 1813/1813
f 1811/1811 1855/1855 1854/1854
f 1809/1809 1855/1855 1811/1811
f 1809/1809 1856/1856 1855/1855
f 1807/1807 1856/1856 1809/1809
f 1807/1807 1857/1857 1856/1856
f 1805/1805 1857/1857 1807/1807
f 1805/1805 1858/1858 1857/1857
f 1803/1803 1858/1858 1805/1805
f 1803/1803 1799/1799 1858/1858
f 1798/1798 1799/1799 1803/1803
f 1697/1697 1695/1695 1859/1859
f 1695/1695 1692/1692 1859/1859
f 1695/1695 1691/1691 1692/1692
f 1692/1692 1693/1693 1859/1859
f 1693/1693 1860/1860 1859/1859
f 1693/1693 1694/1694 1860/1860
f 1694/1694 1610/1610 1860/1860
f 1694/1694 1608/1608 1610/1610
f 1859/1859 1861/1861 1697/1697
f 1861/1861 1699/1699 1697/1697
f 1861/1861 1614/1614 1699/1699
f 1614/1614 1616/1616 1699/1699
f 1859/1859 1860/1860 1861/1861
f 1860/1860 1612/1612 1861/1861
f 1860/1860 1610/1610 1612/1612
f 1612/1612 1614/1614 1861/1861
f 1615/1615 1862/1862 1617/1617
f 1862/1862 1701/1701 1617/1617
f 1862/1862 1863/1863 1701/1701
f 1863/1863 1703/1703 1701/1701
f 1863/1863 1864/1864 1703/1703
f 1864/1864 1705/1705 1703/1703
f 1864/1864 1865/1865 1705/1705
f 1865/1865 1707/1707 1705/1705
f 1865/1865 1866/1866 1707/1707
f 1866/1866 1709/1709 1707/1707
f 1866/1866 1867/1867 1709/1709
f 1867/1867 1711/1711 1709/1709
f 1867/1867 1868/1868 1711/1711
f 1868/1868 1713/1713 1711/1711
f 1868/1868 1869/1869 1713/1713
f 1869/1869 1715/1715 1713/1713
f 1869/1869 1870/1870 1715/1715
f 1870/1870 1717/1717 1715/1715
f 1870/1870 1871/1871 1717/1717
f 1871/1871 1719/1719 1717/1717
f 1871/1871 1727/1727 1719/1719
f 1727/1727 1721/1721 1719/1719
f 1613/1613 1872/1872 1615/1615
f 1872/1872 1862/1862 1615/1615
f 1872/1872 1873/1873 1862/1862
f 1873/1873 1863/1863 1862/1862
f 1873/1873 1874/1874 1863/1863
f 1874/1874 1864/1864 1863/1863
f 1874/1874 1875/1875 1864/1864
f 1875/1875 1865/1865 1864/1864
f 1875/1875 1876/1876 1865/1865
f 1876/1876 1866/1866 1865/1865
f 1876/1876 1877/1877 1866/1866
f 1877/1877 1867/1867 1866/1866
f 1877/1877 1878/1878 1867/1867
f 1878/1878 1868/1868 1867/1867
f 1878/1878 1879/1879 1868/1868
f 1879/1879 1869/1869 1868/1868
f 1879/1879 1880/1880 1869/1869
f 1880/1880 1870/1870 1869/1869
f 1880/1880 1881/1881 1870/1870
f 1881/1881 1871/1871 1870/1870
f 1881/1881 1729/1729 1871/1871
f 1729/1729 1727/1727 1871/1871
f 1756/1756 1611/1611 1609/1609
f 1611/1611 1882/1882 1613/1613
f 1882/1882 1872/1872 1613/1613
f 1882/1882 1883/1883 1872/1872
f 1883/1883 1873/1873 1872/1872
f 1883/1883 1884/1884 1873/1873
f 1884/1884 1874/1874 1873/1873
f 1884/1884 1885/1885 1874/1874
f 1885/1885 1875/1875 1874/1874
f 1885/1885 1886/1886 1875/1875
f 1886/1886 1876/1876 1875/1875
f 1886/1886 1887/1887 1876/1876
f 1887/1887 1877/1877 1876/1876
f 1887/1887 1888/1888 1877/1877
f 1888/1888 1878/1878 1877/1877
f 1888/1888 1889/1889 1878/1878
f 1889/1889 1879/1879 1878/1878
f 1889/1889 1890/1890 1879/1879
f 1890/1890 1880/1880 1879/1879
f 1890/1890 1891/1891 1880/1880
f 1891/1891 1881/1881 1880/1880
f 1891/1891 1731/1731 1881/1881
f 1731/1731 1729/1729 1881/1881
f 1754/1754 1882/1882 1756/1756
f 1882/1882 1611/1611 1756/1756
f 1754/1754 1883/1883 1882/1882
f 1752/1752 1883/1883 1754/1754
f 1752/1752 1884/1884 1883/1883
f 1750/1750 1884/1884 1752/1752
f 1750/1750 1885/1885 1884/1884
f 1748/1748 1885/1885 1750/1750
f 1748/1748 1886/1886 1885/1885
f 1746/1746 1886/1886 1748/1748
f 1746/1746 1887/1887 1886/1886
f 1744/1744 1887/1887 1746/1746
f 1744/1744 1888/1888 1887/1887
f 1742/1742 1888/1888 1744/1744
f 1742/1742 1889/1889 1888/1888
f 1740/1740 1889/1889 1742/1742
f 1740/1740 1890/1890 1889/1889
f 1738/1738 1890/1890 1740/1740
f 1738/1738 1891/1891 1890/1890
f 1733/1733 1891/1891 1738/1738
f 1733/1733 1731/1731 1891/1891
f 1826/1826 1827/1827 1892/1892
f 1827/1827 1824/1824 1892/1892
f 1824/1824 1893/1893 1892/1892
f 1824/1824 1825/1825 1893/1893
f 1825/1825 1894/1894 1893/1893
f 1825/1825 1829/1829 1894/1894
f 1829/1829 1895/1895 1894/1894
f 1829/1829 1831/1831 1895/1895
f 1831/1831 1896/1896 1895/1895
f 1831/1831 1832/1832 1896/1896
f 1832/1832 1897/1897 1896/1896
f 1832/1832 1833/1833 1897/1897
f 1833/1833 1536/1536 1897/1897
f 1536/1536 1534/1534 1897/1897
f 1536/1536 1537/1537 1534/1534
f 1893/1893 1898/1898 1892/1892
f 1898/1898 1899/1899 1892/1892
f 1898/1898 1900/1900 1899/1899
f 1900/1900 1901/1901 1899/1899
f 1900/1900 1902/1902 1901/1901
f 1902/1902 1903/1903 1901/1901
f 1902/1902 1904/1904 1903/1903
f 1904/1904 1905/1905 1903/1903
f 1904/1904 1906/1906 1905/1905
f 1906/1906 1907/1907 1905/1905
f 1906/1906 1908/1908 1907/1907
f 1908/1908 1909/1909 1907/1907
f 1908/1908 1910/1910 1909/1909
f 1910/1910 1911/1911 1909/1909
f 1910/1910 1912/1912 1911/1911
f 1912/1912 1913/1913 1911/1911
f 1912/1912 1914/1914 1913/1913
f 1914/1914 1915/1915 1913/1913
f 1914/1914 1916/1916 1915/1915
f 1916/1916 1917/1917 1915/1915
f 1916/1916 1918/1918 1917/1917
f 1918/1918 1919/1919 1917/1917
f 1918/1918 1920/1920 1919/1919
f 1920/1920 1921/1921 1919/1919
f 1920/1920 1922/1922 1921/1921
f 1922/1922 1923/1923 1921/1921
f 1922/1922 1924/1924 1923/1923
f 1924/1924 1925/1925 1923/1923
f 1924/1924 1926/1926 1925/1925
f 1926/1926 1927/1927 1925/1925
f 1926/1926 1928/1928 1927/1927
f 1928/1928 1929/1929 1927/1927
f 1928/1928 1930/1930 1929/1929
f 1930/1930 1931/1931 1929/1929
f 1930/1930 1932/1932 1931/1931
f 1932/1932 1933/1933 1931/1931
f 1932/1932 1934/1934 1933/1933
f 1934/1934 1935/1935 1933/1933
f 1934/1934 1936/1936 1935/1935
f 1936/1936 1937/1937 1935/1935
f 1936/1936 1938/1938 1937/1937
f 1938/1938 1939/1939 1937/1937
f 1938/1938 1940/1940 1939/1939
f 1940/1940 1941/1941 1939/1939
f 1941/1941 1942/1942 1939/1939
f 1941/1941 1943/1943 1942/1942
f 1943/1943 1944/1944 1942/1942
f 1943/1943 1945/1945 1944/1944
f 1945/1945 1946/1946 1944/1944
f 1945/1945 1947/1947 1946/1946
f 1947/1947 1948/1948 1946/1946
f 1947/1947 1949/1949 1948/1948
f 1949/1949 1950/1950 1948/1948
f 1949/1949 1951/1951 1950/1950
f 1951/1951 1952/1952 1950/1950
f 1951/1951 1953/1953 1952/1952
f 1953/1953 1954/1954 1952/1952
f 1953/1953 1955/1955 1954/1954
f 1955/1955 1956/1956 1954/1954
f 1955/1955 1957/1957 1956/1956
f 1957/1957 1958/1958 1956/1956
f 1957/1957 1959/1959 1958/1958
f 1959/1959 1960/1960 1958/1958
f 1959/1959 1961/1961 1960/1960
f 1961/1961 1962/1962 1960/1960
f 1961/1961 1963/1963 1962/1962
f 1963/1963 1964/1964 1962/1962
f 1963/1963 1722/1722 1964/1964
f 1722/1722 1723/1723 1964/1964
f 1722/1722 1724/1724 1723/1723
f 1929/1929 1931/1931 1965/1965
f 1931/1931 1966/1966 1965/1965
f 1931/1931 1933/1933 1966/1966
f 1933/1933 1967/1967 1966/1966
f 1933/1933 1935/1935 1967/1967
f 1935/1935 1968/1968 1967/1967
f 1935/1935 1937/1937 1968/1968
f 1937/1937 1969/1969 1968/1968
f 1937/1937 1939/1939 1969/1969
f 1939/1939 1942/1942 1969/1969
f 1965/1965 1966/1966 1970/1970
f 1966/1966 1971/1971 1970/1970
f 1966/1966 1967/1967 1971/1971
f 1967/1967 1972/1972 1971/1971
f 1967/1967 1968/1968 1972/1972
f 1968/1968 1973/1973 1972/1972
f 1968/1968 1969/1969 1973/1973
f 1969/1969 1974/1974 1973/1973
f 1969/1969 1942/1942 1974/1974
f 1942/1942 1944/1944 1974/1974
f 1970/1970 1971/1971 1975/1975
f 1971/1971 1976/1976 1975/1975
f 1971/1971 1972/1972 1976/1976
f 1972/1972 1977/1977 1976/1976
f 1972/1972 1973/1973 1977/1977
f 1973/1973 1978/1978 1977/1977
f 1973/1973 1974/1974 1978/1978
f 1974/1974 1979/1979 1978/1978
f 1974/1974 1944/1944 1979/1979
f 1944/1944 1946/1946 1979/1979
f 1975/1975 1976/1976 1980/1980
f 1976/1976 1981/1981 1980/1980
f 1976/1976 1977/1977 1981/1981
f 1977/1977 1982/1982 1981/1981
f 1977/1977 1978/1978 1982/1982
f 1978/1978 1983/1983 1982/1982
f 1978/1978 1979/1979 1983/1983
f 1979/1979 1984/1984 1983/1983
f 1979/1979 1946/1946 1984/1984
f 1946/1946 1948/1948 1984/1984
f 1980/1980 1981/1981 1985/1985
f 1981/1981 1986/1986 1985/1985
f 1981/1981 1982/1982 1986/1986
f 1982/1982 1987/1987 1986/1986
f 1982/1982 1983/1983 1987/1987
f 1983/1983 1988/1988 1987/1987
f 1983/1983 1984/1984 1988/1988
f 1984/1984 1989/1989 1988/1988
f 1984/1984 1948/1948 1989/1989
f 1948/1948 1950/1950 1989/1989
f 1985/1985 1986/1986 1990/1990
f 1986/1986 1991/1991 1990/1990
f 1986/1986 1987/1987 1991/1991
f 1987/1987 1992/1992 1991/1991
f 1987/1987 1988/1988 1992/1992
f 1988/1988 1993/1993 1992/1992
f 1988/1988 1989/1989 1993/1993
f 1989/1989 1994/1994 1993/1993
f 1989/1989 1950/1950 1994/1994
f 1950/1950 1952/1952 1994/1994
f 1990/1990 1991/1991 1995/1995
f 1991/1991 1996/1996 1995/1995
f 1991/1991 1992/1992 1996/1996
f 1992/1992 1997/1997 1996/1996
f 1992/1992 1993/1993 1997/1997
f 1993/1993 1998/1998 1997/1997
f 1993/1993 1994/1994 1998/1998
f 1994/1994 1999/1999 1998/1998
f 1994/1994 1952/1952 1999/1999
f 1952/1952 1954/1954 1999/1999
f 1995/1995 1996/1996 2000/2000
f 1996/1996 2001/2001 2000/2000
f 1996/1996 1997/1997 2001/2001
f 1997/1997 2002/2002 2001/2001
f 1997/1997 1998/1998 2002/2002
f 1998/1998 2003/2003 2002/2002
f 1998/1998 1999/1999 2003/2003
f 1999/1999 2004/2004 2003/2003
f 1999/1999 1954/1954 2004/2004
f 1954/1954 1956/1956 2004/2004
f 2000/2000 2001/2001 2005/2005
f 2001/2001 2006/2006 2005/2005
f 2001/2001 2002/2002 2006/2006
f 2002/2002 2007/2007 2006/2006
f 2002/2002 2003/2003 2007/2007
f 2003/2003 2008/2008 2007/2007
f 2003/2003 2004/2004 2008/2008
f 2004/2004 2009/2009 2008/2008
f 2004/2004 1956/1956 2009/2009
f 1956/1956 1958/1958 2009/2009
f 2005/2005 2006/2006 2010/2010
f 2006/2006 2011/2011 2010/2010
f 2006/2006 2007/2007 2011/2011
f 2007/2007 2012/2012 2011/2011
f 2007/2007 2008/2008 2012/2012
f 2008/2008 2013/2013 2012/2012
f 2008/2008 2009/2009 2013/2013
f 2009/2009 2014/2014 2013/2013
f 2009/2009 1958/1958 2014/2014
f 1958/1958 1960/1960 2014/2014
f 2010/2010 2011/2011 2015/2015
f 2011/2011 2016/2016 2015/2015
f 2011/2011 2012/2012 2016/2016
f 2012/2012 2017/2017 2016/2016
f 2012/2012 2013/2013 2017/2017
f 2013/2013 2018/2018 2017/2017
f 2013/2013 2014/2014 2018/2018
f 2014/2014 2019/2019 2018/2018
f 2014/2014 1960/1960 2019/2019
f 1960/1960 1962/1962 2019/2019
f 2015/2015 2016/2016 2020/2020
f 2016/2016 2021/2021 2020/2020
f 2016/2016 2017/2017 2021/2021
f 2017/2017 2022/2022 2021/2021
f 2017/2017 2018/2018 2022/2022
f 2018/2018 2023/2023 2022/2022
f 2018/2018 2019/2019 2023/2023
f 2019/2019 2024/2024 2023/2023
f 2019/2019 1962/1962 2024/2024
f 1962/1962 1964/1964 2024/2024
f 2020/2020 2021/2021 2025/2025
f 2021/2021 2026/2026 2025/2025
f 2021/2021 2022/2022 2026/2026
f 2022/2022 2027/2027 2026/2026
f 2022/2022 2023/2023 2027/2027
f 2023/2023 2028/2028 2027/2027
f 2023/2023 2024/2024 2028/2028
f 2024/2024 2029/2029 2028/2028
f 2024/2024 1964/1964 2029/2029
f 1964/1964 1723/1723 2029/2029
f 2025/2025 2026/2026 2030/2030
f 2026/2026 2031/2031 2030/2030
f 2026/2026 2027/2027 2031/2031
f 2027/2027 2032/2032 2031/2031
f 2027/2027 2028/2028 2032/2032
f 2028/2028 2033/2033 2032/2032
f 2028/2028 2029/2029 2033/2033
f 2029/2029 1725/1725 2033/2033
f 2029/2029 1723/1723 1725/1725
f 2030/2030 2031/2031 2034/2034
f 2031/2031 2035/2035 2034/2034
f 2031/2031 2032/2032 2035/2035
f 2032/2032 2036/2036 2035/2035
f 2032/2032 2033/2033 2036/2036
f 2033/2033 1728/1728 2036/2036
f 2033/2033 1726/1726 1728/1728
f 2034/2034 2035/2035 2037/2037
f 2035/2035 2038/2038 2037/2037
f 2035/2035 2036/2036 2038/2038
f 2036/2036 1732/1732 2038/2038
f 2036/2036 1730/1730 1732/1732
f 1737/1737 2037/2037 1736/1736
f 2037/2037 1734/1734 1736/1736
f 2037/2037 2038/2038 1734/1734
f 2038/2038 1732/1732 1734/1734
f 1730/1730 2036/2036 1728/1728
f 1726/1726 2033/2033 1725/1725
f 1940/1940 1938/1938 2039/2039
f 1938/1938 2040/2040 2039/2039
f 1938/1938 1936/1936 2040/2040
f 1936/1936 2041/2041 2040/2040
f 1936/1936 1934/1934 2041/2041
f 1934/1934 2042/2042 2041/2041
f 1934/1934 1932/1932 2042/2042
f 1932/1932 2043/2043 2042/2042
f 1932/1932 1930/1930 2043/2043
f 1930/1930 1928/1928 2043/2043
f 2039/2039 2040/2040 2044/2044
f 2040/2040 2045/2045 2044/2044
f 2040/2040 2041/2041 2045/2045
f 2041/2041 2046/2046 2045/2045
f 2041/2041 2042/2042 2046/2046
f 2042/2042 2047/2047 2046/2046
f 2042/2042 2043/2043 2047/2047
f 2043/2043 2048/2048 2047/2047
f 2043/2043 1928/1928 2048/2048
f 1928/1928 1926/1926 2048/2048
f 2044/2044 2045/2045 2049/2049
f 2045/2045 2050/2050 2049/2049
f 2045/2045 2046/2046 2050/2050
f 2046/2046 2051/2051 2050/2050
f 2046/2046 2047/2047 2051/2051
f 2047/2047 2052/2052 2051/2051
f 2047/2047 2048/2048 2052/2052
f 2048/2048 2053/2053 2052/2052
f 2048/2048 1926/1926 2053/2053
f 1926/1926 1924/1924 2053/2053
f 2049/2049 2050/2050 2054/2054
f 2050/2050 2055/2055 2054/2054
f 2050/2050 2051/2051 2055/2055
f 2051/2051 2056/2056 2055/2055
f 2051/2051 2052/2052 2056/2056
f 2052/2052 2057/2057 2056/2056
f 2052/2052 2053/2053 2057/2057
f 2053/2053 2058/2058 2057/2057
f 2053/2053 1924/1924 2058/2058
f 1924/1924 1922/1922 2058/2058
f 2055/2055 2059/2059 2054/2054
f 2059/2059 2060/2060 2054/2054
f 2059/2059 2061/2061 2060/2060
f 2061/2061 2062/2062 2060/2060
f 2061/2061 2063/2063 2062/2062
f 2063/2063 2064/2064 2062/2062
f 2063/2063 2065/2065 2064/2064
f 2065/2065 2066/2066 2064/2064
f 2065/2065 2067/2067 2066/2066
f 2067/2067 2068/2068 2066/2066
f 2067/2067 2069/2069 2068/2068
f 2069/2069 2070/2070 2068/2068
f 2069/2069 2071/2071 2070/2070
f 2071/2071 2072/2072 2070/2070
f 2071/2071 2073/2073 2072/2072
f 2073/2073 2074/2074 2072/2072
f 2073/2073 2075/2075 2074/2074
f 2075/2075 2076/2076 2074/2074
f 2075/2075 2077/2077 2076/2076
f 2077/2077 2078/2078 2076/2076
f 2077/2077 2079/2079 2078/2078
f 2079/2079 2080/2080 2078/2078
f 2079/2079 2081/2081 2080/2080
f 2081/2081 2082/2082 2080/2080
f 2081/2081 2083/2083 2082/2082
f 2083/2083 2084/2084 2082/2082
f 2083/2083 2085/2085 2084/2084
f 2085/2085 2086/2086 2084/2084
f 2085/2085 2087/2087 2086/2086
f 2087/2087 2088/2088 2086/2086
f 2087/2087 2089/2089 2088/2088
f 2089/2089 2090/2090 2088/2088
f 2089/2089 1897/1897 2090/2090
f 1897/1897 1534/1534 2090/2090
f 1894/1894 2091/2091 1893/1893
f 2091/2091 1898/1898 1893/1893
f 2091/2091 2092/2092 1898/1898
f 2092/2092 1900/1900 1898/1898
f 2092/2092 2093/2093 1900/1900
f 2093/2093 1902/1902 1900/1900
f 2093/2093 2094/2094 1902/1902
f 2094/2094 1904/1904 1902/1902
f 2094/2094 2095/2095 1904/1904
f 2095/2095 1906/1906 1904/1904
f 2095/2095 2096/2096 1906/1906
f 2096/2096 1908/1908 1906/1906
f 2096/2096 2097/2097 1908/1908
f 2097/2097 1910/1910 1908/1908
f 2097/2097 2098/2098 1910/1910
f 2098/2098 1912/1912 1910/1910
f 2098/2098 2099/2099 1912/1912
f 2099/2099 1914/1914 1912/1912
f 2099/2099 2100/2100 1914/1914
f 2100/2100 1916/1916 1914/1914
f 2100/2100 2101/2101 1916/1916
f 2101/2101 1918/1918 1916/1916
f 2101/2101 2102/2102 1918/1918
f 2102/2102 1920/1920 1918/1918
f 2102/2102 2103/2103 1920/1920
f 2103/2103 1922/1922 1920/1920
f 2103/2103 2058/2058 1922/1922
f 1895/1895 2104/2104 1894/1894
f 2104/2104 2091/2091 1894/1894
f 2104/2104 2105/2105 2091/2091
f 2105/2105 2092/2092 2091/2091
f 2105/2105 2106/2106 2092/2092
f 2106/2106 2093/2093 2092/2092
f 2106/2106 2107/2107 2093/2093
f 2107/2107 2094/2094 2093/2093
f 2107/2107 2108/2108 2094/2094
f 2108/2108 2095/2095 2094/2094
f 2108/2108 2109/2109 2095/2095
f 2109/2109 2096/2096 2095/2095
f 2109/2109 2110/2110 2096/2096
f 2110/2110 2097/2097 2096/2096
f 2110/2110 2111/2111 2097/2097
f 2111/2111 2098/2098 2097/2097
f 2111/2111 2112/2112 2098/2098
f 2112/2112 2099/2099 2098/2098
f 2112/2112 2113/2113 2099/2099
f 2113/2113 2100/2100 2099/2099
f 2113/2113 2114/2114 2100/2100
f 2114/2114 2101/2101 2100/2100
f 2114/2114 2115/2115 2101/2101
f 2115/2115 2102/2102 2101/2101
f 2115/2115 2116/2116 2102/2102
f 2116/2116 2103/2103 2102/2102
f 2116/2116 2117/2117 2103/2103
f 2117/2117 2058/2058 2103/2103
f 2117/2117 2057/2057 2058/2058
f 2089/2089 1896/1896 1897/1897
f 1896/1896 2118/2118 1895/1895
f 2118/2118 2104/2104 1895/1895
f 2118/2118 2119/2119 2104/2104
f 2119/2119 2105/2105 2104/2104
f 2119/2119 2120/2120 2105/2105
f 2120/2120 2106/2106 2105/2105
f 2120/2120 2121/2121 2106/2106
f 2121/2121 2107/2107 2106/2106
f 2121/2121 2122/2122 2107/2107
f 2122/2122 2108/2108 2107/2107
f 2122/2122 2123/2123 2108/2108
f 2123/2123 2109/2109 2108/2108
f 2123/2123 2124/2124 2109/2109
f 2124/2124 2110/2110 2109/2109
f 2124/2124 2125/2125 2110/2110
f 2125/2125 2111/2111 2110/2110
f 2125/2125 2126/2126 2111/2111
f 2126/2126 2112/2112 2111/2111
f 2126/2126 2127/2127 2112/2112
f 2127/2127 2113/2113 2112/2112
f 2127/2127 2128/2128 2113/2113
f 2128/2128 2114/2114 2113/2113
f 2128/2128 2129/2129 2114/2114
f 2129/2129 2115/2115 2114/2114
f 2129/2129 2130/2130 2115/2115
f 2130/2130 2116/2116 2115/2115
f 2130/2130 2131/2131 2116/2116
f 2131/2131 2117/2117 2116/2116
f 2131/2131 2132/2132 2117/2117
f 2132/2132 2057/2057 2117/2117
f 2132/2132 2056/2056 2057/2057
f 2087/2087 2118/2118 2089/2089
f 2118/2118 1896/1896 2089/2089
f 2087/2087 2119/2119 2118/2118
f 2085/2085 2119/2119 2087/2087
f 2085/2085 2120/2120 2119/2119
f 2083/2083 2120/2120 2085/2085
f 2083/2083 2121/2121 2120/2120
f 2081/2081 2121/2121 2083/2083
f 2081/2081 2122/2122 2121/2121
f 2079/2079 2122/2122 2081/2081
f 2079/2079 2123/2123 2122/2122
f 2077/2077 2123/2123 2079/2079
f 2077/2077 2124/2124 2123/2123
f 2075/2075 2124/2124 2077/2077
f 2075/2075 2125/2125 2124/2124
f 2073/2073 2125/2125 2075/2075
f 2073/2073 2126/2126 2125/2125
f 2071/2071 2126/2126 2073/2073
f 2071/2071 2127/2127 2126/2126
f 2069/2069 2127/2127 2071/2071
f 2069/2069 2128/2128 2127/2127
f 2067/2067 2128/2128 2069/2069
f 2067/2067 2129/2129 2128/2128
f 2065/2065 2129/2129 2067/2067
f 2065/2065 2130/2130 2129/2129
f 2063/2063 2130/2130 2065/2065
f 2063/2063 2131/2131 2130/2130
f 2061/2061 2131/2131 2063/2063
f 2061/2061 2132/2132 2131/2131
f 2059/2059 2132/2132 2061/2061
f 2059/2059 2056/2056 2132/2132
f 2055/2055 2056/2056 2059/2059
f 4658/4658 4660/4660 4659/4659
f 4660/4660 4661/4661 4659/4659
f 4660/4660 4664/4664 4661/4661
f 4664/4664 4665/4665 4661/4661
f 4664/4664 4666/4666 4665/4665
f 4666/4666 4667/4667 4665/4665
f 4666/4666 4669/4669 4667/4667
f 4669/4669 4670/4670 4667/4667
f 4669/4669 4673/4673 4670/4670
f 4673/4673 4674/4674 4670/4670
f 4673/4673 4675/4675 4674/4674
f 4675/4675 4676/4676 4674/4674
f 4675/4675 4679/4679 4676/4676
f 4679/4679 4680/4680 4676/4676
f 4679/4679 4681/4681 4680/4680
f 4681/4681 4682/4682 4680/4680
f 4681/4681 4685/4685 4682/4682
f 4685/4685 4686/4686 4682/4682
f 4685/4685 4688/4688 4686/4686
f 4688/4688 4689/4689 4686/4686
f 4688/4688 4690/4690 4689/4689
f 4690/4690 4691/4691 4689/4689
f 4690/4690 4694/4694 4691/4691
f 4694/4694 4695/4695 4691/4691
f 4536/4536 4533/4533 4537/4537
f 4533/4533 4534/4534 4537/4537
f 4533/4533 4530/4530 4534/4534
f 4530/4530 4531/4531 4534/4534
f 4530/4530 4527/4527 4531/4531
f 4527/4527 4528/4528 4531/4531
f 4527/4527 4503/4503 4528/4528
f 4503/4503 4504/4504 4528/4528
f 4503/4503 4491/4491 4504/4504
f 4491/4491 4493/4493 4504/4504
f 4491/4491 4492/4492 4493/4493
f 4492/4492 4494/4494 4493/4493
f 4492/4492 4498/4498 4494/4494
f 4498/4498 4499/4499 4494/4494
f 4498/4498 4500/4500 4499/4499
f 4500/4500 4501/4501 4499/4499
f 4500/4500 4507/4507 4501/4501
f 4507/4507 4508/4508 4501/4501
f 4507/4507 4509/4509 4508/4508
f 4509/4509 4510/4510 4508/4508
f 4509/4509 4512/4512 4510/4510
f 4512/4512 4513/4513 4510/4510
f 4512/4512 4515/4515 4513/4513
f 4515/4515 4516/4516 4513/4513
f 4515/4515 4519/4519 4516/4516
f 4519/4519 4520/4520 4516/4516
f 4519/4519 4521/4521 4520/4520
f 4521/4521 4522/4522 4520/4520
f 4521/4521 4525/4525 4522/4522
f 4525/4525 4526/4526 4522/4522
f 4525/4525 4539/4539 4526/4526
f 4539/4539 4540/4540 4526/4526
f 4539/4539 4543/4543 4540/4540
f 4543/4543 4544/4544 4540/4540
f 4597/4597 4594/4594 4596/4596
f 4594/4594 4593/4593 4596/4596
f 4594/4594 4591/4591 4593/4593
f 4591/4591 4590/4590 4593/4593
f 4591/4591 4588/4588 4590/4590
f 4588/4588 4587/4587 4590/4590
f 4588/4588 4585/4585 4587/4587
f 4585/4585 4584/4584 4587/4587
f 4585/4585 4582/4582 4584/4584
f 4582/4582 4581/4581 4584/4584
f 4582/4582 4579/4579 4581/4581
f 4579/4579 4578/4578 4581/4581
f 4579/4579 4575/4575 4578/4578
f 4575/4575 4577/4577 4578/4578
f 4575/4575 4573/4573 4577/4577
f 4573/4573 4572/4572 4577/4577
f 4573/4573 4569/4569 4572/4572
f 4569/4569 4571/4571 4572/4572
f 4569/4569 4555/4555 4571/4571
f 4555/4555 4554/4554 4571/4571
f 4555/4555 4546/4546 4554/4554
f 4546/4546 4549/4549 4554/4554
f 4546/4546 4545/4545 4549/4549
f 4545/4545 4550/4550 4549/4549
f 4545/4545 4551/4551 4550/4550
f 4551/4551 4552/4552 4550/4550
f 4551/4551 4557/4557 4552/4552
f 4557/4557 4558/4558 4552/4552
f 4557/4557 4561/4561 4558/4558
f 4561/4561 4562/4562 4558/4558
f 4561/4561 4564/4564 4562/4562
f 4564/4564 4565/4565 4562/4562
f 4564/4564 4567/4567 4565/4565
f 4567/4567 4568/4568 4565/4565
f 4567/4567 4600/4600 4568/4568
f 4600/4600 4567/4567 4599/4599
f 4567/4567 4566/4566 4599/4599
f 4567/4567 4564/4564 4566/4566
f 4564/4564 4563/4563 4566/4566
f 4564/4564 4561/4561 4563/4563
f 4561/4561 4560/4560 4563/4563
f 4561/4561 4557/4557 4560/4560
f 4557/4557 4559/4559 4560/4560
f 4557/4557 4551/4551 4559/4559
f 4551/4551 4553/4553 4559/4559
f 4551/4551 4545/4545 4553/4553
f 4545/4545 4547/4547 4553/4553
f 4545/4545 4546/4546 4547/4547
f 4546/4546 4548/4548 4547/4547
f 4546/4546 4555/4555 4548/4548
f 4555/4555 4556/4556 4548/4548
f 4555/4555 4569/4569 4556/4556
f 4569/4569 4570/4570 4556/4556
f 4569/4569 4573/4573 4570/4570
f 4573/4573 4574/4574 4570/4570
f 4573/4573 4575/4575 4574/4574
f 4575/4575 4576/4576 4574/4574
f 4575/4575 4579/4579 4576/4576
f 4579/4579 4580/4580 4576/4576
f 4579/4579 4582/4582 4580/4580
f 4582/4582 4583/4583 4580/4580
f 4582/4582 4585/4585 4583/4583
f 4585/4585 4586/4586 4583/4583
f 4585/4585 4588/4588 4586/4586
f 4588/4588 4589/4589 4586/4586
f 4588/4588 4591/4591 4589/4589
f 4591/4591 4592/4592 4589/4589
f 4591/4591 4594/4594 4592/4592
f 4594/4594 4595/4595 4592/4592
f 4594/4594 4597/4597 4595/4595
f 4597/4597 4598/4598 4595/4595
f 4543/4543 4539/4539 4542/4542
f 4539/4539 4541/4541 4542/4542
f 4539/4539 4525/4525 4541/4541
f 4525/4525 4524/4524 4541/4541
f 4525/4525 4521/4521 4524/4524
f 4521/4521 4523/4523 4524/4524
f 4521/4521 4519/4519 4523/4523
f 4519/4519 4518/4518 4523/4523
f 4519/4519 4515/4515 4518/4518
f 4515/4515 4517/4517 4518/4518
f 4515/4515 4512/4512 4517/4517
f 4512/4512 4514/4514 4517/4517
f 4512/4512 4509/4509 4514/4514
f 4509/4509 4511/4511 4514/4514
f 4509/4509 4507/4507 4511/4511
f 4507/4507 4506/4506 4511/4511
f 4507/4507 4500/4500 4506/4506
f 4500/4500 4502/4502 4506/4506
f 4500/4500 4498/4498 4502/4502
f 4498/4498 4497/4497 4502/4502
f 4498/4498 4492/4492 4497/4497
f 4492/4492 4496/4496 4497/4497
f 4492/4492 4491/4491 4496/4496
f 4491/4491 4495/4495 4496/4496
f 4491/4491 4503/4503 4495/4495
f 4503/4503 4505/4505 4495/4495
f 4503/4503 4527/4527 4505/4505
f 4527/4527 4529/4529 4505/4505
f 4527/4527 4530/4530 4529/4529
f 4530/4530 4532/4532 4529/4529
f 4530/4530 4533/4533 4532/4532
f 4533/4533 4535/4535 4532/4532
f 4533/4533 4536/4536 4535/4535
f 4536/4536 4538/4538 4535/4535
f 4694/4694 4690/4690 4693/4693
f 4690/4690 4692/4692 4693/4693
f 4690/4690 4688/4688 4692/4692
f 4688/4688 4687/4687 4692/4692
f 4688/4688 4685/4685 4687/4687
f 4685/4685 4684/4684 4687/4687
f 4685/4685 4681/4681 4684/4684
f 4681/4681 4683/4683 4684/4684
f 4681/4681 4679/4679 4683/4683
f 4679/4679 4678/4678 4683/4683
f 4679/4679 4675/4675 4678/4678
f 4675/4675 4677/4677 4678/4678
f 4675/4675 4673/4673 4677/4677
f 4673/4673 4672/4672 4677/4677
f 4673/4673 4669/4669 4672/4672
f 4669/4669 4671/4671 4672/4672
f 4669/4669 4666/4666 4671/4671
f 4666/4666 4668/4668 4671/4671
f 4666/4666 4664/4664 4668/4668
f 4664/4664 4663/4663 4668/4668
f 4664/4664 4660/4660 4663/4663
f 4660/4660 4662/4662 4663/4663
f 4660/4660 4658/4658 4662/4662
f 2133/2133 2134/2134 2135/2135
f 2134/2134 2136/2136 2135/2135
f 2134/2134 2137/2137 2136/2136
f 2135/2135 2138/2138 2133/2133
f 2138/2138 2139/2139 2133/2133
f 2138/2138 2140/2140 2139/2139
f 2140/2140 2141/2141 2139/2139
f 2140/2140 2142/2142 2141/2141
f 2142/2142 2143/2143 2141/2141
f 2142/2142 2144/2144 2143/2143
f 2144/2144 2145/2145 2143/2143
f 2144/2144 2146/2146 2145/2145
f 2146/2146 2147/2147 2145/2145
f 2146/2146 2148/2148 2147/2147
f 2148/2148 2149/2149 2147/2147
f 2148/2148 2150/2150 2149/2149
f 2150/2150 2151/2151 2149/2149
f 2150/2150 2152/2152 2151/2151
f 2152/2152 2153/2153 2151/2151
f 2152/2152 2154/2154 2153/2153
f 2154/2154 2155/2155 2153/2153
f 2154/2154 2156/2156 2155/2155
f 2156/2156 2157/2157 2155/2155
f 2156/2156 2158/2158 2157/2157
f 2158/2158 2159/2159 2157/2157
f 2158/2158 2160/2160 2159/2159
f 2160/2160 2161/2161 2159/2159
f 2160/2160 2162/2162 2161/2161
f 2162/2162 2163/2163 2161/2161
f 2162/2162 2164/2164 2163/2163
f 2164/2164 2165/2165 2163/2163
f 2164/2164 2166/2166 2165/2165
f 2166/2166 2167/2167 2165/2165
f 2166/2166 2168/2168 2167/2167
f 2168/2168 2169/2169 2167/2167
f 2168/2168 2170/2170 2169/2169
f 2170/2170 2171/2171 2169/2169
f 2170/2170 2172/2172 2171/2171
f 2172/2172 2173/2173 2171/2171
f 2172/2172 2174/2174 2173/2173
f 2174/2174 2175/2175 2173/2173
f 2174/2174 2176/2176 2175/2175
f 2176/2176 2177/2177 2175/2175
f 2176/2176 2178/2178 2177/2177
f 2178/2178 2179/2179 2177/2177
f 2179/2179 2180/2180 2177/2177
f 2179/2179 2181/2181 2180/2180
f 2181/2181 2182/2182 2180/2180
f 2181/2181 2183/2183 2182/2182
f 2183/2183 2184/2184 2182/2182
f 2183/2183 2185/2185 2184/2184
f 2185/2185 2186/2186 2184/2184
f 2185/2185 2187/2187 2186/2186
f 2187/2187 2188/2188 2186/2186
f 2187/2187 2189/2189 2188/2188
f 2189/2189 2190/2190 2188/2188
f 2189/2189 2191/2191 2190/2190
f 2191/2191 2192/2192 2190/2190
f 2191/2191 2193/2193 2192/2192
f 2193/2193 2194/2194 2192/2192
f 2193/2193 2195/2195 2194/2194
f 2195/2195 2196/2196 2194/2194
f 2195/2195 2197/2197 2196/2196
f 2197/2197 2198/2198 2196/2196
f 2197/2197 2199/2199 2198/2198
f 2199/2199 2200/2200 2198/2198
f 2199/2199 2201/2201 2200/2200
f 2201/2201 2202/2202 2200/2200
f 2201/2201 2203/2203 2202/2202
f 2203/2203 2204/2204 2202/2202
f 2203/2203 2205/2205 2204/2204
f 2205/2205 2206/2206 2204/2204
f 2205/2205 2207/2207 2206/2206
f 2207/2207 2208/2208 2206/2206
f 2207/2207 2209/2209 2208/2208
f 2209/2209 2210/2210 2208/2208
f 2209/2209 2211/2211 2210/2210
f 2211/2211 2212/2212 2210/2210
f 2211/2211 2213/2213 2212/2212
f 2213/2213 2214/2214 2212/2212
f 2213/2213 2215/2215 2214/2214
f 2215/2215 2216/2216 2214/2214
f 2215/2215 2217/2217 2216/2216
f 2217/2217 2218/2218 2216/2216
f 2217/2217 2219/2219 2218/2218
f 2167/2167 2169/2169 2220/2220
f 2169/2169 2221/2221 2220/2220
f 2169/2169 2171/2171 2221/2221
f 2171/2171 2222/2222 2221/2221
f 2171/2171 2173/2173 2222/2222
f 2173/2173 2223/2223 2222/2222
f 2173/2173 2175/2175 2223/2223
f 2175/2175 2224/2224 2223/2223
f 2175/2175 2177/2177 2224/2224
f 2177/2177 2180/2180 2224/2224
f 2220/2220 2221/2221 2225/2225
f 2221/2221 2226/2226 2225/2225
f 2221/2221 2222/2222 2226/2226
f 2222/2222 2227/2227 2226/2226
f 2222/2222 2223/2223 2227/2227
f 2223/2223 2228/2228 2227/2227
f 2223/2223 2224/2224 2228/2228
f 2224/2224 2229/2229 2228/2228
f 2224/2224 2180/2180 2229/2229
f 2180/2180 2182/2182 2229/2229
f 2225/2225 2226/2226 2230/2230
f 2226/2226 2231/2231 2230/2230
f 2226/2226 2227/2227 2231/2231
f 2227/2227 2232/2232 2231/2231
f 2227/2227 2228/2228 2232/2232
f 2228/2228 2233/2233 2232/2232
f 2228/2228 2229/2229 2233/2233
f 2229/2229 2234/2234 2233/2233
f 2229/2229 2182/2182 2234/2234
f 2182/2182 2184/2184 2234/2234
f 2230/2230 2231/2231 2235/2235
f 2231/2231 2236/2236 2235/2235
f 2231/2231 2232/2232 2236/2236
f 2232/2232 2237/2237 2236/2236
f 2232/2232 2233/2233 2237/2237
f 2233/2233 2238/2238 2237/2237
f 2233/2233 2234/2234 2238/2238
f 2234/2234 2239/2239 2238/2238
f 2234/2234 2184/2184 2239/2239
f 2184/2184 2186/2186 2239/2239
f 2235/2235 2236/2236 2240/2240
f 2236/2236 2241/2241 2240/2240
f 2236/2236 2237/2237 2241/2241
f 2237/2237 2242/2242 2241/2241
f 2237/2237 2238/2238 2242/2242
f 2238/2238 2243/2243 2242/2242
f 2238/2238 2239/2239 2243/2243
f 2239/2239 2244/2244 2243/2243
f 2239/2239 2186/2186 2244/2244
f 2186/2186 2188/2188 2244/2244
f 2240/2240 2241/2241 2245/2245
f 2241/2241 2246/2246 2245/2245
f 2241/2241 2242/2242 2246/2246
f 2242/2242 2247/2247 2246/2246
f 2242/2242 2243/2243 2247/2247
f 2243/2243 2248/2248 2247/2247
f 2243/2243 2244/2244 2248/2248
f 2244/2244 2249/2249 2248/2248
f 2244/2244 2188/2188 2249/2249
f 2188/2188 2190/2190 2249/2249
f 2245/2245 2246/2246 2250/2250
f 2246/2246 2251/2251 2250/2250
f 2246/2246 2247/2247 2251/2251
f 2247/2247 2252/2252 2251/2251
f 2247/2247 2248/2248 2252/2252
f 2248/2248 2253/2253 2252/2252
f 2248/2248 2249/2249 2253/2253
f 2249/2249 2254/2254 2253/2253
f 2249/2249 2190/2190 2254/2254
f 2190/2190 2192/2192 2254/2254
f 2250/2250 2251/2251 2255/2255
f 2251/2251 2256/2256 2255/2255
f 2251/2251 2252/2252 2256/2256
f 2252/2252 2257/2257 2256/2256
f 2252/2252 2253/2253 2257/2257
f 2253/2253 2258/2258 2257/2257
f 2253/2253 2254/2254 2258/2258
f 2254/2254 2259/2259 2258/2258
f 2254/2254 2192/2192 2259/2259
f 2192/2192 2194/2194 2259/2259
f 2255/2255 2256/2256 2260/2260
f 2256/2256 2261/2261 2260/2260
f 2256/2256 2257/2257 2261/2261
f 2257/2257 2262/2262 2261/2261
f 2257/2257 2258/2258 2262/2262
f 2258/2258 2263/2263 2262/2262
f 2258/2258 2259/2259 2263/2263
f 2259/2259 2264/2264 2263/2263
f 2259/2259 2194/2194 2264/2264
f 2194/2194 2196/2196 2264/2264
f 2260/2260 2261/2261 2265/2265
f 2261/2261 2266/2266 2265/2265
f 2261/2261 2262/2262 2266/2266
f 2262/2262 2267/2267 2266/2266
f 2262/2262 2263/2263 2267/2267
f 2263/2263 2268/2268 2267/2267
f 2263/2263 2264/2264 2268/2268
f 2264/2264 2269/2269 2268/2268
f 2264/2264 2196/2196 2269/2269
f 2196/2196 2198/2198 2269/2269
f 2265/2265 2266/2266 2270/2270
f 2266/2266 2271/2271 2270/2270
f 2266/2266 2267/2267 2271/2271
f 2267/2267 2272/2272 2271/2271
f 2267/2267 2268/2268 2272/2272
f 2268/2268 2273/2273 2272/2272
f 2268/2268 2269/2269 2273/2273
f 2269/2269 2274/2274 2273/2273
f 2269/2269 2198/2198 2274/2274
f 2198/2198 2200/2200 2274/2274
f 2270/2270 2271/2271 2275/2275
f 2271/2271 2276/2276 2275/2275
f 2271/2271 2272/2272 2276/2276
f 2272/2272 2277/2277 2276/2276
f 2272/2272 2273/2273 2277/2277
f 2273/2273 2278/2278 2277/2277
f 2273/2273 2274/2274 2278/2278
f 2274/2274 2279/2279 2278/2278
f 2274/2274 2200/2200 2279/2279
f 2200/2200 2202/2202 2279/2279
f 2275/2275 2276/2276 2280/2280
f 2276/2276 2281/2281 2280/2280
f 2276/2276 2277/2277 2281/2281
f 2277/2277 2282/2282 2281/2281
f 2277/2277 2278/2278 2282/2282
f 2278/2278 2283/2283 2282/2282
f 2278/2278 2279/2279 2283/2283
f 2279/2279 2284/2284 2283/2283
f 2279/2279 2202/2202 2284/2284
f 2202/2202 2204/2204 2284/2284
f 2280/2280 2281/2281 2285/2285
f 2281/2281 2286/2286 2285/2285
f 2281/2281 2282/2282 2286/2286
f 2282/2282 2287/2287 2286/2286
f 2282/2282 2283/2283 2287/2287
f 2283/2283 2288/2288 2287/2287
f 2283/2283 2284/2284 2288/2288
f 2284/2284 2289/2289 2288/2288
f 2284/2284 2204/2204 2289/2289
f 2204/2204 2206/2206 2289/2289
f 2285/2285 2286/2286 2290/2290
f 2286/2286 2291/2291 2290/2290
f 2286/2286 2287/2287 2291/2291
f 2287/2287 2292/2292 2291/2291
f 2287/2287 2288/2288 2292/2292
f 2288/2288 2293/2293 2292/2292
f 2288/2288 2289/2289 2293/2293
f 2289/2289 2294/2294 2293/2293
f 2289/2289 2206/2206 2294/2294
f 2206/2206 2208/2208 2294/2294
f 2291/2291 2295/2295 2290/2290
f 2295/2295 2296/2296 2290/2290
f 2295/2295 2297/2297 2296/2296
f 2297/2297 2298/2298 2296/2296
f 2297/2297 2299/2299 2298/2298
f 2299/2299 2300/2300 2298/2298
f 2299/2299 2216/2216 2300/2300
f 2216/2216 2218/2218 2300/2300
f 2217/2217 2301/2301 2219/2219
f 2301/2301 2302/2302 2219/2219
f 2301/2301 2303/2303 2302/2302
f 2303/2303 2304/2304 2302/2302
f 2303/2303 2305/2305 2304/2304
f 2305/2305 2306/2306 2304/2304
f 2305/2305 2307/2307 2306/2306
f 2307/2307 2308/2308 2306/2306
f 2307/2307 2309/2309 2308/2308
f 2309/2309 2310/2310 2308/2308
f 2309/2309 2311/2311 2310/2310
f 2311/2311 2312/2312 2310/2310
f 2311/2311 2313/2313 2312/2312
f 2313/2313 2314/2314 2312/2312
f 2313/2313 2315/2315 2314/2314
f 2315/2315 2316/2316 2314/2314
f 2315/2315 2317/2317 2316/2316
f 2317/2317 2318/2318 2316/2316
f 2317/2317 2319/2319 2318/2318
f 2319/2319 2320/2320 2318/2318
f 2319/2319 2321/2321 2320/2320
f 2321/2321 2322/2322 2320/2320
f 2321/2321 2323/2323 2322/2322
f 2323/2323 2324/2324 2322/2322
f 2323/2323 2321/2321 2325/2325
f 2321/2321 2326/2326 2325/2325
f 2321/2321 2327/2327 2326/2326
f 2327/2327 2328/2328 2326/2326
f 2327/2327 2329/2329 2328/2328
f 2329/2329 2330/2330 2328/2328
f 2329/2329 2331/2331 2330/2330
f 2331/2331 2332/2332 2330/2330
f 2331/2331 2333/2333 2332/2332
f 2333/2333 2334/2334 2332/2332
f 2333/2333 2335/2335 2334/2334
f 2335/2335 2336/2336 2334/2334
f 2335/2335 2337/2337 2336/2336
f 2333/2333 2338/2338 2335/2335
f 2338/2338 2339/2339 2335/2335
f 2338/2338 2340/2340 2339/2339
f 2340/2340 2341/2341 2339/2339
f 2340/2340 2342/2342 2341/2341
f 2342/2342 2343/2343 2341/2341
f 2342/2342 2344/2344 2343/2343
f 2344/2344 2345/2345 2343/2343
f 2344/2344 2346/2346 2345/2345
f 2346/2346 2347/2347 2345/2345
f 2346/2346 2348/2348 2347/2347
f 2348/2348 2349/2349 2347/2347
f 2348/2348 2350/2350 2349/2349
f 2350/2350 2351/2351 2349/2349
f 2350/2350 2352/2352 2351/2351
f 2352/2352 2353/2353 2351/2351
f 2352/2352 2354/2354 2353/2353
f 2354/2354 2355/2355 2353/2353
f 2354/2354 2356/2356 2355/2355
f 2356/2356 2357/2357 2355/2355
f 2356/2356 2209/2209 2357/2357
f 2209/2209 2207/2207 2357/2357
f 2178/2178 2176/2176 2358/2358
f 2176/2176 2359/2359 2358/2358
f 2176/2176 2174/2174 2359/2359
f 2174/2174 2360/2360 2359/2359
f 2174/2174 2172/2172 2360/2360
f 2172/2172 2361/2361 2360/2360
f 2172/2172 2170/2170 2361/2361
f 2170/2170 2362/2362 2361/2361
f 2170/2170 2168/2168 2362/2362
f 2168/2168 2166/2166 2362/2362
f 2358/2358 2359/2359 2363/2363
f 2359/2359 2364/2364 2363/2363
f 2359/2359 2360/2360 2364/2364
f 2360/2360 2365/2365 2364/2364
f 2360/2360 2361/2361 2365/2365
f 2361/2361 2366/2366 2365/2365
f 2361/2361 2362/2362 2366/2366
f 2362/2362 2367/2367 2366/2366
f 2362/2362 2166/2166 2367/2367
f 2166/2166 2164/2164 2367/2367
f 2363/2363 2364/2364 2368/2368
f 2364/2364 2369/2369 2368/2368
f 2364/2364 2365/2365 2369/2369
f 2365/2365 2370/2370 2369/2369
f 2365/2365 2366/2366 2370/2370
f 2366/2366 2371/2371 2370/2370
f 2366/2366 2367/2367 2371/2371
f 2367/2367 2372/2372 2371/2371
f 2367/2367 2164/2164 2372/2372
f 2164/2164 2162/2162 2372/2372
f 2368/2368 2369/2369 2373/2373
f 2369/2369 2374/2374 2373/2373
f 2369/2369 2370/2370 2374/2374
f 2370/2370 2375/2375 2374/2374
f 2370/2370 2371/2371 2375/2375
f 2371/2371 2376/2376 2375/2375
f 2371/2371 2372/2372 2376/2376
f 2372/2372 2377/2377 2376/2376
f 2372/2372 2162/2162 2377/2377
f 2162/2162 2378/2378 2377/2377
f 2162/2162 2160/2160 2378/2378
f 2160/2160 2379/2379 2378/2378
f 2160/2160 2158/2158 2379/2379
f 2158/2158 2156/2156 2379/2379
f 2373/2373 2374/2374 2380/2380
f 2374/2374 2381/2381 2380/2380
f 2374/2374 2375/2375 2381/2381
f 2375/2375 2382/2382 2381/2381
f 2375/2375 2376/2376 2382/2382
f 2376/2376 2383/2383 2382/2382
f 2376/2376 2377/2377 2383/2383
f 2377/2377 2384/2384 2383/2383
f 2377/2377 2378/2378 2384/2384
f 2378/2378 2385/2385 2384/2384
f 2378/2378 2379/2379 2385/2385
f 2379/2379 2386/2386 2385/2385
f 2379/2379 2156/2156 2386/2386
f 2156/2156 2154/2154 2386/2386
f 2380/2380 2381/2381 2387/2387
f 2381/2381 2388/2388 2387/2387
f 2381/2381 2382/2382 2388/2388
f 2382/2382 2389/2389 2388/2388
f 2382/2382 2383/2383 2389/2389
f 2383/2383 2390/2390 2389/2389
f 2383/2383 2384/2384 2390/2390
f 2384/2384 2391/2391 2390/2390
f 2384/2384 2385/2385 2391/2391
f 2385/2385 2392/2392 2391/2391
f 2385/2385 2386/2386 2392/2392
f 2386/2386 2393/2393 2392/2392
f 2386/2386 2154/2154 2393/2393
f 2154/2154 2152/2152 2393/2393
f 2387/2387 2388/2388 2394/2394
f 2388/2388 2395/2395 2394/2394
f 2388/2388 2389/2389 2395/2395
f 2389/2389 2390/2390 2395/2395
f 2394/2394 2395/2395 2396/2396
f 2395/2395 2397/2397 2396/2396
f 2395/2395 2390/2390 2397/2397
f 2390/2390 2398/2398 2397/2397
f 2390/2390 2391/2391 2398/2398
f 2391/2391 2399/2399 2398/2398
f 2391/2391 2392/2392 2399/2399
f 2392/2392 2400/2400 2399/2399
f 2392/2392 2393/2393 2400/2400
f 2393/2393 2401/2401 2400/2400
f 2393/2393 2152/2152 2401/2401
f 2152/2152 2150/2150 2401/2401
f 2397/2397 2398/2398 2396/2396
f 2398/2398 2402/2402 2396/2396
f 2398/2398 2403/2403 2402/2402
f 2403/2403 2404/2404 2402/2402
f 2403/2403 2405/2405 2404/2404
f 2405/2405 2406/2406 2404/2404
f 2405/2405 2407/2407 2406/2406
f 2407/2407 2408/2408 2406/2406
f 2407/2407 2409/2409 2408/2408
f 2409/2409 2410/2410 2408/2408
f 2409/2409 2411/2411 2410/2410
f 2411/2411 2412/2412 2410/2410
f 2411/2411 2413/2413 2412/2412
f 2413/2413 2414/2414 2412/2412
f 2413/2413 2415/2415 2414/2414
f 2415/2415 2416/2416 2414/2414
f 2415/2415 2417/2417 2416/2416
f 2417/2417 2418/2418 2416/2416
f 2417/2417 2419/2419 2418/2418
f 2419/2419 2420/2420 2418/2418
f 2419/2419 2421/2421 2420/2420
f 2421/2421 2422/2422 2420/2420
f 2421/2421 2423/2423 2422/2422
f 2423/2423 2424/2424 2422/2422
f 2423/2423 2425/2425 2424/2424
f 2426/2426 2422/2422 2427/2427
f 2422/2422 2424/2424 2427/2427
f 2423/2423 2428/2428 2425/2425
f 2428/2428 2429/2429 2425/2425
f 2428/2428 2430/2430 2429/2429
f 2430/2430 2431/2431 2429/2429
f 2430/2430 2432/2432 2431/2431
f 2432/2432 2430/2430 2433/2433
f 2430/2430 2434/2434 2433/2433
f 2430/2430 2435/2435 2434/2434
f 2435/2435 2436/2436 2434/2434
f 2435/2435 2437/2437 2436/2436
f 2437/2437 2438/2438 2436/2436
f 2437/2437 2439/2439 2438/2438
f 2439/2439 2440/2440 2438/2438
f 2439/2439 2441/2441 2440/2440
f 2441/2441 2442/2442 2440/2440
f 2441/2441 2443/2443 2442/2442
f 2443/2443 2444/2444 2442/2442
f 2443/2443 2445/2445 2444/2444
f 2445/2445 2446/2446 2444/2444
f 2445/2445 2447/2447 2446/2446
f 2447/2447 2448/2448 2446/2446
f 2447/2447 2449/2449 2448/2448
f 2449/2449 2401/2401 2448/2448
f 2449/2449 2400/2400 2401/2401
f 2433/2433 2434/2434 2136/2136
f 2434/2434 2135/2135 2136/2136
f 2434/2434 2436/2436 2135/2135
f 2436/2436 2138/2138 2135/2135
f 2436/2436 2438/2438 2138/2138
f 2438/2438 2140/2140 2138/2138
f 2438/2438 2440/2440 2140/2140
f 2440/2440 2142/2142 2140/2140
f 2440/2440 2442/2442 2142/2142
f 2442/2442 2144/2144 2142/2142
f 2442/2442 2444/2444 2144/2144
f 2444/2444 2146/2146 2144/2144
f 2444/2444 2446/2446 2146/2146
f 2446/2446 2148/2148 2146/2146
f 2446/2446 2448/2448 2148/2148
f 2448/2448 2150/2150 2148/2148
f 2448/2448 2401/2401 2150/2150
f 2421/2421 2428/2428 2423/2423
f 2428/2428 2450/2450 2430/2430
f 2450/2450 2435/2435 2430/2430
f 2450/2450 2451/2451 2435/2435
f 2451/2451 2437/2437 2435/2435
f 2451/2451 2452/2452 2437/2437
f 2452/2452 2439/2439 2437/2437
f 2452/2452 2453/2453 2439/2439
f 2453/2453 2441/2441 2439/2439
f 2453/2453 2454/2454 2441/2441
f 2454/2454 2443/2443 2441/2441
f 2454/2454 2455/2455 2443/2443
f 2455/2455 2445/2445 2443/2443
f 2455/2455 2456/2456 2445/2445
f 2456/2456 2447/2447 2445/2445
f 2456/2456 2457/2457 2447/2447
f 2457/2457 2449/2449 2447/2447
f 2457/2457 2458/2458 2449/2449
f 2458/2458 2400/2400 2449/2449
f 2458/2458 2399/2399 2400/2400
f 2419/2419 2450/2450 2421/2421
f 2450/2450 2428/2428 2421/2421
f 2419/2419 2451/2451 2450/2450
f 2417/2417 2451/2451 2419/2419
f 2417/2417 2452/2452 2451/2451
f 2415/2415 2452/2452 2417/2417
f 2415/2415 2453/2453 2452/2452
f 2413/2413 2453/2453 2415/2415
f 2413/2413 2454/2454 2453/2453
f 2411/2411 2454/2454 2413/2413
f 2411/2411 2455/2455 2454/2454
f 2409/2409 2455/2455 2411/2411
f 2409/2409 2456/2456 2455/2455
f 2407/2407 2456/2456 2409/2409
f 2407/2407 2457/2457 2456/2456
f 2405/2405 2457/2457 2407/2407
f 2405/2405 2458/2458 2457/2457
f 2403/2403 2458/2458 2405/2405
f 2403/2403 2399/2399 2458/2458
f 2398/2398 2399/2399 2403/2403
f 2297/2297 2295/2295 2459/2459
f 2295/2295 2292/2292 2459/2459
f 2295/2295 2291/2291 2292/2292
f 2292/2292 2293/2293 2459/2459
f 2293/2293 2460/2460 2459/2459
f 2293/2293 2294/2294 2460/2460
f 2294/2294 2210/2210 2460/2460
f 2294/2294 2208/2208 2210/2210
f 2459/2459 2461/2461 2297/2297
f 2461/2461 2299/2299 2297/2297
f 2461/2461 2214/2214 2299/2299
f 2214/2214 2216/2216 2299/2299
f 2459/2459 2460/2460 2461/2461
f 2460/2460 2212/2212 2461/2461
f 2460/2460 2210/2210 2212/2212
f 2212/2212 2214/2214 2461/2461
f 2215/2215 2462/2462 2217/2217
f 2462/2462 2301/2301 2217/2217
f 2462/2462 2463/2463 2301/2301
f 2463/2463 2303/2303 2301/2301
f 2463/2463 2464/2464 2303/2303
f 2464/2464 2305/2305 2303/2303
f 2464/2464 2465/2465 2305/2305
f 2465/2465 2307/2307 2305/2305
f 2465/2465 2466/2466 2307/2307
f 2466/2466 2309/2309 2307/2307
f 2466/2466 2467/2467 2309/2309
f 2467/2467 2311/2311 2309/2309
f 2467/2467 2468/2468 2311/2311
f 2468/2468 2313/2313 2311/2311
f 2468/2468 2469/2469 2313/2313
f 2469/2469 2315/2315 2313/2313
f 2469/2469 2470/2470 2315/2315
f 2470/2470 2317/2317 2315/2315
f 2470/2470 2471/2471 2317/2317
f 2471/2471 2319/2319 2317/2317
f 2471/2471 2327/2327 2319/2319
f 2327/2327 2321/2321 2319/2319
f 2213/2213 2472/2472 2215/2215
f 2472/2472 2462/2462 2215/2215
f 2472/2472 2473/2473 2462/2462
f 2473/2473 2463/2463 2462/2462
f 2473/2473 2474/2474 2463/2463
f 2474/2474 2464/2464 2463/2463
f 2474/2474 2475/2475 2464/2464
f 2475/2475 2465/2465 2464/2464
f 2475/2475 2476/2476 2465/2465
f 2476/2476 2466/2466 2465/2465
f 2476/2476 2477/2477 2466/2466
f 2477/2477 2467/2467 2466/2466
f 2477/2477 2478/2478 2467/2467
f 2478/2478 2468/2468 2467/2467
f 2478/2478 2479/2479 2468/2468
f 2479/2479 2469/2469 2468/2468
f 2479/2479 2480/2480 2469/2469
f 2480/2480 2470/2470 2469/2469
f 2480/2480 2481/2481 2470/2470
f 2481/2481 2471/2471 2470/2470
f 2481/2481 2329/2329 2471/2471
f 2329/2329 2327/2327 2471/2471
f 2356/2356 2211/2211 2209/2209
f 2211/2211 2482/2482 2213/2213
f 2482/2482 2472/2472 2213/2213
f 2482/2482 2483/2483 2472/2472
f 2483/2483 2473/2473 2472/2472
f 2483/2483 2484/2484 2473/2473
f 2484/2484 2474/2474 2473/2473
f 2484/2484 2485/2485 2474/2474
f 2485/2485 2475/2475 2474/2474
f 2485/2485 2486/2486 2475/2475
f 2486/2486 2476/2476 2475/2475
f 2486/2486 2487/2487 2476/2476
f 2487/2487 2477/2477 2476/2476
f 2487/2487 2488/2488 2477/2477
f 2488/2488 2478/2478 2477/2477
f 2488/2488 2489/2489 2478/2478
f 2489/2489 2479/2479 2478/2478
f 2489/2489 2490/2490 2479/2479
f 2490/2490 2480/2480 2479/2479
f 2490/2490 2491/2491 2480/2480
f 2491/2491 2481/2481 2480/2480
f 2491/2491 2331/2331 2481/2481
f 2331/2331 2329/2329 2481/2481
f 2354/2354 2482/2482 2356/2356
f 2482/2482 2211/2211 2356/2356
f 2354/2354 2483/2483 2482/2482
f 2352/2352 2483/2483 2354/2354
f 2352/2352 2484/2484 2483/2483
f 2350/2350 2484/2484 2352/2352
f 2350/2350 2485/2485 2484/2484
f 2348/2348 2485/2485 2350/2350
f 2348/2348 2486/2486 2485/2485
f 2346/2346 2486/2486 2348/2348
f 2346/2346 2487/2487 2486/2486
f 2344/2344 2487/2487 2346/2346
f 2344/2344 2488/2488 2487/2487
f 2342/2342 2488/2488 2344/2344
f 2342/2342 2489/2489 2488/2488
f 2340/2340 2489/2489 2342/2342
f 2340/2340 2490/2490 2489/2489
f 2338/2338 2490/2490 2340/2340
f 2338/2338 2491/2491 2490/2490
f 2333/2333 2491/2491 2338/2338
f 2333/2333 2331/2331 2491/2491
f 2426/2426 2427/2427 2492/2492
f 2427/2427 2424/2424 2492/2492
f 2424/2424 2493/2493 2492/2492
f 2424/2424 2425/2425 2493/2493
f 2425/2425 2494/2494 2493/2493
f 2425/2425 2429/2429 2494/2494
f 2429/2429 2495/2495 2494/2494
f 2429/2429 2431/2431 2495/2495
f 2431/2431 2496/2496 2495/2495
f 2431/2431 2432/2432 2496/2496
f 2432/2432 2497/2497 2496/2496
f 2432/2432 2433/2433 2497/2497
f 2433/2433 2136/2136 2497/2497
f 2136/2136 2134/2134 2497/2497
f 2136/2136 2137/2137 2134/2134
f 2493/2493 2498/2498 2492/2492
f 2498/2498 2499/2499 2492/2492
f 2498/2498 2500/2500 2499/2499
f 2500/2500 2501/2501 2499/2499
f 2500/2500 2502/2502 2501/2501
f 2502/2502 2503/2503 2501/2501
f 2502/2502 2504/2504 2503/2503
f 2504/2504 2505/2505 2503/2503
f 2504/2504 2506/2506 2505/2505
f 2506/2506 2507/2507 2505/2505
f 2506/2506 2508/2508 2507/2507
f 2508/2508 2509/2509 2507/2507
f 2508/2508 2510/2510 2509/2509
f 2510/2510 2511/2511 2509/2509
f 2510/2510 2512/2512 2511/2511
f 2512/2512 2513/2513 2511/2511
f 2512/2512 2514/2514 2513/2513
f 2514/2514 2515/2515 2513/2513
f 2514/2514 2516/2516 2515/2515
f 2516/2516 2517/2517 2515/2515
f 2516/2516 2518/2518 2517/2517
f 2518/2518 2519/2519 2517/2517
f 2518/2518 2520/2520 2519/2519
f 2520/2520 2521/2521 2519/2519
f 2520/2520 2522/2522 2521/2521
f 2522/2522 2523/2523 2521/2521
f 2522/2522 2524/2524 2523/2523
f 2524/2524 2525/2525 2523/2523
f 2524/2524 2526/2526 2525/2525
f 2526/2526 2527/2527 2525/2525
f 2526/2526 2528/2528 2527/2527
f 2528/2528 2529/2529 2527/2527
f 2528/2528 2530/2530 2529/2529
f 2530/2530 2531/2531 2529/2529
f 2530/2530 2532/2532 2531/2531
f 2532/2532 2533/2533 2531/2531
f 2532/2532 2534/2534 2533/2533
f 2534/2534 2535/2535 2533/2533
f 2534/2534 2536/2536 2535/2535
f 2536/2536 2537/2537 2535/2535
f 2536/2536 2538/2538 2537/2537
f 2538/2538 2539/2539 2537/2537
f 2538/2538 2540/2540 2539/2539
f 2540/2540 2541/2541 2539/2539
f 2541/2541 2542/2542 2539/2539
f 2541/2541 2543/2543 2542/2542
f 2543/2543 2544/2544 2542/2542
f 2543/2543 2545/2545 2544/2544
f 2545/2545 2546/2546 2544/2544
f 2545/2545 2547/2547 2546/2546
f 2547/2547 2548/2548 2546/2546
f 2547/2547 2549/2549 2548/2548
f 2549/2549 2550/2550 2548/2548
f 2549/2549 2551/2551 2550/2550
f 2551/2551 2552/2552 2550/2550
f 2551/2551 2553/2553 2552/2552
f 2553/2553 2554/2554 2552/2552
f 2553/2553 2555/2555 2554/2554
f 2555/2555 2556/2556 2554/2554
f 2555/2555 2557/2557 2556/2556
f 2557/2557 2558/2558 2556/2556
f 2557/2557 2559/2559 2558/2558
f 2559/2559 2560/2560 2558/2558
f 2559/2559 2561/2561 2560/2560
f 2561/2561 2562/2562 2560/2560
f 2561/2561 2563/2563 2562/2562
f 2563/2563 2564/2564 2562/2562
f 2563/2563 2322/2322 2564/2564
f 2322/2322 2323/2323 2564/2564
f 2322/2322 2324/2324 2323/2323
f 2529/2529 2531/2531 2565/2565
f 2531/2531 2566/2566 2565/2565
f 2531/2531 2533/2533 2566/2566
f 2533/2533 2567/2567 2566/2566
f 2533/2533 2535/2535 2567/2567
f 2535/2535 2568/2568 2567/2567
f 2535/2535 2537/2537 2568/2568
f 2537/2537 2569/2569 2568/2568
f 2537/2537 2539/2539 2569/2569
f 2539/2539 2542/2542 2569/2569
f 2565/2565 2566/2566 2570/2570
f 2566/2566 2571/2571 2570/2570
f 2566/2566 2567/2567 2571/2571
f 2567/2567 2572/2572 2571/2571
f 2567/2567 2568/2568 2572/2572
f 2568/2568 2573/2573 2572/2572
f 2568/2568 2569/2569 2573/2573
f 2569/2569 2574/2574 2573/2573
f 2569/2569 2542/2542 2574/2574
f 2542/2542 2544/2544 2574/2574
f 2570/2570 2571/2571 2575/2575
f 2571/2571 2576/2576 2575/2575
f 2571/2571 2572/2572 2576/2576
f 2572/2572 2577/2577 2576/2576
f 2572/2572 2573/2573 2577/2577
f 2573/2573 2578/2578 2577/2577
f 2573/2573 2574/2574 2578/2578
f 2574/2574 2579/2579 2578/2578
f 2574/2574 2544/2544 2579/2579
f 2544/2544 2546/2546 2579/2579
f 2575/2575 2576/2576 2580/2580
f 2576/2576 2581/2581 2580/2580
f 2576/2576 2577/2577 2581/2581
f 2577/2577 2582/2582 2581/2581
f 2577/2577 2578/2578 2582/2582
f 2578/2578 2583/2583 2582/2582
f 2578/2578 2579/2579 2583/2583
f 2579/2579 2584/2584 2583/2583
f 2579/2579 2546/2546 2584/2584
f 2546/2546 2548/2548 2584/2584
f 2580/2580 2581/2581 2585/2585
f 2581/2581 2586/2586 2585/2585
f 2581/2581 2582/2582 2586/2586
f 2582/2582 2587/2587 2586/2586
f 2582/2582 2583/2583 2587/2587
f 2583/2583 2588/2588 2587/2587
f 2583/2583 2584/2584 2588/2588
f 2584/2584 2589/2589 2588/2588
f 2584/2584 2548/2548 2589/2589
f 2548/2548 2550/2550 2589/2589
f 2585/2585 2586/2586 2590/2590
f 2586/2586 2591/2591 2590/2590
f 2586/2586 2587/2587 2591/2591
f 2587/2587 2592/2592 2591/2591
f 2587/2587 2588/2588 2592/2592
f 2588/2588 2593/2593 2592/2592
f 2588/2588 2589/2589 2593/2593
f 2589/2589 2594/2594 2593/2593
f 2589/2589 2550/2550 2594/2594
f 2550/2550 2552/2552 2594/2594
f 2590/2590 2591/2591 2595/2595
f 2591/2591 2596/2596 2595/2595
f 2591/2591 2592/2592 2596/2596
f 2592/2592 2597/2597 2596/2596
f 2592/2592 2593/2593 2597/2597
f 2593/2593 2598/2598 2597/2597
f 2593/2593 2594/2594 2598/2598
f 2594/2594 2599/2599 2598/2598
f 2594/2594 2552/2552 2599/2599
f 2552/2552 2554/2554 2599/2599
f 2595/2595 2596/2596 2600/2600
f 2596/2596 2601/2601 2600/2600
f 2596/2596 2597/2597 2601/2601
f 2597/2597 2602/2602 2601/2601
f 2597/2597 2598/2598 2602/2602
f 2598/2598 2603/2603 2602/2602
f 2598/2598 2599/2599 2603/2603
f 2599/2599 2604/2604 2603/2603
f 2599/2599 2554/2554 2604/2604
f 2554/2554 2556/2556 2604/2604
f 2600/2600 2601/2601 2605/2605
f 2601/2601 2606/2606 2605/2605
f 2601/2601 2602/2602 2606/2606
f 2602/2602 2607/2607 2606/2606
f 2602/2602 2603/2603 2607/2607
f 2603/2603 2608/2608 2607/2607
f 2603/2603 2604/2604 2608/2608
f 2604/2604 2609/2609 2608/2608
f 2604/2604 2556/2556 2609/2609
f 2556/2556 2558/2558 2609/2609
f 2605/2605 2606/2606 2610/2610
f 2606/2606 2611/2611 2610/2610
f 2606/2606 2607/2607 2611/2611
f 2607/2607 2612/2612 2611/2611
f 2607/2607 2608/2608 2612/2612
f 2608/2608 2613/2613 2612/2612
f 2608/2608 2609/2609 2613/2613
f 2609/2609 2614/2614 2613/2613
f 2609/2609 2558/2558 2614/2614
f 2558/2558 2560/2560 2614/2614
f 2610/2610 2611/2611 2615/2615
f 2611/2611 2616/2616 2615/2615
f 2611/2611 2612/2612 2616/2616
f 2612/2612 2617/2617 2616/2616
f 2612/2612 2613/2613 2617/2617
f 2613/2613 2618/2618 2617/2617
f 2613/2613 2614/2614 2618/2618
f 2614/2614 2619/2619 2618/2618
f 2614/2614 2560/2560 2619/2619
f 2560/2560 2562/2562 2619/2619
f 2615/2615 2616/2616 2620/2620
f 2616/2616 2621/2621 2620/2620
f 2616/2616 2617/2617 2621/2621
f 2617/2617 2622/2622 2621/2621
f 2617/2617 2618/2618 2622/2622
f 2618/2618 2623/2623 2622/2622
f 2618/2618 2619/2619 2623/2623
f 2619/2619 2624/2624 2623/2623
f 2619/2619 2562/2562 2624/2624
f 2562/2562 2564/2564 2624/2624
f 2620/2620 2621/2621 2625/2625
f 2621/2621 2626/2626 2625/2625
f 2621/2621 2622/2622 2626/2626
f 2622/2622 2627/2627 2626/2626
f 2622/2622 2623/2623 2627/2627
f 2623/2623 2628/2628 2627/2627
f 2623/2623 2624/2624 2628/2628
f 2624/2624 2629/2629 2628/2628
f 2624/2624 2564/2564 2629/2629
f 2564/2564 2323/2323 2629/2629
f 2625/2625 2626/2626 2630/2630
f 2626/2626 2631/2631 2630/2630
f 2626/2626 2627/2627 2631/2631
f 2627/2627 2632/2632 2631/2631
f 2627/2627 2628/2628 2632/2632
f 2628/2628 2633/2633 2632/2632
f 2628/2628 2629/2629 2633/2633
f 2629/2629 2325/2325 2633/2633
f 2629/2629 2323/2323 2325/2325
f 2630/2630 2631/2631 2634/2634
f 2631/2631 2635/2635 2634/2634
f 2631/2631 2632/2632 2635/2635
f 2632/2632 2636/2636 2635/2635
f 2632/2632 2633/2633 2636/2636
f 2633/2633 2328/2328 2636/2636
f 2633/2633 2326/2326 2328/2328
f 2634/2634 2635/2635 2637/2637
f 2635/2635 2638/2638 2637/2637
f 2635/2635 2636/2636 2638/2638
f 2636/2636 2332/2332 2638/2638
f 2636/2636 2330/2330 2332/2332
f 2337/2337 2637/2637 2336/2336
f 2637/2637 2334/2334 2336/2336
f 2637/2637 2638/2638 2334/2334
f 2638/2638 2332/2332 2334/2334
f 2330/2330 2636/2636 2328/2328
f 2326/2326 2633/2633 2325/2325
f 2540/2540 2538/2538 2639/2639
f 2538/2538 2640/2640 2639/2639
f 2538/2538 2536/2536 2640/2640
f 2536/2536 2641/2641 2640/2640
f 2536/2536 2534/2534 2641/2641
f 2534/2534 2642/2642 2641/2641
f 2534/2534 2532/2532 2642/2642
f 2532/2532 2643/2643 2642/2642
f 2532/2532 2530/2530 2643/2643
f 2530/2530 2528/2528 2643/2643
f 2639/2639 2640/2640 2644/2644
f 2640/2640 2645/2645 2644/2644
f 2640/2640 2641/2641 2645/2645
f 2641/2641 2646/2646 2645/2645
f 2641/2641 2642/2642 2646/2646
f 2642/2642 2647/2647 2646/2646
f 2642/2642 2643/2643 2647/2647
f 2643/2643 2648/2648 2647/2647
f 2643/2643 2528/2528 2648/2648
f 2528/2528 2526/2526 2648/2648
f 2644/2644 2645/2645 2649/2649
f 2645/2645 2650/2650 2649/2649
f 2645/2645 2646/2646 2650/2650
f 2646/2646 2651/2651 2650/2650
f 2646/2646 2647/2647 2651/2651
f 2647/2647 2652/2652 2651/2651
f 2647/2647 2648/2648 2652/2652
f 2648/2648 2653/2653 2652/2652
f 2648/2648 2526/2526 2653/2653
f 2526/2526 2524/2524 2653/2653
f 2649/2649 2650/2650 2654/2654
f 2650/2650 2655/2655 2654/2654
f 2650/2650 2651/2651 2655/2655
f 2651/2651 2656/2656 2655/2655
f 2651/2651 2652/2652 2656/2656
f 2652/2652 2657/2657 2656/2656
f 2652/2652 2653/2653 2657/2657
f 2653/2653 2658/2658 2657/2657
f 2653/2653 2524/2524 2658/2658
f 2524/2524 2522/2522 2658/2658
f 2655/2655 2659/2659 2654/2654
f 2659/2659 2660/2660 2654/2654
f 2659/2659 2661/2661 2660/2660
f 2661/2661 2662/2662 2660/2660
f 2661/2661 2663/2663 2662/2662
f 2663/2663 2664/2664 2662/2662
f 2663/2663 2665/2665 2664/2664
f 2665/2665 2666/2666 2664/2664
f 2665/2665 2667/2667 2666/2666
f 2667/2667 2668/2668 2666/2666
f 2667/2667 2669/2669 2668/2668
f 2669/2669 2670/2670 2668/2668
f 2669/2669 2671/2671 2670/2670
f 2671/2671 2672/2672 2670/2670
f 2671/2671 2673/2673 2672/2672
f 2673/2673 2674/2674 2672/2672
f 2673/2673 2675/2675 2674/2674
f 2675/2675 2676/2676 2674/2674
f 2675/2675 2677/2677 2676/2676
f 2677/2677 2678/2678 2676/2676
f 2677/2677 2679/2679 2678/2678
f 2679/2679 2680/2680 2678/2678
f 2679/2679 2681/2681 2680/2680
f 2681/2681 2682/2682 2680/2680
f 2681/2681 2683/2683 2682/2682
f 2683/2683 2684/2684 2682/2682
f 2683/2683 2685/2685 2684/2684
f 2685/2685 2686/2686 2684/2684
f 2685/2685 2687/2687 2686/2686
f 2687/2687 2688/2688 2686/2686
f 2687/2687 2689/2689 2688/2688
f 2689/2689 2690/2690 2688/2688
f 2689/2689 2497/2497 2690/2690
f 2497/2497 2134/2134 2690/2690
f 2494/2494 2691/2691 2493/2493
f 2691/2691 2498/2498 2493/2493
f 2691/2691 2692/2692 2498/2498
f 2692/2692 2500/2500 2498/2498
f 2692/2692 2693/2693 2500/2500
f 2693/2693 2502/2502 2500/2500
f 2693/2693 2694/2694 2502/2502
f 2694/2694 2504/2504 2502/2502
f 2694/2694 2695/2695 2504/2504
f 2695/2695 2506/2506 2504/2504
f 2695/2695 2696/2696 2506/2506
f 2696/2696 2508/2508 2506/2506
f 2696/2696 2697/2697 2508/2508
f 2697/2697 2510/2510 2508/2508
f 2697/2697 2698/2698 2510/2510
f 2698/2698 2512/2512 2510/2510
f 2698/2698 2699/2699 2512/2512
f 2699/2699 2514/2514 2512/2512
f 2699/2699 2700/2700 2514/2514
f 2700/2700 2516/2516 2514/2514
f 2700/2700 2701/2701 2516/2516
f 2701/2701 2518/2518 2516/2516
f 2701/2701 2702/2702 2518/2518
f 2702/2702 2520/2520 2518/2518
f 2702/2702 2703/2703 2520/2520
f 2703/2703 2522/2522 2520/2520
f 2703/2703 2658/2658 2522/2522
f 2495/2495 2704/2704 2494/2494
f 2704/2704 2691/2691 2494/2494
f 2704/2704 2705/2705 2691/2691
f 2705/2705 2692/2692 2691/2691
f 2705/2705 2706/2706 2692/2692
f 2706/2706 2693/2693 2692/2692
f 2706/2706 2707/2707 2693/2693
f 2707/2707 2694/2694 2693/2693
f 2707/2707 2708/2708 2694/2694
f 2708/2708 2695/2695 2694/2694
f 2708/2708 2709/2709 2695/2695
f 2709/2709 2696/2696 2695/2695
f 2709/2709 2710/2710 2696/2696
f 2710/2710 2697/2697 2696/2696
f 2710/2710 2711/2711 2697/2697
f 2711/2711 2698/2698 2697/2697
f 2711/2711 2712/2712 2698/2698
f 2712/2712 2699/2699 2698/2698
f 2712/2712 2713/2713 2699/2699
f 2713/2713 2700/2700 2699/2699
f 2713/2713 2714/2714 2700/2700
f 2714/2714 2701/2701 2700/2700
f 2714/2714 2715/2715 2701/2701
f 2715/2715 2702/2702 2701/2701
f 2715/2715 2716/2716 2702/2702
f 2716/2716 2703/2703 2702/2702
f 2716/2716 2717/2717 2703/2703
f 2717/2717 2658/2658 2703/2703
f 2717/2717 2657/2657 2658/2658
f 2689/2689 2496/2496 2497/2497
f 2496/2496 2718/2718 2495/2495
f 2718/2718 2704/2704 2495/2495
f 2718/2718 2719/2719 2704/2704
f 2719/2719 2705/2705 2704/2704
f 2719/2719 2720/2720 2705/2705
f 2720/2720 2706/2706 2705/2705
f 2720/2720 2721/2721 2706/2706
f 2721/2721 2707/2707 2706/2706
f 2721/2721 2722/2722 2707/2707
f 2722/2722 2708/2708 2707/2707
f 2722/2722 2723/2723 2708/2708
f 2723/2723 2709/2709 2708/2708
f 2723/2723 2724/2724 2709/2709
f 2724/2724 2710/2710 2709/2709
f 2724/2724 2725/2725 2710/2710
f 2725/2725 2711/2711 2710/2710
f 2725/2725 2726/2726 2711/2711
f 2726/2726 2712/2712 2711/2711
f 2726/2726 2727/2727 2712/2712
f 2727/2727 2713/2713 2712/2712
f 2727/2727 2728/2728 2713/2713
f 2728/2728 2714/2714 2713/2713
f 2728/2728 2729/2729 2714/2714
f 2729/2729 2715/2715 2714/2714
f 2729/2729 2730/2730 2715/2715
f 2730/2730 2716/2716 2715/2715
f 2730/2730 2731/2731 2716/2716
f 2731/2731 2717/2717 2716/2716
f 2731/2731 2732/2732 2717/2717
f 2732/2732 2657/2657 2717/2717
f 2732/2732 2656/2656 2657/2657
f 2687/2687 2718/2718 2689/2689
f 2718/2718 2496/2496 2689/2689
f 2687/2687 2719/2719 2718/2718
f 2685/2685 2719/2719 2687/2687
f 2685/2685 2720/2720 2719/2719
f 2683/2683 2720/2720 2685/2685
f 2683/2683 2721/2721 2720/2720
f 2681/2681 2721/2721 2683/2683
f 2681/2681 2722/2722 2721/2721
f 2679/2679 2722/2722 2681/2681
f 2679/2679 2723/2723 2722/2722
f 2677/2677 2723/2723 2679/2679
f 2677/2677 2724/2724 2723/2723
f 2675/2675 2724/2724 2677/2677
f 2675/2675 2725/2725 2724/2724
f 2673/2673 2725/2725 2675/2675
f 2673/2673 2726/2726 2725/2725
f 2671/2671 2726/2726 2673/2673
f 2671/2671 2727/2727 2726/2726
f 2669/2669 2727/2727 2671/2671
f 2669/2669 2728/2728 2727/2727
f 2667/2667 2728/2728 2669/2669
f 2667/2667 2729/2729 2728/2728
f 2665/2665 2729/2729 2667/2667
f 2665/2665 2730/2730 2729/2729
f 2663/2663 2730/2730 2665/2665
f 2663/2663 2731/2731 2730/2730
f 2661/2661 2731/2731 2663/2663
f 2661/2661 2732/2732 2731/2731
f 2659/2659 2732/2732 2661/2661
f 2659/2659 2656/2656 2732/2732
f 2655/2655 2656/2656 2659/2659
f 4907/4907 4909/4909 4908/4908
f 4909/4909 4910/4910 4908/4908
f 4909/4909 4913/4913 4910/4910
f 4913/4913 4914/4914 4910/4910
f 4913/4913 4915/4915 4914/4914
f 4915/4915 4916/4916 4914/4914
f 4915/4915 4918/4918 4916/4916
f 4918/4918 4919/4919 4916/4916
f 4918/4918 4922/4922 4919/4919
f 4922/4922 4923/4923 4919/4919
f 4922/4922 4924/4924 4923/4923
f 4924/4924 4925/4925 4923/4923
f 4924/4924 4928/4928 4925/4925
f 4928/4928 4929/4929 4925/4925
f 4928/4928 4930/4930 4929/4929
f 4930/4930 4931/4931 4929/4929
f 4930/4930 4933/4933 4931/4931
f 4933/4933 4934/4934 4931/4931
f 4933/4933 4936/4936 4934/4934
f 4936/4936 4937/4937 4934/4934
f 4936/4936 4940/4940 4937/4937
f 4940/4940 4941/4941 4937/4937
f 4940/4940 4942/4942 4941/4941
f 4942/4942 4943/4943 4941/4941
f 4865/4865 4862/4862 4866/4866
f 4862/4862 4863/4863 4866/4866
f 4862/4862 4859/4859 4863/4863
f 4859/4859 4860/4860 4863/4863
f 4859/4859 4856/4856 4860/4860
f 4856/4856 4857/4857 4860/4860
f 4856/4856 4853/4853 4857/4857
f 4853/4853 4854/4854 4857/4857
f 4853/4853 4820/4820 4854/4854
f 4820/4820 4822/4822 4854/4854
f 4820/4820 4821/4821 4822/4822
f 4821/4821 4823/4823 4822/4822
f 4821/4821 4826/4826 4823/4823
f 4826/4826 4827/4827 4823/4823
f 4826/4826 4830/4830 4827/4827
f 4830/4830 4831/4831 4827/4827
f 4830/4830 4833/4833 4831/4831
f 4833/4833 4834/4834 4831/4831
f 4833/4833 4836/4836 4834/4834
f 4836/4836 4837/4837 4834/4834
f 4836/4836 4838/4838 4837/4837
f 4838/4838 4839/4839 4837/4837
f 4838/4838 4842/4842 4839/4839
f 4842/4842 4843/4843 4839/4839
f 4842/4842 4844/4844 4843/4843
f 4844/4844 4845/4845 4843/4843
f 4844/4844 4848/4848 4845/4845
f 4848/4848 4849/4849 4845/4845
f 4848/4848 4851/4851 4849/4849
f 4851/4851 4852/4852 4849/4849
f 4951/4951 4946/4946 4952/4952
f 4946/4946 4948/4948 4952/4952
f 4946/4946 4945/4945 4948/4948
f 4945/4945 4949/4949 4948/4948
f 4945/4945 4954/4954 4949/4949
f 4954/4954 4955/4955 4949/4949
f 4954/4954 4958/4958 4955/4955
f 4958/4958 4959/4959 4955/4955
f 4958/4958 4961/4961 4959/4959
f 4961/4961 4962/4962 4959/4959
f 4961/4961 4963/4963 4962/4962
f 4963/4963 4964/4964 4962/4962
f 4963/4963 4967/4967 4964/4964
f 4967/4967 4968/4968 4964/4964
f 4967/4967 4969/4969 4968/4968
f 4969/4969 4970/4970 4968/4968
f 4969/4969 4972/4972 4970/4970
f 4972/4972 4973/4973 4970/4970
f 4972/4972 4976/4976 4973/4973
f 4976/4976 4977/4977 4973/4973
f 4976/4976 5004/5004 4977/4977
f 5004/5004 5005/5005 4977/4977
f 5004/5004 5001/5001 5005/5005
f 5001/5001 5002/5002 5005/5005
f 5001/5001 4987/4987 5002/5002
f 4987/4987 4988/4988 5002/5002
f 4987/4987 4979/4979 4988/4988
f 4979/4979 4981/4981 4988/4988
f 4979/4979 4978/4978 4981/4981
f 4978/4978 4982/4982 4981/4981
f 4978/4978 4985/4985 4982/4982
f 4985/4985 4986/4986 4982/4982
f 4985/4985 4991/4991 4986/4986
f 4991/4991 4992/4992 4986/4986
f 4991/4991 4993/4993 4992/4992
f 4993/4993 4994/4994 4992/4992
f 4993/4993 4997/4997 4994/4994
f 4997/4997 4998/4998 4994/4994
f 4997/4997 4999/4999 4998/4998
f 4999/4999 4997/4997 5000/5000
f 4997/4997 4996/4996 5000/5000
f 4997/4997 4993/4993 4996/4996
f 4993/4993 4995/4995 4996/4996
f 4993/4993 4991/4991 4995/4995
f 4991/4991 4990/4990 4995/4995
f 4991/4991 4985/4985 4990/4990
f 4985/4985 4984/4984 4990/4990
f 4985/4985 4978/4978 4984/4984
f 4978/4978 4980/4980 4984/4984
f 4978/4978 4979/4979 4980/4980
f 4979/4979 4983/4983 4980/4980
f 4979/4979 4987/4987 4983/4983
f 4987/4987 4989/4989 4983/4983
f 4987/4987 5001/5001 4989/4989
f 5001/5001 5003/5003 4989/4989
f 5001/5001 5004/5004 5003/5003
f 5004/5004 5006/5006 5003/5003
f 5004/5004 4976/4976 5006/5006
f 4976/4976 4975/4975 5006/5006
f 4976/4976 4972/4972 4975/4975
f 4972/4972 4974/4974 4975/4975
f 4972/4972 4969/4969 4974/4974
f 4969/4969 4971/4971 4974/4974
f 4969/4969 4967/4967 4971/4971
f 4967/4967 4966/4966 4971/4971
f 4967/4967 4963/4963 4966/4966
f 4963/4963 4965/4965 4966/4966
f 4963/4963 4961/4961 4965/4965
f 4961/4961 4960/4960 4965/4965
f 4961/4961 4958/4958 4960/4960
f 4958/4958 4957/4957 4960/4960
f 4958/4958 4954/4954 4957/4957
f 4954/4954 4956/4956 4957/4957
f 4954/4954 4945/4945 4956/4956
f 4945/4945 4947/4947 4956/4956
f 4945/4945 4946/4946 4947/4947
f 4946/4946 4950/4950 4947/4947
f 4946/4946 4951/4951 4950/4950
f 4951/4951 4953/4953 4950/4950
f 4851/4851 4848/4848 4850/4850
f 4848/4848 4847/4847 4850/4850
f 4848/4848 4844/4844 4847/4847
f 4844/4844 4846/4846 4847/4847
f 4844/4844 4842/4842 4846/4846
f 4842/4842 4841/4841 4846/4846
f 4842/4842 4838/4838 4841/4841
f 4838/4838 4840/4840 4841/4841
f 4838/4838 4836/4836 4840/4840
f 4836/4836 4835/4835 4840/4840
f 4836/4836 4833/4833 4835/4835
f 4833/4833 4832/4832 4835/4835
f 4833/4833 4830/4830 4832/4832
f 4830/4830 4829/4829 4832/4832
f 4830/4830 4826/4826 4829/4829
f 4826/4826 4828/4828 4829/4829
f 4826/4826 4821/4821 4828/4828
f 4821/4821 4825/4825 4828/4828
f 4821/4821 4820/4820 4825/4825
f 4820/4820 4824/4824 4825/4825
f 4820/4820 4853/4853 4824/4824
f 4853/4853 4855/4855 4824/4824
f 4853/4853 4856/4856 4855/4855
f 4856/4856 4858/4858 4855/4855
f 4856/4856 4859/4859 4858/4858
f 4859/4859 4861/4861 4858/4858
f 4859/4859 4862/4862 4861/4861
f 4862/4862 4864/4864 4861/4861
f 4862/4862 4865/4865 4864/4864
f 4865/4865 4867/4867 4864/4864
f 4942/4942 4940/4940 4944/4944
f 4940/4940 4939/4939 4944/4944
f 4940/4940 4936/4936 4939/4939
f 4936/4936 4938/4938 4939/4939
f 4936/4936 4933/4933 4938/4938
f 4933/4933 4935/4935 4938/4938
f 4933/4933 4930/4930 4935/4935
f 4930/4930 4932/4932 4935/4935
f 4930/4930 4928/4928 4932/4932
f 4928/4928 4927/4927 4932/4932
f 4928/4928 4924/4924 4927/4927
f 4924/4924 4926/4926 4927/4927
f 4924/4924 4922/4922 4926/4926
f 4922/4922 4921/4921 4926/4926
f 4922/4922 4918/4918 4921/4921
f 4918/4918 4920/4920 4921/4921
f 4918/4918 4915/4915 4920/4920
f 4915/4915 4917/4917 4920/4920
f 4915/4915 4913/4913 4917/4917
f 4913/4913 4912/4912 4917/4917
f 4913/4913 4909/4909 4912/4912
f 4909/4909 4911/4911 4912/4912
f 4909/4909 4907/4907 4911/4911
f 5008/5008 4999/4999 5009/5009
f 4999/4999 5007/5007 5009/5009
f 4999/4999 5000/5000 5007/5007
f 5008/5008 5009/5009 5010/5010
f 5009/5009 5012/5012 5010/5010
f 5009/5009 5011/5011 5012/5012
f 5011/5011 5014/5014 5012/5012
f 5014/5014 5015/5015 5012/5012
f 5014/5014 5017/5017 5015/5015
f 5017/5017 5018/5018 5015/5015
f 5017/5017 5021/5021 5018/5018
f 5021/5021 5020/5020 5018/5018
f 5021/5021 5023/5023 5020/5020
f 5023/5023 5024/5024 5020/5020
f 5023/5023 5026/5026 5024/5024
f 5026/5026 5027/5027 5024/5024
f 5026/5026 5029/5029 5027/5027
f 5029/5029 5030/5030 5027/5027
f 5029/5029 5032/5032 5030/5030
f 5032/5032 5033/5033 5030/5030
f 5070/5070 5067/5067 5069/5069
f 5067/5067 5066/5066 5069/5069
f 5067/5067 5064/5064 5066/5066
f 5064/5064 5063/5063 5066/5066
f 5064/5064 5062/5062 5063/5063
f 5062/5062 5060/5060 5063/5063
f 5062/5062 5059/5059 5060/5060
f 5059/5059 5057/5057 5060/5060
f 5059/5059 5042/5042 5057/5057
f 5042/5042 5040/5040 5057/5057
f 5042/5042 5038/5038 5040/5040
f 5038/5038 5034/5034 5040/5040
f 5038/5038 5037/5037 5034/5034
f 5037/5037 5035/5035 5034/5034
f 5037/5037 5044/5044 5035/5035
f 5044/5044 5045/5045 5035/5035
f 5044/5044 5047/5047 5045/5045
f 5047/5047 5048/5048 5045/5045
f 5047/5047 5050/5050 5048/5048
f 5050/5050 5051/5051 5048/5048
f 5050/5050 5053/5053 5051/5051
f 5053/5053 5054/5054 5051/5051
f 5053/5053 5055/5055 5054/5054
f 4893/4893 4891/4891 4894/4894
f 4893/4893 4890/4890 4891/4891
f 4890/4890 4888/4888 4891/4891
f 4890/4890 4887/4887 4888/4888
f 4887/4887 4885/4885 4888/4888
f 4887/4887 4883/4883 4885/4885
f 4883/4883 4882/4882 4885/4885
f 4883/4883 4881/4881 4882/4882
f 4881/4881 4879/4879 4882/4882
f 4881/4881 4878/4878 4879/4879
f 4878/4878 4870/4870 4879/4879
f 4878/4878 4868/4868 4870/4870
f 4868/4868 4869/4869 4870/4870
f 4868/4868 4873/4873 4869/4869
f 4873/4873 4874/4874 4869/4869
f 4873/4873 4875/4875 4874/4874
f 4875/4875 4895/4895 4874/4874
f 4875/4875 4896/4896 4895/4895
f 4896/4896 4898/4898 4895/4895
f 4896/4896 4900/4900 4898/4898
f 4900/4900 4901/4901 4898/4898
f 4900/4900 4903/4903 4901/4901
f 4903/4903 4904/4904 4901/4901
f 4903/4903 4905/4905 4904/4904
f 4905/4905 4907/4907 4904/4904
f 4907/4907 4906/4906 4904/4904
f 4907/4907 4908/4908 4906/4906
f 5010/5010 5012/5012 5013/5013
f 5012/5012 5015/5015 5013/5013
f 5013/5013 5015/5015 5016/5016
f 5015/5015 5018/5018 5016/5016
f 5016/5016 5018/5018 5019/5019
f 5018/5018 5020/5020 5019/5019
f 5019/5019 5020/5020 5022/5022
f 5020/5020 5024/5024 5022/5022
f 5022/5022 5024/5024 5025/5025
f 5024/5024 5027/5027 5025/5025
f 5025/5025 5027/5027 5028/5028
f 5027/5027 5030/5030 5028/5028
f 5028/5028 5030/5030 5031/5031
f 5030/5030 5033/5033 5031/5031
f 5071/5071 5069/5069 5068/5068
f 5069/5069 5066/5066 5068/5068
f 5068/5068 5066/5066 5065/5065
f 5066/5066 5063/5063 5065/5065
f 5065/5065 5063/5063 5061/5061
f 5063/5063 5060/5060 5061/5061
f 5061/5061 5060/5060 5058/5058
f 5060/5060 5057/5057 5058/5058
f 5058/5058 5057/5057 5041/5041
f 5057/5057 5040/5040 5041/5041
f 5041/5041 5040/5040 5039/5039
f 5040/5040 5034/5034 5039/5039
f 5039/5039 5034/5034 5036/5036
f 5034/5034 5035/5035 5036/5036
f 5036/5036 5035/5035 5043/5043
f 5035/5035 5045/5045 5043/5043
f 5043/5043 5045/5045 5046/5046
f 5045/5045 5048/5048 5046/5046
f 5046/5046 5048/5048 5049/5049
f 5048/5048 5051/5051 5049/5049
f 5049/5049 5051/5051 5052/5052
f 5051/5051 5054/5054 5052/5052
f 5052/5052 5054/5054 5056/5056
f 4894/4894 4891/4891 4892/4892
f 4892/4892 4891/4891 4889/4889
f 4891/4891 4888/4888 4889/4889
f 4889/4889 4888/4888 4886/4886
f 4888/4888 4885/4885 4886/4886
f 4886/4886 4885/4885 4884/4884
f 4885/4885 4882/4882 4884/4884
f 4884/4884 4882/4882 4880/4880
f 4882/4882 4879/4879 4880/4880
f 4880/4880 4879/4879 4877/4877
f 4879/4879 4870/4870 4877/4877
f 4877/4877 4870/4870 4871/4871
f 4870/4870 4869/4869 4871/4871
f 4871/4871 4869/4869 4872/4872
f 4869/4869 4874/4874 4872/4872
f 4872/4872 4874/4874 4876/4876
f 4874/4874 4895/4895 4876/4876
f 4876/4876 4895/4895 4897/4897
f 4895/4895 4898/4898 4897/4897
f 4897/4897 4898/4898 4899/4899
f 4898/4898 4901/4901 4899/4899
f 4899/4899 4901/4901 4902/4902
f 4901/4901 4904/4904 4902/4902
f 4902/4902 4904/4904 4906/4906
f 5011/5011 5009/5009 5007/5007
f 4770/4770 4771/4771 4755/4755
f 4771/4771 4772/4772 4755/4755
f 4771/4771 4773/4773 4772/4772
f 4770/4770 4755/4755 4769/4769
f 4755/4755 4768/4768 4769/4769
f 4755/4755 4767/4767 4768/4768
f 4767/4767 4755/4755 4766/4766
f 4755/4755 4765/4765 4766/4766
f 4755/4755 4764/4764 4765/4765
f 4764/4764 4755/4755 4763/4763
f 4755/4755 4762/4762 4763/4763
f 4755/4755 4761/4761 4762/4762
f 4761/4761 4755/4755 4760/4760
f 4755/4755 4759/4759 4760/4760
f 4755/4755 4758/4758 4759/4759
f 4758/4758 4755/4755 4757/4757
f 4755/4755 4756/4756 4757/4757
f 4756/4756 4816/4816 4757/4757
f 4756/4756 4817/4817 4816/4816
f 4817/4817 4818/4818 4816/4816
f 4817/4817 4819/4819 4818/4818
f 4819/4819 4745/4745 4818/4818
f 4819/4819 4743/4743 4745/4745
f 4743/4743 4744/4744 4745/4745
f 4743/4743 4746/4746 4744/4744
f 4746/4746 4747/4747 4744/4744
f 4746/4746 4748/4748 4747/4747
f 4748/4748 4749/4749 4747/4747
f 4748/4748 4750/4750 4749/4749
f 4750/4750 4751/4751 4749/4749
f 4750/4750 4752/4752 4751/4751
f 4752/4752 4753/4753 4751/4751
f 4752/4752 4754/4754 4753/4753
f 2733/2733 2734/2734 2735/2735
f 2733/2733 2736/2736 2734/2734
f 4773/4773 4771/4771 4774/4774
f 4771/4771 4775/4775 4774/4774
f 4771/4771 4776/4776 4775/4775
f 4776/4776 4771/4771 4777/4777
f 4771/4771 4778/4778 4777/4777
f 4771/4771 4779/4779 4778/4778
f 4779/4779 4771/4771 4780/4780
f 4771/4771 4781/4781 4780/4780
f 4771/4771 4782/4782 4781/4781
f 4782/4782 4771/4771 4783/4783
f 4771/4771 4784/4784 4783/4783
f 4771/4771 4785/4785 4784/4784
f 4785/4785 4771/4771 4786/4786
f 4771/4771 4787/4787 4786/4786
f 4771/4771 4788/4788 4787/4787
f 4788/4788 4789/4789 4787/4787
f 4788/4788 4790/4790 4789/4789
f 4790/4790 4791/4791 4789/4789
f 4790/4790 4792/4792 4791/4791
f 4792/4792 4793/4793 4791/4791
f 4792/4792 4794/4794 4793/4793
f 4794/4794 4795/4795 4793/4793
f 4794/4794 4796/4796 4795/4795
f 4796/4796 4797/4797 4795/4795
f 4796/4796 4798/4798 4797/4797
f 4798/4798 4799/4799 4797/4797
f 4798/4798 4800/4800 4799/4799
f 4800/4800 4801/4801 4799/4799
f 4800/4800 4802/4802 4801/4801
f 4802/4802 4803/4803 4801/4801
f 4802/4802 4804/4804 4803/4803
f 4804/4804 4805/4805 4803/4803
f 4804/4804 4806/4806 4805/4805
f 4806/4806 4807/4807 4805/4805
f 4806/4806 4808/4808 4807/4807
f 4808/4808 4809/4809 4807/4807
f 4808/4808 4810/4810 4809/4809
f 4810/4810 4811/4811 4809/4809
f 4810/4810 4812/4812 4811/4811
f 4812/4812 4813/4813 4811/4811
f 4812/4812 4814/4814 4813/4813
f 4814/4814 4815/4815 4813/4813
f 2737/2737 2738/2738 2739/2739
f 2738/2738 2740/2740 2739/2739
f 4602/4602 4600/4600 4603/4603
f 4600/4600 4601/4601 4603/4603
f 4600/4600 4599/4599 4601/4601
f 4602/4602 4603/4603 4604/4604
f 4603/4603 4606/4606 4604/4604
f 4603/4603 4605/4605 4606/4606
f 4605/4605 4608/4608 4606/4606
f 4608/4608 4609/4609 4606/4606
f 4608/4608 4611/4611 4609/4609
f 4611/4611 4612/4612 4609/4609
f 4611/4611 4614/4614 4612/4612
f 4614/4614 4615/4615 4612/4612
f 4614/4614 4617/4617 4615/4615
f 4617/4617 4618/4618 4615/4615
f 4741/4741 4738/4738 4740/4740
f 4738/4738 4737/4737 4740/4740
f 4738/4738 4736/4736 4737/4737
f 4736/4736 4734/4734 4737/4737
f 4736/4736 4732/4732 4734/4734
f 4732/4732 4731/4731 4734/4734
f 4732/4732 4729/4729 4731/4731
f 4729/4729 4728/4728 4731/4731
f 4729/4729 4726/4726 4728/4728
f 4726/4726 4725/4725 4728/4728
f 4726/4726 4724/4724 4725/4725
f 4724/4724 4722/4722 4725/4725
f 4724/4724 4718/4718 4722/4722
f 4718/4718 4716/4716 4722/4722
f 4718/4718 4703/4703 4716/4716
f 4703/4703 4702/4702 4716/4716
f 4703/4703 4700/4700 4702/4702
f 4700/4700 4696/4696 4702/4702
f 4700/4700 4699/4699 4696/4696
f 4699/4699 4697/4697 4696/4696
f 4699/4699 4706/4706 4697/4697
f 4706/4706 4707/4707 4697/4697
f 4706/4706 4709/4709 4707/4707
f 4709/4709 4710/4710 4707/4707
f 4709/4709 4712/4712 4710/4710
f 4712/4712 4713/4713 4710/4710
f 4712/4712 4714/4714 4713/4713
f 4714/4714 4719/4719 4713/4713
f 4714/4714 4720/4720 4719/4719
f 4643/4643 4642/4642 4645/4645
f 4643/4643 4640/4640 4642/4642
f 4640/4640 4639/4639 4642/4642
f 4640/4640 4638/4638 4639/4639
f 4638/4638 4636/4636 4639/4639
f 4638/4638 4634/4634 4636/4636
f 4634/4634 4633/4633 4636/4636
f 4634/4634 4631/4631 4633/4633
f 4631/4631 4630/4630 4633/4633
f 4631/4631 4628/4628 4630/4630
f 4628/4628 4621/4621 4630/4630
f 4628/4628 4619/4619 4621/4621
f 4619/4619 4620/4620 4621/4621
f 4619/4619 4624/4624 4620/4620
f 4624/4624 4625/4625 4620/4620
f 4624/4624 4626/4626 4625/4625
f 4626/4626 4646/4646 4625/4625
f 4626/4626 4647/4647 4646/4646
f 4647/4647 4649/4649 4646/4646
f 4647/4647 4651/4651 4649/4649
f 4651/4651 4652/4652 4649/4649
f 4651/4651 4654/4654 4652/4652
f 4654/4654 4655/4655 4652/4652
f 4654/4654 4656/4656 4655/4655
f 4656/4656 4658/4658 4655/4655
f 4658/4658 4657/4657 4655/4655
f 4658/4658 4659/4659 4657/4657
f 4604/4604 4606/4606 4607/4607
f 4606/4606 4609/4609 4607/4607
f 4607/4607 4609/4609 4610/4610
f 4609/4609 4612/4612 4610/4610
f 4610/4610 4612/4612 4613/4613
f 4612/4612 4615/4615 4613/4613
f 4613/4613 4615/4615 4616/4616
f 4615/4615 4618/4618 4616/4616
f 4742/4742 4740/4740 4739/4739
f 4740/4740 4737/4737 4739/4739
f 4739/4739 4737/4737 4735/4735
f 4737/4737 4734/4734 4735/4735
f 4735/4735 4734/4734 4733/4733
f 4734/4734 4731/4731 4733/4733
f 4733/4733 4731/4731 4730/4730
f 4731/4731 4728/4728 4730/4730
f 4730/4730 4728/4728 4727/4727
f 4728/4728 4725/4725 4727/4727
f 4727/4727 4725/4725 4723/4723
f 4725/4725 4722/4722 4723/4723
f 4723/4723 4722/4722 4717/4717
f 4722/4722 4716/4716 4717/4717
f 4717/4717 4716/4716 4704/4704
f 4716/4716 4702/4702 4704/4704
f 4704/4704 4702/4702 4701/4701
f 4702/4702 4696/4696 4701/4701
f 4701/4701 4696/4696 4698/4698
f 4696/4696 4697/4697 4698/4698
f 4698/4698 4697/4697 4705/4705
f 4697/4697 4707/4707 4705/4705
f 4705/4705 4707/4707 4708/4708
f 4707/4707 4710/4710 4708/4708
f 4708/4708 4710/4710 4711/4711
f 4710/4710 4713/4713 4711/4711
f 4711/4711 4713/4713 4715/4715
f 4713/4713 4719/4719 4715/4715
f 4715/4715 4719/4719 4721/4721
f 4645/4645 4642/4642 4644/4644
f 4644/4644 4642/4642 4641/4641
f 4642/4642 4639/4639 4641/4641
f 4641/4641 4639/4639 4637/4637
f 4639/4639 4636/4636 4637/4637
f 4637/4637 4636/4636 4635/4635
f 4636/4636 4633/4633 4635/4635
f 4635/4635 4633/4633 4632/4632
f 4633/4633 4630/4630 4632/4632
f 4632/4632 4630/4630 4629/4629
f 4630/4630 4621/4621 4629/4629
f 4629/4629 4621/4621 4622/4622
f 4621/4621 4620/4620 4622/4622
f 4622/4622 4620/4620 4623/4623
f 4620/4620 4625/4625 4623/4623
f 4623/4623 4625/4625 4627/4627
f 4625/4625 4646/4646 4627/4627
f 4627/4627 4646/4646 4648/4648
f 4646/4646 4649/4649 4648/4648
f 4648/4648 4649/4649 4650/4650
f 4649/4649 4652/4652 4650/4650
f 4650/4650 4652/4652 4653/4653
f 4652/4652 4655/4655 4653/4653
f 4653/4653 4655/4655 4657/4657
f 4605/4605 4603/4603 4601/4601
f 4445/4445 4429/4429 4444/4444
f 4429/4429 4443/4443 4444/4444
f 4429/4429 4442/4442 4443/4443
f 4444/4444 4446/4446 4445/4445
f 4446/4446 4447/4447 4445/4445
f 4446/4446 4448/4448 4447/4447
f 4448/4448 4449/4449 4447/4447
f 4448/4448 4450/4450 4449/4449
f 4450/4450 4451/4451 4449/4449
f 4450/4450 4452/4452 4451/4451
f 4452/4452 4453/4453 4451/4451
f 4452/4452 4454/4454 4453/4453
f 4454/4454 4455/4455 4453/4453
f 4454/4454 4456/4456 4455/4455
f 4456/4456 4457/4457 4455/4455
f 4456/4456 4458/4458 4457/4457
f 4458/4458 4459/4459 4457/4457
f 4458/4458 4460/4460 4459/4459
f 4460/4460 4461/4461 4459/4459
f 2741/2741 2742/2742 2743/2743
f 2742/2742 2744/2744 2743/2743
f 4442/4442 4429/4429 4441/4441
f 4429/4429 4440/4440 4441/4441
f 4429/4429 4439/4439 4440/4440
f 4439/4439 4429/4429 4438/4438
f 4429/4429 4437/4437 4438/4438
f 4429/4429 4436/4436 4437/4437
f 4436/4436 4429/4429 4435/4435
f 4429/4429 4434/4434 4435/4435
f 4429/4429 4433/4433 4434/4434
f 4433/4433 4429/4429 4432/4432
f 4429/4429 4431/4431 4432/4432
f 4429/4429 4430/4430 4431/4431
f 4478/4478 4430/4430 4477/4477
f 4430/4430 4476/4476 4477/4477
f 4430/4430 4475/4475 4476/4476
f 4477/4477 4479/4479 4478/4478
f 4479/4479 4480/4480 4478/4478
f 4479/4479 4481/4481 4480/4480
f 4481/4481 4482/4482 4480/4480
f 4481/4481 4483/4483 4482/4482
f 4483/4483 4484/4484 4482/4482
f 4483/4483 4485/4485 4484/4484
f 4485/4485 4486/4486 4484/4484
f 4485/4485 4487/4487 4486/4486
f 4487/4487 4488/4488 4486/4486
f 4487/4487 4489/4489 4488/4488
f 4489/4489 4490/4490 4488/4488
f 4489/4489 4414/4414 4490/4490
f 4414/4414 4416/4416 4490/4490
f 4414/4414 4415/4415 4416/4416
f 4415/4415 4417/4417 4416/4416
f 4415/4415 4418/4418 4417/4417
f 4418/4418 4419/4419 4417/4417
f 4418/4418 4420/4420 4419/4419
f 4420/4420 4421/4421 4419/4419
f 4420/4420 4422/4422 4421/4421
f 4422/4422 4423/4423 4421/4421
f 4422/4422 4424/4424 4423/4423
f 4424/4424 4425/4425 4423/4423
f 4424/4424 4426/4426 4425/4425
f 4426/4426 4427/4427 4425/4425
f 4426/4426 4428/4428 4427/4427
f 2745/2745 2746/2746 2747/2747
f 2745/2745 2748/2748 2746/2746
f 4475/4475 4430/4430 4474/4474
f 4430/4430 4473/4473 4474/4474
f 4430/4430 4472/4472 4473/4473
f 4472/4472 4430/4430 4471/4471
f 4430/4430 4470/4470 4471/4471
f 4430/4430 4469/4469 4470/4470
f 4469/4469 4430/4430 4468/4468
f 4430/4430 4467/4467 4468/4468
f 4430/4430 4466/4466 4467/4467
f 4466/4466 4430/4430 4465/4465
f 4430/4430 4464/4464 4465/4465
f 4430/4430 4463/4463 4464/4464
f 4463/4463 4430/4430 4462/4462
f 4430/4430 4429/4429 4462/4462
f 4195/4195 4192/4192 4196/4196
f 4192/4192 4193/4193 4196/4196
f 4192/4192 4189/4189 4193/4193
f 4189/4189 4190/4190 4193/4193
f 4189/4189 4187/4187 4190/4190
f 4187/4187 4186/4186 4190/4190
f 4187/4187 4183/4183 4186/4186
f 4183/4183 4184/4184 4186/4186
f 4183/4183 4162/4162 4184/4184
f 4162/4162 4164/4164 4184/4184
f 4162/4162 4163/4163 4164/4164
f 4163/4163 4165/4165 4164/4164
f 4163/4163 4169/4169 4165/4165
f 4169/4169 4170/4170 4165/4165
f 4169/4169 4172/4172 4170/4170
f 4172/4172 4173/4173 4170/4170
f 4172/4172 4174/4174 4173/4173
f 4174/4174 4175/4175 4173/4173
f 4174/4174 4178/4178 4175/4175
f 4178/4178 4179/4179 4175/4175
f 4178/4178 4181/4181 4179/4179
f 4181/4181 4182/4182 4179/4179
f 4181/4181 4198/4198 4182/4182
f 4198/4198 4199/4199 4182/4182
f 4198/4198 4231/4231 4199/4199
f 4231/4231 4232/4232 4199/4199
f 4273/4273 4269/4269 4272/4272
f 4269/4269 4270/4270 4272/4272
f 4269/4269 4266/4266 4270/4270
f 4266/4266 4267/4267 4270/4270
f 4266/4266 4263/4263 4267/4267
f 4263/4263 4264/4264 4267/4267
f 4263/4263 4239/4239 4264/4264
f 4239/4239 4240/4240 4264/4264
f 4239/4239 4233/4233 4240/4240
f 4233/4233 4235/4235 4240/4240
f 4233/4233 4234/4234 4235/4235
f 4234/4234 4236/4236 4235/4235
f 4234/4234 4243/4243 4236/4236
f 4243/4243 4244/4244 4236/4236
f 4243/4243 4246/4246 4244/4244
f 4246/4246 4247/4247 4244/4244
f 4246/4246 4248/4248 4247/4247
f 4248/4248 4249/4249 4247/4247
f 4248/4248 4251/4251 4249/4249
f 4251/4251 4252/4252 4249/4249
f 4251/4251 4255/4255 4252/4252
f 4255/4255 4256/4256 4252/4252
f 4255/4255 4257/4257 4256/4256
f 4257/4257 4258/4258 4256/4256
f 4257/4257 4261/4261 4258/4258
f 4261/4261 4262/4262 4258/4258
f 4349/4349 4347/4347 4350/4350
f 4347/4347 4346/4346 4350/4350
f 4347/4347 4344/4344 4346/4346
f 4344/4344 4343/4343 4346/4346
f 4344/4344 4341/4341 4343/4343
f 4341/4341 4340/4340 4343/4343
f 4341/4341 4334/4334 4340/4340
f 4334/4334 4336/4336 4340/4340
f 4334/4334 4335/4335 4336/4336
f 4335/4335 4337/4337 4336/4336
f 4335/4335 4352/4352 4337/4337
f 4352/4352 4353/4353 4337/4337
f 4352/4352 4355/4355 4353/4353
f 4355/4355 4356/4356 4353/4353
f 4355/4355 4358/4358 4356/4356
f 4358/4358 4359/4359 4356/4356
f 4358/4358 4362/4362 4359/4359
f 4362/4362 4363/4363 4359/4359
f 4362/4362 4365/4365 4363/4363
f 4365/4365 4366/4366 4363/4363
f 4365/4365 4368/4368 4366/4366
f 4368/4368 4369/4369 4366/4366
f 4368/4368 4370/4370 4369/4369
f 4370/4370 4371/4371 4369/4369
f 4370/4370 4374/4374 4371/4371
f 4374/4374 4375/4375 4371/4371
f 4374/4374 4377/4377 4375/4375
f 4377/4377 4378/4378 4375/4375
f 4377/4377 4331/4331 4378/4378
f 4331/4331 4333/4333 4378/4378
f 4331/4331 4329/4329 4333/4333
f 4329/4329 4328/4328 4333/4333
f 4329/4329 4325/4325 4328/4328
f 4325/4325 4327/4327 4328/4328
f 4325/4325 4323/4323 4327/4327
f 4323/4323 4322/4322 4327/4327
f 4323/4323 4320/4320 4322/4322
f 4320/4320 4319/4319 4322/4322
f 4320/4320 4316/4316 4319/4319
f 4316/4316 4318/4318 4319/4319
f 4316/4316 4314/4314 4318/4318
f 4314/4314 4316/4316 4315/4315
f 4316/4316 4317/4317 4315/4315
f 4316/4316 4320/4320 4317/4317
f 4320/4320 4321/4321 4317/4317
f 4320/4320 4323/4323 4321/4321
f 4323/4323 4324/4324 4321/4321
f 4323/4323 4325/4325 4324/4324
f 4325/4325 4326/4326 4324/4324
f 4325/4325 4329/4329 4326/4326
f 4329/4329 4330/4330 4326/4326
f 4329/4329 4331/4331 4330/4330
f 4331/4331 4332/4332 4330/4330
f 4331/4331 4377/4377 4332/4332
f 4377/4377 4376/4376 4332/4332
f 4377/4377 4374/4374 4376/4376
f 4374/4374 4373/4373 4376/4376
f 4374/4374 4370/4370 4373/4373
f 4370/4370 4372/4372 4373/4373
f 4370/4370 4368/4368 4372/4372
f 4368/4368 4367/4367 4372/4372
f 4368/4368 4365/4365 4367/4367
f 4365/4365 4364/4364 4367/4367
f 4365/4365 4362/4362 4364/4364
f 4362/4362 4361/4361 4364/4364
f 4362/4362 4358/4358 4361/4361
f 4358/4358 4360/4360 4361/4361
f 4358/4358 4355/4355 4360/4360
f 4355/4355 4357/4357 4360/4360
f 4355/4355 4352/4352 4357/4357
f 4352/4352 4354/4354 4357/4357
f 4352/4352 4335/4335 4354/4354
f 4335/4335 4338/4338 4354/4354
f 4335/4335 4334/4334 4338/4338
f 4334/4334 4339/4339 4338/4338
f 4334/4334 4341/4341 4339/4339
f 4341/4341 4342/4342 4339/4339
f 4341/4341 4344/4344 4342/4342
f 4344/4344 4345/4345 4342/4342
f 4344/4344 4347/4347 4345/4345
f 4347/4347 4348/4348 4345/4345
f 4347/4347 4349/4349 4348/4348
f 4349/4349 4351/4351 4348/4348
f 4261/4261 4257/4257 4260/4260
f 4257/4257 4259/4259 4260/4260
f 4257/4257 4255/4255 4259/4259
f 4255/4255 4254/4254 4259/4259
f 4255/4255 4251/4251 4254/4254
f 4251/4251 4253/4253 4254/4254
f 4251/4251 4248/4248 4253/4253
f 4248/4248 4250/4250 4253/4253
f 4248/4248 4246/4246 4250/4250
f 4246/4246 4245/4245 4250/4250
f 4246/4246 4243/4243 4245/4245
f 4243/4243 4242/4242 4245/4245
f 4243/4243 4234/4234 4242/4242
f 4234/4234 4238/4238 4242/4242
f 4234/4234 4233/4233 4238/4238
f 4233/4233 4237/4237 4238/4238
f 4233/4233 4239/4239 4237/4237
f 4239/4239 4241/4241 4237/4237
f 4239/4239 4263/4263 4241/4241
f 4263/4263 4265/4265 4241/4241
f 4263/4263 4266/4266 4265/4265
f 4266/4266 4268/4268 4265/4265
f 4266/4266 4269/4269 4268/4268
f 4269/4269 4271/4271 4268/4268
f 4269/4269 4273/4273 4271/4271
f 4273/4273 4274/4274 4271/4271
f 4231/4231 4198/4198 4230/4230
f 4198/4198 4197/4197 4230/4230
f 4198/4198 4181/4181 4197/4197
f 4181/4181 4180/4180 4197/4197
f 4181/4181 4178/4178 4180/4180
f 4178/4178 4177/4177 4180/4180
f 4178/4178 4174/4174 4177/4177
f 4174/4174 4176/4176 4177/4177
f 4174/4174 4172/4172 4176/4176
f 4172/4172 4171/4171 4176/4176
f 4172/4172 4169/4169 4171/4171
f 4169/4169 4168/4168 4171/4171
f 4169/4169 4163/4163 4168/4168
f 4163/4163 4167/4167 4168/4168
f 4163/4163 4162/4162 4167/4167
f 4162/4162 4166/4166 4167/4167
f 4162/4162 4183/4183 4166/4166
f 4183/4183 4185/4185 4166/4166
f 4183/4183 4187/4187 4185/4185
f 4187/4187 4188/4188 4185/4185
f 4187/4187 4189/4189 4188/4188
f 4189/4189 4191/4191 4188/4188
f 4189/4189 4192/4192 4191/4191
f 4192/4192 4194/4194 4191/4191
f 4192/4192 4195/4195 4194/4194
f 4117/4117 4098/4098 4116/4116
f 4098/4098 4115/4115 4116/4116
f 4098/4098 4114/4114 4115/4115
f 4116/4116 4118/4118 4117/4117
f 4118/4118 4119/4119 4117/4117
f 4118/4118 4120/4120 4119/4119
f 4120/4120 4121/4121 4119/4119
f 4120/4120 4122/4122 4121/4121
f 4122/4122 4123/4123 4121/4121
f 4122/4122 4124/4124 4123/4123
f 4124/4124 4125/4125 4123/4123
f 4124/4124 4126/4126 4125/4125
f 4126/4126 4127/4127 4125/4125
f 4126/4126 4128/4128 4127/4127
f 4128/4128 4129/4129 4127/4127
f 4128/4128 4130/4130 4129/4129
f 4130/4130 4131/4131 4129/4129
f 4130/4130 4132/4132 4131/4131
f 4132/4132 4133/4133 4131/4131
f 4132/4132 4134/4134 4133/4133
f 4134/4134 4135/4135 4133/4133
f 4134/4134 4136/4136 4135/4135
f 4136/4136 4137/4137 4135/4135
f 4136/4136 4138/4138 4137/4137
f 4138/4138 4139/4139 4137/4137
f 4138/4138 4140/4140 4139/4139
f 4140/4140 4141/4141 4139/4139
f 4140/4140 4142/4142 4141/4141
f 4142/4142 4143/4143 4141/4141
f 4142/4142 4144/4144 4143/4143
f 2749/2749 2750/2750 2751/2751
f 2749/2749 2752/2752 2750/2750
f 4114/4114 4098/4098 4113/4113
f 4098/4098 4112/4112 4113/4113
f 4098/4098 4111/4111 4112/4112
f 4111/4111 4098/4098 4110/4110
f 4098/4098 4109/4109 4110/4110
f 4098/4098 4108/4108 4109/4109
f 4108/4108 4098/4098 4107/4107
f 4098/4098 4106/4106 4107/4107
f 4098/4098 4105/4105 4106/4106
f 4105/4105 4098/4098 4104/4104
f 4098/4098 4103/4103 4104/4104
f 4098/4098 4102/4102 4103/4103
f 4102/4102 4098/4098 4101/4101
f 4098/4098 4100/4100 4101/4101
f 4098/4098 4099/4099 4100/4100
f 4099/4099 4145/4145 4100/4100
f 4145/4145 4146/4146 4100/4100
f 4146/4146 4147/4147 4100/4100
f 4147/4147 4148/4148 4100/4100
f 4148/4148 4149/4149 4100/4100
f 4149/4149 4150/4150 4100/4100
f 4150/4150 4151/4151 4100/4100
f 4151/4151 4152/4152 4100/4100
f 4152/4152 4153/4153 4100/4100
f 4153/4153 4154/4154 4100/4100
f 4154/4154 4155/4155 4100/4100
f 4155/4155 4156/4156 4100/4100
f 4156/4156 4157/4157 4100/4100
f 4157/4157 4158/4158 4100/4100
f 4157/4157 4159/4159 4158/4158
f 4159/4159 4160/4160 4158/4158
f 4159/4159 4161/4161 4160/4160
f 4161/4161 4087/4087 4160/4160
f 4161/4161 4085/4085 4087/4087
f 4085/4085 4086/4086 4087/4087
f 4085/4085 4088/4088 4086/4086
f 4088/4088 4089/4089 4086/4086
f 4088/4088 4090/4090 4089/4089
f 4090/4090 4091/4091 4089/4089
f 4090/4090 4092/4092 4091/4091
f 4092/4092 4093/4093 4091/4091
f 4092/4092 4094/4094 4093/4093
f 4094/4094 4095/4095 4093/4093
f 4094/4094 4096/4096 4095/4095
f 4096/4096 4097/4097 4095/4095
f 2753/2753 2754/2754 2755/2755
f 2754/2754 2756/2756 2755/2755
f 4027/4027 4029/4029 4028/4028
f 4029/4029 4030/4030 4028/4028
f 4029/4029 4033/4033 4030/4030
f 4033/4033 4034/4034 4030/4030
f 4033/4033 4035/4035 4034/4034
f 4035/4035 4036/4036 4034/4034
f 4035/4035 4038/4038 4036/4036
f 4038/4038 4039/4039 4036/4036
f 4038/4038 4042/4042 4039/4039
f 4042/4042 4043/4043 4039/4039
f 4042/4042 4045/4045 4043/4043
f 4045/4045 4046/4046 4043/4043
f 4045/4045 4048/4048 4046/4046
f 4048/4048 4049/4049 4046/4046
f 3947/3947 3944/3944 3946/3946
f 3944/3944 3943/3943 3946/3946
f 3944/3944 3940/3940 3943/3943
f 3940/3940 3941/3941 3943/3943
f 3940/3940 3937/3937 3941/3941
f 3937/3937 3938/3938 3941/3941
f 3937/3937 3934/3934 3938/3938
f 3934/3934 3935/3935 3938/3938
f 3934/3934 3931/3931 3935/3935
f 3931/3931 3932/3932 3935/3935
f 3931/3931 3929/3929 3932/3932
f 3929/3929 3928/3928 3932/3932
f 3929/3929 3926/3926 3928/3928
f 3926/3926 3925/3925 3928/3928
f 3926/3926 3923/3923 3925/3925
f 3923/3923 3922/3922 3925/3925
f 3923/3923 3920/3920 3922/3922
f 3920/3920 3919/3919 3922/3922
f 3920/3920 3917/3917 3919/3919
f 3917/3917 3916/3916 3919/3919
f 3917/3917 3913/3913 3916/3916
f 3913/3913 3914/3914 3916/3916
f 3913/3913 3910/3910 3914/3914
f 3910/3910 3911/3911 3914/3914
f 3910/3910 3901/3901 3911/3911
f 3901/3901 3903/3903 3911/3911
f 3901/3901 3902/3902 3903/3903
f 3902/3902 3904/3904 3903/3903
f 3902/3902 3908/3908 3904/3904
f 3908/3908 3909/3909 3904/3904
f 3986/3986 3982/3982 3985/3985
f 3982/3982 3983/3983 3985/3985
f 3982/3982 3979/3979 3983/3983
f 3979/3979 3980/3980 3983/3983
f 3979/3979 3977/3977 3980/3980
f 3977/3977 3976/3976 3980/3980
f 3977/3977 3964/3964 3976/3976
f 3964/3964 3965/3965 3976/3976
f 3964/3964 3962/3962 3965/3965
f 3962/3962 3961/3961 3965/3965
f 3962/3962 3959/3959 3961/3961
f 3959/3959 3958/3958 3961/3961
f 3959/3959 3955/3955 3958/3958
f 3955/3955 3956/3956 3958/3958
f 3955/3955 3949/3949 3956/3956
f 3949/3949 3951/3951 3956/3956
f 3949/3949 3950/3950 3951/3951
f 3950/3950 3952/3952 3951/3951
f 3950/3950 3967/3967 3952/3952
f 3967/3967 3968/3968 3952/3952
f 3967/3967 3970/3970 3968/3968
f 3970/3970 3971/3971 3968/3968
f 3970/3970 3974/3974 3971/3971
f 3974/3974 3975/3975 3971/3971
f 3858/3858 3855/3855 3857/3857
f 3855/3855 3854/3854 3857/3857
f 3855/3855 3851/3851 3854/3854
f 3851/3851 3852/3852 3854/3854
f 3851/3851 3848/3848 3852/3852
f 3848/3848 3849/3849 3852/3852
f 3848/3848 3845/3845 3849/3849
f 3845/3845 3846/3846 3849/3849
f 3845/3845 3839/3839 3846/3846
f 3839/3839 3840/3840 3846/3846
f 3839/3839 3836/3836 3840/3840
f 3836/3836 3837/3837 3840/3840
f 3836/3836 3831/3831 3837/3837
f 3831/3831 3833/3833 3837/3837
f 3831/3831 3830/3830 3833/3833
f 3830/3830 3834/3834 3833/3833
f 3830/3830 3842/3842 3834/3834
f 3842/3842 3843/3843 3834/3834
f 3842/3842 3861/3861 3843/3843
f 3861/3861 3862/3862 3843/3843
f 3861/3861 3863/3863 3862/3862
f 3863/3863 3864/3864 3862/3862
f 3863/3863 3867/3867 3864/3864
f 3867/3867 3868/3868 3864/3864
f 3867/3867 3869/3869 3868/3868
f 3869/3869 3867/3867 3870/3870
f 3867/3867 3866/3866 3870/3870
f 3867/3867 3863/3863 3866/3866
f 3863/3863 3865/3865 3866/3866
f 3863/3863 3861/3861 3865/3865
f 3861/3861 3860/3860 3865/3865
f 3861/3861 3842/3842 3860/3860
f 3842/3842 3844/3844 3860/3860
f 3842/3842 3830/3830 3844/3844
f 3830/3830 3832/3832 3844/3844
f 3830/3830 3831/3831 3832/3832
f 3831/3831 3835/3835 3832/3832
f 3831/3831 3836/3836 3835/3835
f 3836/3836 3838/3838 3835/3835
f 3836/3836 3839/3839 3838/3838
f 3839/3839 3841/3841 3838/3838
f 3839/3839 3845/3845 3841/3841
f 3845/3845 3847/3847 3841/3841
f 3845/3845 3848/3848 3847/3847
f 3848/3848 3850/3850 3847/3847
f 3848/3848 3851/3851 3850/3850
f 3851/3851 3853/3853 3850/3850
f 3851/3851 3855/3855 3853/3853
f 3855/3855 3856/3856 3853/3853
f 3855/3855 3858/3858 3856/3856
f 3858/3858 3859/3859 3856/3856
f 3974/3974 3970/3970 3973/3973
f 3970/3970 3972/3972 3973/3973
f 3970/3970 3967/3967 3972/3972
f 3967/3967 3969/3969 3972/3972
f 3967/3967 3950/3950 3969/3969
f 3950/3950 3954/3954 3969/3969
f 3950/3950 3949/3949 3954/3954
f 3949/3949 3953/3953 3954/3954
f 3949/3949 3955/3955 3953/3953
f 3955/3955 3957/3957 3953/3953
f 3955/3955 3959/3959 3957/3957
f 3959/3959 3960/3960 3957/3957
f 3959/3959 3962/3962 3960/3960
f 3962/3962 3963/3963 3960/3960
f 3962/3962 3964/3964 3963/3963
f 3964/3964 3966/3966 3963/3963
f 3964/3964 3977/3977 3966/3966
f 3977/3977 3978/3978 3966/3966
f 3977/3977 3979/3979 3978/3978
f 3979/3979 3981/3981 3978/3978
f 3979/3979 3982/3982 3981/3981
f 3982/3982 3984/3984 3981/3981
f 3982/3982 3986/3986 3984/3984
f 3986/3986 3987/3987 3984/3984
f 3908/3908 3902/3902 3907/3907
f 3902/3902 3906/3906 3907/3907
f 3902/3902 3901/3901 3906/3906
f 3901/3901 3905/3905 3906/3906
f 3901/3901 3910/3910 3905/3905
f 3910/3910 3912/3912 3905/3905
f 3910/3910 3913/3913 3912/3912
f 3913/3913 3915/3915 3912/3912
f 3913/3913 3917/3917 3915/3915
f 3917/3917 3918/3918 3915/3915
f 3917/3917 3920/3920 3918/3918
f 3920/3920 3921/3921 3918/3918
f 3920/3920 3923/3923 3921/3921
f 3923/3923 3924/3924 3921/3921
f 3923/3923 3926/3926 3924/3924
f 3926/3926 3927/3927 3924/3924
f 3926/3926 3929/3929 3927/3927
f 3929/3929 3930/3930 3927/3927
f 3929/3929 3931/3931 3930/3930
f 3931/3931 3933/3933 3930/3930
f 3931/3931 3934/3934 3933/3933
f 3934/3934 3936/3936 3933/3933
f 3934/3934 3937/3937 3936/3936
f 3937/3937 3939/3939 3936/3936
f 3937/3937 3940/3940 3939/3939
f 3940/3940 3942/3942 3939/3939
f 3940/3940 3944/3944 3942/3942
f 3944/3944 3945/3945 3942/3942
f 3944/3944 3947/3947 3945/3945
f 3947/3947 3948/3948 3945/3945
f 4048/4048 4045/4045 4047/4047
f 4045/4045 4044/4044 4047/4047
f 4045/4045 4042/4042 4044/4044
f 4042/4042 4041/4041 4044/4044
f 4042/4042 4038/4038 4041/4041
f 4038/4038 4040/4040 4041/4041
f 4038/4038 4035/4035 4040/4040
f 4035/4035 4037/4037 4040/4040
f 4035/4035 4033/4033 4037/4037
f 4033/4033 4032/4032 4037/4037
f 4033/4033 4029/4029 4032/4032
f 4029/4029 4031/4031 4032/4032
f 4029/4029 4027/4027 4031/4031
f 3782/3782 3765/3765 3781/3781
f 3765/3765 3780/3780 3781/3781
f 3765/3765 3779/3779 3780/3780
f 3782/3782 3781/3781 3783/3783
f 3781/3781 3784/3784 3783/3783
f 3781/3781 3785/3785 3784/3784
f 3785/3785 3781/3781 3786/3786
f 3781/3781 3787/3787 3786/3786
f 3781/3781 3788/3788 3787/3787
f 3788/3788 3781/3781 3789/3789
f 3781/3781 3790/3790 3789/3789
f 3781/3781 3791/3791 3790/3790
f 3791/3791 3781/3781 3792/3792
f 3781/3781 3793/3793 3792/3792
f 3781/3781 3794/3794 3793/3793
f 3794/3794 3781/3781 3795/3795
f 3781/3781 3796/3796 3795/3795
f 3781/3781 3797/3797 3796/3796
f 3781/3781 3798/3798 3797/3797
f 3798/3798 3799/3799 3797/3797
f 3798/3798 3800/3800 3799/3799
f 3800/3800 3801/3801 3799/3799
f 3800/3800 3802/3802 3801/3801
f 3802/3802 3803/3803 3801/3801
f 3802/3802 3804/3804 3803/3803
f 3804/3804 3805/3805 3803/3803
f 3804/3804 3806/3806 3805/3805
f 3806/3806 3807/3807 3805/3805
f 3806/3806 3808/3808 3807/3807
f 3808/3808 3809/3809 3807/3807
f 3808/3808 3810/3810 3809/3809
f 3810/3810 3811/3811 3809/3809
f 3810/3810 3812/3812 3811/3811
f 3812/3812 3813/3813 3811/3811
f 3812/3812 3814/3814 3813/3813
f 3814/3814 3815/3815 3813/3813
f 3814/3814 3816/3816 3815/3815
f 3816/3816 3817/3817 3815/3815
f 3816/3816 3818/3818 3817/3817
f 3818/3818 3819/3819 3817/3817
f 3818/3818 3820/3820 3819/3819
f 3820/3820 3821/3821 3819/3819
f 3820/3820 3822/3822 3821/3821
f 3822/3822 3823/3823 3821/3821
f 3822/3822 3824/3824 3823/3823
f 3824/3824 3825/3825 3823/3823
f 2757/2757 2758/2758 2759/2759
f 2758/2758 2760/2760 2759/2759
f 3779/3779 3765/3765 3778/3778
f 3765/3765 3777/3777 3778/3778
f 3765/3765 3776/3776 3777/3777
f 3776/3776 3765/3765 3775/3775
f 3765/3765 3774/3774 3775/3775
f 3765/3765 3773/3773 3774/3774
f 3773/3773 3765/3765 3772/3772
f 3765/3765 3771/3771 3772/3772
f 3765/3765 3770/3770 3771/3771
f 3770/3770 3765/3765 3769/3769
f 3765/3765 3768/3768 3769/3769
f 3765/3765 3767/3767 3768/3768
f 3765/3765 3766/3766 3767/3767
f 3766/3766 3826/3826 3767/3767
f 3766/3766 3827/3827 3826/3826
f 3827/3827 3828/3828 3826/3826
f 3827/3827 3829/3829 3828/3828
f 3829/3829 3755/3755 3828/3828
f 3829/3829 3753/3753 3755/3755
f 3753/3753 3754/3754 3755/3755
f 3753/3753 3756/3756 3754/3754
f 3756/3756 3757/3757 3754/3754
f 3756/3756 3758/3758 3757/3757
f 3758/3758 3759/3759 3757/3757
f 3758/3758 3760/3760 3759/3759
f 3760/3760 3761/3761 3759/3759
f 3760/3760 3762/3762 3761/3761
f 3762/3762 3763/3763 3761/3761
f 3762/3762 3764/3764 3763/3763
f 2761/2761 2762/2762 2763/2763
f 2761/2761 2764/2764 2762/2762
f 3554/3554 3555/3555 3556/3556
f 3555/3555 3557/3557 3556/3556
f 3656/3656 3659/3659 3657/3657
f 3659/3659 3660/3660 3657/3657
f 3659/3659 3679/3679 3660/3660
f 3679/3679 3680/3680 3660/3660
f 3679/3679 3684/3684 3680/3680
f 3684/3684 3685/3685 3680/3680
f 3684/3684 3704/3704 3685/3685
f 3704/3704 3705/3705 3685/3685
f 3704/3704 3710/3710 3705/3705
f 3710/3710 3711/3711 3705/3705
f 3710/3710 3747/3747 3711/3711
f 3747/3747 3748/3748 3711/3711
f 3611/3611 3606/3606 3613/3613
f 3606/3606 3605/3605 3613/3613
f 3606/3606 3587/3587 3605/3605
f 3587/3587 3586/3586 3605/3605
f 3587/3587 3580/3580 3586/3586
f 3580/3580 3582/3582 3586/3586
f 3580/3580 3561/3561 3582/3582
f 3561/3561 3563/3563 3582/3582
f 3561/3561 3554/3554 3563/3563
f 3554/3554 3561/3561 3555/3555
f 3561/3561 3562/3562 3555/3555
f 3561/3561 3580/3580 3562/3562
f 3580/3580 3581/3581 3562/3562
f 3580/3580 3587/3587 3581/3581
f 3587/3587 3588/3588 3581/3581
f 3587/3587 3606/3606 3588/3588
f 3606/3606 3607/3607 3588/3588
f 3606/3606 3611/3611 3607/3607
f 3611/3611 3612/3612 3607/3607
f 3747/3747 3710/3710 3746/3746
f 3710/3710 3709/3709 3746/3746
f 3710/3710 3704/3704 3709/3709
f 3704/3704 3703/3703 3709/3709
f 3704/3704 3684/3684 3703/3703
f 3684/3684 3686/3686 3703/3703
f 3684/3684 3679/3679 3686/3686
f 3679/3679 3678/3678 3686/3686
f 3679/3679 3659/3659 3678/3678
f 3659/3659 3661/3661 3678/3678
f 3659/3659 3656/3656 3661/3661
f 3658/3658 3655/3655 3657/3657
f 3655/3655 3656/3656 3657/3657
f 3454/3454 3460/3460 3455/3455
f 3460/3460 3461/3461 3455/3455
f 3460/3460 3477/3477 3461/3461
f 3477/3477 3478/3478 3461/3461
f 3477/3477 3483/3483 3478/3478
f 3483/3483 3484/3484 3478/3478
f 3483/3483 3502/3502 3484/3484
f 3502/3502 3503/3503 3484/3484
f 3502/3502 3508/3508 3503/3503
f 3508/3508 3509/3509 3503/3503
f 3508/3508 3545/3545 3509/3509
f 3545/3545 3546/3546 3509/3509
f 3713/3713 3707/3707 3712/3712
f 3707/3707 3706/3706 3712/3712
f 3707/3707 3688/3688 3706/3706
f 3688/3688 3687/3687 3706/3706
f 3688/3688 3682/3682 3687/3687
f 3682/3682 3681/3681 3687/3687
f 3682/3682 3662/3662 3681/3681
f 3662/3662 3664/3664 3681/3681
f 3662/3662 3658/3658 3664/3664
f 3658/3658 3662/3662 3655/3655
f 3662/3662 3663/3663 3655/3655
f 3662/3662 3682/3682 3663/3663
f 3682/3682 3683/3683 3663/3663
f 3682/3682 3688/3688 3683/3683
f 3688/3688 3689/3689 3683/3683
f 3688/3688 3707/3707 3689/3689
f 3707/3707 3708/3708 3689/3689
f 3707/3707 3713/3713 3708/3708
f 3713/3713 3714/3714 3708/3708
f 3545/3545 3508/3508 3544/3544
f 3508/3508 3507/3507 3544/3544
f 3508/3508 3502/3502 3507/3507
f 3502/3502 3501/3501 3507/3507
f 3502/3502 3483/3483 3501/3501
f 3483/3483 3482/3482 3501/3501
f 3483/3483 3477/3477 3482/3482
f 3477/3477 3476/3476 3482/3482
f 3477/3477 3460/3460 3476/3476
f 3460/3460 3462/3462 3476/3476
f 3460/3460 3454/3454 3462/3462
f 3555/3555 3627/3627 3557/3557
f 3627/3627 3628/3628 3557/3557
f 3557/3557 3628/3628 3560/3560
f 3628/3628 3634/3634 3560/3560
f 3634/3634 3577/3577 3560/3560
f 3634/3634 3637/3637 3577/3577
f 3637/3637 3583/3583 3577/3577
f 3637/3637 3602/3602 3583/3583
f 3637/3637 3640/3640 3602/3602
f 3640/3640 3608/3608 3602/3602
f 3640/3640 3645/3645 3608/3608
f 3640/3640 3649/3649 3645/3645
f 2912/2912 2878/2878 2884/2884
f 2912/2912 2908/2908 2878/2878
f 2908/2908 2858/2858 2878/2878
f 2908/2908 2852/2852 2858/2858
f 2908/2908 2904/2904 2852/2852
f 2904/2904 2830/2830 2852/2852
f 2904/2904 2899/2899 2830/2830
f 2899/2899 2826/2826 2830/2830
f 2828/2828 2826/2826 2898/2898
f 2826/2826 2899/2899 2898/2898
f 2828/2828 2898/2898 2834/2834
f 2898/2898 2903/2903 2834/2834
f 2903/2903 2848/2848 2834/2834
f 2903/2903 2907/2907 2848/2848
f 2907/2907 2854/2854 2848/2848
f 2907/2907 2875/2875 2854/2854
f 2907/2907 2911/2911 2875/2875
f 2911/2911 2879/2879 2875/2875
f 2911/2911 2920/2920 2879/2879
f 2911/2911 2922/2922 2920/2920
f 3537/3537 3506/3506 3512/3512
f 3537/3537 3534/3534 3506/3506
f 3534/3534 3487/3487 3506/3506
f 3534/3534 3480/3480 3487/3487
f 3534/3534 3530/3530 3480/3480
f 3530/3530 3458/3458 3480/3480
f 3530/3530 3526/3526 3458/3458
f 3526/3526 3453/3453 3458/3458
f 3629/3629 3632/3632 3641/3641
f 2765/2765 2766/2766 2767/2767
f 3632/3632 3636/3636 3643/3643
f 2768/2768 2769/2769 2766/2766
f 3636/3636 3639/3639 3651/3651
f 2770/2770 2771/2771 2769/2769
f 3749/3749 3739/3739 3752/3752
f 2772/2772 2773/2773 2771/2771
f 3739/3739 3736/3736 3751/3751
f 2774/2774 2775/2775 2773/2773
f 3736/3736 3732/3732 3744/3744
f 2776/2776 2777/2777 2775/2775
f 3732/3732 3731/3731 3742/3742
f 3642/3642 3630/3630 3641/3641
f 3630/3630 3629/3629 3641/3641
f 2900/2900 2905/2905 2915/2915
f 2778/2778 2779/2779 2780/2780
f 2905/2905 2909/2909 2917/2917
f 2781/2781 2782/2782 2779/2779
f 2909/2909 2913/2913 2924/2924
f 2783/2783 2784/2784 2782/2782
f 3648/3648 3551/3551 3650/3650
f 2785/2785 2786/2786 2784/2784
f 3551/3551 3552/3552 3553/3553
f 2787/2787 2788/2788 2786/2786
f 3552/3552 3633/3633 3644/3644
f 2789/2789 2790/2790 2788/2788
f 3633/3633 3630/3630 3642/3642
f 2901/2901 2900/2900 2914/2914
f 2900/2900 2915/2915 2914/2914
f 3528/3528 3531/3531 3540/3540
f 2791/2791 2792/2792 2793/2793
f 3531/3531 3450/3450 3542/3542
f 2794/2794 2795/2795 2792/2792
f 3450/3450 3451/3451 3452/3452
f 2796/2796 2797/2797 2795/2795
f 2921/2921 2910/2910 2925/2925
f 2798/2798 2799/2799 2797/2797
f 2910/2910 2906/2906 2923/2923
f 2800/2800 2801/2801 2799/2799
f 2906/2906 2902/2902 2916/2916
f 2802/2802 2803/2803 2801/2801
f 2902/2902 2901/2901 2914/2914
f 3541/3541 3529/3529 3540/3540
f 3529/3529 3528/3528 3540/3540
f 3730/3730 3735/3735 3743/3743
f 2804/2804 2805/2805 2806/2806
f 3735/3735 3652/3652 3745/3745
f 2807/2807 2808/2808 2805/2805
f 3652/3652 3653/3653 3654/3654
f 2809/2809 2810/2810 2808/2808
f 3547/3547 3538/3538 3550/3550
f 2811/2811 2812/2812 2810/2810
f 3538/3538 3535/3535 3549/3549
f 2813/2813 2814/2814 2812/2812
f 3535/3535 3532/3532 3543/3543
f 2815/2815 2816/2816 2814/2814
f 3532/3532 3529/3529 3541/3541
f 3731/3731 3730/3730 3742/3742
f 3730/3730 3743/3743 3742/3742
f 2901/2901 2898/2898 2900/2900
f 2898/2898 2899/2899 2900/2900
f 2899/2899 2904/2904 2900/2900
f 2904/2904 2905/2905 2900/2900
f 2904/2904 2908/2908 2905/2905
f 2908/2908 2909/2909 2905/2905
f 2908/2908 2912/2912 2909/2909
f 2912/2912 2913/2913 2909/2909
f 3649/3649 3640/3640 3648/3648
f 3640/3640 3551/3551 3648/3648
f 3640/3640 3637/3637 3551/3551
f 3637/3637 3552/3552 3551/3551
f 3637/3637 3634/3634 3552/3552
f 3634/3634 3633/3633 3552/3552
f 3634/3634 3628/3628 3633/3633
f 3628/3628 3630/3630 3633/3633
f 3630/3630 3628/3628 3629/3629
f 3628/3628 3627/3627 3629/3629
f 3627/3627 3631/3631 3629/3629
f 3631/3631 3632/3632 3629/3629
f 3631/3631 3635/3635 3632/3632
f 3635/3635 3636/3636 3632/3632
f 3635/3635 3638/3638 3636/3636
f 3638/3638 3639/3639 3636/3636
f 3750/3750 3740/3740 3749/3749
f 3740/3740 3739/3739 3749/3749
f 3740/3740 3737/3737 3739/3739
f 3737/3737 3736/3736 3739/3739
f 3737/3737 3733/3733 3736/3736
f 3733/3733 3732/3732 3736/3736
f 3733/3733 3728/3728 3732/3732
f 3728/3728 3731/3731 3732/3732
f 2775/2775 2777/2777 2767/2767
f 2823/2823 2819/2819 2824/2824
f 2823/2823 2817/2817 2819/2819
f 2817/2817 2818/2818 2819/2819
f 2817/2817 2820/2820 2818/2818
f 2820/2820 2821/2821 2818/2818
f 2820/2820 2822/2822 2821/2821
f 2793/2793 2792/2792 2803/2803
f 2792/2792 2795/2795 2803/2803
f 2795/2795 2797/2797 2803/2803
f 2797/2797 2799/2799 2803/2803
f 2799/2799 2801/2801 2803/2803
f 2775/2775 2767/2767 2773/2773
f 2767/2767 2771/2771 2773/2773
f 2767/2767 2769/2769 2771/2771
f 2769/2769 2767/2767 2766/2766
f 2788/2788 2790/2790 2786/2786
f 2790/2790 2784/2784 2786/2786
f 2790/2790 2782/2782 2784/2784
f 2782/2782 2790/2790 2779/2779
f 2790/2790 2780/2780 2779/2779
f 2816/2816 2806/2806 2814/2814
f 2806/2806 2812/2812 2814/2814
f 2806/2806 2810/2810 2812/2812
f 2810/2810 2806/2806 2808/2808
f 2806/2806 2805/2805 2808/2808
f 3731/3731 3728/3728 3730/3730
f 3728/3728 3729/3729 3730/3730
f 3729/3729 3734/3734 3730/3730
f 3734/3734 3735/3735 3730/3730
f 3734/3734 3738/3738 3735/3735
f 3738/3738 3652/3652 3735/3735
f 3738/3738 3741/3741 3652/3652
f 3741/3741 3653/3653 3652/3652
f 3548/3548 3539/3539 3547/3547
f 3539/3539 3538/3538 3547/3547
f 3539/3539 3536/3536 3538/3538
f 3536/3536 3535/3535 3538/3538
f 3536/3536 3533/3533 3535/3535
f 3533/3533 3532/3532 3535/3535
f 3533/3533 3527/3527 3532/3532
f 3527/3527 3529/3529 3532/3532
f 3529/3529 3527/3527 3528/3528
f 3527/3527 3526/3526 3528/3528
f 3526/3526 3530/3530 3528/3528
f 3530/3530 3531/3531 3528/3528
f 3530/3530 3534/3534 3531/3531
f 3534/3534 3450/3450 3531/3531
f 3534/3534 3537/3537 3450/3450
f 3537/3537 3451/3451 3450/3450
f 2922/2922 2911/2911 2921/2921
f 2911/2911 2910/2910 2921/2921
f 2911/2911 2907/2907 2910/2910
f 2907/2907 2906/2906 2910/2910
f 2907/2907 2903/2903 2906/2906
f 2903/2903 2902/2902 2906/2906
f 2903/2903 2898/2898 2902/2902
f 2898/2898 2901/2901 2902/2902
f 3656/3656 3728/3728 3661/3661
f 3728/3728 3733/3733 3661/3661
f 3733/3733 3678/3678 3661/3661
f 3733/3733 3737/3737 3678/3678
f 3737/3737 3686/3686 3678/3678
f 3737/3737 3703/3703 3686/3686
f 3737/3737 3740/3740 3703/3703
f 3740/3740 3709/3709 3703/3703
f 3740/3740 3746/3746 3709/3709
f 3740/3740 3750/3750 3746/3746
f 3638/3638 3607/3607 3612/3612
f 3638/3638 3635/3635 3607/3607
f 3635/3635 3588/3588 3607/3607
f 3635/3635 3581/3581 3588/3588
f 3635/3635 3631/3631 3581/3581
f 3631/3631 3562/3562 3581/3581
f 3631/3631 3627/3627 3562/3562
f 3627/3627 3555/3555 3562/3562
f 3656/3656 3655/3655 3728/3728
f 3655/3655 3729/3729 3728/3728
f 3454/3454 3527/3527 3462/3462
f 3527/3527 3533/3533 3462/3462
f 3533/3533 3476/3476 3462/3462
f 3533/3533 3536/3536 3476/3476
f 3536/3536 3482/3482 3476/3476
f 3536/3536 3501/3501 3482/3482
f 3536/3536 3539/3539 3501/3501
f 3539/3539 3507/3507 3501/3501
f 3539/3539 3544/3544 3507/3507
f 3539/3539 3548/3548 3544/3544
f 3741/3741 3708/3708 3714/3714
f 3741/3741 3738/3738 3708/3708
f 3738/3738 3689/3689 3708/3708
f 3738/3738 3683/3683 3689/3689
f 3738/3738 3734/3734 3683/3683
f 3734/3734 3663/3663 3683/3683
f 3734/3734 3729/3729 3663/3663
f 3729/3729 3655/3655 3663/3663
f 3453/3453 3526/3526 3454/3454
f 3526/3526 3527/3527 3454/3454
